COUNTRY,INDICATOR,TRADE_FLOW,VALUATION,SCALE,CURRENCY,VALUE,YEAR,IS_EXPORT,VALUE_CATEGORY,TREND
"Afghanistan, Islamic Republic of",Exports of goods,Exports of goods,Free on board (FOB),Billions,USD,596000000.0,2016,True,Medium,No Data
"Afghanistan, Islamic Republic of",Exports of goods,Exports of goods,Free on board (FOB),Billions,USD,723000000.0,2017,True,Medium,Increasing
"Afghanistan, Islamic Republic of",Exports of goods,Exports of goods,Free on board (FOB),Billions,USD,875000000.0,2018,True,Medium,Increasing
"Afghanistan, Islamic Republic of",Exports of goods,Exports of goods,Free on board (FOB),Billions,USD,864000000.0,2019,True,Medium,Decreasing
"Afghanistan, Islamic Republic of",Exports of goods,Exports of goods,Free on board (FOB),Billions,USD,777000000.0,2020,True,Medium,Decreasing
"Afghanistan, Islamic Republic of",Exports of goods,Exports of goods,Free on board (FOB),Billions,USD,770000000.0,2021,True,Medium,Decreasing
"Afghanistan, Islamic Republic of",Exports of goods,Exports of goods,Free on board (FOB),Billions,USD,615000000.0,2022,True,Medium,Decreasing
"Afghanistan, Islamic Republic of",Exports of goods,Exports of goods,Free on board (FOB),Billions,USD,896000000.0,2023,True,Medium,Increasing
"Afghanistan, Islamic Republic of",Exports of goods,Exports of goods,Free on board (FOB),Billions,USD,919000000.0,2024,True,Medium,Increasing
"Afghanistan, Islamic Republic of",Exports of goods,Exports of goods,Free on board (FOB),Billions,USD,926000000.0,2025,True,Medium,Increasing
"Afghanistan, Islamic Republic of",Imports of goods,Imports of goods,Cost insurance freight (CIF),Billions,USD,6534000000.0,2016,False,Medium,No Data
"Afghanistan, Islamic Republic of",Imports of goods,Imports of goods,Cost insurance freight (CIF),Billions,USD,7065000000.0,2017,False,Medium,Increasing
"Afghanistan, Islamic Republic of",Imports of goods,Imports of goods,Cost insurance freight (CIF),Billions,USD,7407000000.0,2018,False,Medium,Increasing
"Afghanistan, Islamic Republic of",Imports of goods,Imports of goods,Cost insurance freight (CIF),Billions,USD,6777000000.0,2019,False,Medium,Decreasing
"Afghanistan, Islamic Republic of",Imports of goods,Imports of goods,Cost insurance freight (CIF),Billions,USD,6538000000.0,2020,False,Medium,Decreasing
"Afghanistan, Islamic Republic of",Imports of goods,Imports of goods,Cost insurance freight (CIF),Billions,USD,5160000000.0,2021,False,Medium,Decreasing
"Afghanistan, Islamic Republic of",Imports of goods,Imports of goods,Cost insurance freight (CIF),Billions,USD,4232000000.0,2022,False,Medium,Decreasing
"Afghanistan, Islamic Republic of",Imports of goods,Imports of goods,Cost insurance freight (CIF),Billions,USD,3768000000.0,2023,False,Medium,Decreasing
"Afghanistan, Islamic Republic of",Imports of goods,Imports of goods,Cost insurance freight (CIF),Billions,USD,3477000000.0,2024,False,Medium,Decreasing
"Afghanistan, Islamic Republic of",Imports of goods,Imports of goods,Cost insurance freight (CIF),Billions,USD,3606000000.0,2025,False,Medium,Increasing
Albania,Exports of goods,Exports of goods,Free on board (FOB),Billions,USD,1959000000.0,2016,True,Medium,No Data
Albania,Exports of goods,Exports of goods,Free on board (FOB),Billions,USD,2292000000.0,2017,True,Medium,Increasing
Albania,Exports of goods,Exports of goods,Free on board (FOB),Billions,USD,2869000000.0,2018,True,Medium,Increasing
Albania,Exports of goods,Exports of goods,Free on board (FOB),Billions,USD,2715000000.0,2019,True,Medium,Decreasing
Albania,Exports of goods,Exports of goods,Free on board (FOB),Billions,USD,2505000000.0,2020,True,Medium,Decreasing
Albania,Exports of goods,Exports of goods,Free on board (FOB),Billions,USD,3558000000.0,2021,True,Medium,Increasing
Albania,Exports of goods,Exports of goods,Free on board (FOB),Billions,USD,4309000000.0,2022,True,Medium,Increasing
Albania,Exports of goods,Exports of goods,Free on board (FOB),Billions,USD,4374000000.0,2023,True,Medium,Increasing
Albania,Exports of goods,Exports of goods,Free on board (FOB),Billions,USD,3999000000.0,2024,True,Medium,Decreasing
Albania,Exports of goods,Exports of goods,Free on board (FOB),Billions,USD,3994000000.0,2025,True,Medium,Decreasing
Albania,"Exports of goods, Volume index",Exports of goods,Free on board (FOB),Units,Not Applicable,144.2894184467218,2016,True,Low,No Data
Albania,"Exports of goods, Volume index",Exports of goods,Free on board (FOB),Units,Not Applicable,157.7108284973453,2017,True,Low,Increasing
Albania,"Exports of goods, Volume index",Exports of goods,Free on board (FOB),Units,Not Applicable,188.3442400296333,2018,True,Medium,Increasing
Albania,"Exports of goods, Volume index",Exports of goods,Free on board (FOB),Units,Not Applicable,183.1337202123719,2019,True,Medium,Decreasing
Albania,"Exports of goods, Volume index",Exports of goods,Free on board (FOB),Units,Not Applicable,170.1197678725768,2020,True,Medium,Decreasing
Albania,"Exports of goods, Volume index",Exports of goods,Free on board (FOB),Units,Not Applicable,212.6929250524756,2021,True,Medium,Increasing
Albania,"Exports of goods, Volume index",Exports of goods,Free on board (FOB),Units,Not Applicable,232.7941721200148,2022,True,Medium,Increasing
Albania,"Exports of goods, Volume index",Exports of goods,Free on board (FOB),Units,Not Applicable,250.7840474132609,2023,True,Medium,Increasing
Albania,"Exports of goods, Volume index",Exports of goods,Free on board (FOB),Units,Not Applicable,230.522286702062,2024,True,Medium,Decreasing
Albania,"Exports of goods, Volume index",Exports of goods,Free on board (FOB),Units,Not Applicable,244.1412520064205,2025,True,Medium,Increasing
Albania,Imports of goods,Imports of goods,Cost insurance freight (CIF),Billions,USD,4614000000.0,2016,False,Medium,No Data
Albania,Imports of goods,Imports of goods,Cost insurance freight (CIF),Billions,USD,5271000000.0,2017,False,Medium,Increasing
Albania,Imports of goods,Imports of goods,Cost insurance freight (CIF),Billions,USD,5925000000.0,2018,False,Medium,Increasing
Albania,Imports of goods,Imports of goods,Cost insurance freight (CIF),Billions,USD,5896000000.0,2019,False,Medium,Decreasing
Albania,Imports of goods,Imports of goods,Cost insurance freight (CIF),Billions,USD,5569000000.0,2020,False,Medium,Decreasing
Albania,Imports of goods,Imports of goods,Cost insurance freight (CIF),Billions,USD,7719000000.0,2021,False,Medium,Increasing
Albania,Imports of goods,Imports of goods,Cost insurance freight (CIF),Billions,USD,8398000000.0,2022,False,Medium,Increasing
Albania,Imports of goods,Imports of goods,Cost insurance freight (CIF),Billions,USD,8695000000.0,2023,False,Medium,Increasing
Albania,Imports of goods,Imports of goods,Cost insurance freight (CIF),Billions,USD,9613000000.0,2024,False,High,Increasing
Albania,Imports of goods,Imports of goods,Cost insurance freight (CIF),Billions,USD,10276000000.0,2025,False,High,Increasing
Albania,"Imports of goods, Volume index",Imports of goods,Cost insurance freight (CIF),Units,Not Applicable,111.8703931203931,2016,False,Low,No Data
Albania,"Imports of goods, Volume index",Imports of goods,Cost insurance freight (CIF),Units,Not Applicable,122.5890663390663,2017,False,Low,Increasing
Albania,"Imports of goods, Volume index",Imports of goods,Cost insurance freight (CIF),Units,Not Applicable,131.8181818181818,2018,False,Low,Increasing
Albania,"Imports of goods, Volume index",Imports of goods,Cost insurance freight (CIF),Units,Not Applicable,134.1062653562654,2019,False,Low,Increasing
Albania,"Imports of goods, Volume index",Imports of goods,Cost insurance freight (CIF),Units,Not Applicable,127.0116707616708,2020,False,Low,Decreasing
Albania,"Imports of goods, Volume index",Imports of goods,Cost insurance freight (CIF),Units,Not Applicable,150.982800982801,2021,False,Low,Increasing
Albania,"Imports of goods, Volume index",Imports of goods,Cost insurance freight (CIF),Units,Not Applicable,147.6197788697789,2022,False,Low,Decreasing
Albania,"Imports of goods, Volume index",Imports of goods,Cost insurance freight (CIF),Units,Not Applicable,167.4293611793612,2023,False,Medium,Increasing
Albania,"Imports of goods, Volume index",Imports of goods,Cost insurance freight (CIF),Units,Not Applicable,189.4502457002457,2024,False,Medium,Increasing
Albania,"Imports of goods, Volume index",Imports of goods,Cost insurance freight (CIF),Units,Not Applicable,199.4932432432433,2025,False,Medium,Increasing
Algeria,Exports of goods,Exports of goods,Free on board (FOB),Millions,USD,30027000000.0,2016,True,High,No Data
Algeria,Exports of goods,Exports of goods,Free on board (FOB),Millions,USD,35191000000.0,2017,True,High,Increasing
Algeria,Exports of goods,Exports of goods,Free on board (FOB),Millions,USD,41797000000.0,2018,True,High,Increasing
Algeria,Exports of goods,Exports of goods,Free on board (FOB),Millions,USD,35324000000.0,2019,True,High,Decreasing
Algeria,Exports of goods,Exports of goods,Free on board (FOB),Millions,USD,21932000000.0,2020,True,High,Decreasing
Algeria,Exports of goods,Exports of goods,Free on board (FOB),Millions,USD,38632000000.0,2021,True,High,Increasing
Algeria,Exports of goods,Exports of goods,Free on board (FOB),Millions,USD,65715000000.0,2022,True,High,Increasing
Algeria,Exports of goods,Exports of goods,Free on board (FOB),Millions,USD,55555000000.0,2023,True,High,Decreasing
Algeria,Exports of goods,Exports of goods,Free on board (FOB),Millions,USD,49067000000.0,2024,True,High,Decreasing
Algeria,Exports of goods,Exports of goods,Free on board (FOB),Millions,USD,45400000000.0,2025,True,High,Decreasing
Algeria,"Exports of goods, Volume index",Exports of goods,Free on board (FOB),Units,Not Applicable,86.34978671541742,2016,True,Low,No Data
Algeria,"Exports of goods, Volume index",Exports of goods,Free on board (FOB),Units,Not Applicable,83.66849482023156,2017,True,Low,Decreasing
Algeria,"Exports of goods, Volume index",Exports of goods,Free on board (FOB),Units,Not Applicable,80.9262644728824,2018,True,Low,Decreasing
Algeria,"Exports of goods, Volume index",Exports of goods,Free on board (FOB),Units,Not Applicable,79.03717245581961,2019,True,Low,Decreasing
Algeria,"Exports of goods, Volume index",Exports of goods,Free on board (FOB),Units,Not Applicable,65.90493601462524,2020,True,Low,Decreasing
Algeria,"Exports of goods, Volume index",Exports of goods,Free on board (FOB),Units,Not Applicable,58.92748324192565,2021,True,Low,Decreasing
Algeria,"Exports of goods, Volume index",Exports of goods,Free on board (FOB),Units,Not Applicable,54.448507007922,2022,True,Low,Decreasing
Algeria,"Exports of goods, Volume index",Exports of goods,Free on board (FOB),Units,Not Applicable,77.42230347349177,2023,True,Low,Increasing
Algeria,"Exports of goods, Volume index",Exports of goods,Free on board (FOB),Units,Not Applicable,73.43083485679465,2024,True,Low,Decreasing
Algeria,"Exports of goods, Volume index",Exports of goods,Free on board (FOB),Units,Not Applicable,65.02132845825716,2025,True,Low,Decreasing
Algeria,Imports of goods,Imports of goods,Cost insurance freight (CIF),Millions,USD,47089000000.0,2016,False,High,No Data
Algeria,Imports of goods,Imports of goods,Cost insurance freight (CIF),Millions,USD,46059000000.0,2017,False,High,Decreasing
Algeria,Imports of goods,Imports of goods,Cost insurance freight (CIF),Millions,USD,46330000000.0,2018,False,High,Increasing
Algeria,Imports of goods,Imports of goods,Cost insurance freight (CIF),Millions,USD,44632000000.0,2019,False,High,Decreasing
Algeria,Imports of goods,Imports of goods,Cost insurance freight (CIF),Millions,USD,35547000000.0,2020,False,High,Decreasing
Algeria,Imports of goods,Imports of goods,Cost insurance freight (CIF),Millions,USD,37466000000.0,2021,False,High,Increasing
Algeria,Imports of goods,Imports of goods,Cost insurance freight (CIF),Millions,USD,38868000000.0,2022,False,High,Increasing
Algeria,Imports of goods,Imports of goods,Cost insurance freight (CIF),Millions,USD,42842000000.0,2023,False,High,Increasing
Algeria,Imports of goods,Imports of goods,Cost insurance freight (CIF),Millions,USD,45335000000.0,2024,False,High,Increasing
Algeria,Imports of goods,Imports of goods,Cost insurance freight (CIF),Millions,USD,50100000000.0,2025,False,High,Increasing
Algeria,"Imports of goods, Volume index",Imports of goods,Cost insurance freight (CIF),Units,Not Applicable,121.2886514489234,2016,False,Low,No Data
Algeria,"Imports of goods, Volume index",Imports of goods,Cost insurance freight (CIF),Units,Not Applicable,115.1691759753926,2017,False,Low,Decreasing
Algeria,"Imports of goods, Volume index",Imports of goods,Cost insurance freight (CIF),Units,Not Applicable,111.7856564675409,2018,False,Low,Decreasing
Algeria,"Imports of goods, Volume index",Imports of goods,Cost insurance freight (CIF),Units,Not Applicable,108.7259187307755,2019,False,Low,Decreasing
Algeria,"Imports of goods, Volume index",Imports of goods,Cost insurance freight (CIF),Units,Not Applicable,86.30403108305003,2020,False,Low,Decreasing
Algeria,"Imports of goods, Volume index",Imports of goods,Cost insurance freight (CIF),Units,Not Applicable,80.78355188602882,2021,False,Low,Decreasing
Algeria,"Imports of goods, Volume index",Imports of goods,Cost insurance freight (CIF),Units,Not Applicable,75.66779990286547,2022,False,Low,Decreasing
Algeria,"Imports of goods, Volume index",Imports of goods,Cost insurance freight (CIF),Units,Not Applicable,87.01635097943986,2023,False,Low,Increasing
Algeria,"Imports of goods, Volume index",Imports of goods,Cost insurance freight (CIF),Units,Not Applicable,94.4795208029788,2024,False,Low,Increasing
Algeria,"Imports of goods, Volume index",Imports of goods,Cost insurance freight (CIF),Units,Not Applicable,105.0509956289461,2025,False,Low,Increasing
Angola,Exports of goods,Exports of goods,Free on board (FOB),Millions,USD,27589000000.0,2016,True,High,No Data
Angola,Exports of goods,Exports of goods,Free on board (FOB),Millions,USD,34613000000.0,2017,True,High,Increasing
Angola,Exports of goods,Exports of goods,Free on board (FOB),Millions,USD,40758000000.0,2018,True,High,Increasing
Angola,Exports of goods,Exports of goods,Free on board (FOB),Millions,USD,35432000000.0,2019,True,High,Decreasing
Angola,Exports of goods,Exports of goods,Free on board (FOB),Millions,USD,22135000000.0,2020,True,High,Decreasing
Angola,Exports of goods,Exports of goods,Free on board (FOB),Millions,USD,34472000000.0,2021,True,High,Increasing
Angola,Exports of goods,Exports of goods,Free on board (FOB),Millions,USD,51275000000.0,2022,True,High,Increasing
Angola,Exports of goods,Exports of goods,Free on board (FOB),Millions,USD,39506000000.0,2023,True,High,Decreasing
Angola,Exports of goods,Exports of goods,Free on board (FOB),Millions,USD,39250000000.0,2024,True,High,Decreasing
Angola,Exports of goods,Exports of goods,Free on board (FOB),Millions,USD,32492000000.0,2025,True,High,Decreasing
Angola,Imports of goods,Imports of goods,Cost insurance freight (CIF),Millions,USD,13040000000.0,2016,False,High,No Data
Angola,Imports of goods,Imports of goods,Cost insurance freight (CIF),Millions,USD,14463000000.0,2017,False,High,Increasing
Angola,Imports of goods,Imports of goods,Cost insurance freight (CIF),Millions,USD,15798000000.0,2018,False,High,Increasing
Angola,Imports of goods,Imports of goods,Cost insurance freight (CIF),Millions,USD,13962000000.0,2019,False,High,Decreasing
Angola,Imports of goods,Imports of goods,Cost insurance freight (CIF),Millions,USD,9338000000.0,2020,False,High,Decreasing
Angola,Imports of goods,Imports of goods,Cost insurance freight (CIF),Millions,USD,11379000000.0,2021,False,High,Increasing
Angola,Imports of goods,Imports of goods,Cost insurance freight (CIF),Millions,USD,17803000000.0,2022,False,High,Increasing
Angola,Imports of goods,Imports of goods,Cost insurance freight (CIF),Millions,USD,15696000000.0,2023,False,High,Decreasing
Angola,Imports of goods,Imports of goods,Cost insurance freight (CIF),Millions,USD,13946000000.0,2024,False,High,Decreasing
Angola,Imports of goods,Imports of goods,Cost insurance freight (CIF),Millions,USD,14965000000.0,2025,False,High,Increasing
"Anguilla, United Kingdom-British Overseas Territory",Exports of goods,Exports of goods,Free on board (FOB),Millions,USD,7000000.0,2016,True,Medium,No Data
"Anguilla, United Kingdom-British Overseas Territory",Exports of goods,Exports of goods,Free on board (FOB),Millions,USD,11000000.0,2017,True,Medium,Increasing
"Anguilla, United Kingdom-British Overseas Territory",Exports of goods,Exports of goods,Free on board (FOB),Millions,USD,12000000.0,2018,True,Medium,Increasing
"Anguilla, United Kingdom-British Overseas Territory",Exports of goods,Exports of goods,Free on board (FOB),Millions,USD,12000000.0,2019,True,Medium,No Data
"Anguilla, United Kingdom-British Overseas Territory",Exports of goods,Exports of goods,Free on board (FOB),Millions,USD,11000000.0,2020,True,Medium,Decreasing
"Anguilla, United Kingdom-British Overseas Territory",Exports of goods,Exports of goods,Free on board (FOB),Millions,USD,14000000.0,2021,True,Medium,Increasing
"Anguilla, United Kingdom-British Overseas Territory",Exports of goods,Exports of goods,Free on board (FOB),Millions,USD,16000000.0,2022,True,Medium,Increasing
"Anguilla, United Kingdom-British Overseas Territory",Exports of goods,Exports of goods,Free on board (FOB),Millions,USD,15000000.0,2023,True,Medium,Decreasing
"Anguilla, United Kingdom-British Overseas Territory",Exports of goods,Exports of goods,Free on board (FOB),Millions,USD,15000000.0,2024,True,Medium,No Data
"Anguilla, United Kingdom-British Overseas Territory",Exports of goods,Exports of goods,Free on board (FOB),Millions,USD,17000000.0,2025,True,Medium,Increasing
"Anguilla, United Kingdom-British Overseas Territory",Imports of goods,Imports of goods,Cost insurance freight (CIF),Millions,USD,193000000.0,2016,False,Medium,No Data
"Anguilla, United Kingdom-British Overseas Territory",Imports of goods,Imports of goods,Cost insurance freight (CIF),Millions,USD,222000000.0,2017,False,Medium,Increasing
"Anguilla, United Kingdom-British Overseas Territory",Imports of goods,Imports of goods,Cost insurance freight (CIF),Millions,USD,234000000.0,2018,False,Medium,Increasing
"Anguilla, United Kingdom-British Overseas Territory",Imports of goods,Imports of goods,Cost insurance freight (CIF),Millions,USD,228000000.0,2019,False,Medium,Decreasing
"Anguilla, United Kingdom-British Overseas Territory",Imports of goods,Imports of goods,Cost insurance freight (CIF),Millions,USD,211000000.0,2020,False,Medium,Decreasing
"Anguilla, United Kingdom-British Overseas Territory",Imports of goods,Imports of goods,Cost insurance freight (CIF),Millions,USD,266000000.0,2021,False,Medium,Increasing
"Anguilla, United Kingdom-British Overseas Territory",Imports of goods,Imports of goods,Cost insurance freight (CIF),Millions,USD,302000000.0,2022,False,Medium,Increasing
"Anguilla, United Kingdom-British Overseas Territory",Imports of goods,Imports of goods,Cost insurance freight (CIF),Millions,USD,286000000.0,2023,False,Medium,Decreasing
"Anguilla, United Kingdom-British Overseas Territory",Imports of goods,Imports of goods,Cost insurance freight (CIF),Millions,USD,293000000.0,2024,False,Medium,Increasing
"Anguilla, United Kingdom-British Overseas Territory",Imports of goods,Imports of goods,Cost insurance freight (CIF),Millions,USD,314000000.0,2025,False,Medium,Increasing
Antigua and Barbuda,Exports of goods,Exports of goods,Free on board (FOB),Millions,USD,61000000.0,2016,True,Medium,No Data
Antigua and Barbuda,Exports of goods,Exports of goods,Free on board (FOB),Millions,USD,21000000.0,2017,True,Medium,Decreasing
Antigua and Barbuda,Exports of goods,Exports of goods,Free on board (FOB),Millions,USD,26000000.0,2018,True,Medium,Increasing
Antigua and Barbuda,Exports of goods,Exports of goods,Free on board (FOB),Millions,USD,38000000.0,2019,True,Medium,Increasing
Antigua and Barbuda,Exports of goods,Exports of goods,Free on board (FOB),Millions,USD,22000000.0,2020,True,Medium,Decreasing
Antigua and Barbuda,Exports of goods,Exports of goods,Free on board (FOB),Millions,USD,19000000.0,2021,True,Medium,Decreasing
Antigua and Barbuda,Exports of goods,Exports of goods,Free on board (FOB),Millions,USD,22000000.0,2022,True,Medium,Increasing
Antigua and Barbuda,Exports of goods,Exports of goods,Free on board (FOB),Millions,USD,31000000.0,2023,True,Medium,Increasing
Antigua and Barbuda,Exports of goods,Exports of goods,Free on board (FOB),Millions,USD,33000000.0,2024,True,Medium,Increasing
Antigua and Barbuda,Exports of goods,Exports of goods,Free on board (FOB),Millions,USD,32000000.0,2025,True,Medium,Decreasing
Antigua and Barbuda,Imports of goods,Imports of goods,Cost insurance freight (CIF),Millions,USD,478000000.0,2016,False,Medium,No Data
Antigua and Barbuda,Imports of goods,Imports of goods,Cost insurance freight (CIF),Millions,USD,554000000.0,2017,False,Medium,Increasing
Antigua and Barbuda,Imports of goods,Imports of goods,Cost insurance freight (CIF),Millions,USD,699000000.0,2018,False,Medium,Increasing
Antigua and Barbuda,Imports of goods,Imports of goods,Cost insurance freight (CIF),Millions,USD,701000000.0,2019,False,Medium,Increasing
Antigua and Barbuda,Imports of goods,Imports of goods,Cost insurance freight (CIF),Millions,USD,498000000.0,2020,False,Medium,Decreasing
Antigua and Barbuda,Imports of goods,Imports of goods,Cost insurance freight (CIF),Millions,USD,596000000.0,2021,False,Medium,Increasing
Antigua and Barbuda,Imports of goods,Imports of goods,Cost insurance freight (CIF),Millions,USD,820000000.0,2022,False,Medium,Increasing
Antigua and Barbuda,Imports of goods,Imports of goods,Cost insurance freight (CIF),Millions,USD,844000000.0,2023,False,Medium,Increasing
Antigua and Barbuda,Imports of goods,Imports of goods,Cost insurance freight (CIF),Millions,USD,823000000.0,2024,False,Medium,Decreasing
Antigua and Barbuda,Imports of goods,Imports of goods,Cost insurance freight (CIF),Millions,USD,938000000.0,2025,False,Medium,Increasing
Argentina,Exports of goods,Exports of goods,Free on board (FOB),Millions,USD,57910000000.0,2016,True,High,No Data
Argentina,Exports of goods,Exports of goods,Free on board (FOB),Millions,USD,58644000000.0,2017,True,High,Increasing
Argentina,Exports of goods,Exports of goods,Free on board (FOB),Millions,USD,61781000000.0,2018,True,High,Increasing
Argentina,Exports of goods,Exports of goods,Free on board (FOB),Millions,USD,65116000000.0,2019,True,High,Increasing
Argentina,Exports of goods,Exports of goods,Free on board (FOB),Millions,USD,54884000000.0,2020,True,High,Decreasing
Argentina,Exports of goods,Exports of goods,Free on board (FOB),Millions,USD,77935000000.0,2021,True,High,Increasing
Argentina,Exports of goods,Exports of goods,Free on board (FOB),Millions,USD,88702000000.0,2022,True,High,Increasing
Argentina,Exports of goods,Exports of goods,Free on board (FOB),Millions,USD,66955000000.0,2023,True,High,Decreasing
Argentina,Exports of goods,Exports of goods,Free on board (FOB),Millions,USD,79703000000.0,2024,True,High,Increasing
Argentina,Exports of goods,Exports of goods,Free on board (FOB),Millions,USD,87111000000.0,2025,True,High,Increasing
Argentina,"Exports of goods, Volume index",Exports of goods,Free on board (FOB),Units,Not Applicable,89.81297254277756,2016,True,Low,No Data
Argentina,"Exports of goods, Volume index",Exports of goods,Free on board (FOB),Units,Not Applicable,89.71348985276562,2017,True,Low,Decreasing
Argentina,"Exports of goods, Volume index",Exports of goods,Free on board (FOB),Units,Not Applicable,89.47473139673697,2018,True,Low,Decreasing
Argentina,"Exports of goods, Volume index",Exports of goods,Free on board (FOB),Units,Not Applicable,100.2387584560287,2019,True,Low,Increasing
Argentina,"Exports of goods, Volume index",Exports of goods,Free on board (FOB),Units,Not Applicable,87.14683645045761,2020,True,Low,Decreasing
Argentina,"Exports of goods, Volume index",Exports of goods,Free on board (FOB),Units,Not Applicable,98.36848388380422,2021,True,Low,Increasing
Argentina,"Exports of goods, Volume index",Exports of goods,Free on board (FOB),Units,Not Applicable,96.43851969757262,2022,True,Low,Decreasing
Argentina,"Exports of goods, Volume index",Exports of goods,Free on board (FOB),Units,Not Applicable,80.52128929566256,2023,True,Low,Decreasing
Argentina,"Exports of goods, Volume index",Exports of goods,Free on board (FOB),Units,Not Applicable,101.6912057302029,2024,True,Low,Increasing
Argentina,"Exports of goods, Volume index",Exports of goods,Free on board (FOB),Units,Not Applicable,111.7986470354158,2025,True,Low,Increasing
Argentina,Imports of goods,Imports of goods,Cost insurance freight (CIF),Millions,USD,55852000000.0,2016,False,High,No Data
Argentina,Imports of goods,Imports of goods,Cost insurance freight (CIF),Millions,USD,66937000000.0,2017,False,High,Increasing
Argentina,Imports of goods,Imports of goods,Cost insurance freight (CIF),Millions,USD,65482000000.0,2018,False,High,Decreasing
Argentina,Imports of goods,Imports of goods,Cost insurance freight (CIF),Millions,USD,49124000000.0,2019,False,High,Decreasing
Argentina,Imports of goods,Imports of goods,Cost insurance freight (CIF),Millions,USD,42354000000.0,2020,False,High,Decreasing
Argentina,Imports of goods,Imports of goods,Cost insurance freight (CIF),Millions,USD,63185000000.0,2021,False,High,Increasing
Argentina,Imports of goods,Imports of goods,Cost insurance freight (CIF),Millions,USD,81742000000.0,2022,False,High,Increasing
Argentina,Imports of goods,Imports of goods,Cost insurance freight (CIF),Millions,USD,73815000000.0,2023,False,High,Decreasing
Argentina,Imports of goods,Imports of goods,Cost insurance freight (CIF),Millions,USD,60775000000.0,2024,False,High,Decreasing
Argentina,Imports of goods,Imports of goods,Cost insurance freight (CIF),Millions,USD,75792000000.0,2025,False,High,Increasing
Argentina,"Imports of goods, Volume index",Imports of goods,Cost insurance freight (CIF),Units,Not Applicable,111.6273197828557,2016,False,Low,No Data
Argentina,"Imports of goods, Volume index",Imports of goods,Cost insurance freight (CIF),Units,Not Applicable,128.0141396288347,2017,False,Low,Increasing
Argentina,"Imports of goods, Volume index",Imports of goods,Cost insurance freight (CIF),Units,Not Applicable,119.6692336826158,2018,False,Low,Decreasing
Argentina,"Imports of goods, Volume index",Imports of goods,Cost insurance freight (CIF),Units,Not Applicable,94.84913521020071,2019,False,Low,Decreasing
Argentina,"Imports of goods, Volume index",Imports of goods,Cost insurance freight (CIF),Units,Not Applicable,84.73677565963894,2020,False,Low,Decreasing
Argentina,"Imports of goods, Volume index",Imports of goods,Cost insurance freight (CIF),Units,Not Applicable,110.2007322307789,2021,False,Low,Increasing
Argentina,"Imports of goods, Volume index",Imports of goods,Cost insurance freight (CIF),Units,Not Applicable,121.9542986996591,2022,False,Low,Increasing
Argentina,"Imports of goods, Volume index",Imports of goods,Cost insurance freight (CIF),Units,Not Applicable,117.1947986365358,2023,False,Low,Decreasing
Argentina,"Imports of goods, Volume index",Imports of goods,Cost insurance freight (CIF),Units,Not Applicable,100.8332281277616,2024,False,Low,Decreasing
Argentina,"Imports of goods, Volume index",Imports of goods,Cost insurance freight (CIF),Units,Not Applicable,131.6247948491352,2025,False,Low,Increasing
"Armenia, Republic of",Exports of goods,Exports of goods,Free on board (FOB),Millions,USD,1791000000.0,2016,True,Medium,No Data
"Armenia, Republic of",Exports of goods,Exports of goods,Free on board (FOB),Millions,USD,2246000000.0,2017,True,Medium,Increasing
"Armenia, Republic of",Exports of goods,Exports of goods,Free on board (FOB),Millions,USD,2412000000.0,2018,True,Medium,Increasing
"Armenia, Republic of",Exports of goods,Exports of goods,Free on board (FOB),Millions,USD,2641000000.0,2019,True,Medium,Increasing
"Armenia, Republic of",Exports of goods,Exports of goods,Free on board (FOB),Millions,USD,2545000000.0,2020,True,Medium,Decreasing
"Armenia, Republic of",Exports of goods,Exports of goods,Free on board (FOB),Millions,USD,3024000000.0,2021,True,Medium,Increasing
"Armenia, Republic of",Exports of goods,Exports of goods,Free on board (FOB),Millions,USD,5361000000.0,2022,True,Medium,Increasing
"Armenia, Republic of",Exports of goods,Exports of goods,Free on board (FOB),Millions,USD,8552000000.0,2023,True,Medium,Increasing
"Armenia, Republic of",Exports of goods,Exports of goods,Free on board (FOB),Millions,USD,13092000000.0,2024,True,High,Increasing
"Armenia, Republic of",Exports of goods,Exports of goods,Free on board (FOB),Millions,USD,8396000000.0,2025,True,Medium,Decreasing
"Armenia, Republic of","Exports of goods, Volume index",Exports of goods,Free on board (FOB),Units,Not Applicable,199.0193164933135,2016,True,Medium,No Data
"Armenia, Republic of","Exports of goods, Volume index",Exports of goods,Free on board (FOB),Units,Not Applicable,223.8632986627043,2017,True,Medium,Increasing
"Armenia, Republic of","Exports of goods, Volume index",Exports of goods,Free on board (FOB),Units,Not Applicable,229.6582466567608,2018,True,Medium,Increasing
"Armenia, Republic of","Exports of goods, Volume index",Exports of goods,Free on board (FOB),Units,Not Applicable,260.7726597325408,2019,True,Medium,Increasing
"Armenia, Republic of","Exports of goods, Volume index",Exports of goods,Free on board (FOB),Units,Not Applicable,243.5661218424963,2020,True,Medium,Decreasing
"Armenia, Republic of","Exports of goods, Volume index",Exports of goods,Free on board (FOB),Units,Not Applicable,232.927191679049,2021,True,Medium,Decreasing
"Armenia, Republic of","Exports of goods, Volume index",Exports of goods,Free on board (FOB),Units,Not Applicable,404.8439821693908,2022,True,Medium,Increasing
"Armenia, Republic of","Exports of goods, Volume index",Exports of goods,Free on board (FOB),Units,Not Applicable,647.4294205052005,2023,True,Medium,Increasing
"Armenia, Republic of","Exports of goods, Volume index",Exports of goods,Free on board (FOB),Units,Not Applicable,946.8053491827636,2024,True,Medium,Increasing
"Armenia, Republic of","Exports of goods, Volume index",Exports of goods,Free on board (FOB),Units,Not Applicable,498.3655274888558,2025,True,Medium,Decreasing
"Armenia, Republic of",Imports of goods,Imports of goods,Cost insurance freight (CIF),Millions,USD,3273000000.0,2016,False,Medium,No Data
"Armenia, Republic of",Imports of goods,Imports of goods,Cost insurance freight (CIF),Millions,USD,4190000000.0,2017,False,Medium,Increasing
"Armenia, Republic of",Imports of goods,Imports of goods,Cost insurance freight (CIF),Millions,USD,4964000000.0,2018,False,Medium,Increasing
"Armenia, Republic of",Imports of goods,Imports of goods,Cost insurance freight (CIF),Millions,USD,5513000000.0,2019,False,Medium,Increasing
"Armenia, Republic of",Imports of goods,Imports of goods,Cost insurance freight (CIF),Millions,USD,4559000000.0,2020,False,Medium,Decreasing
"Armenia, Republic of",Imports of goods,Imports of goods,Cost insurance freight (CIF),Millions,USD,5356000000.0,2021,False,Medium,Increasing
"Armenia, Republic of",Imports of goods,Imports of goods,Cost insurance freight (CIF),Millions,USD,8769000000.0,2022,False,Medium,Increasing
"Armenia, Republic of",Imports of goods,Imports of goods,Cost insurance freight (CIF),Millions,USD,12759000000.0,2023,False,High,Increasing
"Armenia, Republic of",Imports of goods,Imports of goods,Cost insurance freight (CIF),Millions,USD,17068000000.0,2024,False,High,Increasing
"Armenia, Republic of",Imports of goods,Imports of goods,Cost insurance freight (CIF),Millions,USD,13035000000.0,2025,False,High,Decreasing
"Armenia, Republic of","Imports of goods, Volume index",Imports of goods,Cost insurance freight (CIF),Units,Not Applicable,91.44728860851632,2016,False,Low,No Data
"Armenia, Republic of","Imports of goods, Volume index",Imports of goods,Cost insurance freight (CIF),Units,Not Applicable,111.4400097052044,2017,False,Low,Increasing
"Armenia, Republic of","Imports of goods, Volume index",Imports of goods,Cost insurance freight (CIF),Units,Not Applicable,125.7430547130899,2018,False,Low,Increasing
"Armenia, Republic of","Imports of goods, Volume index",Imports of goods,Cost insurance freight (CIF),Units,Not Applicable,144.0009705204416,2019,False,Low,Increasing
"Armenia, Republic of","Imports of goods, Volume index",Imports of goods,Cost insurance freight (CIF),Units,Not Applicable,121.1816086376319,2020,False,Low,Decreasing
"Armenia, Republic of","Imports of goods, Volume index",Imports of goods,Cost insurance freight (CIF),Units,Not Applicable,116.0499818027417,2021,False,Low,Decreasing
"Armenia, Republic of","Imports of goods, Volume index",Imports of goods,Cost insurance freight (CIF),Units,Not Applicable,159.7840592017469,2022,False,Low,Increasing
"Armenia, Republic of","Imports of goods, Volume index",Imports of goods,Cost insurance freight (CIF),Units,Not Applicable,242.9091350236565,2023,False,Medium,Increasing
"Armenia, Republic of","Imports of goods, Volume index",Imports of goods,Cost insurance freight (CIF),Units,Not Applicable,324.7967972825428,2024,False,Medium,Increasing
"Armenia, Republic of","Imports of goods, Volume index",Imports of goods,Cost insurance freight (CIF),Units,Not Applicable,228.5454324881718,2025,False,Medium,Decreasing
"Aruba, Kingdom of the Netherlands",Exports of goods,Exports of goods,Free on board (FOB),Millions,USD,284000000.0,2016,True,Medium,No Data
"Aruba, Kingdom of the Netherlands",Exports of goods,Exports of goods,Free on board (FOB),Millions,USD,135000000.0,2017,True,Medium,Decreasing
"Aruba, Kingdom of the Netherlands",Exports of goods,Exports of goods,Free on board (FOB),Millions,USD,194000000.0,2018,True,Medium,Increasing
"Aruba, Kingdom of the Netherlands",Exports of goods,Exports of goods,Free on board (FOB),Millions,USD,131000000.0,2019,True,Medium,Decreasing
"Aruba, Kingdom of the Netherlands",Exports of goods,Exports of goods,Free on board (FOB),Millions,USD,87000000.0,2020,True,Medium,Decreasing
"Aruba, Kingdom of the Netherlands",Exports of goods,Exports of goods,Free on board (FOB),Millions,USD,123000000.0,2021,True,Medium,Increasing
"Aruba, Kingdom of the Netherlands",Exports of goods,Exports of goods,Free on board (FOB),Millions,USD,208000000.0,2022,True,Medium,Increasing
"Aruba, Kingdom of the Netherlands",Exports of goods,Exports of goods,Free on board (FOB),Millions,USD,167000000.0,2023,True,Medium,Decreasing
"Aruba, Kingdom of the Netherlands",Exports of goods,Exports of goods,Free on board (FOB),Millions,USD,163000000.0,2024,True,Medium,Decreasing
"Aruba, Kingdom of the Netherlands",Exports of goods,Exports of goods,Free on board (FOB),Millions,USD,216000000.0,2025,True,Medium,Increasing
"Aruba, Kingdom of the Netherlands",Imports of goods,Imports of goods,Cost insurance freight (CIF),Millions,USD,1138000000.0,2016,False,Medium,No Data
"Aruba, Kingdom of the Netherlands",Imports of goods,Imports of goods,Cost insurance freight (CIF),Millions,USD,1124000000.0,2017,False,Medium,Decreasing
"Aruba, Kingdom of the Netherlands",Imports of goods,Imports of goods,Cost insurance freight (CIF),Millions,USD,1232000000.0,2018,False,Medium,Increasing
"Aruba, Kingdom of the Netherlands",Imports of goods,Imports of goods,Cost insurance freight (CIF),Millions,USD,1206000000.0,2019,False,Medium,Decreasing
"Aruba, Kingdom of the Netherlands",Imports of goods,Imports of goods,Cost insurance freight (CIF),Millions,USD,863000000.0,2020,False,Medium,Decreasing
"Aruba, Kingdom of the Netherlands",Imports of goods,Imports of goods,Cost insurance freight (CIF),Millions,USD,1064000000.0,2021,False,Medium,Increasing
"Aruba, Kingdom of the Netherlands",Imports of goods,Imports of goods,Cost insurance freight (CIF),Millions,USD,1387000000.0,2022,False,Medium,Increasing
"Aruba, Kingdom of the Netherlands",Imports of goods,Imports of goods,Cost insurance freight (CIF),Millions,USD,1403000000.0,2023,False,Medium,Increasing
"Aruba, Kingdom of the Netherlands",Imports of goods,Imports of goods,Cost insurance freight (CIF),Millions,USD,1490000000.0,2024,False,Medium,Increasing
"Aruba, Kingdom of the Netherlands",Imports of goods,Imports of goods,Cost insurance freight (CIF),Millions,USD,1604000000.0,2025,False,Medium,Increasing
Australia,Export price index (EPI),Exports of goods,Free on board (FOB),Units,Not Applicable,87.19597428012302,2016,True,Low,No Data
Australia,Export price index (EPI),Exports of goods,Free on board (FOB),Units,Not Applicable,101.928990774392,2017,True,Low,Increasing
Australia,Export price index (EPI),Exports of goods,Free on board (FOB),Units,Not Applicable,110.6513838412077,2018,True,Low,Increasing
Australia,Export price index (EPI),Exports of goods,Free on board (FOB),Units,Not Applicable,124.7134470226447,2019,True,Low,Increasing
Australia,Export price index (EPI),Exports of goods,Free on board (FOB),Units,Not Applicable,121.1070729661728,2020,True,Low,Decreasing
Australia,Export price index (EPI),Exports of goods,Free on board (FOB),Units,Not Applicable,155.2418227564999,2021,True,Low,Increasing
Australia,Export price index (EPI),Exports of goods,Free on board (FOB),Units,Not Applicable,203.7461559966453,2022,True,Medium,Increasing
Australia,Export price index (EPI),Exports of goods,Free on board (FOB),Units,Not Applicable,193.1786413195415,2023,True,Medium,Decreasing
Australia,Export price index (EPI),Exports of goods,Free on board (FOB),Units,Not Applicable,178.8929270338273,2024,True,Medium,Decreasing
Australia,Exports of goods,Exports of goods,Free on board (FOB),Billions,USD,192506000000.0,2016,True,High,No Data
Australia,Exports of goods,Exports of goods,Free on board (FOB),Billions,USD,231131000000.0,2017,True,High,Increasing
Australia,Exports of goods,Exports of goods,Free on board (FOB),Billions,USD,257096999999.99997,2018,True,High,Increasing
Australia,Exports of goods,Exports of goods,Free on board (FOB),Billions,USD,271005000000.0,2019,True,High,Increasing
Australia,Exports of goods,Exports of goods,Free on board (FOB),Billions,USD,250824000000.0,2020,True,High,Decreasing
Australia,Exports of goods,Exports of goods,Free on board (FOB),Billions,USD,344864000000.0,2021,True,High,Increasing
Australia,Exports of goods,Exports of goods,Free on board (FOB),Billions,USD,412683000000.0,2022,True,High,Increasing
Australia,Exports of goods,Exports of goods,Free on board (FOB),Billions,USD,371407000000.0,2023,True,High,Decreasing
Australia,Exports of goods,Exports of goods,Free on board (FOB),Billions,USD,340828000000.0,2024,True,High,Decreasing
Australia,Exports of goods,Exports of goods,Free on board (FOB),Billions,USD,337788000000.0,2025,True,High,Decreasing
Australia,"Exports of goods, Volume index",Exports of goods,Free on board (FOB),Units,Not Applicable,128.1789638932496,2016,True,Low,No Data
Australia,"Exports of goods, Volume index",Exports of goods,Free on board (FOB),Units,Not Applicable,128.394819466248,2017,True,Low,Increasing
Australia,"Exports of goods, Volume index",Exports of goods,Free on board (FOB),Units,Not Applicable,134.9882260596546,2018,True,Low,Increasing
Australia,"Exports of goods, Volume index",Exports of goods,Free on board (FOB),Units,Not Applicable,135.616169544741,2019,True,Low,Increasing
Australia,"Exports of goods, Volume index",Exports of goods,Free on board (FOB),Units,Not Applicable,129.9058084772371,2020,True,Low,Decreasing
Australia,"Exports of goods, Volume index",Exports of goods,Free on board (FOB),Units,Not Applicable,128.0808477237049,2021,True,Low,Decreasing
Australia,"Exports of goods, Volume index",Exports of goods,Free on board (FOB),Units,Not Applicable,126.3147566718995,2022,True,Low,Decreasing
Australia,"Exports of goods, Volume index",Exports of goods,Free on board (FOB),Units,Not Applicable,125.5298273155416,2023,True,Low,Decreasing
Australia,"Exports of goods, Volume index",Exports of goods,Free on board (FOB),Units,Not Applicable,125.4709576138148,2024,True,Low,Decreasing
Australia,"Exports of goods, Volume index",Exports of goods,Free on board (FOB),Units,Not Applicable,129.6114599686028,2025,True,Low,Increasing
Australia,Import price index,Imports of goods,Cost insurance freight (CIF),Units,Not Applicable,105.3275554422635,2016,False,Low,No Data
Australia,Import price index,Imports of goods,Cost insurance freight (CIF),Units,Not Applicable,105.6079530971195,2017,False,Low,Increasing
Australia,Import price index,Imports of goods,Cost insurance freight (CIF),Units,Not Applicable,112.515931684935,2018,False,Low,Increasing
Australia,Import price index,Imports of goods,Cost insurance freight (CIF),Units,Not Applicable,115.4728524088707,2019,False,Low,Increasing
Australia,Import price index,Imports of goods,Cost insurance freight (CIF),Units,Not Applicable,111.368850369615,2020,False,Low,Decreasing
Australia,Import price index,Imports of goods,Cost insurance freight (CIF),Units,Not Applicable,114.3512617894468,2021,False,Low,Increasing
Australia,Import price index,Imports of goods,Cost insurance freight (CIF),Units,Not Applicable,135.8399184297731,2022,False,Low,Increasing
Australia,Import price index,Imports of goods,Cost insurance freight (CIF),Units,Not Applicable,135.3301045118531,2023,False,Low,Decreasing
Australia,Import price index,Imports of goods,Cost insurance freight (CIF),Units,Not Applicable,134.4379301554932,2024,False,Low,Decreasing
Australia,Imports of goods,Imports of goods,Cost insurance freight (CIF),Billions,USD,196269000000.0,2016,False,High,No Data
Australia,Imports of goods,Imports of goods,Cost insurance freight (CIF),Billions,USD,228779000000.0,2017,False,High,Increasing
Australia,Imports of goods,Imports of goods,Cost insurance freight (CIF),Billions,USD,235385000000.0,2018,False,High,Increasing
Australia,Imports of goods,Imports of goods,Cost insurance freight (CIF),Billions,USD,221564000000.0,2019,False,High,Decreasing
Australia,Imports of goods,Imports of goods,Cost insurance freight (CIF),Billions,USD,211824000000.0,2020,False,High,Decreasing
Australia,Imports of goods,Imports of goods,Cost insurance freight (CIF),Billions,USD,261165000000.00003,2021,False,High,Increasing
Australia,Imports of goods,Imports of goods,Cost insurance freight (CIF),Billions,USD,309187000000.0,2022,False,High,Increasing
Australia,Imports of goods,Imports of goods,Cost insurance freight (CIF),Billions,USD,287404000000.0,2023,False,High,Decreasing
Australia,Imports of goods,Imports of goods,Cost insurance freight (CIF),Billions,USD,296341000000.0,2024,False,High,Increasing
Australia,Imports of goods,Imports of goods,Cost insurance freight (CIF),Billions,USD,310327000000.0,2025,False,High,Increasing
Australia,"Imports of goods, Volume index",Imports of goods,Cost insurance freight (CIF),Units,Not Applicable,114.7402721870807,2016,False,Low,No Data
Australia,"Imports of goods, Volume index",Imports of goods,Cost insurance freight (CIF),Units,Not Applicable,129.7680659382787,2017,False,Low,Increasing
Australia,"Imports of goods, Volume index",Imports of goods,Cost insurance freight (CIF),Units,Not Applicable,128.3112900134177,2018,False,Low,Decreasing
Australia,"Imports of goods, Volume index",Imports of goods,Cost insurance freight (CIF),Units,Not Applicable,126.5094882116159,2019,False,Low,Decreasing
Australia,"Imports of goods, Volume index",Imports of goods,Cost insurance freight (CIF),Units,Not Applicable,125.493578685068,2020,False,Low,Decreasing
Australia,"Imports of goods, Volume index",Imports of goods,Cost insurance freight (CIF),Units,Not Applicable,137.0136093540349,2021,False,Low,Increasing
Australia,"Imports of goods, Volume index",Imports of goods,Cost insurance freight (CIF),Units,Not Applicable,145.7542649032011,2022,False,Low,Increasing
Australia,"Imports of goods, Volume index",Imports of goods,Cost insurance freight (CIF),Units,Not Applicable,145.2558941920644,2023,False,Low,Decreasing
Australia,"Imports of goods, Volume index",Imports of goods,Cost insurance freight (CIF),Units,Not Applicable,151.9072263753115,2024,False,Low,Increasing
Australia,"Imports of goods, Volume index",Imports of goods,Cost insurance freight (CIF),Units,Not Applicable,158.9610887483228,2025,False,Low,Increasing
Austria,Export price index (EPI),Exports of goods,Free on board (FOB),Units,Not Applicable,100.8365363064095,2016,True,Low,No Data
Austria,Export price index (EPI),Exports of goods,Free on board (FOB),Units,Not Applicable,102.5911856128082,2017,True,Low,Increasing
Austria,Export price index (EPI),Exports of goods,Free on board (FOB),Units,Not Applicable,104.3016840543716,2018,True,Low,Increasing
Austria,Export price index (EPI),Exports of goods,Free on board (FOB),Units,Not Applicable,103.2380136999316,2019,True,Low,Decreasing
Austria,Export price index (EPI),Exports of goods,Free on board (FOB),Units,Not Applicable,102.0104254724177,2020,True,Low,Decreasing
Austria,Export price index (EPI),Exports of goods,Free on board (FOB),Units,Not Applicable,104.4969560232823,2021,True,Low,Increasing
Austria,Exports of goods,Exports of goods,Free on board (FOB),Billions,USD,152089000000.0,2016,True,High,No Data
Austria,Exports of goods,Exports of goods,Free on board (FOB),Billions,USD,168026000000.0,2017,True,High,Increasing
Austria,Exports of goods,Exports of goods,Free on board (FOB),Billions,USD,184815000000.0,2018,True,High,Increasing
Austria,Exports of goods,Exports of goods,Free on board (FOB),Billions,USD,178668000000.0,2019,True,High,Decreasing
Austria,Exports of goods,Exports of goods,Free on board (FOB),Billions,USD,169418000000.0,2020,True,High,Decreasing
Austria,Exports of goods,Exports of goods,Free on board (FOB),Billions,USD,202806000000.0,2021,True,High,Increasing
Austria,Exports of goods,Exports of goods,Free on board (FOB),Billions,USD,211929000000.0,2022,True,High,Increasing
Austria,Exports of goods,Exports of goods,Free on board (FOB),Billions,USD,224056000000.0,2023,True,High,Increasing
Austria,Exports of goods,Exports of goods,Free on board (FOB),Billions,USD,214131000000.0,2024,True,High,Decreasing
Austria,Exports of goods,Exports of goods,Free on board (FOB),Billions,USD,222457000000.0,2025,True,High,Increasing
Austria,"Exports of goods, Price deflator",Exports of goods,Free on board (FOB),Units,Not Applicable,101.2476507907478,2016,True,Low,No Data
Austria,"Exports of goods, Price deflator",Exports of goods,Free on board (FOB),Units,Not Applicable,102.7678911705736,2017,True,Low,Increasing
Austria,"Exports of goods, Price deflator",Exports of goods,Free on board (FOB),Units,Not Applicable,104.6496008773517,2018,True,Low,Increasing
Austria,"Exports of goods, Price deflator",Exports of goods,Free on board (FOB),Units,Not Applicable,103.5729460285859,2019,True,Low,Decreasing
Austria,"Exports of goods, Price deflator",Exports of goods,Free on board (FOB),Units,Not Applicable,102.3419700974583,2020,True,Low,Decreasing
Austria,"Exports of goods, Volume index",Exports of goods,Free on board (FOB),Units,Not Applicable,104.721326577614,2016,True,Low,No Data
Austria,"Exports of goods, Volume index",Exports of goods,Free on board (FOB),Units,Not Applicable,109.1893136803316,2017,True,Low,Increasing
Austria,"Exports of goods, Volume index",Exports of goods,Free on board (FOB),Units,Not Applicable,110.525103638876,2018,True,Low,Increasing
Austria,"Exports of goods, Volume index",Exports of goods,Free on board (FOB),Units,Not Applicable,110.4790419161676,2019,True,Low,Decreasing
Austria,"Exports of goods, Volume index",Exports of goods,Free on board (FOB),Units,Not Applicable,101.843602493304,2020,True,Low,Decreasing
Austria,Import price index,Imports of goods,Cost insurance freight (CIF),Units,Not Applicable,100.7566830252762,2016,False,Low,No Data
Austria,Import price index,Imports of goods,Cost insurance freight (CIF),Units,Not Applicable,104.2144315054388,2017,False,Low,Increasing
Austria,Import price index,Imports of goods,Cost insurance freight (CIF),Units,Not Applicable,106.547710428816,2018,False,Low,Increasing
Austria,Import price index,Imports of goods,Cost insurance freight (CIF),Units,Not Applicable,106.2195324763584,2019,False,Low,Decreasing
Austria,Import price index,Imports of goods,Cost insurance freight (CIF),Units,Not Applicable,103.7169304833541,2020,False,Low,Decreasing
Austria,Import price index,Imports of goods,Cost insurance freight (CIF),Units,Not Applicable,109.594304535381,2021,False,Low,Increasing
Austria,Imports of goods,Imports of goods,Cost insurance freight (CIF),Billions,USD,157697000000.0,2016,False,High,No Data
Austria,Imports of goods,Imports of goods,Cost insurance freight (CIF),Billions,USD,175753000000.0,2017,False,High,Increasing
Austria,Imports of goods,Imports of goods,Cost insurance freight (CIF),Billions,USD,193722000000.0,2018,False,High,Increasing
Austria,Imports of goods,Imports of goods,Cost insurance freight (CIF),Billions,USD,184758000000.0,2019,False,High,Decreasing
Austria,Imports of goods,Imports of goods,Cost insurance freight (CIF),Billions,USD,172449000000.0,2020,False,High,Decreasing
Austria,Imports of goods,Imports of goods,Cost insurance freight (CIF),Billions,USD,219519000000.0,2021,False,High,Increasing
Austria,Imports of goods,Imports of goods,Cost insurance freight (CIF),Billions,USD,233518000000.0,2022,False,High,Increasing
Austria,Imports of goods,Imports of goods,Cost insurance freight (CIF),Billions,USD,226254000000.0,2023,False,High,Decreasing
Austria,Imports of goods,Imports of goods,Cost insurance freight (CIF),Billions,USD,211719000000.0,2024,False,High,Decreasing
Austria,Imports of goods,Imports of goods,Cost insurance freight (CIF),Billions,USD,230033000000.0,2025,False,High,Increasing
Austria,"Imports of goods, Volume index",Imports of goods,Cost insurance freight (CIF),Units,Not Applicable,101.0249242953646,2016,False,Low,No Data
Austria,"Imports of goods, Volume index",Imports of goods,Cost insurance freight (CIF),Units,Not Applicable,104.1462846494293,2017,False,Low,Increasing
Austria,"Imports of goods, Volume index",Imports of goods,Cost insurance freight (CIF),Units,Not Applicable,104.425809457256,2018,False,Low,Increasing
Austria,"Imports of goods, Volume index",Imports of goods,Cost insurance freight (CIF),Units,Not Applicable,102.9350104821802,2019,False,Low,Decreasing
Austria,"Imports of goods, Volume index",Imports of goods,Cost insurance freight (CIF),Units,Not Applicable,96.31366336185091,2020,False,Low,Decreasing
"Azerbaijan, Republic of",Exports of goods,Exports of goods,Free on board (FOB),Thousands,USD,13457592100.0,2016,True,High,No Data
"Azerbaijan, Republic of",Exports of goods,Exports of goods,Free on board (FOB),Thousands,USD,15319977100.0,2017,True,High,Increasing
"Azerbaijan, Republic of",Exports of goods,Exports of goods,Free on board (FOB),Thousands,USD,19489068200.0,2018,True,High,Increasing
"Azerbaijan, Republic of",Exports of goods,Exports of goods,Free on board (FOB),Thousands,USD,19635202800.0,2019,True,High,Increasing
"Azerbaijan, Republic of",Exports of goods,Exports of goods,Free on board (FOB),Thousands,USD,13732637300.0,2020,True,High,Decreasing
"Azerbaijan, Republic of",Exports of goods,Exports of goods,Free on board (FOB),Thousands,USD,22207974800.0,2021,True,High,Increasing
"Azerbaijan, Republic of",Exports of goods,Exports of goods,Free on board (FOB),Thousands,USD,38146684100.0,2022,True,High,Increasing
"Azerbaijan, Republic of",Exports of goods,Exports of goods,Free on board (FOB),Thousands,USD,33898554900.0,2023,True,High,Decreasing
"Azerbaijan, Republic of",Exports of goods,Exports of goods,Free on board (FOB),Thousands,USD,26554056800.0,2024,True,High,Decreasing
"Azerbaijan, Republic of",Exports of goods,Exports of goods,Free on board (FOB),Thousands,USD,25042849600.0,2025,True,High,Decreasing
"Azerbaijan, Republic of",Imports of goods,Imports of goods,Cost insurance freight (CIF),Thousands,USD,8489140400.0,2016,False,Medium,No Data
"Azerbaijan, Republic of",Imports of goods,Imports of goods,Cost insurance freight (CIF),Thousands,USD,8783301400.0,2017,False,Medium,Increasing
"Azerbaijan, Republic of",Imports of goods,Imports of goods,Cost insurance freight (CIF),Thousands,USD,11465914700.0,2018,False,High,Increasing
"Azerbaijan, Republic of",Imports of goods,Imports of goods,Cost insurance freight (CIF),Thousands,USD,13667475700.0,2019,False,High,Increasing
"Azerbaijan, Republic of",Imports of goods,Imports of goods,Cost insurance freight (CIF),Thousands,USD,10732038800.0,2020,False,High,Decreasing
"Azerbaijan, Republic of",Imports of goods,Imports of goods,Cost insurance freight (CIF),Thousands,USD,11703222600.0,2021,False,High,Increasing
"Azerbaijan, Republic of",Imports of goods,Imports of goods,Cost insurance freight (CIF),Thousands,USD,14539789100.0,2022,False,High,Increasing
"Azerbaijan, Republic of",Imports of goods,Imports of goods,Cost insurance freight (CIF),Thousands,USD,17285344700.0,2023,False,High,Increasing
"Azerbaijan, Republic of",Imports of goods,Imports of goods,Cost insurance freight (CIF),Thousands,USD,21058044100.0,2024,False,High,Increasing
"Azerbaijan, Republic of",Imports of goods,Imports of goods,Cost insurance freight (CIF),Thousands,USD,24379730300.0,2025,False,High,Increasing
"Bahamas, The",Exports of goods,Exports of goods,Free on board (FOB),Thousands,USD,402441000.0,2016,True,Medium,No Data
"Bahamas, The",Exports of goods,Exports of goods,Free on board (FOB),Thousands,USD,473333000.0,2017,True,Medium,Increasing
"Bahamas, The",Exports of goods,Exports of goods,Free on board (FOB),Thousands,USD,524221000.0,2018,True,Medium,Increasing
"Bahamas, The",Exports of goods,Exports of goods,Free on board (FOB),Thousands,USD,537271000.0,2019,True,Medium,Increasing
"Bahamas, The",Exports of goods,Exports of goods,Free on board (FOB),Thousands,USD,377574000.0,2020,True,Medium,Decreasing
"Bahamas, The",Exports of goods,Exports of goods,Free on board (FOB),Thousands,USD,543422000.0,2021,True,Medium,Increasing
"Bahamas, The",Exports of goods,Exports of goods,Free on board (FOB),Thousands,USD,585902000.0,2022,True,Medium,Increasing
"Bahamas, The",Exports of goods,Exports of goods,Free on board (FOB),Thousands,USD,736164000.0,2023,True,Medium,Increasing
"Bahamas, The",Imports of goods,Imports of goods,Cost insurance freight (CIF),Thousands,USD,2931649000.0,2016,False,Medium,No Data
"Bahamas, The",Imports of goods,Imports of goods,Cost insurance freight (CIF),Thousands,USD,3477594000.0,2017,False,Medium,Increasing
"Bahamas, The",Imports of goods,Imports of goods,Cost insurance freight (CIF),Thousands,USD,3524075000.0,2018,False,Medium,Increasing
"Bahamas, The",Imports of goods,Imports of goods,Cost insurance freight (CIF),Thousands,USD,3320501000.0,2019,False,Medium,Decreasing
"Bahamas, The",Imports of goods,Imports of goods,Cost insurance freight (CIF),Thousands,USD,2205287000.0,2020,False,Medium,Decreasing
"Bahamas, The",Imports of goods,Imports of goods,Cost insurance freight (CIF),Thousands,USD,3482604000.0,2021,False,Medium,Increasing
"Bahamas, The",Imports of goods,Imports of goods,Cost insurance freight (CIF),Thousands,USD,3839658000.0,2022,False,Medium,Increasing
"Bahamas, The",Imports of goods,Imports of goods,Cost insurance freight (CIF),Thousands,USD,4187517000.0,2023,False,Medium,Increasing
"Bahrain, Kingdom of",Exports of goods,Exports of goods,Free on board (FOB),Millions,USD,12785000000.0,2016,True,High,No Data
"Bahrain, Kingdom of",Exports of goods,Exports of goods,Free on board (FOB),Millions,USD,15376000000.0,2017,True,High,Increasing
"Bahrain, Kingdom of",Exports of goods,Exports of goods,Free on board (FOB),Millions,USD,18044000000.0,2018,True,High,Increasing
"Bahrain, Kingdom of",Exports of goods,Exports of goods,Free on board (FOB),Millions,USD,18119000000.0,2019,True,High,Increasing
"Bahrain, Kingdom of",Exports of goods,Exports of goods,Free on board (FOB),Millions,USD,14065000000.0,2020,True,High,Decreasing
"Bahrain, Kingdom of",Exports of goods,Exports of goods,Free on board (FOB),Millions,USD,22370000000.0,2021,True,High,Increasing
"Bahrain, Kingdom of",Exports of goods,Exports of goods,Free on board (FOB),Millions,USD,30194000000.0,2022,True,High,Increasing
"Bahrain, Kingdom of",Exports of goods,Exports of goods,Free on board (FOB),Millions,USD,24813000000.0,2023,True,High,Decreasing
"Bahrain, Kingdom of",Exports of goods,Exports of goods,Free on board (FOB),Millions,USD,24279000000.0,2024,True,High,Decreasing
"Bahrain, Kingdom of",Exports of goods,Exports of goods,Free on board (FOB),Millions,USD,26455000000.0,2025,True,High,Increasing
"Bahrain, Kingdom of","Exports of goods, Volume index",Exports of goods,Free on board (FOB),Units,Not Applicable,120.9102348993289,2016,True,Low,No Data
"Bahrain, Kingdom of","Exports of goods, Volume index",Exports of goods,Free on board (FOB),Units,Not Applicable,127.1392617449664,2017,True,Low,Increasing
"Bahrain, Kingdom of","Exports of goods, Volume index",Exports of goods,Free on board (FOB),Units,Not Applicable,136.6820469798658,2018,True,Low,Increasing
"Bahrain, Kingdom of","Exports of goods, Volume index",Exports of goods,Free on board (FOB),Units,Not Applicable,143.3095637583893,2019,True,Low,Increasing
"Bahrain, Kingdom of","Exports of goods, Volume index",Exports of goods,Free on board (FOB),Units,Not Applicable,119.6728187919463,2020,True,Low,Decreasing
"Bahrain, Kingdom of","Exports of goods, Volume index",Exports of goods,Free on board (FOB),Units,Not Applicable,140.3942953020134,2021,True,Low,Increasing
"Bahrain, Kingdom of","Exports of goods, Volume index",Exports of goods,Free on board (FOB),Units,Not Applicable,158.2634228187919,2022,True,Low,Increasing
"Bahrain, Kingdom of","Exports of goods, Volume index",Exports of goods,Free on board (FOB),Units,Not Applicable,146.119966442953,2023,True,Low,Decreasing
"Bahrain, Kingdom of","Exports of goods, Volume index",Exports of goods,Free on board (FOB),Units,Not Applicable,146.119966442953,2024,True,Low,No Data
"Bahrain, Kingdom of","Exports of goods, Volume index",Exports of goods,Free on board (FOB),Units,Not Applicable,157.0260067114094,2025,True,Low,Increasing
"Bahrain, Kingdom of",Imports of goods,Imports of goods,Cost insurance freight (CIF),Millions,USD,11579000000.0,2016,False,High,No Data
"Bahrain, Kingdom of",Imports of goods,Imports of goods,Cost insurance freight (CIF),Millions,USD,13146000000.0,2017,False,High,Increasing
"Bahrain, Kingdom of",Imports of goods,Imports of goods,Cost insurance freight (CIF),Millions,USD,14871000000.0,2018,False,High,Increasing
"Bahrain, Kingdom of",Imports of goods,Imports of goods,Cost insurance freight (CIF),Millions,USD,13256000000.0,2019,False,High,Decreasing
"Bahrain, Kingdom of",Imports of goods,Imports of goods,Cost insurance freight (CIF),Millions,USD,12683000000.0,2020,False,High,Decreasing
"Bahrain, Kingdom of",Imports of goods,Imports of goods,Cost insurance freight (CIF),Millions,USD,14187000000.0,2021,False,High,Increasing
"Bahrain, Kingdom of",Imports of goods,Imports of goods,Cost insurance freight (CIF),Millions,USD,15537000000.0,2022,False,High,Increasing
"Bahrain, Kingdom of",Imports of goods,Imports of goods,Cost insurance freight (CIF),Millions,USD,15367000000.0,2023,False,High,Decreasing
"Bahrain, Kingdom of",Imports of goods,Imports of goods,Cost insurance freight (CIF),Millions,USD,15610000000.0,2024,False,High,Increasing
"Bahrain, Kingdom of",Imports of goods,Imports of goods,Cost insurance freight (CIF),Millions,USD,16450000000.0,2025,False,High,Increasing
"Bahrain, Kingdom of","Imports of goods, Volume index",Imports of goods,Cost insurance freight (CIF),Units,Not Applicable,126.5253050610122,2016,False,Low,No Data
"Bahrain, Kingdom of","Imports of goods, Volume index",Imports of goods,Cost insurance freight (CIF),Units,Not Applicable,132.3464692938588,2017,False,Low,Increasing
"Bahrain, Kingdom of","Imports of goods, Volume index",Imports of goods,Cost insurance freight (CIF),Units,Not Applicable,140.4280856171234,2018,False,Low,Increasing
"Bahrain, Kingdom of","Imports of goods, Volume index",Imports of goods,Cost insurance freight (CIF),Units,Not Applicable,127.005401080216,2019,False,Low,Decreasing
"Bahrain, Kingdom of","Imports of goods, Volume index",Imports of goods,Cost insurance freight (CIF),Units,Not Applicable,129.125825165033,2020,False,Low,Increasing
"Bahrain, Kingdom of","Imports of goods, Volume index",Imports of goods,Cost insurance freight (CIF),Units,Not Applicable,126.745349069814,2021,False,Low,Decreasing
"Bahrain, Kingdom of","Imports of goods, Volume index",Imports of goods,Cost insurance freight (CIF),Units,Not Applicable,128.5857171434287,2022,False,Low,Increasing
"Bahrain, Kingdom of","Imports of goods, Volume index",Imports of goods,Cost insurance freight (CIF),Units,Not Applicable,129.5859171834367,2023,False,Low,Increasing
"Bahrain, Kingdom of","Imports of goods, Volume index",Imports of goods,Cost insurance freight (CIF),Units,Not Applicable,129.9859971994399,2024,False,Low,Increasing
"Bahrain, Kingdom of","Imports of goods, Volume index",Imports of goods,Cost insurance freight (CIF),Units,Not Applicable,134.2868573714743,2025,False,Low,Increasing
Bangladesh,Exports of goods,Exports of goods,Free on board (FOB),Millions,USD,35953010000.0,2017,True,High,No Data
Bangladesh,Exports of goods,Exports of goods,Free on board (FOB),Millions,USD,39252020000.0,2018,True,High,Increasing
Bangladesh,Exports of goods,Exports of goods,Free on board (FOB),Millions,USD,39337330000.0,2019,True,High,Increasing
Bangladesh,Exports of goods,Exports of goods,Free on board (FOB),Millions,USD,33605379999.999996,2020,True,High,Decreasing
Bangladesh,Exports of goods,Exports of goods,Free on board (FOB),Millions,USD,44223410000.0,2021,True,High,Increasing
Bangladesh,Exports of goods,Exports of goods,Free on board (FOB),Millions,USD,51405011112.86348,2022,True,High,Increasing
Bangladesh,Exports of goods,Exports of goods,Free on board (FOB),Millions,USD,44237046699.55724,2023,True,High,Decreasing
Bangladesh,Exports of goods,Exports of goods,Free on board (FOB),Millions,USD,47246146218.51469,2024,True,High,Increasing
Bangladesh,Exports of goods,Exports of goods,Free on board (FOB),Millions,USD,48167000600.651566,2025,True,High,Increasing
Bangladesh,Imports of goods,Imports of goods,Cost insurance freight (CIF),Millions,USD,52836300000.0,2017,False,High,No Data
Bangladesh,Imports of goods,Imports of goods,Cost insurance freight (CIF),Millions,USD,60495100000.0,2018,False,High,Increasing
Bangladesh,Imports of goods,Imports of goods,Cost insurance freight (CIF),Millions,USD,59093900000.0,2019,False,High,Decreasing
Bangladesh,Imports of goods,Imports of goods,Cost insurance freight (CIF),Millions,USD,52804000000.0,2020,False,High,Decreasing
Bangladesh,Imports of goods,Imports of goods,Cost insurance freight (CIF),Millions,USD,80448000000.0,2021,False,High,Increasing
Bangladesh,Imports of goods,Imports of goods,Cost insurance freight (CIF),Millions,USD,88002100000.0,2022,False,High,Increasing
Bangladesh,Imports of goods,Imports of goods,Cost insurance freight (CIF),Millions,USD,67094700000.0,2023,False,High,Decreasing
Bangladesh,Imports of goods,Imports of goods,Cost insurance freight (CIF),Millions,USD,67879936311.1327,2024,False,High,Increasing
Bangladesh,Imports of goods,Imports of goods,Cost insurance freight (CIF),Millions,USD,69779642341.0066,2025,False,High,Increasing
Barbados,Exports of goods,Exports of goods,Free on board (FOB),Millions,USD,517000000.0,2016,True,Medium,No Data
Barbados,Exports of goods,Exports of goods,Free on board (FOB),Millions,USD,485000000.0,2017,True,Medium,Decreasing
Barbados,Exports of goods,Exports of goods,Free on board (FOB),Millions,USD,448000000.0,2018,True,Medium,Decreasing
Barbados,Exports of goods,Exports of goods,Free on board (FOB),Millions,USD,444000000.0,2019,True,Medium,Decreasing
Barbados,Exports of goods,Exports of goods,Free on board (FOB),Millions,USD,345000000.0,2020,True,Medium,Decreasing
Barbados,Exports of goods,Exports of goods,Free on board (FOB),Millions,USD,350000000.0,2021,True,Medium,Increasing
Barbados,Exports of goods,Exports of goods,Free on board (FOB),Millions,USD,498000000.0,2022,True,Medium,Increasing
Barbados,Exports of goods,Exports of goods,Free on board (FOB),Millions,USD,461000000.0,2023,True,Medium,Decreasing
Barbados,Exports of goods,Exports of goods,Free on board (FOB),Millions,USD,461000000.0,2024,True,Medium,No Data
Barbados,Exports of goods,Exports of goods,Free on board (FOB),Millions,USD,428000000.0,2025,True,Medium,Decreasing
Barbados,Imports of goods,Imports of goods,Cost insurance freight (CIF),Millions,USD,1622000000.0,2016,False,Medium,No Data
Barbados,Imports of goods,Imports of goods,Cost insurance freight (CIF),Millions,USD,1600000000.0,2017,False,Medium,Decreasing
Barbados,Imports of goods,Imports of goods,Cost insurance freight (CIF),Millions,USD,1578000000.0,2018,False,Medium,Decreasing
Barbados,Imports of goods,Imports of goods,Cost insurance freight (CIF),Millions,USD,1581000000.0,2019,False,Medium,Increasing
Barbados,Imports of goods,Imports of goods,Cost insurance freight (CIF),Millions,USD,1497000000.0,2020,False,Medium,Decreasing
Barbados,Imports of goods,Imports of goods,Cost insurance freight (CIF),Millions,USD,1674000000.0,2021,False,Medium,Increasing
Barbados,Imports of goods,Imports of goods,Cost insurance freight (CIF),Millions,USD,2151000000.0,2022,False,Medium,Increasing
Barbados,Imports of goods,Imports of goods,Cost insurance freight (CIF),Millions,USD,2124000000.0,2023,False,Medium,Decreasing
Barbados,Imports of goods,Imports of goods,Cost insurance freight (CIF),Millions,USD,2154000000.0,2024,False,Medium,Increasing
Barbados,Imports of goods,Imports of goods,Cost insurance freight (CIF),Millions,USD,2229000000.0,2025,False,Medium,Increasing
"Belarus, Republic of",Exports of goods,Exports of goods,Free on board (FOB),Millions,USD,23416000000.0,2016,True,High,No Data
"Belarus, Republic of",Exports of goods,Exports of goods,Free on board (FOB),Millions,USD,29268000000.0,2017,True,High,Increasing
"Belarus, Republic of",Exports of goods,Exports of goods,Free on board (FOB),Millions,USD,33725000000.0,2018,True,High,Increasing
"Belarus, Republic of",Exports of goods,Exports of goods,Free on board (FOB),Millions,USD,32953000000.0,2019,True,High,Decreasing
"Belarus, Republic of",Exports of goods,Exports of goods,Free on board (FOB),Millions,USD,29181000000.0,2020,True,High,Decreasing
"Belarus, Republic of",Exports of goods,Exports of goods,Free on board (FOB),Millions,USD,39762000000.0,2021,True,High,Increasing
"Belarus, Republic of",Exports of goods,Exports of goods,Free on board (FOB),Millions,USD,38219000000.0,2022,True,High,Decreasing
"Belarus, Republic of",Exports of goods,Exports of goods,Free on board (FOB),Millions,USD,39841000000.0,2023,True,High,Increasing
"Belarus, Republic of",Exports of goods,Exports of goods,Free on board (FOB),Millions,USD,40344000000.0,2024,True,High,Increasing
"Belarus, Republic of",Exports of goods,Exports of goods,Free on board (FOB),Millions,USD,41396000000.0,2025,True,High,Increasing
"Belarus, Republic of","Exports of goods, Volume index",Exports of goods,Free on board (FOB),Units,Not Applicable,104.6189376443417,2016,True,Low,No Data
"Belarus, Republic of","Exports of goods, Volume index",Exports of goods,Free on board (FOB),Units,Not Applicable,122.1324095458044,2017,True,Low,Increasing
"Belarus, Republic of","Exports of goods, Volume index",Exports of goods,Free on board (FOB),Units,Not Applicable,131.2163202463433,2018,True,Low,Increasing
"Belarus, Republic of","Exports of goods, Volume index",Exports of goods,Free on board (FOB),Units,Not Applicable,131.5627405696689,2019,True,Low,Increasing
"Belarus, Republic of","Exports of goods, Volume index",Exports of goods,Free on board (FOB),Units,Not Applicable,120.6697459584295,2020,True,Low,Decreasing
"Belarus, Republic of",Imports of goods,Imports of goods,Cost insurance freight (CIF),Millions,USD,27464000000.0,2016,False,High,No Data
"Belarus, Republic of",Imports of goods,Imports of goods,Cost insurance freight (CIF),Millions,USD,34232000000.0,2017,False,High,Increasing
"Belarus, Republic of",Imports of goods,Imports of goods,Cost insurance freight (CIF),Millions,USD,38410000000.0,2018,False,High,Increasing
"Belarus, Republic of",Imports of goods,Imports of goods,Cost insurance freight (CIF),Millions,USD,39475000000.0,2019,False,High,Increasing
"Belarus, Republic of",Imports of goods,Imports of goods,Cost insurance freight (CIF),Millions,USD,32767000000.0,2020,False,High,Decreasing
"Belarus, Republic of",Imports of goods,Imports of goods,Cost insurance freight (CIF),Millions,USD,41387000000.0,2021,False,High,Increasing
"Belarus, Republic of",Imports of goods,Imports of goods,Cost insurance freight (CIF),Millions,USD,38311000000.0,2022,False,High,Decreasing
"Belarus, Republic of",Imports of goods,Imports of goods,Cost insurance freight (CIF),Millions,USD,43092000000.0,2023,False,High,Increasing
"Belarus, Republic of",Imports of goods,Imports of goods,Cost insurance freight (CIF),Millions,USD,45715000000.0,2024,False,High,Increasing
"Belarus, Republic of",Imports of goods,Imports of goods,Cost insurance freight (CIF),Millions,USD,48370000000.0,2025,False,High,Increasing
"Belarus, Republic of","Imports of goods, Volume index",Imports of goods,Cost insurance freight (CIF),Units,Not Applicable,91.79667840966282,2016,False,Low,No Data
"Belarus, Republic of","Imports of goods, Volume index",Imports of goods,Cost insurance freight (CIF),Units,Not Applicable,104.8943130347257,2017,False,Low,Increasing
"Belarus, Republic of","Imports of goods, Volume index",Imports of goods,Cost insurance freight (CIF),Units,Not Applicable,107.7377956718672,2018,False,Low,Increasing
"Belarus, Republic of","Imports of goods, Volume index",Imports of goods,Cost insurance freight (CIF),Units,Not Applicable,116.155007549069,2019,False,Low,Increasing
"Belarus, Republic of","Imports of goods, Volume index",Imports of goods,Cost insurance freight (CIF),Units,Not Applicable,102.0130850528436,2020,False,Low,Decreasing
Belgium,Exports of goods,Exports of goods,Free on board (FOB),Billions,USD,398133000000.0,2016,True,High,No Data
Belgium,Exports of goods,Exports of goods,Free on board (FOB),Billions,USD,429644000000.0,2017,True,High,Increasing
Belgium,Exports of goods,Exports of goods,Free on board (FOB),Billions,USD,468212000000.0,2018,True,High,Increasing
Belgium,Exports of goods,Exports of goods,Free on board (FOB),Billions,USD,446909000000.0,2019,True,High,Decreasing
Belgium,Exports of goods,Exports of goods,Free on board (FOB),Billions,USD,422656000000.0,2020,True,High,Decreasing
Belgium,Exports of goods,Exports of goods,Free on board (FOB),Billions,USD,551477000000.0,2021,True,High,Increasing
Belgium,Exports of goods,Exports of goods,Free on board (FOB),Billions,USD,638281000000.0,2022,True,High,Increasing
Belgium,Exports of goods,Exports of goods,Free on board (FOB),Billions,USD,578513000000.0,2023,True,High,Decreasing
Belgium,Exports of goods,Exports of goods,Free on board (FOB),Billions,USD,554581000000.0,2024,True,High,Decreasing
Belgium,Exports of goods,Exports of goods,Free on board (FOB),Billions,USD,568657000000.0,2025,True,High,Increasing
Belgium,"Exports of goods, Volume index",Exports of goods,Free on board (FOB),Units,Not Applicable,108.498023715415,2016,True,Low,No Data
Belgium,"Exports of goods, Volume index",Exports of goods,Free on board (FOB),Units,Not Applicable,110.5648880105402,2017,True,Low,Increasing
Belgium,"Exports of goods, Volume index",Exports of goods,Free on board (FOB),Units,Not Applicable,108.3662714097497,2018,True,Low,Decreasing
Belgium,"Exports of goods, Volume index",Exports of goods,Free on board (FOB),Units,Not Applicable,108.5474308300395,2019,True,Low,Increasing
Belgium,"Exports of goods, Volume index",Exports of goods,Free on board (FOB),Units,Not Applicable,100.090579710145,2020,True,Low,Decreasing
Belgium,"Exports of goods, Volume index",Exports of goods,Free on board (FOB),Units,Not Applicable,112.1459156785244,2021,True,Low,Increasing
Belgium,"Exports of goods, Volume index",Exports of goods,Free on board (FOB),Units,Not Applicable,114.5009881422925,2022,True,Low,Increasing
Belgium,"Exports of goods, Volume index",Exports of goods,Free on board (FOB),Units,Not Applicable,107.2134387351779,2023,True,Low,Decreasing
Belgium,"Exports of goods, Volume index",Exports of goods,Free on board (FOB),Units,Not Applicable,102.6926877470356,2024,True,Low,Decreasing
Belgium,"Exports of goods, Volume index",Exports of goods,Free on board (FOB),Units,Not Applicable,98.24604743083005,2025,True,Low,Decreasing
Belgium,Imports of goods,Imports of goods,Cost insurance freight (CIF),Billions,USD,379408000000.0,2016,False,High,No Data
Belgium,Imports of goods,Imports of goods,Cost insurance freight (CIF),Billions,USD,409219000000.0,2017,False,High,Increasing
Belgium,Imports of goods,Imports of goods,Cost insurance freight (CIF),Billions,USD,455187000000.0,2018,False,High,Increasing
Belgium,Imports of goods,Imports of goods,Cost insurance freight (CIF),Billions,USD,428877000000.0,2019,False,High,Decreasing
Belgium,Imports of goods,Imports of goods,Cost insurance freight (CIF),Billions,USD,396060000000.0,2020,False,High,Decreasing
Belgium,Imports of goods,Imports of goods,Cost insurance freight (CIF),Billions,USD,526616000000.0,2021,False,High,Increasing
Belgium,Imports of goods,Imports of goods,Cost insurance freight (CIF),Billions,USD,625041000000.0,2022,False,High,Increasing
Belgium,Imports of goods,Imports of goods,Cost insurance freight (CIF),Billions,USD,564974000000.0,2023,False,High,Decreasing
Belgium,Imports of goods,Imports of goods,Cost insurance freight (CIF),Billions,USD,525986000000.0,2024,False,High,Decreasing
Belgium,Imports of goods,Imports of goods,Cost insurance freight (CIF),Billions,USD,539563000000.0,2025,False,High,Increasing
Belgium,"Imports of goods, Volume index",Imports of goods,Cost insurance freight (CIF),Units,Not Applicable,109.3610196674264,2016,False,Low,No Data
Belgium,"Imports of goods, Volume index",Imports of goods,Cost insurance freight (CIF),Units,Not Applicable,110.9225964379169,2017,False,Low,Increasing
Belgium,"Imports of goods, Volume index",Imports of goods,Cost insurance freight (CIF),Units,Not Applicable,109.0402633578121,2018,False,Low,Decreasing
Belgium,"Imports of goods, Volume index",Imports of goods,Cost insurance freight (CIF),Units,Not Applicable,106.1956613488648,2019,False,Low,Decreasing
Belgium,"Imports of goods, Volume index",Imports of goods,Cost insurance freight (CIF),Units,Not Applicable,97.81379252131347,2020,False,Low,Decreasing
Belgium,"Imports of goods, Volume index",Imports of goods,Cost insurance freight (CIF),Units,Not Applicable,109.4791930446528,2021,False,Low,Increasing
Belgium,"Imports of goods, Volume index",Imports of goods,Cost insurance freight (CIF),Units,Not Applicable,117.5740693846544,2022,False,Low,Increasing
Belgium,"Imports of goods, Volume index",Imports of goods,Cost insurance freight (CIF),Units,Not Applicable,112.5854646746012,2023,False,Low,Decreasing
Belgium,"Imports of goods, Volume index",Imports of goods,Cost insurance freight (CIF),Units,Not Applicable,103.5705241833376,2024,False,Low,Decreasing
Belgium,"Imports of goods, Volume index",Imports of goods,Cost insurance freight (CIF),Units,Not Applicable,99.29095973664224,2025,False,Low,Decreasing
Belize,Exports of goods,Exports of goods,Free on board (FOB),Millions,USD,443000000.0,2016,True,Medium,No Data
Belize,Exports of goods,Exports of goods,Free on board (FOB),Millions,USD,457000000.0,2017,True,Medium,Increasing
Belize,Exports of goods,Exports of goods,Free on board (FOB),Millions,USD,451000000.0,2018,True,Medium,Decreasing
Belize,Exports of goods,Exports of goods,Free on board (FOB),Millions,USD,425000000.0,2019,True,Medium,Decreasing
Belize,Exports of goods,Exports of goods,Free on board (FOB),Millions,USD,289000000.0,2020,True,Medium,Decreasing
Belize,Exports of goods,Exports of goods,Free on board (FOB),Millions,USD,422000000.0,2021,True,Medium,Increasing
Belize,Exports of goods,Exports of goods,Free on board (FOB),Millions,USD,518000000.0,2022,True,Medium,Increasing
Belize,Exports of goods,Exports of goods,Free on board (FOB),Millions,USD,488000000.0,2023,True,Medium,Decreasing
Belize,Exports of goods,Exports of goods,Free on board (FOB),Millions,USD,482000000.0,2024,True,Medium,Decreasing
Belize,Exports of goods,Exports of goods,Free on board (FOB),Millions,USD,444000000.0,2025,True,Medium,Decreasing
Belize,Imports of goods,Imports of goods,Cost insurance freight (CIF),Millions,USD,953000000.0,2016,False,Medium,No Data
Belize,Imports of goods,Imports of goods,Cost insurance freight (CIF),Millions,USD,916000000.0,2017,False,Medium,Decreasing
Belize,Imports of goods,Imports of goods,Cost insurance freight (CIF),Millions,USD,958000000.0,2018,False,Medium,Increasing
Belize,Imports of goods,Imports of goods,Cost insurance freight (CIF),Millions,USD,986000000.0,2019,False,Medium,Increasing
Belize,Imports of goods,Imports of goods,Cost insurance freight (CIF),Millions,USD,787000000.0,2020,False,Medium,Decreasing
Belize,Imports of goods,Imports of goods,Cost insurance freight (CIF),Millions,USD,1061000000.0,2021,False,Medium,Increasing
Belize,Imports of goods,Imports of goods,Cost insurance freight (CIF),Millions,USD,1381000000.0,2022,False,Medium,Increasing
Belize,Imports of goods,Imports of goods,Cost insurance freight (CIF),Millions,USD,1341000000.0,2023,False,Medium,Decreasing
Belize,Imports of goods,Imports of goods,Cost insurance freight (CIF),Millions,USD,1455000000.0,2024,False,Medium,Increasing
Belize,Imports of goods,Imports of goods,Cost insurance freight (CIF),Millions,USD,1431000000.0,2025,False,Medium,Decreasing
Benin,Exports of goods,Exports of goods,Free on board (FOB),Millions,USD,1774000000.0,2016,True,Medium,No Data
Benin,Exports of goods,Exports of goods,Free on board (FOB),Millions,USD,2216000000.0,2017,True,Medium,Increasing
Benin,Exports of goods,Exports of goods,Free on board (FOB),Millions,USD,3344000000.0,2018,True,Medium,Increasing
Benin,Exports of goods,Exports of goods,Free on board (FOB),Millions,USD,3052000000.0,2019,True,Medium,Decreasing
Benin,Exports of goods,Exports of goods,Free on board (FOB),Millions,USD,2996000000.0,2020,True,Medium,Decreasing
Benin,Exports of goods,Exports of goods,Free on board (FOB),Millions,USD,3642000000.0,2021,True,Medium,Increasing
Benin,Exports of goods,Exports of goods,Free on board (FOB),Millions,USD,3719000000.0,2022,True,Medium,Increasing
Benin,Exports of goods,Exports of goods,Free on board (FOB),Millions,USD,4050000000.0,2023,True,Medium,Increasing
Benin,Exports of goods,Exports of goods,Free on board (FOB),Millions,USD,4024000000.0,2024,True,Medium,Decreasing
Benin,Exports of goods,Exports of goods,Free on board (FOB),Millions,USD,3988000000.0,2025,True,Medium,Decreasing
Benin,Imports of goods,Imports of goods,Cost insurance freight (CIF),Millions,USD,2872000000.0,2016,False,Medium,No Data
Benin,Imports of goods,Imports of goods,Cost insurance freight (CIF),Millions,USD,3494000000.0,2017,False,Medium,Increasing
Benin,Imports of goods,Imports of goods,Cost insurance freight (CIF),Millions,USD,4375000000.0,2018,False,Medium,Increasing
Benin,Imports of goods,Imports of goods,Cost insurance freight (CIF),Millions,USD,3932000000.0,2019,False,Medium,Decreasing
Benin,Imports of goods,Imports of goods,Cost insurance freight (CIF),Millions,USD,3555000000.0,2020,False,Medium,Decreasing
Benin,Imports of goods,Imports of goods,Cost insurance freight (CIF),Millions,USD,4508000000.0,2021,False,Medium,Increasing
Benin,Imports of goods,Imports of goods,Cost insurance freight (CIF),Millions,USD,4914000000.0,2022,False,Medium,Increasing
Benin,Imports of goods,Imports of goods,Cost insurance freight (CIF),Millions,USD,5252000000.0,2023,False,Medium,Increasing
Benin,Imports of goods,Imports of goods,Cost insurance freight (CIF),Millions,USD,4835000000.0,2024,False,Medium,Decreasing
Benin,Imports of goods,Imports of goods,Cost insurance freight (CIF),Millions,USD,4951000000.0,2025,False,Medium,Increasing
Bhutan,Exports of goods,Exports of goods,Free on board (FOB),Millions,USD,525000000.0,2016,True,Medium,No Data
Bhutan,Exports of goods,Exports of goods,Free on board (FOB),Millions,USD,573000000.0,2017,True,Medium,Increasing
Bhutan,Exports of goods,Exports of goods,Free on board (FOB),Millions,USD,606000000.0,2018,True,Medium,Increasing
Bhutan,Exports of goods,Exports of goods,Free on board (FOB),Millions,USD,674000000.0,2019,True,Medium,Increasing
Bhutan,Exports of goods,Exports of goods,Free on board (FOB),Millions,USD,651000000.0,2020,True,Medium,Decreasing
Bhutan,Exports of goods,Exports of goods,Free on board (FOB),Millions,USD,784000000.0,2021,True,Medium,Increasing
Bhutan,Exports of goods,Exports of goods,Free on board (FOB),Millions,USD,724000000.0,2022,True,Medium,Decreasing
Bhutan,Exports of goods,Exports of goods,Free on board (FOB),Millions,USD,641000000.0,2023,True,Medium,Decreasing
Bhutan,Exports of goods,Exports of goods,Free on board (FOB),Millions,USD,747000000.0,2024,True,Medium,Increasing
Bhutan,Exports of goods,Exports of goods,Free on board (FOB),Millions,USD,800000000.0,2025,True,Medium,Increasing
Bhutan,Imports of goods,Imports of goods,Cost insurance freight (CIF),Millions,USD,1002000000.0,2016,False,Medium,No Data
Bhutan,Imports of goods,Imports of goods,Cost insurance freight (CIF),Millions,USD,1029000000.0,2017,False,Medium,Increasing
Bhutan,Imports of goods,Imports of goods,Cost insurance freight (CIF),Millions,USD,1048000000.0,2018,False,Medium,Increasing
Bhutan,Imports of goods,Imports of goods,Cost insurance freight (CIF),Millions,USD,981000000.0,2019,False,Medium,Decreasing
Bhutan,Imports of goods,Imports of goods,Cost insurance freight (CIF),Millions,USD,899000000.0,2020,False,Medium,Decreasing
Bhutan,Imports of goods,Imports of goods,Cost insurance freight (CIF),Millions,USD,1220000000.0,2021,False,Medium,Increasing
Bhutan,Imports of goods,Imports of goods,Cost insurance freight (CIF),Millions,USD,1511000000.0,2022,False,Medium,Increasing
Bhutan,Imports of goods,Imports of goods,Cost insurance freight (CIF),Millions,USD,1313000000.0,2023,False,Medium,Decreasing
Bhutan,Imports of goods,Imports of goods,Cost insurance freight (CIF),Millions,USD,1448000000.0,2024,False,Medium,Increasing
Bhutan,Imports of goods,Imports of goods,Cost insurance freight (CIF),Millions,USD,2181000000.0,2025,False,Medium,Increasing
Bolivia,Exports of goods,Exports of goods,Free on board (FOB),Millions,USD,7082000000.0,2016,True,Medium,No Data
Bolivia,Exports of goods,Exports of goods,Free on board (FOB),Millions,USD,7846000000.0,2017,True,Medium,Increasing
Bolivia,Exports of goods,Exports of goods,Free on board (FOB),Millions,USD,8965000000.0,2018,True,Medium,Increasing
Bolivia,Exports of goods,Exports of goods,Free on board (FOB),Millions,USD,8760000000.0,2019,True,Medium,Decreasing
Bolivia,Exports of goods,Exports of goods,Free on board (FOB),Millions,USD,7015000000.0,2020,True,Medium,Decreasing
Bolivia,Exports of goods,Exports of goods,Free on board (FOB),Millions,USD,11030000000.0,2021,True,High,Increasing
Bolivia,Exports of goods,Exports of goods,Free on board (FOB),Millions,USD,13924000000.0,2022,True,High,Increasing
Bolivia,Exports of goods,Exports of goods,Free on board (FOB),Millions,USD,10910000000.0,2023,True,High,Decreasing
Bolivia,Exports of goods,Exports of goods,Free on board (FOB),Millions,USD,9058000000.0,2024,True,Medium,Decreasing
Bolivia,Exports of goods,Exports of goods,Free on board (FOB),Millions,USD,9702000000.0,2025,True,High,Increasing
Bolivia,"Exports of goods, Volume index",Exports of goods,Free on board (FOB),Units,Not Applicable,149.2478313385308,2016,True,Low,No Data
Bolivia,"Exports of goods, Volume index",Exports of goods,Free on board (FOB),Units,Not Applicable,144.108927198858,2017,True,Low,Decreasing
Bolivia,"Exports of goods, Volume index",Exports of goods,Free on board (FOB),Units,Not Applicable,154.3537937850006,2018,True,Low,Increasing
Bolivia,"Exports of goods, Volume index",Exports of goods,Free on board (FOB),Units,Not Applicable,168.7053914571209,2019,True,Medium,Increasing
Bolivia,"Exports of goods, Volume index",Exports of goods,Free on board (FOB),Units,Not Applicable,138.684528384759,2020,True,Low,Decreasing
Bolivia,"Exports of goods, Volume index",Exports of goods,Free on board (FOB),Units,Not Applicable,140.1449434500933,2021,True,Low,Increasing
Bolivia,"Exports of goods, Volume index",Exports of goods,Free on board (FOB),Units,Not Applicable,129.8232129131437,2022,True,Low,Decreasing
Bolivia,"Exports of goods, Volume index",Exports of goods,Free on board (FOB),Units,Not Applicable,123.1799714505326,2023,True,Low,Decreasing
Bolivia,"Exports of goods, Volume index",Exports of goods,Free on board (FOB),Units,Not Applicable,98.7152739650818,2024,True,Low,Decreasing
Bolivia,"Exports of goods, Volume index",Exports of goods,Free on board (FOB),Units,Not Applicable,88.90962995497969,2025,True,Low,Decreasing
Bolivia,Imports of goods,Imports of goods,Cost insurance freight (CIF),Millions,USD,8427000000.0,2016,False,Medium,No Data
Bolivia,Imports of goods,Imports of goods,Cost insurance freight (CIF),Millions,USD,9287000000.0,2017,False,High,Increasing
Bolivia,Imports of goods,Imports of goods,Free on board (FOB),Millions,USD,9301944791.543104,2018,False,High,Increasing
Bolivia,Imports of goods,Imports of goods,Cost insurance freight (CIF),Millions,USD,9996000000.0,2018,False,High,Increasing
Bolivia,Imports of goods,Imports of goods,Free on board (FOB),Millions,USD,9085852594.247414,2019,False,Medium,Decreasing
Bolivia,Imports of goods,Imports of goods,Cost insurance freight (CIF),Millions,USD,9782000000.0,2019,False,High,Increasing
Bolivia,Imports of goods,Imports of goods,Free on board (FOB),Millions,USD,6517413458.586914,2020,False,Medium,Decreasing
Bolivia,Imports of goods,Imports of goods,Cost insurance freight (CIF),Millions,USD,7080000000.0,2020,False,Medium,Increasing
Bolivia,Imports of goods,Imports of goods,Cost insurance freight (CIF),Millions,USD,9119000000.0,2021,False,Medium,Increasing
Bolivia,Imports of goods,Imports of goods,Cost insurance freight (CIF),Millions,USD,11896000000.0,2022,False,High,Increasing
Bolivia,Imports of goods,Imports of goods,Cost insurance freight (CIF),Millions,USD,11497000000.0,2023,False,High,Decreasing
Bolivia,Imports of goods,Imports of goods,Cost insurance freight (CIF),Millions,USD,9904000000.0,2024,False,High,Decreasing
Bolivia,Imports of goods,Imports of goods,Cost insurance freight (CIF),Millions,USD,10029000000.0,2025,False,High,Increasing
Bolivia,"Imports of goods, Volume index",Imports of goods,Cost insurance freight (CIF),Units,Not Applicable,157.4018126888217,2016,False,Low,No Data
Bolivia,"Imports of goods, Volume index",Imports of goods,Cost insurance freight (CIF),Units,Not Applicable,167.1989641778161,2017,False,Medium,Increasing
Bolivia,"Imports of goods, Volume index",Imports of goods,Cost insurance freight (CIF),Units,Not Applicable,172.6370306430729,2018,False,Medium,Increasing
Bolivia,"Imports of goods, Volume index",Imports of goods,Cost insurance freight (CIF),Units,Not Applicable,171.687526974536,2019,False,Medium,Decreasing
Bolivia,"Imports of goods, Volume index",Imports of goods,Cost insurance freight (CIF),Units,Not Applicable,127.5140267587397,2020,False,Low,Decreasing
Bolivia,"Imports of goods, Volume index",Imports of goods,Cost insurance freight (CIF),Units,Not Applicable,146.7846353042728,2021,False,Low,Increasing
Bolivia,"Imports of goods, Volume index",Imports of goods,Cost insurance freight (CIF),Units,Not Applicable,168.3858437634872,2022,False,Medium,Increasing
Bolivia,"Imports of goods, Volume index",Imports of goods,Cost insurance freight (CIF),Units,Not Applicable,168.3750539490721,2023,False,Medium,Decreasing
Bolivia,"Imports of goods, Volume index",Imports of goods,Cost insurance freight (CIF),Units,Not Applicable,149.0828657747087,2024,False,Low,Decreasing
Bolivia,"Imports of goods, Volume index",Imports of goods,Cost insurance freight (CIF),Units,Not Applicable,150.6581786793267,2025,False,Low,Increasing
Bosnia and Herzegovina,Exports of goods,Exports of goods,Free on board (FOB),Thousands,USD,5327745644.515855,2016,True,Medium,No Data
Bosnia and Herzegovina,Exports of goods,Exports of goods,Free on board (FOB),Thousands,USD,6399889098.708675,2017,True,Medium,Increasing
Bosnia and Herzegovina,Exports of goods,Exports of goods,Free on board (FOB),Thousands,USD,7182125343.983011,2018,True,Medium,Increasing
Bosnia and Herzegovina,Exports of goods,Exports of goods,Free on board (FOB),Thousands,USD,6578208467.615476,2019,True,Medium,Decreasing
Bosnia and Herzegovina,Exports of goods,Exports of goods,Free on board (FOB),Thousands,USD,6152491077.169575,2020,True,Medium,Decreasing
Bosnia and Herzegovina,Exports of goods,Exports of goods,Free on board (FOB),Thousands,USD,8611418849.360212,2021,True,Medium,Increasing
Bosnia and Herzegovina,Exports of goods,Exports of goods,Free on board (FOB),Thousands,USD,9678192317.079165,2022,True,High,Increasing
Bosnia and Herzegovina,Exports of goods,Exports of goods,Free on board (FOB),Thousands,USD,9228174008.793533,2023,True,High,Decreasing
Bosnia and Herzegovina,Exports of goods,Exports of goods,Free on board (FOB),Thousands,USD,8893836040.751085,2024,True,Medium,Decreasing
Bosnia and Herzegovina,Exports of goods,Exports of goods,Free on board (FOB),Thousands,USD,9803662167.450933,2025,True,High,Increasing
Bosnia and Herzegovina,Imports of goods,Imports of goods,Cost insurance freight (CIF),Thousands,USD,9145030413.178717,2016,False,Medium,No Data
Bosnia and Herzegovina,Imports of goods,Imports of goods,Cost insurance freight (CIF),Thousands,USD,10500841071.194,2017,False,High,Increasing
Bosnia and Herzegovina,Imports of goods,Imports of goods,Cost insurance freight (CIF),Thousands,USD,11629946560.110031,2018,False,High,Increasing
Bosnia and Herzegovina,Imports of goods,Imports of goods,Cost insurance freight (CIF),Thousands,USD,11159344243.716839,2019,False,High,Decreasing
Bosnia and Herzegovina,Imports of goods,Imports of goods,Cost insurance freight (CIF),Thousands,USD,9867976447.271404,2020,False,High,Decreasing
Bosnia and Herzegovina,Imports of goods,Imports of goods,Cost insurance freight (CIF),Thousands,USD,13029489552.971819,2021,False,High,Increasing
Bosnia and Herzegovina,Imports of goods,Imports of goods,Cost insurance freight (CIF),Thousands,USD,15382480479.28392,2022,False,High,Increasing
Bosnia and Herzegovina,Imports of goods,Imports of goods,Cost insurance freight (CIF),Thousands,USD,15348865781.23689,2023,False,High,Decreasing
Bosnia and Herzegovina,Imports of goods,Imports of goods,Cost insurance freight (CIF),Thousands,USD,15853247748.87776,2024,False,High,Increasing
Bosnia and Herzegovina,Imports of goods,Imports of goods,Cost insurance freight (CIF),Thousands,USD,17311385652.33696,2025,False,High,Increasing
Botswana,Exports of goods,Exports of goods,Free on board (FOB),Thousands,USD,7358206128.242696,2016,True,Medium,No Data
Botswana,Exports of goods,Exports of goods,Free on board (FOB),Thousands,USD,5855655082.891562,2017,True,Medium,Decreasing
Botswana,Exports of goods,Exports of goods,Free on board (FOB),Thousands,USD,6575351983.949481,2018,True,Medium,Increasing
Botswana,Exports of goods,Exports of goods,Free on board (FOB),Thousands,USD,5235883056.983496,2019,True,Medium,Decreasing
Botswana,Exports of goods,Exports of goods,Free on board (FOB),Thousands,USD,4127166424.768987,2020,True,Medium,Decreasing
Botswana,Exports of goods,Exports of goods,Free on board (FOB),Thousands,USD,7205646873.889165,2021,True,Medium,Increasing
Botswana,Exports of goods,Exports of goods,Free on board (FOB),Thousands,USD,8228992143.292097,2022,True,Medium,Increasing
Botswana,Exports of goods,Exports of goods,Free on board (FOB),Thousands,USD,9672277711.259504,2023,True,High,Increasing
Botswana,Exports of goods,Exports of goods,Free on board (FOB),Thousands,USD,4193299659.235682,2024,True,Medium,Decreasing
Botswana,Exports of goods,Exports of goods,Free on board (FOB),Thousands,USD,5508427102.626347,2025,True,Medium,Increasing
Botswana,Imports of goods,Imports of goods,Cost insurance freight (CIF),Thousands,USD,6142658456.68407,2016,False,Medium,No Data
Botswana,Imports of goods,Imports of goods,Free on board (FOB),Thousands,USD,5879206597.635402,2016,False,Medium,Decreasing
Botswana,Imports of goods,Imports of goods,Cost insurance freight (CIF),Thousands,USD,5164156582.156696,2017,False,Medium,Decreasing
Botswana,Imports of goods,Imports of goods,Free on board (FOB),Thousands,USD,4953343027.380735,2017,False,Medium,Decreasing
Botswana,Imports of goods,Imports of goods,Cost insurance freight (CIF),Thousands,USD,6306025565.792759,2018,False,Medium,Increasing
Botswana,Imports of goods,Imports of goods,Free on board (FOB),Thousands,USD,6056161403.967206,2018,False,Medium,Decreasing
Botswana,Imports of goods,Imports of goods,Cost insurance freight (CIF),Thousands,USD,6563604372.828891,2019,False,Medium,Increasing
Botswana,Imports of goods,Imports of goods,Free on board (FOB),Thousands,USD,6303305105.938435,2019,False,Medium,Decreasing
Botswana,Imports of goods,Imports of goods,Cost insurance freight (CIF),Thousands,USD,6433451522.995241,2020,False,Medium,Increasing
Botswana,Imports of goods,Imports of goods,Free on board (FOB),Thousands,USD,6181055767.689526,2020,False,Medium,Decreasing
Botswana,Imports of goods,Imports of goods,Cost insurance freight (CIF),Thousands,USD,8358552815.942321,2021,False,Medium,Increasing
Botswana,Imports of goods,Imports of goods,Free on board (FOB),Thousands,USD,78087217140.40857,2021,False,High,Increasing
Botswana,Imports of goods,Imports of goods,Cost insurance freight (CIF),Thousands,USD,8033285815.305618,2022,False,Medium,Decreasing
Botswana,Imports of goods,Imports of goods,Free on board (FOB),Thousands,USD,7695906205.531667,2022,False,Medium,Decreasing
Botswana,Imports of goods,Imports of goods,Cost insurance freight (CIF),Thousands,USD,6440927485.757482,2023,False,Medium,Decreasing
Botswana,Imports of goods,Imports of goods,Free on board (FOB),Thousands,USD,6160395970.872586,2023,False,Medium,Decreasing
Botswana,Imports of goods,Imports of goods,Cost insurance freight (CIF),Thousands,USD,7135916223.262056,2024,False,Medium,Increasing
Botswana,Imports of goods,Imports of goods,Free on board (FOB),Thousands,USD,6822311579.3418865,2024,False,Medium,Decreasing
Botswana,Imports of goods,Imports of goods,Cost insurance freight (CIF),Thousands,USD,6421767402.360027,2025,False,Medium,Decreasing
Botswana,Imports of goods,Imports of goods,Free on board (FOB),Thousands,USD,6109083258.3600235,2025,False,Medium,Decreasing
Brazil,Export price index (EPI),Exports of goods,Free on board (FOB),Units,Not Applicable,79.02093103053873,2016,True,Low,No Data
Brazil,Export price index (EPI),Exports of goods,Free on board (FOB),Units,Not Applicable,86.99016355941897,2017,True,Low,Increasing
Brazil,Export price index (EPI),Exports of goods,Free on board (FOB),Units,Not Applicable,91.49433832780508,2018,True,Low,Increasing
Brazil,Exports of goods,Exports of goods,Free on board (FOB),Millions,USD,179526000000.0,2016,True,High,No Data
Brazil,Exports of goods,Exports of goods,Free on board (FOB),Millions,USD,214988000000.0,2017,True,High,Increasing
Brazil,Exports of goods,Exports of goods,Free on board (FOB),Millions,USD,231890000000.0,2018,True,High,Increasing
Brazil,Exports of goods,Exports of goods,Free on board (FOB),Millions,USD,221128000000.0,2019,True,High,Decreasing
Brazil,Exports of goods,Exports of goods,Free on board (FOB),Millions,USD,209180000000.0,2020,True,High,Decreasing
Brazil,Exports of goods,Exports of goods,Free on board (FOB),Millions,USD,280815000000.0,2021,True,High,Increasing
Brazil,Exports of goods,Exports of goods,Free on board (FOB),Millions,USD,334134000000.0,2022,True,High,Increasing
Brazil,Exports of goods,Exports of goods,Free on board (FOB),Millions,USD,339695000000.0,2023,True,High,Increasing
Brazil,Exports of goods,Exports of goods,Free on board (FOB),Millions,USD,337045000000.0,2024,True,High,Decreasing
Brazil,Exports of goods,Exports of goods,Free on board (FOB),Millions,USD,348279000000.0,2025,True,High,Increasing
Brazil,"Exports of goods, Price deflator",Exports of goods,Free on board (FOB),Units,Not Applicable,74.25172770898536,2016,True,Low,No Data
Brazil,"Exports of goods, Price deflator",Exports of goods,Free on board (FOB),Units,Not Applicable,80.63707982189618,2017,True,Low,Increasing
Brazil,"Exports of goods, Price deflator",Exports of goods,Free on board (FOB),Units,Not Applicable,85.49577008969125,2018,True,Low,Increasing
Brazil,"Exports of goods, Price deflator",Exports of goods,Free on board (FOB),Units,Not Applicable,85.04740699686269,2019,True,Low,Decreasing
Brazil,"Exports of goods, Price deflator",Exports of goods,Free on board (FOB),Units,Not Applicable,78.3503700247608,2020,True,Low,Decreasing
Brazil,"Exports of goods, Price deflator",Exports of goods,Free on board (FOB),Units,Not Applicable,102.9468698164239,2021,True,Low,Increasing
Brazil,"Exports of goods, Volume index",Exports of goods,Free on board (FOB),Units,Not Applicable,114.602903501281,2016,True,Low,No Data
Brazil,"Exports of goods, Volume index",Exports of goods,Free on board (FOB),Units,Not Applicable,124.402220324509,2017,True,Low,Increasing
Brazil,"Exports of goods, Volume index",Exports of goods,Free on board (FOB),Units,Not Applicable,127.4765157984628,2018,True,Low,Increasing
Brazil,"Exports of goods, Volume index",Exports of goods,Free on board (FOB),Units,Not Applicable,126.3236549957301,2019,True,Low,Decreasing
Brazil,"Exports of goods, Volume index",Exports of goods,Free on board (FOB),Units,Not Applicable,296.6252469033226,2020,True,Medium,Increasing
Brazil,"Exports of goods, Volume index",Exports of goods,Free on board (FOB),Units,Not Applicable,258.5520929381294,2021,True,Medium,Decreasing
Brazil,"Exports of goods, Volume index",Exports of goods,Free on board (FOB),Units,Not Applicable,137.9163108454312,2022,True,Low,Decreasing
Brazil,"Exports of goods, Volume index",Exports of goods,Free on board (FOB),Units,Not Applicable,149.8719043552519,2023,True,Low,Increasing
Brazil,"Exports of goods, Volume index",Exports of goods,Free on board (FOB),Units,Not Applicable,164.8377455166524,2024,True,Medium,Increasing
Brazil,"Exports of goods, Volume index",Exports of goods,Free on board (FOB),Units,Not Applicable,174.6157130657558,2025,True,Medium,Increasing
Brazil,Import price index,Imports of goods,Cost insurance freight (CIF),Units,Not Applicable,89.68895034431773,2016,False,Low,No Data
Brazil,Import price index,Imports of goods,Cost insurance freight (CIF),Units,Not Applicable,93.32927179880348,2017,False,Low,Increasing
Brazil,Import price index,Imports of goods,Cost insurance freight (CIF),Units,Not Applicable,100.258067165916,2018,False,Low,Increasing
Brazil,Imports of goods,Imports of goods,Cost insurance freight (CIF),Millions,USD,145247000000.0,2016,False,High,No Data
Brazil,Imports of goods,Imports of goods,Cost insurance freight (CIF),Millions,USD,165854000000.0,2017,False,High,Increasing
Brazil,Imports of goods,Imports of goods,Cost insurance freight (CIF),Millions,USD,192839000000.0,2018,False,High,Increasing
Brazil,Imports of goods,Imports of goods,Cost insurance freight (CIF),Millions,USD,193162000000.0,2019,False,High,Increasing
Brazil,Imports of goods,Imports of goods,Free on board (FOB),Millions,USD,811910645152.1208,2020,False,High,Increasing
Brazil,Imports of goods,Imports of goods,Cost insurance freight (CIF),Millions,USD,166338000000.0,2020,False,High,Decreasing
Brazil,Imports of goods,Imports of goods,Free on board (FOB),Millions,USD,1184517322095.219,2021,False,High,Increasing
Brazil,Imports of goods,Imports of goods,Cost insurance freight (CIF),Millions,USD,234690000000.0,2021,False,High,Decreasing
Brazil,Imports of goods,Imports of goods,Cost insurance freight (CIF),Millions,USD,292245000000.0,2022,False,High,Increasing
Brazil,Imports of goods,Imports of goods,Cost insurance freight (CIF),Millions,USD,252710000000.0,2023,False,High,Decreasing
Brazil,Imports of goods,Imports of goods,Cost insurance freight (CIF),Millions,USD,277954000000.0,2024,False,High,Increasing
Brazil,Imports of goods,Imports of goods,Cost insurance freight (CIF),Millions,USD,293697000000.0,2025,False,High,Increasing
Brazil,"Imports of goods, Price deflator",Imports of goods,Cost insurance freight (CIF),Units,Not Applicable,74.91351938434914,2016,False,Low,No Data
Brazil,"Imports of goods, Price deflator",Imports of goods,Cost insurance freight (CIF),Units,Not Applicable,81.26216221912351,2017,False,Low,Increasing
Brazil,"Imports of goods, Price deflator",Imports of goods,Cost insurance freight (CIF),Units,Not Applicable,91.97737620942,2018,False,Low,Increasing
Brazil,"Imports of goods, Price deflator",Imports of goods,Cost insurance freight (CIF),Units,Not Applicable,90.92713102126208,2019,False,Low,Decreasing
Brazil,"Imports of goods, Price deflator",Imports of goods,Cost insurance freight (CIF),Units,Not Applicable,83.20419526568575,2020,False,Low,Decreasing
Brazil,"Imports of goods, Price deflator",Imports of goods,Cost insurance freight (CIF),Units,Not Applicable,94.72485470490766,2021,False,Low,Increasing
Brazil,"Imports of goods, Volume index",Imports of goods,Cost insurance freight (CIF),Units,Not Applicable,83.97676388720804,2016,False,Low,No Data
Brazil,"Imports of goods, Volume index",Imports of goods,Cost insurance freight (CIF),Units,Not Applicable,91.8310540965751,2017,False,Low,Increasing
Brazil,"Imports of goods, Volume index",Imports of goods,Cost insurance freight (CIF),Units,Not Applicable,100.4356771148493,2018,False,Low,Increasing
Brazil,"Imports of goods, Volume index",Imports of goods,Cost insurance freight (CIF),Units,Not Applicable,104.8408568316592,2019,False,Low,Increasing
Brazil,"Imports of goods, Volume index",Imports of goods,Cost insurance freight (CIF),Units,Not Applicable,78.79212948581174,2020,False,Low,Decreasing
Brazil,"Imports of goods, Volume index",Imports of goods,Cost insurance freight (CIF),Units,Not Applicable,102.9842206800398,2021,False,Low,Increasing
Brazil,"Imports of goods, Volume index",Imports of goods,Cost insurance freight (CIF),Units,Not Applicable,120.9125015127678,2022,False,Low,Increasing
Brazil,"Imports of goods, Volume index",Imports of goods,Cost insurance freight (CIF),Units,Not Applicable,117.6328210093187,2023,False,Low,Decreasing
Brazil,"Imports of goods, Volume index",Imports of goods,Cost insurance freight (CIF),Units,Not Applicable,145.9760377586833,2024,False,Low,Increasing
Brazil,"Imports of goods, Volume index",Imports of goods,Cost insurance freight (CIF),Units,Not Applicable,159.7845818709912,2025,False,Low,Increasing
Brunei Darussalam,Exports of goods,Exports of goods,Free on board (FOB),Millions,USD,4912758034.126422,2016,True,Medium,No Data
Brunei Darussalam,Exports of goods,Exports of goods,Free on board (FOB),Millions,USD,5587084384.015932,2017,True,Medium,Increasing
Brunei Darussalam,Exports of goods,Exports of goods,Free on board (FOB),Millions,USD,6572295193.298399,2018,True,Medium,Increasing
Brunei Darussalam,Exports of goods,Exports of goods,Free on board (FOB),Millions,USD,7252693875.726499,2019,True,Medium,Increasing
Brunei Darussalam,Exports of goods,Exports of goods,Free on board (FOB),Millions,USD,6608204244.329121,2020,True,Medium,Decreasing
Brunei Darussalam,Exports of goods,Exports of goods,Free on board (FOB),Millions,USD,10504139096.20085,2021,True,High,Increasing
Brunei Darussalam,Exports of goods,Exports of goods,Free on board (FOB),Millions,USD,14231160397.43094,2022,True,High,Increasing
Brunei Darussalam,Exports of goods,Exports of goods,Free on board (FOB),Millions,USD,10989574882.43449,2023,True,High,Decreasing
Brunei Darussalam,Exports of goods,Exports of goods,Free on board (FOB),Millions,USD,11248542594.913961,2024,True,High,Increasing
Brunei Darussalam,Exports of goods,Exports of goods,Free on board (FOB),Millions,USD,10285427404.60079,2025,True,High,Decreasing
Brunei Darussalam,Imports of goods,Imports of goods,Cost insurance freight (CIF),Millions,USD,2670552946.895959,2016,False,Medium,No Data
Brunei Darussalam,Imports of goods,Imports of goods,Cost insurance freight (CIF),Millions,USD,3087541082.262478,2017,False,Medium,Increasing
Brunei Darussalam,Imports of goods,Imports of goods,Cost insurance freight (CIF),Millions,USD,4158114067.174096,2018,False,Medium,Increasing
Brunei Darussalam,Imports of goods,Imports of goods,Cost insurance freight (CIF),Millions,USD,5101348963.278776,2019,False,Medium,Increasing
Brunei Darussalam,Imports of goods,Imports of goods,Cost insurance freight (CIF),Millions,USD,5339545748.895641,2020,False,Medium,Increasing
Brunei Darussalam,Imports of goods,Imports of goods,Cost insurance freight (CIF),Millions,USD,7228315331.621893,2021,False,Medium,Increasing
Brunei Darussalam,Imports of goods,Imports of goods,Cost insurance freight (CIF),Millions,USD,9175020588.677736,2022,False,Medium,Increasing
Brunei Darussalam,Imports of goods,Imports of goods,Cost insurance freight (CIF),Millions,USD,7446473219.330432,2023,False,Medium,Decreasing
Brunei Darussalam,Imports of goods,Imports of goods,Cost insurance freight (CIF),Millions,USD,7296274519.121414,2024,False,Medium,Decreasing
Brunei Darussalam,Imports of goods,Imports of goods,Cost insurance freight (CIF),Millions,USD,6596786371.662119,2025,False,Medium,Decreasing
Bulgaria,Exports of goods,Exports of goods,Free on board (FOB),Millions,USD,26573000000.0,2016,True,High,No Data
Bulgaria,Exports of goods,Exports of goods,Free on board (FOB),Millions,USD,31438000000.0,2017,True,High,Increasing
Bulgaria,Exports of goods,Exports of goods,Free on board (FOB),Millions,USD,33617000000.0,2018,True,High,Increasing
Bulgaria,Exports of goods,Exports of goods,Free on board (FOB),Millions,USD,33341000000.0,2019,True,High,Decreasing
Bulgaria,Exports of goods,Exports of goods,Free on board (FOB),Millions,USD,31954000000.0,2020,True,High,Decreasing
Bulgaria,Exports of goods,Exports of goods,Free on board (FOB),Millions,USD,41157000000.0,2021,True,High,Increasing
Bulgaria,Exports of goods,Exports of goods,Free on board (FOB),Millions,USD,49923000000.0,2022,True,High,Increasing
Bulgaria,Exports of goods,Exports of goods,Free on board (FOB),Millions,USD,47978000000.0,2023,True,High,Decreasing
Bulgaria,Exports of goods,Exports of goods,Free on board (FOB),Millions,USD,47888000000.0,2024,True,High,Decreasing
Bulgaria,Exports of goods,Exports of goods,Free on board (FOB),Millions,USD,47047000000.0,2025,True,High,Decreasing
Bulgaria,"Exports of goods, Volume index",Exports of goods,Free on board (FOB),Units,Not Applicable,143.515651874785,2016,True,Low,No Data
Bulgaria,"Exports of goods, Volume index",Exports of goods,Free on board (FOB),Units,Not Applicable,156.7251461988304,2017,True,Low,Increasing
Bulgaria,"Exports of goods, Volume index",Exports of goods,Free on board (FOB),Units,Not Applicable,156.9487444100447,2018,True,Low,Increasing
Bulgaria,"Exports of goods, Volume index",Exports of goods,Free on board (FOB),Units,Not Applicable,160.405916752666,2019,True,Low,Increasing
Bulgaria,"Exports of goods, Volume index",Exports of goods,Free on board (FOB),Units,Not Applicable,149.7592019263846,2020,True,Low,Decreasing
Bulgaria,"Exports of goods, Volume index",Exports of goods,Free on board (FOB),Units,Not Applicable,157.3787409700722,2021,True,Low,Increasing
Bulgaria,"Exports of goods, Volume index",Exports of goods,Free on board (FOB),Units,Not Applicable,174.06260749914,2022,True,Medium,Increasing
Bulgaria,"Exports of goods, Volume index",Exports of goods,Free on board (FOB),Units,Not Applicable,169.797041623667,2023,True,Medium,Decreasing
Bulgaria,"Exports of goods, Volume index",Exports of goods,Free on board (FOB),Units,Not Applicable,173.0650154798761,2024,True,Medium,Increasing
Bulgaria,"Exports of goods, Volume index",Exports of goods,Free on board (FOB),Units,Not Applicable,164.4306845545236,2025,True,Low,Decreasing
Bulgaria,Imports of goods,Imports of goods,Cost insurance freight (CIF),Millions,USD,28933000000.0,2016,False,High,No Data
Bulgaria,Imports of goods,Imports of goods,Cost insurance freight (CIF),Millions,USD,34185000000.0,2017,False,High,Increasing
Bulgaria,Imports of goods,Imports of goods,Cost insurance freight (CIF),Millions,USD,37856000000.0,2018,False,High,Increasing
Bulgaria,Imports of goods,Imports of goods,Cost insurance freight (CIF),Millions,USD,37663000000.0,2019,False,High,Decreasing
Bulgaria,Imports of goods,Imports of goods,Cost insurance freight (CIF),Millions,USD,35055000000.0,2020,False,High,Decreasing
Bulgaria,Imports of goods,Imports of goods,Cost insurance freight (CIF),Millions,USD,46210000000.0,2021,False,High,Increasing
Bulgaria,Imports of goods,Imports of goods,Cost insurance freight (CIF),Millions,USD,57958000000.0,2022,False,High,Increasing
Bulgaria,Imports of goods,Imports of goods,Cost insurance freight (CIF),Millions,USD,53634000000.0,2023,False,High,Decreasing
Bulgaria,Imports of goods,Imports of goods,Cost insurance freight (CIF),Millions,USD,55001000000.0,2024,False,High,Increasing
Bulgaria,Imports of goods,Imports of goods,Cost insurance freight (CIF),Millions,USD,59349000000.0,2025,False,High,Increasing
Bulgaria,"Imports of goods, Volume index",Imports of goods,Cost insurance freight (CIF),Units,Not Applicable,135.6417744402726,2016,False,Low,No Data
Bulgaria,"Imports of goods, Volume index",Imports of goods,Cost insurance freight (CIF),Units,Not Applicable,144.4305381727159,2017,False,Low,Increasing
Bulgaria,"Imports of goods, Volume index",Imports of goods,Cost insurance freight (CIF),Units,Not Applicable,145.4735085523571,2018,False,Low,Increasing
Bulgaria,"Imports of goods, Volume index",Imports of goods,Cost insurance freight (CIF),Units,Not Applicable,149.367264636351,2019,False,Low,Increasing
Bulgaria,"Imports of goods, Volume index",Imports of goods,Cost insurance freight (CIF),Units,Not Applicable,141.3850646641635,2020,False,Low,Decreasing
Bulgaria,"Imports of goods, Volume index",Imports of goods,Cost insurance freight (CIF),Units,Not Applicable,150.8830482547629,2021,False,Low,Increasing
Bulgaria,"Imports of goods, Volume index",Imports of goods,Cost insurance freight (CIF),Units,Not Applicable,167.612293144208,2022,False,Medium,Increasing
Bulgaria,"Imports of goods, Volume index",Imports of goods,Cost insurance freight (CIF),Units,Not Applicable,157.8222778473091,2023,False,Low,Decreasing
Bulgaria,"Imports of goods, Volume index",Imports of goods,Cost insurance freight (CIF),Units,Not Applicable,159.616186900292,2024,False,Low,Increasing
Bulgaria,"Imports of goods, Volume index",Imports of goods,Cost insurance freight (CIF),Units,Not Applicable,165.1926018634404,2025,False,Medium,Increasing
Burkina Faso,Exports of goods,Exports of goods,Free on board (FOB),Millions,USD,2509000000.0,2016,True,Medium,No Data
Burkina Faso,Exports of goods,Exports of goods,Free on board (FOB),Millions,USD,2875000000.0,2017,True,Medium,Increasing
Burkina Faso,Exports of goods,Exports of goods,Free on board (FOB),Millions,USD,3254000000.0,2018,True,Medium,Increasing
Burkina Faso,Exports of goods,Exports of goods,Free on board (FOB),Millions,USD,3239000000.0,2019,True,Medium,Decreasing
Burkina Faso,Exports of goods,Exports of goods,Free on board (FOB),Millions,USD,4372000000.0,2020,True,Medium,Increasing
Burkina Faso,Exports of goods,Exports of goods,Free on board (FOB),Millions,USD,5043000000.0,2021,True,Medium,Increasing
Burkina Faso,Exports of goods,Exports of goods,Free on board (FOB),Millions,USD,4518000000.0,2022,True,Medium,Decreasing
Burkina Faso,Exports of goods,Exports of goods,Free on board (FOB),Millions,USD,4467000000.0,2023,True,Medium,Decreasing
Burkina Faso,Exports of goods,Exports of goods,Free on board (FOB),Millions,USD,5640000000.0,2024,True,Medium,Increasing
Burkina Faso,Exports of goods,Exports of goods,Free on board (FOB),Millions,USD,11076000000.0,2025,True,High,Increasing
Burkina Faso,Imports of goods,Imports of goods,Cost insurance freight (CIF),Millions,USD,3345000000.0,2016,False,Medium,No Data
Burkina Faso,Imports of goods,Imports of goods,Cost insurance freight (CIF),Millions,USD,3861000000.0,2017,False,Medium,Increasing
Burkina Faso,Imports of goods,Imports of goods,Cost insurance freight (CIF),Millions,USD,4301000000.0,2018,False,Medium,Increasing
Burkina Faso,Imports of goods,Imports of goods,Cost insurance freight (CIF),Millions,USD,4284000000.0,2019,False,Medium,Decreasing
Burkina Faso,Imports of goods,Imports of goods,Cost insurance freight (CIF),Millions,USD,4126000000.0,2020,False,Medium,Decreasing
Burkina Faso,Imports of goods,Imports of goods,Cost insurance freight (CIF),Millions,USD,4614000000.0,2021,False,Medium,Increasing
Burkina Faso,Imports of goods,Imports of goods,Cost insurance freight (CIF),Millions,USD,5504000000.0,2022,False,Medium,Increasing
Burkina Faso,Imports of goods,Imports of goods,Cost insurance freight (CIF),Millions,USD,5894000000.0,2023,False,Medium,Increasing
Burkina Faso,Imports of goods,Imports of goods,Cost insurance freight (CIF),Millions,USD,6433000000.0,2024,False,Medium,Increasing
Burkina Faso,Imports of goods,Imports of goods,Cost insurance freight (CIF),Millions,USD,7572000000.0,2025,False,Medium,Increasing
Burundi,Exports of goods,Exports of goods,Free on board (FOB),Millions,USD,125000000.0,2016,True,Medium,No Data
Burundi,Exports of goods,Exports of goods,Free on board (FOB),Millions,USD,172000000.0,2017,True,Medium,Increasing
Burundi,Exports of goods,Exports of goods,Free on board (FOB),Millions,USD,180000000.0,2018,True,Medium,Increasing
Burundi,Exports of goods,Exports of goods,Free on board (FOB),Millions,USD,180000000.0,2019,True,Medium,No Data
Burundi,Exports of goods,Exports of goods,Free on board (FOB),Millions,USD,162000000.0,2020,True,Medium,Decreasing
Burundi,Exports of goods,Exports of goods,Free on board (FOB),Millions,USD,163000000.0,2021,True,Medium,Increasing
Burundi,Exports of goods,Exports of goods,Free on board (FOB),Millions,USD,207000000.0,2022,True,Medium,Increasing
Burundi,Exports of goods,Exports of goods,Free on board (FOB),Millions,USD,210000000.0,2023,True,Medium,Increasing
Burundi,Exports of goods,Exports of goods,Free on board (FOB),Millions,USD,175000000.0,2024,True,Medium,Decreasing
Burundi,Exports of goods,Exports of goods,Free on board (FOB),Millions,USD,332000000.0,2025,True,Medium,Increasing
Burundi,Imports of goods,Imports of goods,Cost insurance freight (CIF),Millions,USD,616000000.0,2016,False,Medium,No Data
Burundi,Imports of goods,Imports of goods,Cost insurance freight (CIF),Millions,USD,755000000.0,2017,False,Medium,Increasing
Burundi,Imports of goods,Imports of goods,Cost insurance freight (CIF),Millions,USD,793000000.0,2018,False,Medium,Increasing
Burundi,Imports of goods,Imports of goods,Cost insurance freight (CIF),Millions,USD,887000000.0,2019,False,Medium,Increasing
Burundi,Imports of goods,Imports of goods,Cost insurance freight (CIF),Millions,USD,909000000.0,2020,False,Medium,Increasing
Burundi,Imports of goods,Imports of goods,Cost insurance freight (CIF),Millions,USD,1025000000.0,2021,False,Medium,Increasing
Burundi,Imports of goods,Imports of goods,Cost insurance freight (CIF),Millions,USD,1260000000.0,2022,False,Medium,Increasing
Burundi,Imports of goods,Imports of goods,Cost insurance freight (CIF),Millions,USD,1198000000.0,2023,False,Medium,Decreasing
Burundi,Imports of goods,Imports of goods,Cost insurance freight (CIF),Millions,USD,1074000000.0,2024,False,Medium,Decreasing
Burundi,Imports of goods,Imports of goods,Cost insurance freight (CIF),Millions,USD,1188000000.0,2025,False,Medium,Increasing
Cabo Verde,Exports of goods,Exports of goods,Free on board (FOB),Units,USD,61412506.2764981,2016,True,Medium,No Data
Cabo Verde,Exports of goods,Exports of goods,Free on board (FOB),Units,USD,52091394.45095216,2017,True,Medium,Decreasing
Cabo Verde,Exports of goods,Exports of goods,Free on board (FOB),Units,USD,75834574.7438174,2018,True,Medium,Increasing
Cabo Verde,Exports of goods,Exports of goods,Free on board (FOB),Units,USD,62038744.2638278,2019,True,Medium,Decreasing
Cabo Verde,Exports of goods,Exports of goods,Free on board (FOB),Units,USD,53121969.94400949,2020,True,Medium,Decreasing
Cabo Verde,Imports of goods,Imports of goods,Cost insurance freight (CIF),Units,USD,1084873608.850821,2016,False,Medium,No Data
Cabo Verde,Imports of goods,Imports of goods,Cost insurance freight (CIF),Units,USD,1270841331.882822,2017,False,Medium,Increasing
Cabo Verde,Imports of goods,Imports of goods,Cost insurance freight (CIF),Units,USD,1652179114.929035,2018,False,Medium,Increasing
Cabo Verde,Imports of goods,Imports of goods,Cost insurance freight (CIF),Units,USD,1282740457.03879,2019,False,Medium,Decreasing
Cabo Verde,Imports of goods,Imports of goods,Cost insurance freight (CIF),Units,USD,722584469.955703,2020,False,Medium,Decreasing
Cambodia,Exports of goods,Exports of goods,Free on board (FOB),Millions,USD,9920948871.184975,2016,True,High,No Data
Cambodia,Exports of goods,Exports of goods,Free on board (FOB),Millions,USD,11212022362.487492,2017,True,High,Increasing
Cambodia,Exports of goods,Exports of goods,Free on board (FOB),Millions,USD,12616086063.050499,2018,True,High,Increasing
Cambodia,Exports of goods,Exports of goods,Free on board (FOB),Millions,USD,14722657563.16439,2019,True,High,Increasing
Cambodia,Exports of goods,Exports of goods,Free on board (FOB),Millions,USD,18273200023.19834,2020,True,High,Increasing
Cambodia,Exports of goods,Exports of goods,Free on board (FOB),Millions,USD,19165260437.78714,2021,True,High,Increasing
Cambodia,Exports of goods,Exports of goods,Free on board (FOB),Millions,USD,22405939952.251358,2022,True,High,Increasing
Cambodia,Exports of goods,Exports of goods,Free on board (FOB),Millions,USD,23468969713.90031,2023,True,High,Increasing
Cambodia,Exports of goods,Exports of goods,Free on board (FOB),Millions,USD,26652470146.384903,2024,True,High,Increasing
Cambodia,Exports of goods,Exports of goods,Free on board (FOB),Millions,USD,31263451268.372158,2025,True,High,Increasing
Cambodia,Imports of goods,Imports of goods,Cost insurance freight (CIF),Millions,USD,12233749573.302061,2016,False,High,No Data
Cambodia,Imports of goods,Imports of goods,Cost insurance freight (CIF),Millions,USD,14206225402.26133,2017,False,High,Increasing
Cambodia,Imports of goods,Imports of goods,Cost insurance freight (CIF),Millions,USD,17244391715.65291,2018,False,High,Increasing
Cambodia,Imports of goods,Imports of goods,Cost insurance freight (CIF),Millions,USD,20133201761.153347,2019,False,High,Increasing
Cambodia,Imports of goods,Imports of goods,Cost insurance freight (CIF),Millions,USD,19041906032.5882,2020,False,High,Decreasing
Cambodia,Imports of goods,Imports of goods,Cost insurance freight (CIF),Millions,USD,28490184475.74843,2021,False,High,Increasing
Cambodia,Imports of goods,Imports of goods,Cost insurance freight (CIF),Millions,USD,29820167110.596443,2022,False,High,Increasing
Cambodia,Imports of goods,Imports of goods,Cost insurance freight (CIF),Millions,USD,24406754276.892387,2023,False,High,Decreasing
Cambodia,Imports of goods,Imports of goods,Cost insurance freight (CIF),Millions,USD,28709235222.55124,2024,False,High,Increasing
Cambodia,Imports of goods,Imports of goods,Cost insurance freight (CIF),Millions,USD,33981248636.879826,2025,False,High,Increasing
Cameroon,Exports of goods,Exports of goods,Free on board (FOB),Billions,USD,3305000000.0,2016,True,Medium,No Data
Cameroon,Exports of goods,Exports of goods,Free on board (FOB),Billions,USD,3233000000.0,2017,True,Medium,Decreasing
Cameroon,Exports of goods,Exports of goods,Free on board (FOB),Billions,USD,3803000000.0,2018,True,Medium,Increasing
Cameroon,Exports of goods,Exports of goods,Free on board (FOB),Billions,USD,4083999999.9999995,2019,True,Medium,Increasing
Cameroon,Exports of goods,Exports of goods,Free on board (FOB),Billions,USD,3132000000.0,2020,True,Medium,Decreasing
Cameroon,Exports of goods,Exports of goods,Free on board (FOB),Billions,USD,4317000000.0,2021,True,Medium,Increasing
Cameroon,Exports of goods,Exports of goods,Free on board (FOB),Billions,USD,5584000000.0,2022,True,Medium,Increasing
Cameroon,Exports of goods,Exports of goods,Free on board (FOB),Billions,USD,4927000000.0,2023,True,Medium,Decreasing
Cameroon,Exports of goods,Exports of goods,Free on board (FOB),Billions,USD,5364000000.0,2024,True,Medium,Increasing
Cameroon,Exports of goods,Exports of goods,Free on board (FOB),Billions,USD,5100000000.0,2025,True,Medium,Decreasing
Cameroon,Imports of goods,Imports of goods,Cost insurance freight (CIF),Billions,USD,5206000000.0,2016,False,Medium,No Data
Cameroon,Imports of goods,Imports of goods,Cost insurance freight (CIF),Billions,USD,4796000000.0,2017,False,Medium,Decreasing
Cameroon,Imports of goods,Imports of goods,Cost insurance freight (CIF),Billions,USD,5656000000.0,2018,False,Medium,Increasing
Cameroon,Imports of goods,Imports of goods,Cost insurance freight (CIF),Billions,USD,6583000000.0,2019,False,Medium,Increasing
Cameroon,Imports of goods,Imports of goods,Cost insurance freight (CIF),Billions,USD,5521000000.0,2020,False,Medium,Decreasing
Cameroon,Imports of goods,Imports of goods,Cost insurance freight (CIF),Billions,USD,6981000000.0,2021,False,Medium,Increasing
Cameroon,Imports of goods,Imports of goods,Cost insurance freight (CIF),Billions,USD,7874000000.0,2022,False,Medium,Increasing
Cameroon,Imports of goods,Imports of goods,Cost insurance freight (CIF),Billions,USD,8231000000.0,2023,False,Medium,Increasing
Cameroon,Imports of goods,Imports of goods,Cost insurance freight (CIF),Billions,USD,8244999999.999999,2024,False,Medium,Increasing
Cameroon,Imports of goods,Imports of goods,Cost insurance freight (CIF),Billions,USD,9400000000.0,2025,False,High,Increasing
Canada,Export price index (EPI),Exports of goods,Free on board (FOB),Units,Not Applicable,98.35133189344847,2016,True,Low,No Data
Canada,Export price index (EPI),Exports of goods,Free on board (FOB),Units,Not Applicable,100.6191504679625,2017,True,Low,Increasing
Canada,Export price index (EPI),Exports of goods,Free on board (FOB),Units,Not Applicable,102.541396688265,2018,True,Low,Increasing
Canada,Export price index (EPI),Exports of goods,Free on board (FOB),Units,Not Applicable,100.8639308855292,2019,True,Low,Decreasing
Canada,Export price index (EPI),Exports of goods,Free on board (FOB),Units,Not Applicable,100.7991360691145,2020,True,Low,Decreasing
Canada,Export price index (EPI),Exports of goods,Free on board (FOB),Units,Not Applicable,114.4924406047516,2021,True,Low,Increasing
Canada,Exports of goods,Exports of goods,Free on board (FOB),Millions,USD,389992000000.0,2016,True,High,No Data
Canada,Exports of goods,Exports of goods,Free on board (FOB),Millions,USD,420666000000.0,2017,True,High,Increasing
Canada,Exports of goods,Exports of goods,Free on board (FOB),Millions,USD,452312000000.0,2018,True,High,Increasing
Canada,Exports of goods,Exports of goods,Free on board (FOB),Millions,USD,448816000000.0,2019,True,High,Decreasing
Canada,Exports of goods,Exports of goods,Free on board (FOB),Millions,USD,390821000000.0,2020,True,High,Decreasing
Canada,Exports of goods,Exports of goods,Free on board (FOB),Millions,USD,509441000000.0,2021,True,High,Increasing
Canada,Exports of goods,Exports of goods,Free on board (FOB),Millions,USD,601631000000.0,2022,True,High,Increasing
Canada,Exports of goods,Exports of goods,Free on board (FOB),Millions,USD,570080000000.0,2023,True,High,Decreasing
Canada,Exports of goods,Exports of goods,Free on board (FOB),Millions,USD,567743000000.0,2024,True,High,Decreasing
Canada,Exports of goods,Exports of goods,Free on board (FOB),Millions,USD,554636000000.0,2025,True,High,Decreasing
Canada,"Exports of goods, Volume index",Exports of goods,Free on board (FOB),Units,Not Applicable,127.7238403451996,2016,True,Low,No Data
Canada,"Exports of goods, Volume index",Exports of goods,Free on board (FOB),Units,Not Applicable,130.906148867314,2017,True,Low,Increasing
Canada,"Exports of goods, Volume index",Exports of goods,Free on board (FOB),Units,Not Applicable,133.6030204962244,2018,True,Low,Increasing
Canada,"Exports of goods, Volume index",Exports of goods,Free on board (FOB),Units,Not Applicable,135.5987055016182,2019,True,Low,Increasing
Canada,"Exports of goods, Volume index",Exports of goods,Free on board (FOB),Units,Not Applicable,125.5663430420713,2020,True,Low,Decreasing
Canada,"Exports of goods, Volume index",Exports of goods,Free on board (FOB),Units,Not Applicable,127.049622437972,2021,True,Low,Increasing
Canada,"Exports of goods, Volume index",Exports of goods,Free on board (FOB),Units,Not Applicable,130.393743257821,2022,True,Low,Increasing
Canada,"Exports of goods, Volume index",Exports of goods,Free on board (FOB),Units,Not Applicable,137.108953613808,2023,True,Low,Increasing
Canada,"Exports of goods, Volume index",Exports of goods,Free on board (FOB),Units,Not Applicable,138.646170442287,2024,True,Low,Increasing
Canada,"Exports of goods, Volume index",Exports of goods,Free on board (FOB),Units,Not Applicable,136.8662351672061,2025,True,Low,Decreasing
Canada,Import price index,Imports of goods,Cost insurance freight (CIF),Units,Not Applicable,98.9485375786746,2016,False,Low,No Data
Canada,Import price index,Imports of goods,Cost insurance freight (CIF),Units,Not Applicable,99.85190670122182,2017,False,Low,Increasing
Canada,Import price index,Imports of goods,Cost insurance freight (CIF),Units,Not Applicable,101.599407626805,2018,False,Low,Increasing
Canada,Import price index,Imports of goods,Cost insurance freight (CIF),Units,Not Applicable,102.1917808219178,2019,False,Low,Increasing
Canada,Import price index,Imports of goods,Cost insurance freight (CIF),Units,Not Applicable,102.2139948167346,2020,False,Low,Increasing
Canada,Import price index,Imports of goods,Cost insurance freight (CIF),Units,Not Applicable,110.1888189559423,2021,False,Low,Increasing
Canada,Imports of goods,Imports of goods,Cost insurance freight (CIF),Millions,USD,412940000000.0,2016,False,High,No Data
Canada,Imports of goods,Imports of goods,Cost insurance freight (CIF),Millions,USD,443651000000.0,2017,False,High,Increasing
Canada,Imports of goods,Imports of goods,Cost insurance freight (CIF),Millions,USD,469105000000.0,2018,False,High,Increasing
Canada,Imports of goods,Imports of goods,Cost insurance freight (CIF),Millions,USD,462993000000.0,2019,False,High,Decreasing
Canada,Imports of goods,Imports of goods,Cost insurance freight (CIF),Millions,USD,420934000000.0,2020,False,High,Decreasing
Canada,Imports of goods,Imports of goods,Cost insurance freight (CIF),Millions,USD,506475000000.0,2021,False,High,Increasing
Canada,Imports of goods,Imports of goods,Cost insurance freight (CIF),Millions,USD,586134000000.0,2022,False,High,Increasing
Canada,Imports of goods,Imports of goods,Cost insurance freight (CIF),Millions,USD,570874000000.0,2023,False,High,Decreasing
Canada,Imports of goods,Imports of goods,Cost insurance freight (CIF),Millions,USD,573097000000.0,2024,False,High,Increasing
Canada,Imports of goods,Imports of goods,Cost insurance freight (CIF),Millions,USD,577508000000.0,2025,False,High,Increasing
Canada,"Imports of goods, Volume index",Imports of goods,Cost insurance freight (CIF),Units,Not Applicable,115.765966949531,2016,False,Low,No Data
Canada,"Imports of goods, Volume index",Imports of goods,Cost insurance freight (CIF),Units,Not Applicable,121.8177757927646,2017,False,Low,Increasing
Canada,"Imports of goods, Volume index",Imports of goods,Cost insurance freight (CIF),Units,Not Applicable,125.9044216167932,2018,False,Low,Increasing
Canada,"Imports of goods, Volume index",Imports of goods,Cost insurance freight (CIF),Units,Not Applicable,125.1004912907548,2019,False,Low,Decreasing
Canada,"Imports of goods, Volume index",Imports of goods,Cost insurance freight (CIF),Units,Not Applicable,114.4037516748549,2020,False,Low,Decreasing
Canada,"Imports of goods, Volume index",Imports of goods,Cost insurance freight (CIF),Units,Not Applicable,124.8995087092452,2021,False,Low,Increasing
Canada,"Imports of goods, Volume index",Imports of goods,Cost insurance freight (CIF),Units,Not Applicable,133.1844573470299,2022,False,Low,Increasing
Canada,"Imports of goods, Volume index",Imports of goods,Cost insurance freight (CIF),Units,Not Applicable,132.402858418937,2023,False,Low,Decreasing
Canada,"Imports of goods, Volume index",Imports of goods,Cost insurance freight (CIF),Units,Not Applicable,132.0678874497544,2024,False,Low,Decreasing
Canada,"Imports of goods, Volume index",Imports of goods,Cost insurance freight (CIF),Units,Not Applicable,132.1125502456454,2025,False,Low,Increasing
Central African Republic,Exports of goods,Exports of goods,Free on board (FOB),Billions,USD,115000000.0,2016,True,Medium,No Data
Central African Republic,Exports of goods,Exports of goods,Free on board (FOB),Billions,USD,140000000.0,2017,True,Medium,Increasing
Central African Republic,Exports of goods,Exports of goods,Free on board (FOB),Billions,USD,164000000.0,2018,True,Medium,Increasing
Central African Republic,Exports of goods,Exports of goods,Free on board (FOB),Billions,USD,148000000.0,2019,True,Medium,Decreasing
Central African Republic,Exports of goods,Exports of goods,Free on board (FOB),Billions,USD,134000000.00000001,2020,True,Medium,Decreasing
Central African Republic,Exports of goods,Exports of goods,Free on board (FOB),Billions,USD,150000000.0,2021,True,Medium,Increasing
Central African Republic,Exports of goods,Exports of goods,Free on board (FOB),Billions,USD,164000000.0,2022,True,Medium,Increasing
Central African Republic,Exports of goods,Exports of goods,Free on board (FOB),Billions,USD,171000000.0,2023,True,Medium,Increasing
Central African Republic,Exports of goods,Exports of goods,Free on board (FOB),Billions,USD,121000000.0,2024,True,Medium,Decreasing
Central African Republic,Exports of goods,Exports of goods,Free on board (FOB),Billions,USD,255000000.0,2025,True,Medium,Increasing
Central African Republic,Imports of goods,Imports of goods,Cost insurance freight (CIF),Billions,USD,399000000.0,2016,False,Medium,No Data
Central African Republic,Imports of goods,Imports of goods,Cost insurance freight (CIF),Billions,USD,488000000.0,2017,False,Medium,Increasing
Central African Republic,Imports of goods,Imports of goods,Cost insurance freight (CIF),Billions,USD,606000000.0,2018,False,Medium,Increasing
Central African Republic,Imports of goods,Imports of goods,Cost insurance freight (CIF),Billions,USD,613000000.0,2019,False,Medium,Increasing
Central African Republic,Imports of goods,Imports of goods,Cost insurance freight (CIF),Billions,USD,506000000.0,2020,False,Medium,Decreasing
Central African Republic,Imports of goods,Imports of goods,Cost insurance freight (CIF),Billions,USD,458000000.0,2021,False,Medium,Decreasing
Central African Republic,Imports of goods,Imports of goods,Cost insurance freight (CIF),Billions,USD,423000000.0,2022,False,Medium,Decreasing
Central African Republic,Imports of goods,Imports of goods,Cost insurance freight (CIF),Billions,USD,435000000.0,2023,False,Medium,Increasing
Central African Republic,Imports of goods,Imports of goods,Cost insurance freight (CIF),Billions,USD,533000000.0,2024,False,Medium,Increasing
Central African Republic,Imports of goods,Imports of goods,Cost insurance freight (CIF),Billions,USD,573000000.0,2025,False,Medium,Increasing
Chad,Exports of goods,Exports of goods,Free on board (FOB),Billions,USD,2089999999.9999998,2016,True,Medium,No Data
Chad,Exports of goods,Exports of goods,Free on board (FOB),Billions,USD,2621000000.0,2017,True,Medium,Increasing
Chad,Exports of goods,Exports of goods,Free on board (FOB),Billions,USD,2670000000.0,2018,True,Medium,Increasing
Chad,Exports of goods,Exports of goods,Free on board (FOB),Billions,USD,2588000000.0,2019,True,Medium,Decreasing
Chad,Exports of goods,Exports of goods,Free on board (FOB),Billions,USD,1808000000.0,2020,True,Medium,Decreasing
Chad,Exports of goods,Exports of goods,Free on board (FOB),Billions,USD,2711000000.0,2021,True,Medium,Increasing
Chad,Exports of goods,Exports of goods,Free on board (FOB),Billions,USD,4422000000.0,2022,True,Medium,Increasing
Chad,Exports of goods,Exports of goods,Free on board (FOB),Billions,USD,4604000000.0,2023,True,Medium,Increasing
Chad,Exports of goods,Exports of goods,Free on board (FOB),Billions,USD,4500000000.0,2024,True,Medium,Decreasing
Chad,Exports of goods,Exports of goods,Free on board (FOB),Billions,USD,4000000000.0,2025,True,Medium,Decreasing
Chad,Imports of goods,Imports of goods,Cost insurance freight (CIF),Billions,USD,2465000000.0,2016,False,Medium,No Data
Chad,Imports of goods,Imports of goods,Cost insurance freight (CIF),Billions,USD,1851000000.0,2017,False,Medium,Decreasing
Chad,Imports of goods,Imports of goods,Cost insurance freight (CIF),Billions,USD,1971000000.0,2018,False,Medium,Increasing
Chad,Imports of goods,Imports of goods,Cost insurance freight (CIF),Billions,USD,1924000000.0,2019,False,Medium,Decreasing
Chad,Imports of goods,Imports of goods,Cost insurance freight (CIF),Billions,USD,1586000000.0,2020,False,Medium,Decreasing
Chad,Imports of goods,Imports of goods,Cost insurance freight (CIF),Billions,USD,1639000000.0,2021,False,Medium,Increasing
Chad,Imports of goods,Imports of goods,Cost insurance freight (CIF),Billions,USD,1707000000.0,2022,False,Medium,Increasing
Chad,Imports of goods,Imports of goods,Cost insurance freight (CIF),Billions,USD,2088000000.0,2023,False,Medium,Increasing
Chad,Imports of goods,Imports of goods,Cost insurance freight (CIF),Billions,USD,2100000000.0,2024,False,Medium,Increasing
Chad,Imports of goods,Imports of goods,Cost insurance freight (CIF),Billions,USD,2200000000.0,2025,False,Medium,Increasing
Chile,Exports of goods,Exports of goods,Free on board (FOB),Billions,USD,60718000000.0,2016,True,High,No Data
Chile,Exports of goods,Exports of goods,Free on board (FOB),Billions,USD,68823000000.0,2017,True,High,Increasing
Chile,Exports of goods,Exports of goods,Free on board (FOB),Billions,USD,74839000000.0,2018,True,High,Increasing
Chile,Exports of goods,Exports of goods,Free on board (FOB),Billions,USD,68794000000.0,2019,True,High,Decreasing
Chile,Exports of goods,Exports of goods,Free on board (FOB),Billions,USD,74023000000.0,2020,True,High,Increasing
Chile,Exports of goods,Exports of goods,Free on board (FOB),Billions,USD,94601000000.0,2021,True,High,Increasing
Chile,Exports of goods,Exports of goods,Free on board (FOB),Billions,USD,98477000000.0,2022,True,High,Increasing
Chile,Exports of goods,Exports of goods,Free on board (FOB),Billions,USD,92956000000.0,2023,True,High,Decreasing
Chile,Exports of goods,Exports of goods,Free on board (FOB),Billions,USD,98884000000.0,2024,True,High,Increasing
Chile,Exports of goods,Exports of goods,Free on board (FOB),Billions,USD,110362000000.0,2025,True,High,Increasing
Chile,"Exports of goods, Price deflator",Exports of goods,Free on board (FOB),Units,Not Applicable,77.50192132881118,2016,True,Low,No Data
Chile,"Exports of goods, Volume index",Exports of goods,Free on board (FOB),Units,Not Applicable,110.3218390804598,2016,True,Low,No Data
Chile,"Exports of goods, Volume index",Exports of goods,Free on board (FOB),Units,Not Applicable,108.5287356321839,2017,True,Low,Decreasing
Chile,"Exports of goods, Volume index",Exports of goods,Free on board (FOB),Units,Not Applicable,114.8505747126437,2018,True,Low,Increasing
Chile,"Exports of goods, Volume index",Exports of goods,Free on board (FOB),Units,Not Applicable,112.3448275862069,2019,True,Low,Decreasing
Chile,"Exports of goods, Volume index",Exports of goods,Free on board (FOB),Units,Not Applicable,115.5172413793103,2020,True,Low,Increasing
Chile,"Exports of goods, Volume index",Exports of goods,Free on board (FOB),Units,Not Applicable,114.2758620689655,2021,True,Low,Decreasing
Chile,"Exports of goods, Volume index",Exports of goods,Free on board (FOB),Units,Not Applicable,112.2298850574713,2022,True,Low,Decreasing
Chile,"Exports of goods, Volume index",Exports of goods,Free on board (FOB),Units,Not Applicable,110.8735632183908,2023,True,Low,Decreasing
Chile,"Exports of goods, Volume index",Exports of goods,Free on board (FOB),Units,Not Applicable,116.7586206896552,2024,True,Low,Increasing
Chile,"Exports of goods, Volume index",Exports of goods,Free on board (FOB),Units,Not Applicable,120.5287356321839,2025,True,Low,Increasing
Chile,Imports of goods,Imports of goods,Cost insurance freight (CIF),Billions,USD,59374000000.0,2016,False,High,No Data
Chile,Imports of goods,Imports of goods,Cost insurance freight (CIF),Billions,USD,65230999999.99999,2017,False,High,Increasing
Chile,Imports of goods,Imports of goods,Cost insurance freight (CIF),Billions,USD,74612000000.0,2018,False,High,Increasing
Chile,Imports of goods,Imports of goods,Cost insurance freight (CIF),Billions,USD,69855000000.0,2019,False,High,Decreasing
Chile,Imports of goods,Imports of goods,Cost insurance freight (CIF),Billions,USD,59207000000.0,2020,False,High,Decreasing
Chile,Imports of goods,Imports of goods,Cost insurance freight (CIF),Billions,USD,92393000000.0,2021,False,High,Increasing
Chile,Imports of goods,Imports of goods,Cost insurance freight (CIF),Billions,USD,104691000000.0,2022,False,High,Increasing
Chile,Imports of goods,Imports of goods,Cost insurance freight (CIF),Billions,USD,85196000000.0,2023,False,High,Decreasing
Chile,Imports of goods,Imports of goods,Cost insurance freight (CIF),Billions,USD,84222000000.0,2024,False,High,Decreasing
Chile,Imports of goods,Imports of goods,Cost insurance freight (CIF),Billions,USD,92971000000.0,2025,False,High,Increasing
Chile,"Imports of goods, Price deflator",Imports of goods,Cost insurance freight (CIF),Units,Not Applicable,88.27547720785589,2016,False,Low,No Data
Chile,"Imports of goods, Volume index",Imports of goods,Cost insurance freight (CIF),Units,Not Applicable,117.3172879366011,2016,False,Low,No Data
Chile,"Imports of goods, Volume index",Imports of goods,Cost insurance freight (CIF),Units,Not Applicable,123.1435280305254,2017,False,Low,Increasing
Chile,"Imports of goods, Volume index",Imports of goods,Cost insurance freight (CIF),Units,Not Applicable,133.7687114763722,2018,False,Low,Increasing
Chile,"Imports of goods, Volume index",Imports of goods,Cost insurance freight (CIF),Units,Not Applicable,130.8335779277957,2019,False,Low,Decreasing
Chile,"Imports of goods, Volume index",Imports of goods,Cost insurance freight (CIF),Units,Not Applicable,117.948341649545,2020,False,Low,Decreasing
Chile,"Imports of goods, Volume index",Imports of goods,Cost insurance freight (CIF),Units,Not Applicable,159.7886703845025,2021,False,Low,Increasing
Chile,"Imports of goods, Volume index",Imports of goods,Cost insurance freight (CIF),Units,Not Applicable,155.6501320810097,2022,False,Low,Decreasing
Chile,"Imports of goods, Volume index",Imports of goods,Cost insurance freight (CIF),Units,Not Applicable,136.3076019958908,2023,False,Low,Decreasing
Chile,"Imports of goods, Volume index",Imports of goods,Cost insurance freight (CIF),Units,Not Applicable,140.270032286469,2024,False,Low,Increasing
Chile,"Imports of goods, Volume index",Imports of goods,Cost insurance freight (CIF),Units,Not Applicable,156.8828881714118,2025,False,Low,Increasing
"China, People's Republic of",Export price index (EPI),Exports of goods,Free on board (FOB),Units,Not Applicable,97.52540874944764,2016,True,Low,No Data
"China, People's Republic of",Export price index (EPI),Exports of goods,Free on board (FOB),Units,Not Applicable,99.58020326999558,2017,True,Low,Increasing
"China, People's Republic of",Export price index (EPI),Exports of goods,Free on board (FOB),Units,Not Applicable,104.625128884961,2018,True,Low,Increasing
"China, People's Republic of",Export price index (EPI),Exports of goods,Free on board (FOB),Units,Not Applicable,103.3289144203859,2019,True,Low,Decreasing
"China, People's Republic of",Export price index (EPI),Exports of goods,Free on board (FOB),Units,Not Applicable,105.3984386507586,2020,True,Low,Increasing
"China, People's Republic of",Export price index (EPI),Exports of goods,Free on board (FOB),Units,Not Applicable,116.7992340550892,2021,True,Low,Increasing
"China, People's Republic of",Export price index (EPI),Exports of goods,Free on board (FOB),Units,Not Applicable,125.0405067020179,2022,True,Low,Increasing
"China, People's Republic of",Export price index (EPI),Exports of goods,Free on board (FOB),Units,Not Applicable,116.1879510973634,2023,True,Low,Decreasing
"China, People's Republic of",Export price index (EPI),Exports of goods,Free on board (FOB),Units,Not Applicable,107.6005302695537,2024,True,Low,Decreasing
"China, People's Republic of",Export price index (EPI),Exports of goods,Free on board (FOB),Units,Not Applicable,104.9933716305789,2025,True,Low,Decreasing
"China, People's Republic of",Exports of goods,Exports of goods,Free on board (FOB),Billions,USD,2097518000000.0,2016,True,High,No Data
"China, People's Republic of",Exports of goods,Exports of goods,Free on board (FOB),Billions,USD,2263345000000.0,2017,True,High,Increasing
"China, People's Republic of",Exports of goods,Exports of goods,Free on board (FOB),Billions,USD,2486717000000.0,2018,True,High,Increasing
"China, People's Republic of",Exports of goods,Exports of goods,Free on board (FOB),Billions,USD,2499481000000.0,2019,True,High,Increasing
"China, People's Republic of",Exports of goods,Exports of goods,Free on board (FOB),Billions,USD,2589952000000.0,2020,True,High,Increasing
"China, People's Republic of",Exports of goods,Exports of goods,Free on board (FOB),Billions,USD,3316021000000.0,2021,True,High,Increasing
"China, People's Republic of",Exports of goods,Exports of goods,Free on board (FOB),Billions,USD,3544434000000.0,2022,True,High,Increasing
"China, People's Republic of",Exports of goods,Exports of goods,Free on board (FOB),Billions,USD,3379045000000.0,2023,True,High,Decreasing
"China, People's Republic of",Exports of goods,Exports of goods,Free on board (FOB),Billions,USD,3575793000000.0,2024,True,High,Increasing
"China, People's Republic of",Exports of goods,Exports of goods,Free on board (FOB),Billions,USD,3770544000000.0,2025,True,High,Increasing
"China, People's Republic of","Exports of goods, Volume index",Exports of goods,Free on board (FOB),Units,Not Applicable,134.3554162936437,2016,True,Low,No Data
"China, People's Republic of","Exports of goods, Volume index",Exports of goods,Free on board (FOB),Units,Not Applicable,144.4382273948075,2017,True,Low,Increasing
"China, People's Republic of","Exports of goods, Volume index",Exports of goods,Free on board (FOB),Units,Not Applicable,150.6378692927484,2018,True,Low,Increasing
"China, People's Republic of","Exports of goods, Volume index",Exports of goods,Free on board (FOB),Units,Not Applicable,153.86078782453,2019,True,Low,Increasing
"China, People's Republic of","Exports of goods, Volume index",Exports of goods,Free on board (FOB),Units,Not Applicable,157.7439570277529,2020,True,Low,Increasing
"China, People's Republic of","Exports of goods, Volume index",Exports of goods,Free on board (FOB),Units,Not Applicable,184.6128021486124,2021,True,Medium,Increasing
"China, People's Republic of","Exports of goods, Volume index",Exports of goods,Free on board (FOB),Units,Not Applicable,181.7591763652641,2022,True,Medium,Decreasing
"China, People's Republic of","Exports of goods, Volume index",Exports of goods,Free on board (FOB),Units,Not Applicable,187.8804834377798,2023,True,Medium,Increasing
"China, People's Republic of","Exports of goods, Volume index",Exports of goods,Free on board (FOB),Units,Not Applicable,212.7461951656222,2024,True,Medium,Increasing
"China, People's Republic of","Exports of goods, Volume index",Exports of goods,Free on board (FOB),Units,Not Applicable,232.3522829006267,2025,True,Medium,Increasing
"China, People's Republic of",Import price index,Imports of goods,Cost insurance freight (CIF),Units,Not Applicable,91.7915309446254,2016,False,Low,No Data
"China, People's Republic of",Import price index,Imports of goods,Cost insurance freight (CIF),Units,Not Applicable,93.37676438653638,2017,False,Low,Increasing
"China, People's Republic of",Import price index,Imports of goods,Cost insurance freight (CIF),Units,Not Applicable,99.5656894679696,2018,False,Low,Increasing
"China, People's Republic of",Import price index,Imports of goods,Cost insurance freight (CIF),Units,Not Applicable,96.12015924719503,2019,False,Low,Decreasing
"China, People's Republic of",Import price index,Imports of goods,Cost insurance freight (CIF),Units,Not Applicable,96.39522258414767,2020,False,Low,Increasing
"China, People's Republic of",Import price index,Imports of goods,Cost insurance freight (CIF),Units,Not Applicable,108.0636988780312,2021,False,Low,Increasing
"China, People's Republic of",Import price index,Imports of goods,Cost insurance freight (CIF),Units,Not Applicable,112.3416576185306,2022,False,Low,Increasing
"China, People's Republic of",Import price index,Imports of goods,Cost insurance freight (CIF),Units,Not Applicable,107.2891784292435,2023,False,Low,Decreasing
"China, People's Republic of",Import price index,Imports of goods,Cost insurance freight (CIF),Units,Not Applicable,108.1577994933043,2024,False,Low,Increasing
"China, People's Republic of",Import price index,Imports of goods,Cost insurance freight (CIF),Units,Not Applicable,112.9641693811075,2025,False,Low,Increasing
"China, People's Republic of",Imports of goods,Imports of goods,Cost insurance freight (CIF),Billions,USD,1587866000000.0,2016,False,High,No Data
"China, People's Republic of",Imports of goods,Imports of goods,Cost insurance freight (CIF),Billions,USD,1843792000000.0,2017,False,High,Increasing
"China, People's Republic of",Imports of goods,Imports of goods,Cost insurance freight (CIF),Billions,USD,2135781000000.0,2018,False,High,Increasing
"China, People's Republic of",Imports of goods,Imports of goods,Cost insurance freight (CIF),Billions,USD,2078409000000.0,2019,False,High,Decreasing
"China, People's Republic of",Imports of goods,Imports of goods,Cost insurance freight (CIF),Billions,USD,2065963000000.0002,2020,False,High,Decreasing
"China, People's Republic of",Imports of goods,Imports of goods,Cost insurance freight (CIF),Billions,USD,2679412000000.0,2021,False,High,Increasing
"China, People's Republic of",Imports of goods,Imports of goods,Cost insurance freight (CIF),Billions,USD,2706507000000.0,2022,False,High,Increasing
"China, People's Republic of",Imports of goods,Imports of goods,Cost insurance freight (CIF),Billions,USD,2556943000000.0,2023,False,High,Decreasing
"China, People's Republic of",Imports of goods,Imports of goods,Cost insurance freight (CIF),Billions,USD,2583216000000.0,2024,False,High,Increasing
"China, People's Republic of",Imports of goods,Imports of goods,Cost insurance freight (CIF),Billions,USD,2587778000000.0,2025,False,High,Increasing
"China, People's Republic of","Imports of goods, Volume index",Imports of goods,Cost insurance freight (CIF),Units,Not Applicable,131.9831223628692,2016,False,Low,No Data
"China, People's Republic of","Imports of goods, Volume index",Imports of goods,Cost insurance freight (CIF),Units,Not Applicable,143.4358047016275,2017,False,Low,Increasing
"China, People's Republic of","Imports of goods, Volume index",Imports of goods,Cost insurance freight (CIF),Units,Not Applicable,152.7185051235684,2018,False,Low,Increasing
"China, People's Republic of","Imports of goods, Volume index",Imports of goods,Cost insurance freight (CIF),Units,Not Applicable,152.5617842073538,2019,False,Low,Decreasing
"China, People's Republic of","Imports of goods, Volume index",Imports of goods,Cost insurance freight (CIF),Units,Not Applicable,158.9752863170585,2020,False,Low,Increasing
"China, People's Republic of","Imports of goods, Volume index",Imports of goods,Cost insurance freight (CIF),Units,Not Applicable,171.3200723327306,2021,False,Medium,Increasing
"China, People's Republic of","Imports of goods, Volume index",Imports of goods,Cost insurance freight (CIF),Units,Not Applicable,159.7950572634117,2022,False,Low,Decreasing
"China, People's Republic of","Imports of goods, Volume index",Imports of goods,Cost insurance freight (CIF),Units,Not Applicable,164.5569620253165,2023,False,Low,Increasing
"China, People's Republic of","Imports of goods, Volume index",Imports of goods,Cost insurance freight (CIF),Units,Not Applicable,167.209162145871,2024,False,Medium,Increasing
"China, People's Republic of","Imports of goods, Volume index",Imports of goods,Cost insurance freight (CIF),Units,Not Applicable,168.2700421940928,2025,False,Medium,Increasing
Colombia,Exports of goods,Exports of goods,Free on board (FOB),Billions,USD,31757000000.0,2016,True,High,No Data
Colombia,Exports of goods,Exports of goods,Free on board (FOB),Billions,USD,36895000000.0,2017,True,High,Increasing
Colombia,Exports of goods,Exports of goods,Free on board (FOB),Billions,USD,41775000000.0,2018,True,High,Increasing
Colombia,Exports of goods,Exports of goods,Free on board (FOB),Billions,USD,39488000000.0,2019,True,High,Decreasing
Colombia,Exports of goods,Exports of goods,Free on board (FOB),Billions,USD,31008000000.0,2020,True,High,Decreasing
Colombia,Exports of goods,Exports of goods,Free on board (FOB),Billions,USD,40289000000.0,2021,True,High,Increasing
Colombia,Exports of goods,Exports of goods,Free on board (FOB),Billions,USD,57000000000.0,2022,True,High,Increasing
Colombia,Exports of goods,Exports of goods,Free on board (FOB),Billions,USD,49545000000.0,2023,True,High,Decreasing
Colombia,Exports of goods,Exports of goods,Free on board (FOB),Billions,USD,49565000000.0,2024,True,High,Increasing
Colombia,Exports of goods,Exports of goods,Free on board (FOB),Billions,USD,50086000000.0,2025,True,High,Increasing
Colombia,"Exports of goods, Volume index",Exports of goods,Free on board (FOB),Units,Not Applicable,111.3746840365545,2016,True,Low,No Data
Colombia,"Exports of goods, Volume index",Exports of goods,Free on board (FOB),Units,Not Applicable,114.621816060665,2017,True,Low,Increasing
Colombia,"Exports of goods, Volume index",Exports of goods,Free on board (FOB),Units,Not Applicable,116.663426015944,2018,True,Low,Increasing
Colombia,"Exports of goods, Volume index",Exports of goods,Free on board (FOB),Units,Not Applicable,121.5438460042777,2019,True,Low,Increasing
Colombia,"Exports of goods, Volume index",Exports of goods,Free on board (FOB),Units,Not Applicable,105.0165273186856,2020,True,Low,Decreasing
Colombia,"Exports of goods, Volume index",Exports of goods,Free on board (FOB),Units,Not Applicable,98.26949251409684,2021,True,Low,Decreasing
Colombia,"Exports of goods, Volume index",Exports of goods,Free on board (FOB),Units,Not Applicable,105.3859615010694,2022,True,Low,Increasing
Colombia,"Exports of goods, Volume index",Exports of goods,Free on board (FOB),Units,Not Applicable,111.8607816449543,2023,True,Low,Increasing
Colombia,"Exports of goods, Volume index",Exports of goods,Free on board (FOB),Units,Not Applicable,111.2191328018666,2024,True,Low,Decreasing
Colombia,"Exports of goods, Volume index",Exports of goods,Free on board (FOB),Units,Not Applicable,111.3746840365545,2025,True,Low,Increasing
Colombia,Imports of goods,Imports of goods,Cost insurance freight (CIF),Billions,USD,44890000000.0,2016,False,High,No Data
Colombia,Imports of goods,Imports of goods,Cost insurance freight (CIF),Billions,USD,46076000000.0,2017,False,High,Increasing
Colombia,Imports of goods,Imports of goods,Cost insurance freight (CIF),Billions,USD,51233000000.0,2018,False,High,Increasing
Colombia,Imports of goods,Imports of goods,Cost insurance freight (CIF),Billions,USD,52700000000.0,2019,False,High,Increasing
Colombia,Imports of goods,Imports of goods,Cost insurance freight (CIF),Billions,USD,43489000000.0,2020,False,High,Decreasing
Colombia,Imports of goods,Imports of goods,Cost insurance freight (CIF),Billions,USD,61100000000.0,2021,False,High,Increasing
Colombia,Imports of goods,Imports of goods,Cost insurance freight (CIF),Billions,USD,77415000000.0,2022,False,High,Increasing
Colombia,Imports of goods,Imports of goods,Cost insurance freight (CIF),Billions,USD,62798000000.0,2023,False,High,Decreasing
Colombia,Imports of goods,Imports of goods,Cost insurance freight (CIF),Billions,USD,64105000000.00001,2024,False,High,Increasing
Colombia,Imports of goods,Imports of goods,Cost insurance freight (CIF),Billions,USD,70502000000.0,2025,False,High,Increasing
Colombia,"Imports of goods, Volume index",Imports of goods,Cost insurance freight (CIF),Units,Not Applicable,119.1028088355604,2016,False,Low,No Data
Colombia,"Imports of goods, Volume index",Imports of goods,Cost insurance freight (CIF),Units,Not Applicable,117.7392964275975,2017,False,Low,Decreasing
Colombia,"Imports of goods, Volume index",Imports of goods,Cost insurance freight (CIF),Units,Not Applicable,124.9386419416417,2018,False,Low,Increasing
Colombia,"Imports of goods, Volume index",Imports of goods,Cost insurance freight (CIF),Units,Not Applicable,131.3335151349877,2019,False,Low,Increasing
Colombia,"Imports of goods, Volume index",Imports of goods,Cost insurance freight (CIF),Units,Not Applicable,110.0899918189256,2020,False,Low,Decreasing
Colombia,"Imports of goods, Volume index",Imports of goods,Cost insurance freight (CIF),Units,Not Applicable,137.0739023725116,2021,False,Low,Increasing
Colombia,"Imports of goods, Volume index",Imports of goods,Cost insurance freight (CIF),Units,Not Applicable,157.131169893646,2022,False,Low,Increasing
Colombia,"Imports of goods, Volume index",Imports of goods,Cost insurance freight (CIF),Units,Not Applicable,132.9697300245432,2023,False,Low,Decreasing
Colombia,"Imports of goods, Volume index",Imports of goods,Cost insurance freight (CIF),Units,Not Applicable,139.5418598309245,2024,False,Low,Increasing
Colombia,"Imports of goods, Volume index",Imports of goods,Cost insurance freight (CIF),Units,Not Applicable,152.2634305972184,2025,False,Low,Increasing
"Comoros, Union of the",Exports of goods,Exports of goods,Free on board (FOB),Millions,USD,31000000.0,2016,True,Medium,No Data
"Comoros, Union of the",Exports of goods,Exports of goods,Free on board (FOB),Millions,USD,39000000.0,2017,True,Medium,Increasing
"Comoros, Union of the",Exports of goods,Exports of goods,Free on board (FOB),Millions,USD,41000000.0,2018,True,Medium,Increasing
"Comoros, Union of the",Exports of goods,Exports of goods,Free on board (FOB),Millions,USD,39000000.0,2019,True,Medium,Decreasing
"Comoros, Union of the",Exports of goods,Exports of goods,Free on board (FOB),Millions,USD,21000000.0,2020,True,Medium,Decreasing
"Comoros, Union of the",Exports of goods,Exports of goods,Free on board (FOB),Millions,USD,34000000.0,2021,True,Medium,Increasing
"Comoros, Union of the",Exports of goods,Exports of goods,Free on board (FOB),Millions,USD,54000000.0,2022,True,Medium,Increasing
"Comoros, Union of the",Exports of goods,Exports of goods,Free on board (FOB),Millions,USD,31000000.0,2023,True,Medium,Decreasing
"Comoros, Union of the",Exports of goods,Exports of goods,Free on board (FOB),Millions,USD,30000000.0,2024,True,Medium,Decreasing
"Comoros, Union of the",Exports of goods,Exports of goods,Free on board (FOB),Millions,USD,48000000.0,2025,True,Medium,Increasing
"Comoros, Union of the",Imports of goods,Imports of goods,Cost insurance freight (CIF),Millions,USD,219000000.0,2016,False,Medium,No Data
"Comoros, Union of the",Imports of goods,Imports of goods,Cost insurance freight (CIF),Millions,USD,253000000.0,2017,False,Medium,Increasing
"Comoros, Union of the",Imports of goods,Imports of goods,Cost insurance freight (CIF),Millions,USD,243000000.0,2018,False,Medium,Decreasing
"Comoros, Union of the",Imports of goods,Imports of goods,Cost insurance freight (CIF),Millions,USD,265000000.0,2019,False,Medium,Increasing
"Comoros, Union of the",Imports of goods,Imports of goods,Cost insurance freight (CIF),Millions,USD,280000000.0,2020,False,Medium,Increasing
"Comoros, Union of the",Imports of goods,Imports of goods,Cost insurance freight (CIF),Millions,USD,327000000.0,2021,False,Medium,Increasing
"Comoros, Union of the",Imports of goods,Imports of goods,Cost insurance freight (CIF),Millions,USD,348000000.0,2022,False,Medium,Increasing
"Comoros, Union of the",Imports of goods,Imports of goods,Cost insurance freight (CIF),Millions,USD,358000000.0,2023,False,Medium,Increasing
"Comoros, Union of the",Imports of goods,Imports of goods,Cost insurance freight (CIF),Millions,USD,358000000.0,2024,False,Medium,No Data
"Comoros, Union of the",Imports of goods,Imports of goods,Cost insurance freight (CIF),Millions,USD,371000000.0,2025,False,Medium,Increasing
"Congo, Democratic Republic of the",Exports of goods,Exports of goods,Free on board (FOB),Thousands,USD,7193000000.0,2016,True,Medium,No Data
"Congo, Democratic Republic of the",Exports of goods,Exports of goods,Free on board (FOB),Thousands,USD,12296000000.0,2017,True,High,Increasing
"Congo, Democratic Republic of the",Exports of goods,Exports of goods,Free on board (FOB),Thousands,USD,20004000000.0,2018,True,High,Increasing
"Congo, Democratic Republic of the",Exports of goods,Exports of goods,Free on board (FOB),Thousands,USD,13382000000.0,2019,True,High,Decreasing
"Congo, Democratic Republic of the",Exports of goods,Exports of goods,Free on board (FOB),Thousands,USD,14230000000.0,2020,True,High,Increasing
"Congo, Democratic Republic of the",Exports of goods,Exports of goods,Free on board (FOB),Thousands,USD,21412000000.0,2021,True,High,Increasing
"Congo, Democratic Republic of the",Exports of goods,Exports of goods,Free on board (FOB),Thousands,USD,15672000000.0,2022,True,High,Decreasing
"Congo, Democratic Republic of the",Exports of goods,Exports of goods,Free on board (FOB),Thousands,USD,27727000000.0,2023,True,High,Increasing
"Congo, Democratic Republic of the",Exports of goods,Exports of goods,Free on board (FOB),Thousands,USD,29900000000.0,2024,True,High,Increasing
"Congo, Democratic Republic of the",Exports of goods,Exports of goods,Free on board (FOB),Thousands,USD,32100000000.0,2025,True,High,Increasing
"Congo, Democratic Republic of the",Imports of goods,Imports of goods,Cost insurance freight (CIF),Thousands,USD,5492000000.0,2016,False,Medium,No Data
"Congo, Democratic Republic of the",Imports of goods,Imports of goods,Cost insurance freight (CIF),Thousands,USD,5803000000.0,2017,False,Medium,Increasing
"Congo, Democratic Republic of the",Imports of goods,Imports of goods,Cost insurance freight (CIF),Thousands,USD,7930000000.0,2018,False,Medium,Increasing
"Congo, Democratic Republic of the",Imports of goods,Imports of goods,Cost insurance freight (CIF),Thousands,USD,8825000000.0,2019,False,Medium,Increasing
"Congo, Democratic Republic of the",Imports of goods,Imports of goods,Cost insurance freight (CIF),Thousands,USD,6938000000.0,2020,False,Medium,Decreasing
"Congo, Democratic Republic of the",Imports of goods,Imports of goods,Cost insurance freight (CIF),Thousands,USD,7214000000.0,2021,False,Medium,Increasing
"Congo, Democratic Republic of the",Imports of goods,Imports of goods,Cost insurance freight (CIF),Thousands,USD,11407000000.0,2022,False,High,Increasing
"Congo, Democratic Republic of the",Imports of goods,Imports of goods,Cost insurance freight (CIF),Thousands,USD,25529000000.0,2023,False,High,Increasing
"Congo, Democratic Republic of the",Imports of goods,Imports of goods,Cost insurance freight (CIF),Thousands,USD,26600000000.0,2024,False,High,Increasing
"Congo, Democratic Republic of the",Imports of goods,Imports of goods,Cost insurance freight (CIF),Thousands,USD,28100000000.0,2025,False,High,Increasing
"Congo, Republic of",Exports of goods,Exports of goods,Free on board (FOB),Billions,USD,7901000000.0,2016,True,Medium,No Data
"Congo, Republic of",Exports of goods,Exports of goods,Free on board (FOB),Billions,USD,8252000000.000001,2017,True,Medium,Increasing
"Congo, Republic of",Exports of goods,Exports of goods,Free on board (FOB),Billions,USD,11155000000.0,2018,True,High,Increasing
"Congo, Republic of",Exports of goods,Exports of goods,Free on board (FOB),Billions,USD,5576000000.0,2019,True,Medium,Decreasing
"Congo, Republic of",Exports of goods,Exports of goods,Free on board (FOB),Billions,USD,4893000000.0,2020,True,Medium,Decreasing
"Congo, Republic of",Exports of goods,Exports of goods,Free on board (FOB),Billions,USD,7512000000.0,2021,True,Medium,Increasing
"Congo, Republic of",Exports of goods,Exports of goods,Free on board (FOB),Billions,USD,8870000000.0,2022,True,Medium,Increasing
"Congo, Republic of",Exports of goods,Exports of goods,Free on board (FOB),Billions,USD,9465000000.0,2023,True,High,Increasing
"Congo, Republic of",Exports of goods,Exports of goods,Free on board (FOB),Billions,USD,7859000000.0,2024,True,Medium,Decreasing
"Congo, Republic of",Exports of goods,Exports of goods,Free on board (FOB),Billions,USD,7500000000.0,2025,True,Medium,Decreasing
"Congo, Republic of",Imports of goods,Imports of goods,Cost insurance freight (CIF),Billions,USD,11270000000.0,2016,False,High,No Data
"Congo, Republic of",Imports of goods,Imports of goods,Cost insurance freight (CIF),Billions,USD,4560000000.0,2017,False,Medium,Decreasing
"Congo, Republic of",Imports of goods,Imports of goods,Cost insurance freight (CIF),Billions,USD,3486000000.0,2018,False,Medium,Decreasing
"Congo, Republic of",Imports of goods,Imports of goods,Cost insurance freight (CIF),Billions,USD,2242000000.0,2019,False,Medium,Decreasing
"Congo, Republic of",Imports of goods,Imports of goods,Cost insurance freight (CIF),Billions,USD,1908000000.0,2020,False,Medium,Decreasing
"Congo, Republic of",Imports of goods,Imports of goods,Cost insurance freight (CIF),Billions,USD,2352000000.0,2021,False,Medium,Increasing
"Congo, Republic of",Imports of goods,Imports of goods,Cost insurance freight (CIF),Billions,USD,3632000000.0,2022,False,Medium,Increasing
"Congo, Republic of",Imports of goods,Imports of goods,Cost insurance freight (CIF),Billions,USD,4698000000.0,2023,False,Medium,Increasing
"Congo, Republic of",Imports of goods,Imports of goods,Cost insurance freight (CIF),Billions,USD,5218000000.0,2024,False,Medium,Increasing
"Congo, Republic of",Imports of goods,Imports of goods,Cost insurance freight (CIF),Billions,USD,7900000000.0,2025,False,Medium,Increasing
Costa Rica,Exports of goods,Exports of goods,Free on board (FOB),Billions,USD,10361000000.0,2016,True,High,No Data
Costa Rica,Exports of goods,Exports of goods,Free on board (FOB),Billions,USD,10767000000.0,2017,True,High,Increasing
Costa Rica,Exports of goods,Exports of goods,Free on board (FOB),Billions,USD,11496000000.0,2018,True,High,Increasing
Costa Rica,Exports of goods,Exports of goods,Free on board (FOB),Billions,USD,11865000000.0,2019,True,High,Increasing
Costa Rica,Exports of goods,Exports of goods,Free on board (FOB),Billions,USD,12321000000.0,2020,True,High,Increasing
Costa Rica,Exports of goods,Exports of goods,Free on board (FOB),Billions,USD,15495000000.0,2021,True,High,Increasing
Costa Rica,Exports of goods,Exports of goods,Free on board (FOB),Billions,USD,16597000000.000002,2022,True,High,Increasing
Costa Rica,Exports of goods,Exports of goods,Free on board (FOB),Billions,USD,19026000000.0,2023,True,High,Increasing
Costa Rica,Exports of goods,Exports of goods,Free on board (FOB),Billions,USD,21689000000.0,2024,True,High,Increasing
Costa Rica,Exports of goods,Exports of goods,Free on board (FOB),Billions,USD,26431000000.0,2025,True,High,Increasing
Costa Rica,"Exports of goods, Price deflator",Exports of goods,Free on board (FOB),Units,Not Applicable,99.6097848036475,2016,True,Low,No Data
Costa Rica,"Exports of goods, Price deflator",Exports of goods,Free on board (FOB),Units,Not Applicable,100.4551168462808,2017,True,Low,Increasing
Costa Rica,"Exports of goods, Price deflator",Exports of goods,Free on board (FOB),Units,Not Applicable,100.8839095948032,2018,True,Low,Increasing
Costa Rica,"Exports of goods, Price deflator",Exports of goods,Free on board (FOB),Units,Not Applicable,99.87716701660918,2019,True,Low,Decreasing
Costa Rica,"Exports of goods, Price deflator",Exports of goods,Free on board (FOB),Units,Not Applicable,99.97849710675455,2020,True,Low,Increasing
Costa Rica,"Exports of goods, Volume index",Exports of goods,Free on board (FOB),Units,Not Applicable,136.1196069451272,2016,True,Low,No Data
Costa Rica,"Exports of goods, Volume index",Exports of goods,Free on board (FOB),Units,Not Applicable,144.5439424483698,2017,True,Low,Increasing
Costa Rica,"Exports of goods, Volume index",Exports of goods,Free on board (FOB),Units,Not Applicable,152.747514468652,2018,True,Low,Increasing
Costa Rica,"Exports of goods, Volume index",Exports of goods,Free on board (FOB),Units,Not Applicable,156.3767372793904,2019,True,Low,Increasing
Costa Rica,"Exports of goods, Volume index",Exports of goods,Free on board (FOB),Units,Not Applicable,158.8672971518489,2020,True,Low,Increasing
Costa Rica,Imports of goods,Imports of goods,Cost insurance freight (CIF),Billions,USD,15456000000.0,2016,False,High,No Data
Costa Rica,Imports of goods,Imports of goods,Cost insurance freight (CIF),Billions,USD,16797000000.0,2017,False,High,Increasing
Costa Rica,Imports of goods,Imports of goods,Cost insurance freight (CIF),Billions,USD,18289000000.0,2018,False,High,Increasing
Costa Rica,Imports of goods,Imports of goods,Cost insurance freight (CIF),Billions,USD,17573000000.0,2019,False,High,Decreasing
Costa Rica,Imports of goods,Imports of goods,Cost insurance freight (CIF),Billions,USD,14942000000.0,2020,False,High,Decreasing
Costa Rica,Imports of goods,Imports of goods,Cost insurance freight (CIF),Billions,USD,20728000000.0,2021,False,High,Increasing
Costa Rica,Imports of goods,Imports of goods,Cost insurance freight (CIF),Billions,USD,22685000000.0,2022,False,High,Increasing
Costa Rica,Imports of goods,Imports of goods,Cost insurance freight (CIF),Billions,USD,24039000000.0,2023,False,High,Increasing
Costa Rica,Imports of goods,Imports of goods,Cost insurance freight (CIF),Billions,USD,26484000000.0,2024,False,High,Increasing
Costa Rica,Imports of goods,Imports of goods,Cost insurance freight (CIF),Billions,USD,27482000000.0,2025,False,High,Increasing
Costa Rica,"Imports of goods, Price deflator",Imports of goods,Cost insurance freight (CIF),Units,Not Applicable,94.7763101286184,2016,False,Low,No Data
Costa Rica,"Imports of goods, Price deflator",Imports of goods,Cost insurance freight (CIF),Units,Not Applicable,98.29887997924818,2017,False,Low,Increasing
Costa Rica,"Imports of goods, Price deflator",Imports of goods,Cost insurance freight (CIF),Units,Not Applicable,102.2886578515649,2018,False,Low,Increasing
Costa Rica,"Imports of goods, Price deflator",Imports of goods,Cost insurance freight (CIF),Units,Not Applicable,100.8125216977026,2019,False,Low,Decreasing
Costa Rica,"Imports of goods, Price deflator",Imports of goods,Cost insurance freight (CIF),Units,Not Applicable,97.64625841048704,2020,False,Low,Decreasing
Costa Rica,"Imports of goods, Volume index",Imports of goods,Cost insurance freight (CIF),Units,Not Applicable,138.9731009997061,2016,False,Low,No Data
Costa Rica,"Imports of goods, Volume index",Imports of goods,Cost insurance freight (CIF),Units,Not Applicable,140.0758671531612,2017,False,Low,Increasing
Costa Rica,"Imports of goods, Volume index",Imports of goods,Cost insurance freight (CIF),Units,Not Applicable,140.1206744455058,2018,False,Low,Increasing
Costa Rica,"Imports of goods, Volume index",Imports of goods,Cost insurance freight (CIF),Units,Not Applicable,137.5729998850045,2019,False,Low,Decreasing
Costa Rica,"Imports of goods, Volume index",Imports of goods,Cost insurance freight (CIF),Units,Not Applicable,128.3269535962285,2020,False,Low,Decreasing
"Croatia, Republic of",Exports of goods,Exports of goods,Free on board (FOB),Millions,USD,13813000000.0,2016,True,High,No Data
"Croatia, Republic of",Exports of goods,Exports of goods,Free on board (FOB),Millions,USD,16070000000.0,2017,True,High,Increasing
"Croatia, Republic of",Exports of goods,Exports of goods,Free on board (FOB),Millions,USD,17403000000.0,2018,True,High,Increasing
"Croatia, Republic of",Exports of goods,Exports of goods,Free on board (FOB),Millions,USD,17181000000.0,2019,True,High,Decreasing
"Croatia, Republic of",Exports of goods,Exports of goods,Free on board (FOB),Millions,USD,17193000000.0,2020,True,High,Increasing
"Croatia, Republic of",Exports of goods,Exports of goods,Free on board (FOB),Millions,USD,21877000000.0,2021,True,High,Increasing
"Croatia, Republic of",Exports of goods,Exports of goods,Free on board (FOB),Millions,USD,25468000000.0,2022,True,High,Increasing
"Croatia, Republic of",Exports of goods,Exports of goods,Free on board (FOB),Millions,USD,24960000000.0,2023,True,High,Decreasing
"Croatia, Republic of",Exports of goods,Exports of goods,Free on board (FOB),Millions,USD,26014000000.0,2024,True,High,Increasing
"Croatia, Republic of",Exports of goods,Exports of goods,Free on board (FOB),Millions,USD,28468000000.0,2025,True,High,Increasing
"Croatia, Republic of","Exports of goods, Volume index",Exports of goods,Free on board (FOB),Units,Not Applicable,140.84973330881,2016,True,Low,No Data
"Croatia, Republic of","Exports of goods, Volume index",Exports of goods,Free on board (FOB),Units,Not Applicable,153.3566304947581,2017,True,Low,Increasing
"Croatia, Republic of","Exports of goods, Volume index",Exports of goods,Free on board (FOB),Units,Not Applicable,156.1890748574581,2018,True,Low,Increasing
"Croatia, Republic of","Exports of goods, Volume index",Exports of goods,Free on board (FOB),Units,Not Applicable,159.7756115504874,2019,True,Low,Increasing
"Croatia, Republic of","Exports of goods, Volume index",Exports of goods,Free on board (FOB),Units,Not Applicable,164.0058855986757,2020,True,Low,Increasing
"Croatia, Republic of","Exports of goods, Volume index",Exports of goods,Free on board (FOB),Units,Not Applicable,177.7266875114953,2021,True,Medium,Increasing
"Croatia, Republic of","Exports of goods, Volume index",Exports of goods,Free on board (FOB),Units,Not Applicable,180.7062718410888,2022,True,Medium,Increasing
"Croatia, Republic of","Exports of goods, Volume index",Exports of goods,Free on board (FOB),Units,Not Applicable,190.3623321684753,2023,True,Medium,Increasing
"Croatia, Republic of","Exports of goods, Volume index",Exports of goods,Free on board (FOB),Units,Not Applicable,200.9564097848078,2024,True,Medium,Increasing
"Croatia, Republic of","Exports of goods, Volume index",Exports of goods,Free on board (FOB),Units,Not Applicable,203.1635092882104,2025,True,Medium,Increasing
"Croatia, Republic of",Imports of goods,Imports of goods,Cost insurance freight (CIF),Millions,USD,21904000000.0,2016,False,High,No Data
"Croatia, Republic of",Imports of goods,Imports of goods,Cost insurance freight (CIF),Millions,USD,24831000000.0,2017,False,High,Increasing
"Croatia, Republic of",Imports of goods,Imports of goods,Cost insurance freight (CIF),Millions,USD,28204000000.0,2018,False,High,Increasing
"Croatia, Republic of",Imports of goods,Imports of goods,Cost insurance freight (CIF),Millions,USD,28161000000.0,2019,False,High,Decreasing
"Croatia, Republic of",Imports of goods,Imports of goods,Cost insurance freight (CIF),Millions,USD,26830000000.0,2020,False,High,Decreasing
"Croatia, Republic of",Imports of goods,Imports of goods,Cost insurance freight (CIF),Millions,USD,34525000000.0,2021,False,High,Increasing
"Croatia, Republic of",Imports of goods,Imports of goods,Cost insurance freight (CIF),Millions,USD,44623000000.0,2022,False,High,Increasing
"Croatia, Republic of",Imports of goods,Imports of goods,Cost insurance freight (CIF),Millions,USD,43450000000.0,2023,False,High,Decreasing
"Croatia, Republic of",Imports of goods,Imports of goods,Cost insurance freight (CIF),Millions,USD,46957000000.0,2024,False,High,Increasing
"Croatia, Republic of",Imports of goods,Imports of goods,Cost insurance freight (CIF),Millions,USD,51208000000.0,2025,False,High,Increasing
"Croatia, Republic of","Imports of goods, Volume index",Imports of goods,Cost insurance freight (CIF),Units,Not Applicable,131.0677271631718,2016,False,Low,No Data
"Croatia, Republic of","Imports of goods, Volume index",Imports of goods,Cost insurance freight (CIF),Units,Not Applicable,138.177874186551,2017,False,Low,Increasing
"Croatia, Republic of","Imports of goods, Volume index",Imports of goods,Cost insurance freight (CIF),Units,Not Applicable,145.0711014702338,2018,False,Low,Increasing
"Croatia, Republic of","Imports of goods, Volume index",Imports of goods,Cost insurance freight (CIF),Units,Not Applicable,151.7715112075199,2019,False,Low,Increasing
"Croatia, Republic of","Imports of goods, Volume index",Imports of goods,Cost insurance freight (CIF),Units,Not Applicable,145.7700650759219,2020,False,Low,Decreasing
"Croatia, Republic of","Imports of goods, Volume index",Imports of goods,Cost insurance freight (CIF),Units,Not Applicable,157.8934683056158,2021,False,Low,Increasing
"Croatia, Republic of","Imports of goods, Volume index",Imports of goods,Cost insurance freight (CIF),Units,Not Applicable,172.7163171848638,2022,False,Medium,Increasing
"Croatia, Republic of","Imports of goods, Volume index",Imports of goods,Cost insurance freight (CIF),Units,Not Applicable,176.8136900457942,2023,False,Medium,Increasing
"Croatia, Republic of","Imports of goods, Volume index",Imports of goods,Cost insurance freight (CIF),Units,Not Applicable,193.588816582309,2024,False,Medium,Increasing
"Croatia, Republic of","Imports of goods, Volume index",Imports of goods,Cost insurance freight (CIF),Units,Not Applicable,197.7825982164377,2025,False,Medium,Increasing
Cyprus,Exports of goods,Exports of goods,Free on board (FOB),Millions,USD,2966000000.0,2016,True,Medium,No Data
Cyprus,Exports of goods,Exports of goods,Free on board (FOB),Millions,USD,3288000000.0,2017,True,Medium,Increasing
Cyprus,Exports of goods,Exports of goods,Free on board (FOB),Millions,USD,5050000000.0,2018,True,Medium,Increasing
Cyprus,Exports of goods,Exports of goods,Free on board (FOB),Millions,USD,3454000000.0,2019,True,Medium,Decreasing
Cyprus,Exports of goods,Exports of goods,Free on board (FOB),Millions,USD,3064000000.0,2020,True,Medium,Decreasing
Cyprus,Exports of goods,Exports of goods,Free on board (FOB),Millions,USD,3963000000.0,2021,True,Medium,Increasing
Cyprus,Exports of goods,Exports of goods,Free on board (FOB),Millions,USD,4513000000.0,2022,True,Medium,Increasing
Cyprus,Exports of goods,Exports of goods,Free on board (FOB),Millions,USD,5061000000.0,2023,True,Medium,Increasing
Cyprus,Exports of goods,Exports of goods,Free on board (FOB),Millions,USD,5526000000.0,2024,True,Medium,Increasing
Cyprus,Exports of goods,Exports of goods,Free on board (FOB),Millions,USD,6222000000.0,2025,True,Medium,Increasing
Cyprus,"Exports of goods, Volume index",Exports of goods,Free on board (FOB),Units,Not Applicable,345.175879396985,2016,True,Medium,No Data
Cyprus,"Exports of goods, Volume index",Exports of goods,Free on board (FOB),Units,Not Applicable,354.2713567839197,2017,True,Medium,Increasing
Cyprus,"Exports of goods, Volume index",Exports of goods,Free on board (FOB),Units,Not Applicable,488.8693467336685,2018,True,Medium,Increasing
Cyprus,"Exports of goods, Volume index",Exports of goods,Free on board (FOB),Units,Not Applicable,427.6633165829147,2019,True,Medium,Decreasing
Cyprus,"Exports of goods, Volume index",Exports of goods,Free on board (FOB),Units,Not Applicable,418.4422110552765,2020,True,Medium,Decreasing
Cyprus,"Exports of goods, Volume index",Exports of goods,Free on board (FOB),Units,Not Applicable,339.0515075376885,2021,True,Medium,Decreasing
Cyprus,"Exports of goods, Volume index",Exports of goods,Free on board (FOB),Units,Not Applicable,534.8492462311559,2022,True,Medium,Increasing
Cyprus,"Exports of goods, Volume index",Exports of goods,Free on board (FOB),Units,Not Applicable,643.1407035175881,2023,True,Medium,Increasing
Cyprus,"Exports of goods, Volume index",Exports of goods,Free on board (FOB),Units,Not Applicable,784.7738693467339,2024,True,Medium,Increasing
Cyprus,"Exports of goods, Volume index",Exports of goods,Free on board (FOB),Units,Not Applicable,883.8693467336686,2025,True,Medium,Increasing
Cyprus,Imports of goods,Imports of goods,Cost insurance freight (CIF),Millions,USD,7831000000.0,2016,False,Medium,No Data
Cyprus,Imports of goods,Imports of goods,Cost insurance freight (CIF),Millions,USD,9233000000.0,2017,False,High,Increasing
Cyprus,Imports of goods,Imports of goods,Cost insurance freight (CIF),Millions,USD,10814000000.0,2018,False,High,Increasing
Cyprus,Imports of goods,Imports of goods,Cost insurance freight (CIF),Millions,USD,9127000000.0,2019,False,Medium,Decreasing
Cyprus,Imports of goods,Imports of goods,Cost insurance freight (CIF),Millions,USD,8760000000.0,2020,False,Medium,Decreasing
Cyprus,Imports of goods,Imports of goods,Cost insurance freight (CIF),Millions,USD,10398000000.0,2021,False,High,Increasing
Cyprus,Imports of goods,Imports of goods,Cost insurance freight (CIF),Millions,USD,12216000000.0,2022,False,High,Increasing
Cyprus,Imports of goods,Imports of goods,Cost insurance freight (CIF),Millions,USD,14146000000.0,2023,False,High,Increasing
Cyprus,Imports of goods,Imports of goods,Cost insurance freight (CIF),Millions,USD,13519000000.0,2024,False,High,Decreasing
Cyprus,Imports of goods,Imports of goods,Cost insurance freight (CIF),Millions,USD,15647000000.0,2025,False,High,Increasing
Cyprus,"Imports of goods, Volume index",Imports of goods,Cost insurance freight (CIF),Units,Not Applicable,129.2836196062003,2016,False,Low,No Data
Cyprus,"Imports of goods, Volume index",Imports of goods,Cost insurance freight (CIF),Units,Not Applicable,138.1441139505656,2017,False,Low,Increasing
Cyprus,"Imports of goods, Volume index",Imports of goods,Cost insurance freight (CIF),Units,Not Applicable,148.7641390867197,2018,False,Low,Increasing
Cyprus,"Imports of goods, Volume index",Imports of goods,Cost insurance freight (CIF),Units,Not Applicable,138.6049434436531,2019,False,Low,Decreasing
Cyprus,"Imports of goods, Volume index",Imports of goods,Cost insurance freight (CIF),Units,Not Applicable,135.0439882697947,2020,False,Low,Decreasing
Cyprus,"Imports of goods, Volume index",Imports of goods,Cost insurance freight (CIF),Units,Not Applicable,464.5452171484431,2021,False,Medium,Increasing
Cyprus,"Imports of goods, Volume index",Imports of goods,Cost insurance freight (CIF),Units,Not Applicable,153.2677000418936,2022,False,Low,Decreasing
Cyprus,"Imports of goods, Volume index",Imports of goods,Cost insurance freight (CIF),Units,Not Applicable,177.5240888144114,2023,False,Medium,Increasing
Cyprus,"Imports of goods, Volume index",Imports of goods,Cost insurance freight (CIF),Units,Not Applicable,172.6015919564307,2024,False,Medium,Decreasing
Cyprus,"Imports of goods, Volume index",Imports of goods,Cost insurance freight (CIF),Units,Not Applicable,187.9555927943025,2025,False,Medium,Increasing
Czech Republic,Export price index (EPI),Exports of goods,Free on board (FOB),Units,Not Applicable,104.4091235632184,2016,True,Low,No Data
Czech Republic,Export price index (EPI),Exports of goods,Free on board (FOB),Units,Not Applicable,104.2834051724138,2017,True,Low,Decreasing
Czech Republic,Export price index (EPI),Exports of goods,Free on board (FOB),Units,Not Applicable,103.9421695402299,2018,True,Low,Decreasing
Czech Republic,Export price index (EPI),Exports of goods,Free on board (FOB),Units,Not Applicable,104.840158045977,2019,True,Low,Increasing
Czech Republic,Export price index (EPI),Exports of goods,Free on board (FOB),Units,Not Applicable,105.9536637931035,2020,True,Low,Increasing
Czech Republic,Export price index (EPI),Exports of goods,Free on board (FOB),Units,Not Applicable,112.0689655172414,2021,True,Low,Increasing
Czech Republic,Exports of goods,Exports of goods,Free on board (FOB),Millions,USD,162692000000.0,2016,True,High,No Data
Czech Republic,Exports of goods,Exports of goods,Free on board (FOB),Millions,USD,182144000000.0,2017,True,High,Increasing
Czech Republic,Exports of goods,Exports of goods,Free on board (FOB),Millions,USD,202237000000.0,2018,True,High,Increasing
Czech Republic,Exports of goods,Exports of goods,Free on board (FOB),Millions,USD,199130000000.0,2019,True,High,Decreasing
Czech Republic,Exports of goods,Exports of goods,Free on board (FOB),Millions,USD,191911000000.0,2020,True,High,Decreasing
Czech Republic,Exports of goods,Exports of goods,Free on board (FOB),Millions,USD,226566000000.0,2021,True,High,Increasing
Czech Republic,Exports of goods,Exports of goods,Free on board (FOB),Millions,USD,242015000000.0,2022,True,High,Increasing
Czech Republic,Exports of goods,Exports of goods,Free on board (FOB),Millions,USD,255549000000.0,2023,True,High,Increasing
Czech Republic,Exports of goods,Exports of goods,Free on board (FOB),Millions,USD,263126000000.0,2024,True,High,Increasing
Czech Republic,Exports of goods,Exports of goods,Free on board (FOB),Millions,USD,283999000000.0,2025,True,High,Increasing
Czech Republic,"Exports of goods, Volume index",Exports of goods,Free on board (FOB),Units,Not Applicable,121.3653814054415,2016,True,Low,No Data
Czech Republic,"Exports of goods, Volume index",Exports of goods,Free on board (FOB),Units,Not Applicable,125.4214655316308,2017,True,Low,Increasing
Czech Republic,"Exports of goods, Volume index",Exports of goods,Free on board (FOB),Units,Not Applicable,126.2393590385578,2018,True,Low,Increasing
Czech Republic,"Exports of goods, Volume index",Exports of goods,Free on board (FOB),Units,Not Applicable,125.7052245034218,2019,True,Low,Decreasing
Czech Republic,"Exports of goods, Volume index",Exports of goods,Free on board (FOB),Units,Not Applicable,63.57870138541145,2020,True,Low,Decreasing
Czech Republic,"Exports of goods, Volume index",Exports of goods,Free on board (FOB),Units,Not Applicable,88.37700995938354,2021,True,Low,Increasing
Czech Republic,"Exports of goods, Volume index",Exports of goods,Free on board (FOB),Units,Not Applicable,128.375897179102,2022,True,Low,Increasing
Czech Republic,"Exports of goods, Volume index",Exports of goods,Free on board (FOB),Units,Not Applicable,124.9040227007177,2023,True,Low,Decreasing
Czech Republic,"Exports of goods, Volume index",Exports of goods,Free on board (FOB),Units,Not Applicable,124.6369554331497,2024,True,Low,Decreasing
Czech Republic,"Exports of goods, Volume index",Exports of goods,Free on board (FOB),Units,Not Applicable,126.2894341512268,2025,True,Low,Increasing
Czech Republic,Import price index,Imports of goods,Cost insurance freight (CIF),Units,Not Applicable,103.9743473940927,2016,False,Low,No Data
Czech Republic,Import price index,Imports of goods,Cost insurance freight (CIF),Units,Not Applicable,104.9318038117605,2017,False,Low,Increasing
Czech Republic,Import price index,Imports of goods,Cost insurance freight (CIF),Units,Not Applicable,104.2272604100804,2018,False,Low,Decreasing
Czech Republic,Import price index,Imports of goods,Cost insurance freight (CIF),Units,Not Applicable,110.3513684400687,2019,False,Low,Increasing
Czech Republic,Import price index,Imports of goods,Cost insurance freight (CIF),Units,Not Applicable,103.4143257158342,2020,False,Low,Decreasing
Czech Republic,Import price index,Imports of goods,Cost insurance freight (CIF),Units,Not Applicable,109.7552163309549,2021,False,Low,Increasing
Czech Republic,Imports of goods,Imports of goods,Cost insurance freight (CIF),Millions,USD,143041000000.0,2016,False,High,No Data
Czech Republic,Imports of goods,Imports of goods,Cost insurance freight (CIF),Millions,USD,163351000000.0,2017,False,High,Increasing
Czech Republic,Imports of goods,Imports of goods,Cost insurance freight (CIF),Millions,USD,184659000000.0,2018,False,High,Increasing
Czech Republic,Imports of goods,Imports of goods,Cost insurance freight (CIF),Millions,USD,179041000000.0,2019,False,High,Decreasing
Czech Republic,Imports of goods,Imports of goods,Cost insurance freight (CIF),Millions,USD,171100000000.0,2020,False,High,Decreasing
Czech Republic,Imports of goods,Imports of goods,Cost insurance freight (CIF),Millions,USD,211972000000.0,2021,False,High,Increasing
Czech Republic,Imports of goods,Imports of goods,Cost insurance freight (CIF),Millions,USD,236663000000.0,2022,False,High,Increasing
Czech Republic,Imports of goods,Imports of goods,Cost insurance freight (CIF),Millions,USD,231907000000.0,2023,False,High,Decreasing
Czech Republic,Imports of goods,Imports of goods,Cost insurance freight (CIF),Millions,USD,233176000000.0,2024,False,High,Increasing
Czech Republic,Imports of goods,Imports of goods,Cost insurance freight (CIF),Millions,USD,254106000000.0,2025,False,High,Increasing
Czech Republic,"Imports of goods, Volume index",Imports of goods,Cost insurance freight (CIF),Units,Not Applicable,107.1081182192293,2016,False,Low,No Data
Czech Republic,"Imports of goods, Volume index",Imports of goods,Cost insurance freight (CIF),Units,Not Applicable,112.1399176954733,2017,False,Low,Increasing
Czech Republic,"Imports of goods, Volume index",Imports of goods,Cost insurance freight (CIF),Units,Not Applicable,116.1054994388328,2018,False,Low,Increasing
Czech Republic,"Imports of goods, Volume index",Imports of goods,Cost insurance freight (CIF),Units,Not Applicable,114.0104751215862,2019,False,Low,Decreasing
Czech Republic,"Imports of goods, Volume index",Imports of goods,Cost insurance freight (CIF),Units,Not Applicable,72.59633370744481,2020,False,Low,Decreasing
Czech Republic,"Imports of goods, Volume index",Imports of goods,Cost insurance freight (CIF),Units,Not Applicable,94.44444444444444,2021,False,Low,Increasing
Czech Republic,"Imports of goods, Volume index",Imports of goods,Cost insurance freight (CIF),Units,Not Applicable,120.1833146277591,2022,False,Low,Increasing
Czech Republic,"Imports of goods, Volume index",Imports of goods,Cost insurance freight (CIF),Units,Not Applicable,113.7111859334082,2023,False,Low,Decreasing
Czech Republic,"Imports of goods, Volume index",Imports of goods,Cost insurance freight (CIF),Units,Not Applicable,113.393191170969,2024,False,Low,Decreasing
Czech Republic,"Imports of goods, Volume index",Imports of goods,Cost insurance freight (CIF),Units,Not Applicable,117.583239805462,2025,False,Low,Increasing
Côte d'Ivoire,Exports of goods,Exports of goods,Free on board (FOB),Billions,USD,12540868310.88344,2016,True,High,No Data
Côte d'Ivoire,Exports of goods,Exports of goods,Free on board (FOB),Billions,USD,12517693355.893042,2017,True,High,Decreasing
Côte d'Ivoire,Exports of goods,Exports of goods,Free on board (FOB),Billions,USD,12449581180.97772,2018,True,High,Decreasing
Côte d'Ivoire,Exports of goods,Exports of goods,Free on board (FOB),Billions,USD,13249320600.13023,2019,True,High,Increasing
Côte d'Ivoire,Exports of goods,Exports of goods,Free on board (FOB),Billions,USD,13135233809.96125,2020,True,High,Decreasing
Côte d'Ivoire,Exports of goods,Exports of goods,Free on board (FOB),Billions,USD,15738369497.64068,2021,True,High,Increasing
Côte d'Ivoire,Exports of goods,Exports of goods,Free on board (FOB),Billions,USD,16724863471.45497,2022,True,High,Increasing
Côte d'Ivoire,Exports of goods,Exports of goods,Free on board (FOB),Billions,USD,18051467503.77668,2023,True,High,Increasing
Côte d'Ivoire,Exports of goods,Exports of goods,Free on board (FOB),Billions,USD,21348368458.398342,2024,True,High,Increasing
Côte d'Ivoire,Exports of goods,Exports of goods,Free on board (FOB),Billions,USD,29390925677.806797,2025,True,High,Increasing
Côte d'Ivoire,Imports of goods,Imports of goods,Cost insurance freight (CIF),Billions,USD,8482903504.932978,2016,False,Medium,No Data
Côte d'Ivoire,Imports of goods,Imports of goods,Cost insurance freight (CIF),Billions,USD,9334722264.614843,2017,False,High,Increasing
Côte d'Ivoire,Imports of goods,Imports of goods,Cost insurance freight (CIF),Billions,USD,11023546398.54708,2018,False,High,Increasing
Côte d'Ivoire,Imports of goods,Imports of goods,Cost insurance freight (CIF),Billions,USD,10763807067.47088,2019,False,High,Decreasing
Côte d'Ivoire,Imports of goods,Imports of goods,Cost insurance freight (CIF),Billions,USD,10753270775.9051,2020,False,High,Decreasing
Côte d'Ivoire,Imports of goods,Imports of goods,Cost insurance freight (CIF),Billions,USD,13925558809.38852,2021,False,High,Increasing
Côte d'Ivoire,Imports of goods,Imports of goods,Cost insurance freight (CIF),Billions,USD,17366794944.00575,2022,False,High,Increasing
Côte d'Ivoire,Imports of goods,Imports of goods,Cost insurance freight (CIF),Billions,USD,17614004914.47073,2023,False,High,Increasing
Côte d'Ivoire,Imports of goods,Imports of goods,Cost insurance freight (CIF),Billions,USD,17411843113.61077,2024,False,High,Decreasing
Côte d'Ivoire,Imports of goods,Imports of goods,Cost insurance freight (CIF),Billions,USD,19557431030.12925,2025,False,High,Increasing
Denmark,Exports of goods,Exports of goods,Free on board (FOB),Millions,USD,95327000000.0,2016,True,High,No Data
Denmark,Exports of goods,Exports of goods,Free on board (FOB),Millions,USD,102506000000.0,2017,True,High,Increasing
Denmark,Exports of goods,Exports of goods,Free on board (FOB),Millions,USD,109697000000.0,2018,True,High,Increasing
Denmark,Exports of goods,Exports of goods,Free on board (FOB),Millions,USD,111076000000.0,2019,True,High,Increasing
Denmark,Exports of goods,Exports of goods,Free on board (FOB),Millions,USD,108453000000.0,2020,True,High,Decreasing
Denmark,Exports of goods,Exports of goods,Free on board (FOB),Millions,USD,125942000000.0,2021,True,High,Increasing
Denmark,Exports of goods,Exports of goods,Free on board (FOB),Millions,USD,131308000000.0,2022,True,High,Increasing
Denmark,Exports of goods,Exports of goods,Free on board (FOB),Millions,USD,129139000000.0,2023,True,High,Decreasing
Denmark,Exports of goods,Exports of goods,Free on board (FOB),Millions,USD,133334000000.0,2024,True,High,Increasing
Denmark,Exports of goods,Exports of goods,Free on board (FOB),Millions,USD,148076000000.0,2025,True,High,Increasing
Denmark,"Exports of goods, Price deflator",Exports of goods,Free on board (FOB),Units,Not Applicable,102.7617043661231,2016,True,Low,No Data
Denmark,"Exports of goods, Price deflator",Exports of goods,Free on board (FOB),Units,Not Applicable,103.3228125547958,2017,True,Low,Increasing
Denmark,"Exports of goods, Price deflator",Exports of goods,Free on board (FOB),Units,Not Applicable,104.383657724005,2018,True,Low,Increasing
Denmark,"Exports of goods, Price deflator",Exports of goods,Free on board (FOB),Units,Not Applicable,108.0220936349291,2019,True,Low,Increasing
Denmark,"Exports of goods, Volume index",Exports of goods,Free on board (FOB),Units,Not Applicable,101.9641125121241,2016,True,Low,No Data
Denmark,"Exports of goods, Volume index",Exports of goods,Free on board (FOB),Units,Not Applicable,104.2192046556741,2017,True,Low,Increasing
Denmark,"Exports of goods, Volume index",Exports of goods,Free on board (FOB),Units,Not Applicable,105.1163918525703,2018,True,Low,Increasing
Denmark,"Exports of goods, Volume index",Exports of goods,Free on board (FOB),Units,Not Applicable,104.0737148399612,2019,True,Low,Decreasing
Denmark,"Exports of goods, Volume index",Exports of goods,Free on board (FOB),Units,Not Applicable,99.7090203685742,2020,True,Low,Decreasing
Denmark,"Exports of goods, Volume index",Exports of goods,Free on board (FOB),Units,Not Applicable,105.4316197866149,2021,True,Low,Increasing
Denmark,"Exports of goods, Volume index",Exports of goods,Free on board (FOB),Units,Not Applicable,105.0678952473327,2022,True,Low,Decreasing
Denmark,"Exports of goods, Volume index",Exports of goods,Free on board (FOB),Units,Not Applicable,105.0436469447139,2023,True,Low,Decreasing
Denmark,"Exports of goods, Volume index",Exports of goods,Free on board (FOB),Units,Not Applicable,109.4325897187197,2024,True,Low,Increasing
Denmark,"Exports of goods, Volume index",Exports of goods,Free on board (FOB),Units,Not Applicable,111.8089233753637,2025,True,Low,Increasing
Denmark,Import price index,Imports of goods,Cost insurance freight (CIF),Units,Not Applicable,104.1395568128242,2016,False,Low,No Data
Denmark,Import price index,Imports of goods,Cost insurance freight (CIF),Units,Not Applicable,105.6859971711457,2017,False,Low,Increasing
Denmark,Import price index,Imports of goods,Cost insurance freight (CIF),Units,Not Applicable,107.5907590759077,2018,False,Low,Increasing
Denmark,Import price index,Imports of goods,Cost insurance freight (CIF),Units,Not Applicable,107.7982083922678,2019,False,Low,Increasing
Denmark,Import price index,Imports of goods,Cost insurance freight (CIF),Units,Not Applicable,105.0825082508251,2020,False,Low,Decreasing
Denmark,Import price index,Imports of goods,Cost insurance freight (CIF),Units,Not Applicable,113.1447430457332,2021,False,Low,Increasing
Denmark,Import price index,Imports of goods,Cost insurance freight (CIF),Units,Not Applicable,134.1819896275342,2022,False,Low,Increasing
Denmark,Import price index,Imports of goods,Cost insurance freight (CIF),Units,Not Applicable,134.964639321075,2023,False,Low,Increasing
Denmark,Import price index,Imports of goods,Cost insurance freight (CIF),Units,Not Applicable,134.1254125412543,2024,False,Low,Decreasing
Denmark,Import price index,Imports of goods,Cost insurance freight (CIF),Units,Not Applicable,132.7675624705329,2025,False,Low,Decreasing
Denmark,Imports of goods,Imports of goods,Cost insurance freight (CIF),Millions,USD,85513000000.0,2016,False,High,No Data
Denmark,Imports of goods,Imports of goods,Cost insurance freight (CIF),Millions,USD,92956000000.0,2017,False,High,Increasing
Denmark,Imports of goods,Imports of goods,Cost insurance freight (CIF),Millions,USD,102753000000.0,2018,False,High,Increasing
Denmark,Imports of goods,Imports of goods,Cost insurance freight (CIF),Millions,USD,98184000000.0,2019,False,High,Decreasing
Denmark,Imports of goods,Imports of goods,Cost insurance freight (CIF),Millions,USD,98298000000.0,2020,False,High,Increasing
Denmark,Imports of goods,Imports of goods,Cost insurance freight (CIF),Millions,USD,120308000000.0,2021,False,High,Increasing
Denmark,Imports of goods,Imports of goods,Cost insurance freight (CIF),Millions,USD,129150000000.0,2022,False,High,Increasing
Denmark,Imports of goods,Imports of goods,Cost insurance freight (CIF),Millions,USD,120313000000.0,2023,False,High,Decreasing
Denmark,Imports of goods,Imports of goods,Cost insurance freight (CIF),Millions,USD,122831000000.0,2024,False,High,Increasing
Denmark,Imports of goods,Imports of goods,Cost insurance freight (CIF),Millions,USD,136464000000.0,2025,False,High,Increasing
Denmark,"Imports of goods, Price deflator",Imports of goods,Cost insurance freight (CIF),Units,Not Applicable,100.8610017286336,2016,False,Low,No Data
Denmark,"Imports of goods, Price deflator",Imports of goods,Cost insurance freight (CIF),Units,Not Applicable,104.895793413612,2017,False,Low,Increasing
Denmark,"Imports of goods, Price deflator",Imports of goods,Cost insurance freight (CIF),Units,Not Applicable,107.4977505786527,2018,False,Low,Increasing
Denmark,"Imports of goods, Price deflator",Imports of goods,Cost insurance freight (CIF),Units,Not Applicable,108.85147153614,2019,False,Low,Increasing
Denmark,"Imports of goods, Volume index",Imports of goods,Cost insurance freight (CIF),Units,Not Applicable,104.1289023162134,2016,False,Low,No Data
Denmark,"Imports of goods, Volume index",Imports of goods,Cost insurance freight (CIF),Units,Not Applicable,106.4199395770392,2017,False,Low,Increasing
Denmark,"Imports of goods, Volume index",Imports of goods,Cost insurance freight (CIF),Units,Not Applicable,109.441087613293,2018,False,Low,Increasing
Denmark,"Imports of goods, Volume index",Imports of goods,Cost insurance freight (CIF),Units,Not Applicable,107.5528700906344,2019,False,Low,Decreasing
Denmark,"Imports of goods, Volume index",Imports of goods,Cost insurance freight (CIF),Units,Not Applicable,104.103726082578,2020,False,Low,Decreasing
Denmark,"Imports of goods, Volume index",Imports of goods,Cost insurance freight (CIF),Units,Not Applicable,112.4622356495468,2021,False,Low,Increasing
Denmark,"Imports of goods, Volume index",Imports of goods,Cost insurance freight (CIF),Units,Not Applicable,110.9768378650553,2022,False,Low,Decreasing
Denmark,"Imports of goods, Volume index",Imports of goods,Cost insurance freight (CIF),Units,Not Applicable,101.8882175226586,2023,False,Low,Decreasing
Denmark,"Imports of goods, Volume index",Imports of goods,Cost insurance freight (CIF),Units,Not Applicable,102.3665659617321,2024,False,Low,Increasing
Denmark,"Imports of goods, Volume index",Imports of goods,Cost insurance freight (CIF),Units,Not Applicable,105.9667673716012,2025,False,Low,Increasing
Djibouti,Exports of goods,Exports of goods,Free on board (FOB),Millions,USD,1732000000.0,2016,True,Medium,No Data
Djibouti,Exports of goods,Exports of goods,Free on board (FOB),Millions,USD,3162000000.0,2017,True,Medium,Increasing
Djibouti,Exports of goods,Exports of goods,Free on board (FOB),Millions,USD,3522000000.0,2018,True,Medium,Increasing
Djibouti,Exports of goods,Exports of goods,Free on board (FOB),Millions,USD,3996000000.0,2019,True,Medium,Increasing
Djibouti,Exports of goods,Exports of goods,Free on board (FOB),Millions,USD,2785000000.0,2020,True,Medium,Decreasing
Djibouti,Exports of goods,Exports of goods,Free on board (FOB),Millions,USD,3829000000.0,2021,True,Medium,Increasing
Djibouti,Exports of goods,Exports of goods,Free on board (FOB),Millions,USD,4608000000.0,2022,True,Medium,Increasing
Djibouti,Exports of goods,Exports of goods,Free on board (FOB),Millions,USD,4785000000.0,2023,True,Medium,Increasing
Djibouti,Exports of goods,Exports of goods,Free on board (FOB),Millions,USD,5169000000.0,2024,True,Medium,Increasing
Djibouti,Exports of goods,Exports of goods,Free on board (FOB),Millions,USD,6090000000.0,2025,True,Medium,Increasing
Djibouti,Imports of goods,Imports of goods,Cost insurance freight (CIF),Millions,USD,2327000000.0,2016,False,Medium,No Data
Djibouti,Imports of goods,Imports of goods,Cost insurance freight (CIF),Millions,USD,3576000000.0,2017,False,Medium,Increasing
Djibouti,Imports of goods,Imports of goods,Cost insurance freight (CIF),Millions,USD,3603000000.0,2018,False,Medium,Increasing
Djibouti,Imports of goods,Imports of goods,Cost insurance freight (CIF),Millions,USD,4138000000.0,2019,False,Medium,Increasing
Djibouti,Imports of goods,Imports of goods,Cost insurance freight (CIF),Millions,USD,2911000000.0,2020,False,Medium,Decreasing
Djibouti,Imports of goods,Imports of goods,Cost insurance freight (CIF),Millions,USD,3972000000.0,2021,False,Medium,Increasing
Djibouti,Imports of goods,Imports of goods,Cost insurance freight (CIF),Millions,USD,5091000000.0,2022,False,Medium,Increasing
Djibouti,Imports of goods,Imports of goods,Cost insurance freight (CIF),Millions,USD,5295000000.0,2023,False,Medium,Increasing
Djibouti,Imports of goods,Imports of goods,Cost insurance freight (CIF),Millions,USD,5546000000.0,2024,False,Medium,Increasing
Djibouti,Imports of goods,Imports of goods,Cost insurance freight (CIF),Millions,USD,6264000000.0,2025,False,Medium,Increasing
Dominica,Exports of goods,Exports of goods,Free on board (FOB),Millions,USD,18000000.0,2016,True,Medium,No Data
Dominica,Exports of goods,Exports of goods,Free on board (FOB),Millions,USD,12000000.0,2017,True,Medium,Decreasing
Dominica,Exports of goods,Exports of goods,Free on board (FOB),Millions,USD,10000000.0,2018,True,Medium,Decreasing
Dominica,Exports of goods,Exports of goods,Free on board (FOB),Millions,USD,19000000.0,2019,True,Medium,Increasing
Dominica,Exports of goods,Exports of goods,Free on board (FOB),Millions,USD,16000000.0,2020,True,Medium,Decreasing
Dominica,Exports of goods,Exports of goods,Free on board (FOB),Millions,USD,20000000.0,2021,True,Medium,Increasing
Dominica,Exports of goods,Exports of goods,Free on board (FOB),Millions,USD,22000000.0,2022,True,Medium,Increasing
Dominica,Exports of goods,Exports of goods,Free on board (FOB),Millions,USD,22000000.0,2023,True,Medium,No Data
Dominica,Exports of goods,Exports of goods,Free on board (FOB),Millions,USD,29000000.0,2024,True,Medium,Increasing
Dominica,Exports of goods,Exports of goods,Free on board (FOB),Millions,USD,24000000.0,2025,True,Medium,Decreasing
Dominica,Imports of goods,Imports of goods,Cost insurance freight (CIF),Millions,USD,214000000.0,2016,False,Medium,No Data
Dominica,Imports of goods,Imports of goods,Cost insurance freight (CIF),Millions,USD,198000000.0,2017,False,Medium,Decreasing
Dominica,Imports of goods,Imports of goods,Cost insurance freight (CIF),Millions,USD,302000000.0,2018,False,Medium,Increasing
Dominica,Imports of goods,Imports of goods,Cost insurance freight (CIF),Millions,USD,319000000.0,2019,False,Medium,Increasing
Dominica,Imports of goods,Imports of goods,Cost insurance freight (CIF),Millions,USD,213000000.0,2020,False,Medium,Decreasing
Dominica,Imports of goods,Imports of goods,Cost insurance freight (CIF),Millions,USD,230000000.0,2021,False,Medium,Increasing
Dominica,Imports of goods,Imports of goods,Cost insurance freight (CIF),Millions,USD,266000000.0,2022,False,Medium,Increasing
Dominica,Imports of goods,Imports of goods,Cost insurance freight (CIF),Millions,USD,302000000.0,2023,False,Medium,Increasing
Dominica,Imports of goods,Imports of goods,Cost insurance freight (CIF),Millions,USD,262000000.0,2024,False,Medium,Decreasing
Dominica,Imports of goods,Imports of goods,Cost insurance freight (CIF),Millions,USD,259000000.0,2025,False,Medium,Decreasing
Dominican Republic,Exports of goods,Exports of goods,Free on board (FOB),Millions,USD,9839600000.0,2016,True,High,No Data
Dominican Republic,Exports of goods,Exports of goods,Free on board (FOB),Millions,USD,10134600000.0,2017,True,High,Increasing
Dominican Republic,Exports of goods,Exports of goods,Free on board (FOB),Millions,USD,10638100000.0,2018,True,High,Increasing
Dominican Republic,Exports of goods,Exports of goods,Free on board (FOB),Millions,USD,11192700000.0,2019,True,High,Increasing
Dominican Republic,Exports of goods,Exports of goods,Free on board (FOB),Millions,USD,10297300000.0,2020,True,High,Decreasing
Dominican Republic,Exports of goods,Exports of goods,Free on board (FOB),Millions,USD,12441800000.0,2021,True,High,Increasing
Dominican Republic,Exports of goods,Exports of goods,Free on board (FOB),Millions,USD,13751000000.0,2022,True,High,Increasing
Dominican Republic,Exports of goods,Exports of goods,Free on board (FOB),Millions,USD,12950000000.0,2023,True,High,Decreasing
Dominican Republic,Exports of goods,Exports of goods,Free on board (FOB),Millions,USD,13872000000.0,2024,True,High,Increasing
Dominican Republic,Exports of goods,Exports of goods,Free on board (FOB),Millions,USD,15579000000.0,2025,True,High,Increasing
Dominican Republic,"Exports of goods, Volume index",Exports of goods,Free on board (FOB),Units,Not Applicable,145.2431289640592,2016,True,Low,No Data
Dominican Republic,"Exports of goods, Volume index",Exports of goods,Free on board (FOB),Units,Not Applicable,148.916490486258,2017,True,Low,Increasing
Dominican Republic,"Exports of goods, Volume index",Exports of goods,Free on board (FOB),Units,Not Applicable,152.5634249471459,2018,True,Low,Increasing
Dominican Republic,"Exports of goods, Volume index",Exports of goods,Free on board (FOB),Units,Not Applicable,160.7822410147992,2019,True,Low,Increasing
Dominican Republic,"Exports of goods, Volume index",Exports of goods,Free on board (FOB),Units,Not Applicable,138.3985200845666,2020,True,Low,Decreasing
Dominican Republic,"Exports of goods, Volume index",Exports of goods,Free on board (FOB),Units,Not Applicable,159.0644820295984,2021,True,Low,Increasing
Dominican Republic,"Exports of goods, Volume index",Exports of goods,Free on board (FOB),Units,Not Applicable,167.0190274841438,2022,True,Medium,Increasing
Dominican Republic,"Exports of goods, Volume index",Exports of goods,Free on board (FOB),Units,Not Applicable,152.9862579281184,2023,True,Low,Decreasing
Dominican Republic,"Exports of goods, Volume index",Exports of goods,Free on board (FOB),Units,Not Applicable,154.0961945031713,2024,True,Low,Increasing
Dominican Republic,"Exports of goods, Volume index",Exports of goods,Free on board (FOB),Units,Not Applicable,163.84778012685,2025,True,Low,Increasing
Dominican Republic,Imports of goods,Imports of goods,Free on board (FOB),Millions,USD,17398000000.0,2016,False,High,No Data
Dominican Republic,Imports of goods,Imports of goods,Cost insurance freight (CIF),Millions,USD,17398600000.0,2016,False,High,Increasing
Dominican Republic,Imports of goods,Imports of goods,Free on board (FOB),Millions,USD,17735000000.0,2017,False,High,Increasing
Dominican Republic,Imports of goods,Imports of goods,Cost insurance freight (CIF),Millions,USD,17734300000.0,2017,False,High,Decreasing
Dominican Republic,Imports of goods,Imports of goods,Free on board (FOB),Millions,USD,20197000000.0,2018,False,High,Increasing
Dominican Republic,Imports of goods,Imports of goods,Cost insurance freight (CIF),Millions,USD,20197300000.0,2018,False,High,Increasing
Dominican Republic,Imports of goods,Imports of goods,Free on board (FOB),Millions,USD,20268000000.0,2019,False,High,Increasing
Dominican Republic,Imports of goods,Imports of goods,Cost insurance freight (CIF),Millions,USD,20267800000.0,2019,False,High,Decreasing
Dominican Republic,Imports of goods,Imports of goods,Free on board (FOB),Millions,USD,17046000000.0,2020,False,High,Decreasing
Dominican Republic,Imports of goods,Imports of goods,Cost insurance freight (CIF),Millions,USD,17046500000.0,2020,False,High,Increasing
Dominican Republic,Imports of goods,Imports of goods,Cost insurance freight (CIF),Millions,USD,24402100000.0,2021,False,High,Increasing
Dominican Republic,Imports of goods,Imports of goods,Cost insurance freight (CIF),Millions,USD,30913000000.0,2022,False,High,Increasing
Dominican Republic,Imports of goods,Imports of goods,Cost insurance freight (CIF),Millions,USD,28814000000.0,2023,False,High,Decreasing
Dominican Republic,Imports of goods,Imports of goods,Cost insurance freight (CIF),Millions,USD,29808000000.0,2024,False,High,Increasing
Dominican Republic,Imports of goods,Imports of goods,Cost insurance freight (CIF),Millions,USD,29752000000.0,2025,False,High,Decreasing
Dominican Republic,"Imports of goods, Volume index",Imports of goods,Cost insurance freight (CIF),Units,Not Applicable,119.5130947989672,2016,False,Low,No Data
Dominican Republic,"Imports of goods, Volume index",Imports of goods,Cost insurance freight (CIF),Units,Not Applicable,116.72814459609,2017,False,Low,Decreasing
Dominican Republic,"Imports of goods, Volume index",Imports of goods,Cost insurance freight (CIF),Units,Not Applicable,125.7838436001476,2018,False,Low,Increasing
Dominican Republic,"Imports of goods, Volume index",Imports of goods,Cost insurance freight (CIF),Units,Not Applicable,130.0811508668388,2019,False,Low,Increasing
Dominican Republic,"Imports of goods, Volume index",Imports of goods,Cost insurance freight (CIF),Units,Not Applicable,113.2792327554408,2020,False,Low,Decreasing
Dominican Republic,"Imports of goods, Volume index",Imports of goods,Cost insurance freight (CIF),Units,Not Applicable,136.7945407598672,2021,False,Low,Increasing
Dominican Republic,"Imports of goods, Volume index",Imports of goods,Cost insurance freight (CIF),Units,Not Applicable,149.07783105865,2022,False,Low,Increasing
Dominican Republic,"Imports of goods, Volume index",Imports of goods,Cost insurance freight (CIF),Units,Not Applicable,148.5983032091479,2023,False,Low,Decreasing
Dominican Republic,"Imports of goods, Volume index",Imports of goods,Cost insurance freight (CIF),Units,Not Applicable,156.0494282552564,2024,False,Low,Increasing
Dominican Republic,"Imports of goods, Volume index",Imports of goods,Cost insurance freight (CIF),Units,Not Applicable,153.5964588712652,2025,False,Low,Decreasing
Ecuador,Exports of goods,Exports of goods,Free on board (FOB),Millions,USD,16798000000.0,2016,True,High,No Data
Ecuador,Exports of goods,Exports of goods,Free on board (FOB),Millions,USD,19122000000.0,2017,True,High,Increasing
Ecuador,Exports of goods,Exports of goods,Free on board (FOB),Millions,USD,21628000000.0,2018,True,High,Increasing
Ecuador,Exports of goods,Exports of goods,Free on board (FOB),Millions,USD,22330000000.0,2019,True,High,Increasing
Ecuador,Exports of goods,Exports of goods,Free on board (FOB),Millions,USD,20354000000.0,2020,True,High,Decreasing
Ecuador,Exports of goods,Exports of goods,Free on board (FOB),Millions,USD,26699000000.0,2021,True,High,Increasing
Ecuador,Exports of goods,Exports of goods,Free on board (FOB),Millions,USD,32659000000.0,2022,True,High,Increasing
Ecuador,Exports of goods,Exports of goods,Free on board (FOB),Millions,USD,31126000000.0,2023,True,High,Decreasing
Ecuador,Exports of goods,Exports of goods,Free on board (FOB),Millions,USD,34423000000.0,2024,True,High,Increasing
Ecuador,Exports of goods,Exports of goods,Free on board (FOB),Millions,USD,37150000000.0,2025,True,High,Increasing
Ecuador,"Exports of goods, Volume index",Exports of goods,Free on board (FOB),Units,Not Applicable,122.7974947807933,2016,True,Low,No Data
Ecuador,"Exports of goods, Volume index",Exports of goods,Free on board (FOB),Units,Not Applicable,130.8559498956159,2017,True,Low,Increasing
Ecuador,"Exports of goods, Volume index",Exports of goods,Free on board (FOB),Units,Not Applicable,134.0083507306889,2018,True,Low,Increasing
Ecuador,"Exports of goods, Volume index",Exports of goods,Free on board (FOB),Units,Not Applicable,149.3736951983299,2019,True,Low,Increasing
Ecuador,"Exports of goods, Volume index",Exports of goods,Free on board (FOB),Units,Not Applicable,151.8580375782881,2020,True,Low,Increasing
Ecuador,"Exports of goods, Volume index",Exports of goods,Free on board (FOB),Units,Not Applicable,161.6492693110647,2021,True,Low,Increasing
Ecuador,"Exports of goods, Volume index",Exports of goods,Free on board (FOB),Units,Not Applicable,169.1440501043841,2022,True,Medium,Increasing
Ecuador,"Exports of goods, Volume index",Exports of goods,Free on board (FOB),Units,Not Applicable,166.4300626304802,2023,True,Medium,Decreasing
Ecuador,"Exports of goods, Volume index",Exports of goods,Free on board (FOB),Units,Not Applicable,170.9185803757829,2024,True,Medium,Increasing
Ecuador,"Exports of goods, Volume index",Exports of goods,Free on board (FOB),Units,Not Applicable,193.3820459290188,2025,True,Medium,Increasing
Ecuador,Imports of goods,Imports of goods,Cost insurance freight (CIF),Millions,USD,16325000000.0,2016,False,High,No Data
Ecuador,Imports of goods,Imports of goods,Cost insurance freight (CIF),Millions,USD,20010000000.0,2017,False,High,Increasing
Ecuador,Imports of goods,Imports of goods,Cost insurance freight (CIF),Millions,USD,23177000000.0,2018,False,High,Increasing
Ecuador,Imports of goods,Imports of goods,Cost insurance freight (CIF),Millions,USD,22562000000.0,2019,False,High,Decreasing
Ecuador,Imports of goods,Imports of goods,Cost insurance freight (CIF),Millions,USD,17919000000.0,2020,False,High,Decreasing
Ecuador,Imports of goods,Imports of goods,Cost insurance freight (CIF),Millions,USD,25690000000.0,2021,False,High,Increasing
Ecuador,Imports of goods,Imports of goods,Cost insurance freight (CIF),Millions,USD,33048000000.0,2022,False,High,Increasing
Ecuador,Imports of goods,Imports of goods,Cost insurance freight (CIF),Millions,USD,30901000000.0,2023,False,High,Decreasing
Ecuador,Imports of goods,Imports of goods,Cost insurance freight (CIF),Millions,USD,29494000000.0,2024,False,High,Decreasing
Ecuador,Imports of goods,Imports of goods,Cost insurance freight (CIF),Millions,USD,32648000000.0,2025,False,High,Increasing
Ecuador,"Imports of goods, Volume index",Imports of goods,Cost insurance freight (CIF),Units,Not Applicable,90.1625441696113,2016,False,Low,No Data
Ecuador,"Imports of goods, Volume index",Imports of goods,Cost insurance freight (CIF),Units,Not Applicable,104.2968197879859,2017,False,Low,Increasing
Ecuador,"Imports of goods, Volume index",Imports of goods,Cost insurance freight (CIF),Units,Not Applicable,113.7102473498233,2018,False,Low,Increasing
Ecuador,"Imports of goods, Volume index",Imports of goods,Cost insurance freight (CIF),Units,Not Applicable,114.0070671378092,2019,False,Low,Increasing
Ecuador,"Imports of goods, Volume index",Imports of goods,Cost insurance freight (CIF),Units,Not Applicable,94.60070671378092,2020,False,Low,Decreasing
Ecuador,"Imports of goods, Volume index",Imports of goods,Cost insurance freight (CIF),Units,Not Applicable,116.2402826855124,2021,False,Low,Increasing
Ecuador,"Imports of goods, Volume index",Imports of goods,Cost insurance freight (CIF),Units,Not Applicable,127.6749116607774,2022,False,Low,Increasing
Ecuador,"Imports of goods, Volume index",Imports of goods,Cost insurance freight (CIF),Units,Not Applicable,126.8409893992933,2023,False,Low,Decreasing
Ecuador,"Imports of goods, Volume index",Imports of goods,Cost insurance freight (CIF),Units,Not Applicable,125.0600706713781,2024,False,Low,Decreasing
Ecuador,"Imports of goods, Volume index",Imports of goods,Cost insurance freight (CIF),Units,Not Applicable,138.416961130742,2025,False,Low,Increasing
"Egypt, Arab Republic of",Exports of goods,Exports of goods,Free on board (FOB),Millions,USD,25468000000.0,2016,True,High,No Data
"Egypt, Arab Republic of",Exports of goods,Exports of goods,Free on board (FOB),Millions,USD,25604000000.0,2017,True,High,Increasing
"Egypt, Arab Republic of",Exports of goods,Exports of goods,Free on board (FOB),Millions,USD,27624000000.0,2018,True,High,Increasing
"Egypt, Arab Republic of",Exports of goods,Exports of goods,Free on board (FOB),Millions,USD,28999000000.0,2019,True,High,Increasing
"Egypt, Arab Republic of",Exports of goods,Exports of goods,Free on board (FOB),Millions,USD,27078000000.0,2020,True,High,Decreasing
"Egypt, Arab Republic of",Exports of goods,Exports of goods,Free on board (FOB),Millions,USD,41310000000.0,2021,True,High,Increasing
"Egypt, Arab Republic of",Exports of goods,Exports of goods,Free on board (FOB),Millions,USD,51279000000.0,2022,True,High,Increasing
"Egypt, Arab Republic of",Exports of goods,Exports of goods,Free on board (FOB),Millions,USD,42081000000.0,2023,True,High,Decreasing
"Egypt, Arab Republic of",Exports of goods,Exports of goods,Free on board (FOB),Millions,USD,42246000000.0,2024,True,High,Increasing
"Egypt, Arab Republic of",Exports of goods,Exports of goods,Free on board (FOB),Millions,USD,51713000000.0,2025,True,High,Increasing
"Egypt, Arab Republic of","Exports of goods, Volume index",Exports of goods,Free on board (FOB),Units,Not Applicable,107.2676837725381,2016,True,Low,No Data
"Egypt, Arab Republic of","Exports of goods, Volume index",Exports of goods,Free on board (FOB),Units,Not Applicable,99.98613037447988,2017,True,Low,Decreasing
"Egypt, Arab Republic of","Exports of goods, Volume index",Exports of goods,Free on board (FOB),Units,Not Applicable,100.4022191400832,2018,True,Low,Increasing
"Egypt, Arab Republic of","Exports of goods, Volume index",Exports of goods,Free on board (FOB),Units,Not Applicable,110.2773925104022,2019,True,Low,Increasing
"Egypt, Arab Republic of","Exports of goods, Volume index",Exports of goods,Free on board (FOB),Units,Not Applicable,107.2676837725381,2020,True,Low,Decreasing
"Egypt, Arab Republic of","Exports of goods, Volume index",Exports of goods,Free on board (FOB),Units,Not Applicable,130.1803051317614,2021,True,Low,Increasing
"Egypt, Arab Republic of","Exports of goods, Volume index",Exports of goods,Free on board (FOB),Units,Not Applicable,131.2621359223301,2022,True,Low,Increasing
"Egypt, Arab Republic of","Exports of goods, Volume index",Exports of goods,Free on board (FOB),Units,Not Applicable,125.7004160887656,2023,True,Low,Decreasing
"Egypt, Arab Republic of","Exports of goods, Volume index",Exports of goods,Free on board (FOB),Units,Not Applicable,127.5173370319001,2024,True,Low,Increasing
"Egypt, Arab Republic of","Exports of goods, Volume index",Exports of goods,Free on board (FOB),Units,Not Applicable,151.3453536754508,2025,True,Low,Increasing
"Egypt, Arab Republic of",Imports of goods,Imports of goods,Cost insurance freight (CIF),Millions,USD,55789000000.0,2016,False,High,No Data
"Egypt, Arab Republic of",Imports of goods,Imports of goods,Cost insurance freight (CIF),Millions,USD,61627000000.0,2017,False,High,Increasing
"Egypt, Arab Republic of",Imports of goods,Imports of goods,Cost insurance freight (CIF),Millions,USD,72000000000.0,2018,False,High,Increasing
"Egypt, Arab Republic of",Imports of goods,Imports of goods,Cost insurance freight (CIF),Millions,USD,71411000000.0,2019,False,High,Decreasing
"Egypt, Arab Republic of",Imports of goods,Imports of goods,Cost insurance freight (CIF),Millions,USD,60500000000.0,2020,False,High,Decreasing
"Egypt, Arab Republic of",Imports of goods,Imports of goods,Cost insurance freight (CIF),Millions,USD,74550000000.0,2021,False,High,Increasing
"Egypt, Arab Republic of",Imports of goods,Imports of goods,Cost insurance freight (CIF),Millions,USD,95669000000.0,2022,False,High,Increasing
"Egypt, Arab Republic of",Imports of goods,Imports of goods,Cost insurance freight (CIF),Millions,USD,83212000000.0,2023,False,High,Decreasing
"Egypt, Arab Republic of",Imports of goods,Imports of goods,Cost insurance freight (CIF),Millions,USD,86083000000.0,2024,False,High,Increasing
"Egypt, Arab Republic of",Imports of goods,Imports of goods,Cost insurance freight (CIF),Millions,USD,97639000000.0,2025,False,High,Increasing
"Egypt, Arab Republic of","Imports of goods, Volume index",Imports of goods,Cost insurance freight (CIF),Units,Not Applicable,115.0568612585292,2016,False,Low,No Data
"Egypt, Arab Republic of","Imports of goods, Volume index",Imports of goods,Cost insurance freight (CIF),Units,Not Applicable,121.0462471569371,2017,False,Low,Increasing
"Egypt, Arab Republic of","Imports of goods, Volume index",Imports of goods,Cost insurance freight (CIF),Units,Not Applicable,134.2683851402578,2018,False,Low,Increasing
"Egypt, Arab Republic of","Imports of goods, Volume index",Imports of goods,Cost insurance freight (CIF),Units,Not Applicable,137.2100075815011,2019,False,Low,Increasing
"Egypt, Arab Republic of","Imports of goods, Volume index",Imports of goods,Cost insurance freight (CIF),Units,Not Applicable,118.5443517816528,2020,False,Low,Decreasing
"Egypt, Arab Republic of","Imports of goods, Volume index",Imports of goods,Cost insurance freight (CIF),Units,Not Applicable,123.6087945413192,2021,False,Low,Increasing
"Egypt, Arab Republic of","Imports of goods, Volume index",Imports of goods,Cost insurance freight (CIF),Units,Not Applicable,141.8498862774829,2022,False,Low,Increasing
"Egypt, Arab Republic of","Imports of goods, Volume index",Imports of goods,Cost insurance freight (CIF),Units,Not Applicable,132.1455648218347,2023,False,Low,Decreasing
"Egypt, Arab Republic of","Imports of goods, Volume index",Imports of goods,Cost insurance freight (CIF),Units,Not Applicable,140.9552691432904,2024,False,Low,Increasing
"Egypt, Arab Republic of","Imports of goods, Volume index",Imports of goods,Cost insurance freight (CIF),Units,Not Applicable,158.4685367702805,2025,False,Low,Increasing
El Salvador,Export price index (EPI),Exports of goods,Free on board (FOB),Units,Not Applicable,104.5127121863745,2016,True,Low,No Data
El Salvador,Export price index (EPI),Exports of goods,Free on board (FOB),Units,Not Applicable,104.344026868076,2017,True,Low,Decreasing
El Salvador,Exports of goods,Exports of goods,Free on board (FOB),Millions,USD,5420000000.0,2016,True,Medium,No Data
El Salvador,Exports of goods,Exports of goods,Free on board (FOB),Millions,USD,5759000000.0,2017,True,Medium,Increasing
El Salvador,Exports of goods,Exports of goods,Free on board (FOB),Millions,USD,5907000000.0,2018,True,Medium,Increasing
El Salvador,Exports of goods,Exports of goods,Free on board (FOB),Millions,USD,5906000000.0,2019,True,Medium,Decreasing
El Salvador,Exports of goods,Exports of goods,Free on board (FOB),Millions,USD,4805000000.0,2020,True,Medium,Decreasing
El Salvador,Exports of goods,Exports of goods,Free on board (FOB),Millions,USD,6394000000.0,2021,True,Medium,Increasing
El Salvador,Exports of goods,Exports of goods,Free on board (FOB),Millions,USD,7117000000.0,2022,True,Medium,Increasing
El Salvador,Exports of goods,Exports of goods,Free on board (FOB),Millions,USD,6500000000.0,2023,True,Medium,Decreasing
El Salvador,Exports of goods,Exports of goods,Free on board (FOB),Millions,USD,6312000000.0,2024,True,Medium,Decreasing
El Salvador,Exports of goods,Exports of goods,Free on board (FOB),Millions,USD,6430000000.0,2025,True,Medium,Increasing
El Salvador,"Exports of goods, Volume index",Exports of goods,Free on board (FOB),Units,Not Applicable,114.168546237441,2016,True,Low,No Data
El Salvador,"Exports of goods, Volume index",Exports of goods,Free on board (FOB),Units,Not Applicable,119.9917982366209,2017,True,Low,Increasing
El Salvador,"Exports of goods, Volume index",Exports of goods,Free on board (FOB),Units,Not Applicable,121.5501332786549,2018,True,Low,Increasing
El Salvador,"Exports of goods, Volume index",Exports of goods,Free on board (FOB),Units,Not Applicable,121.980725856059,2019,True,Low,Increasing
El Salvador,"Exports of goods, Volume index",Exports of goods,Free on board (FOB),Units,Not Applicable,96.39122411318432,2020,True,Low,Decreasing
El Salvador,"Exports of goods, Volume index",Exports of goods,Free on board (FOB),Units,Not Applicable,118.7000205044084,2021,True,Low,Increasing
El Salvador,"Exports of goods, Volume index",Exports of goods,Free on board (FOB),Units,Not Applicable,122.1857699405372,2022,True,Low,Increasing
El Salvador,"Exports of goods, Volume index",Exports of goods,Free on board (FOB),Units,Not Applicable,110.0881689563256,2023,True,Low,Decreasing
El Salvador,"Exports of goods, Volume index",Exports of goods,Free on board (FOB),Units,Not Applicable,108.6733647734263,2024,True,Low,Decreasing
El Salvador,"Exports of goods, Volume index",Exports of goods,Free on board (FOB),Units,Not Applicable,108.4068074636047,2025,True,Low,Decreasing
El Salvador,Import price index,Imports of goods,Cost insurance freight (CIF),Units,Not Applicable,96.27968832585977,2016,False,Low,No Data
El Salvador,Import price index,Imports of goods,Cost insurance freight (CIF),Units,Not Applicable,98.22623086847052,2017,False,Low,Increasing
El Salvador,Imports of goods,Imports of goods,Cost insurance freight (CIF),Millions,USD,9825000000.0,2016,False,High,No Data
El Salvador,Imports of goods,Imports of goods,Cost insurance freight (CIF),Millions,USD,10572000000.0,2017,False,High,Increasing
El Salvador,Imports of goods,Imports of goods,Cost insurance freight (CIF),Millions,USD,11464000000.0,2018,False,High,Increasing
El Salvador,Imports of goods,Imports of goods,Free on board (FOB),Millions,USD,11159288576.0,2019,False,High,Decreasing
El Salvador,Imports of goods,Imports of goods,Cost insurance freight (CIF),Millions,USD,11603000000.0,2019,False,High,Increasing
El Salvador,Imports of goods,Imports of goods,Free on board (FOB),Millions,USD,9850992202.43,2020,False,High,Decreasing
El Salvador,Imports of goods,Imports of goods,Cost insurance freight (CIF),Millions,USD,9889000000.0,2020,False,High,Increasing
El Salvador,Imports of goods,Imports of goods,Free on board (FOB),Millions,USD,14439309713.89,2021,False,High,Increasing
El Salvador,Imports of goods,Imports of goods,Cost insurance freight (CIF),Millions,USD,14618000000.0,2021,False,High,Increasing
El Salvador,Imports of goods,Imports of goods,Cost insurance freight (CIF),Millions,USD,17108000000.0,2022,False,High,Increasing
El Salvador,Imports of goods,Imports of goods,Cost insurance freight (CIF),Millions,USD,15649000000.0,2023,False,High,Decreasing
El Salvador,Imports of goods,Imports of goods,Cost insurance freight (CIF),Millions,USD,15806000000.0,2024,False,High,Increasing
El Salvador,Imports of goods,Imports of goods,Cost insurance freight (CIF),Millions,USD,17849000000.0,2025,False,High,Increasing
El Salvador,"Imports of goods, Volume index",Imports of goods,Cost insurance freight (CIF),Units,Not Applicable,124.5463006049325,2016,False,Low,No Data
El Salvador,"Imports of goods, Volume index",Imports of goods,Cost insurance freight (CIF),Units,Not Applicable,127.6872964169381,2017,False,Low,Increasing
El Salvador,"Imports of goods, Volume index",Imports of goods,Cost insurance freight (CIF),Units,Not Applicable,131.9218241042345,2018,False,Low,Increasing
El Salvador,"Imports of goods, Volume index",Imports of goods,Cost insurance freight (CIF),Units,Not Applicable,136.6682177757096,2019,False,Low,Increasing
El Salvador,"Imports of goods, Volume index",Imports of goods,Cost insurance freight (CIF),Units,Not Applicable,118.4039087947883,2020,False,Low,Decreasing
El Salvador,"Imports of goods, Volume index",Imports of goods,Cost insurance freight (CIF),Units,Not Applicable,151.5123313168916,2021,False,Low,Increasing
El Salvador,"Imports of goods, Volume index",Imports of goods,Cost insurance freight (CIF),Units,Not Applicable,155.2582596556538,2022,False,Low,Increasing
El Salvador,"Imports of goods, Volume index",Imports of goods,Cost insurance freight (CIF),Units,Not Applicable,149.5114006514658,2023,False,Low,Decreasing
El Salvador,"Imports of goods, Volume index",Imports of goods,Cost insurance freight (CIF),Units,Not Applicable,154.4671940437413,2024,False,Low,Increasing
El Salvador,"Imports of goods, Volume index",Imports of goods,Cost insurance freight (CIF),Units,Not Applicable,171.9404374127501,2025,False,Medium,Increasing
"Equatorial Guinea, Republic of",Exports of goods,Exports of goods,Free on board (FOB),Billions,USD,4136999999.9999995,2016,True,Medium,No Data
"Equatorial Guinea, Republic of",Exports of goods,Exports of goods,Free on board (FOB),Billions,USD,4970000000.0,2017,True,Medium,Increasing
"Equatorial Guinea, Republic of",Exports of goods,Exports of goods,Free on board (FOB),Billions,USD,6052000000.0,2018,True,Medium,Increasing
"Equatorial Guinea, Republic of",Exports of goods,Exports of goods,Free on board (FOB),Billions,USD,5268000000.0,2019,True,Medium,Decreasing
"Equatorial Guinea, Republic of",Exports of goods,Exports of goods,Free on board (FOB),Billions,USD,2859000000.0,2020,True,Medium,Decreasing
"Equatorial Guinea, Republic of",Exports of goods,Exports of goods,Free on board (FOB),Billions,USD,3845000000.0,2021,True,Medium,Increasing
"Equatorial Guinea, Republic of",Exports of goods,Exports of goods,Free on board (FOB),Billions,USD,6661000000.0,2022,True,Medium,Increasing
"Equatorial Guinea, Republic of",Exports of goods,Exports of goods,Free on board (FOB),Billions,USD,3157000000.0,2023,True,Medium,Decreasing
"Equatorial Guinea, Republic of",Exports of goods,Exports of goods,Free on board (FOB),Billions,USD,2979000000.0,2024,True,Medium,Decreasing
"Equatorial Guinea, Republic of",Exports of goods,Exports of goods,Free on board (FOB),Billions,USD,2600000000.0,2025,True,Medium,Decreasing
"Equatorial Guinea, Republic of","Exports of goods, Volume index",Exports of goods,Free on board (FOB),Units,Not Applicable,128.1789638932496,2016,True,Low,No Data
"Equatorial Guinea, Republic of","Exports of goods, Volume index",Exports of goods,Free on board (FOB),Units,Not Applicable,128.394819466248,2017,True,Low,Increasing
"Equatorial Guinea, Republic of","Exports of goods, Volume index",Exports of goods,Free on board (FOB),Units,Not Applicable,134.9882260596546,2018,True,Low,Increasing
"Equatorial Guinea, Republic of","Exports of goods, Volume index",Exports of goods,Free on board (FOB),Units,Not Applicable,135.596546310832,2019,True,Low,Increasing
"Equatorial Guinea, Republic of","Exports of goods, Volume index",Exports of goods,Free on board (FOB),Units,Not Applicable,130.0627943485086,2020,True,Low,Decreasing
"Equatorial Guinea, Republic of",Imports of goods,Imports of goods,Cost insurance freight (CIF),Billions,USD,3183000000.0,2016,False,Medium,No Data
"Equatorial Guinea, Republic of",Imports of goods,Imports of goods,Cost insurance freight (CIF),Billions,USD,2842000000.0,2017,False,Medium,Decreasing
"Equatorial Guinea, Republic of",Imports of goods,Imports of goods,Cost insurance freight (CIF),Billions,USD,2944000000.0,2018,False,Medium,Increasing
"Equatorial Guinea, Republic of",Imports of goods,Imports of goods,Cost insurance freight (CIF),Billions,USD,2100000000.0,2019,False,Medium,Decreasing
"Equatorial Guinea, Republic of",Imports of goods,Imports of goods,Cost insurance freight (CIF),Billions,USD,1547000000.0,2020,False,Medium,Decreasing
"Equatorial Guinea, Republic of",Imports of goods,Imports of goods,Cost insurance freight (CIF),Billions,USD,1746000000.0,2021,False,Medium,Increasing
"Equatorial Guinea, Republic of",Imports of goods,Imports of goods,Cost insurance freight (CIF),Billions,USD,1786000000.0,2022,False,Medium,Increasing
"Equatorial Guinea, Republic of",Imports of goods,Imports of goods,Cost insurance freight (CIF),Billions,USD,1538000000.0,2023,False,Medium,Decreasing
"Equatorial Guinea, Republic of",Imports of goods,Imports of goods,Cost insurance freight (CIF),Billions,USD,1517000000.0,2024,False,Medium,Decreasing
"Equatorial Guinea, Republic of",Imports of goods,Imports of goods,Cost insurance freight (CIF),Billions,USD,1700000000.0,2025,False,Medium,Increasing
"Equatorial Guinea, Republic of","Imports of goods, Volume index",Imports of goods,Cost insurance freight (CIF),Units,Not Applicable,114.7402721870807,2016,False,Low,No Data
"Equatorial Guinea, Republic of","Imports of goods, Volume index",Imports of goods,Cost insurance freight (CIF),Units,Not Applicable,129.7680659382787,2017,False,Low,Increasing
"Equatorial Guinea, Republic of","Imports of goods, Volume index",Imports of goods,Cost insurance freight (CIF),Units,Not Applicable,128.3112900134177,2018,False,Low,Decreasing
"Equatorial Guinea, Republic of","Imports of goods, Volume index",Imports of goods,Cost insurance freight (CIF),Units,Not Applicable,126.5094882116159,2019,False,Low,Decreasing
"Equatorial Guinea, Republic of","Imports of goods, Volume index",Imports of goods,Cost insurance freight (CIF),Units,Not Applicable,125.493578685068,2020,False,Low,Decreasing
"Eritrea, The State of",Exports of goods,Exports of goods,Free on board (FOB),Millions,USD,436000000.0,2016,True,Medium,No Data
"Eritrea, The State of",Exports of goods,Exports of goods,Free on board (FOB),Millions,USD,583000000.0,2017,True,Medium,Increasing
"Eritrea, The State of",Exports of goods,Exports of goods,Free on board (FOB),Millions,USD,669000000.0,2018,True,Medium,Increasing
"Eritrea, The State of",Exports of goods,Exports of goods,Free on board (FOB),Millions,USD,530000000.0,2019,True,Medium,Decreasing
"Eritrea, The State of",Exports of goods,Exports of goods,Free on board (FOB),Millions,USD,583000000.0,2020,True,Medium,Increasing
"Eritrea, The State of",Exports of goods,Exports of goods,Free on board (FOB),Millions,USD,500000000.0,2021,True,Medium,Decreasing
"Eritrea, The State of",Exports of goods,Exports of goods,Free on board (FOB),Millions,USD,598000000.0,2022,True,Medium,Increasing
"Eritrea, The State of",Exports of goods,Exports of goods,Free on board (FOB),Millions,USD,481000000.0,2023,True,Medium,Decreasing
"Eritrea, The State of",Exports of goods,Exports of goods,Free on board (FOB),Millions,USD,573000000.0,2024,True,Medium,Increasing
"Eritrea, The State of",Exports of goods,Exports of goods,Free on board (FOB),Millions,USD,631000000.0,2025,True,Medium,Increasing
"Eritrea, The State of",Imports of goods,Imports of goods,Cost insurance freight (CIF),Millions,USD,957000000.0,2016,False,Medium,No Data
"Eritrea, The State of",Imports of goods,Imports of goods,Cost insurance freight (CIF),Millions,USD,1026000000.0,2017,False,Medium,Increasing
"Eritrea, The State of",Imports of goods,Imports of goods,Cost insurance freight (CIF),Millions,USD,1065000000.0,2018,False,Medium,Increasing
"Eritrea, The State of",Imports of goods,Imports of goods,Cost insurance freight (CIF),Millions,USD,565000000.0,2019,False,Medium,Decreasing
"Eritrea, The State of",Imports of goods,Imports of goods,Cost insurance freight (CIF),Millions,USD,349000000.0,2020,False,Medium,Decreasing
"Eritrea, The State of",Imports of goods,Imports of goods,Cost insurance freight (CIF),Millions,USD,369000000.0,2021,False,Medium,Increasing
"Eritrea, The State of",Imports of goods,Imports of goods,Cost insurance freight (CIF),Millions,USD,519000000.0,2022,False,Medium,Increasing
"Eritrea, The State of",Imports of goods,Imports of goods,Cost insurance freight (CIF),Millions,USD,499000000.0,2023,False,Medium,Decreasing
"Eritrea, The State of",Imports of goods,Imports of goods,Cost insurance freight (CIF),Millions,USD,533000000.0,2024,False,Medium,Increasing
"Eritrea, The State of",Imports of goods,Imports of goods,Cost insurance freight (CIF),Millions,USD,524000000.0,2025,False,Medium,Decreasing
"Estonia, Republic of",Export price index (EPI),Exports of goods,Free on board (FOB),Units,Not Applicable,102.9191666666666,2016,True,Low,No Data
"Estonia, Republic of",Export price index (EPI),Exports of goods,Free on board (FOB),Units,Not Applicable,108.565,2017,True,Low,Increasing
"Estonia, Republic of",Export price index (EPI),Exports of goods,Free on board (FOB),Units,Not Applicable,110.6683333333333,2018,True,Low,Increasing
"Estonia, Republic of",Export price index (EPI),Exports of goods,Free on board (FOB),Units,Not Applicable,110.1533333333334,2019,True,Low,Decreasing
"Estonia, Republic of",Export price index (EPI),Exports of goods,Free on board (FOB),Units,Not Applicable,104.5466666666667,2020,True,Low,Decreasing
"Estonia, Republic of",Export price index (EPI),Exports of goods,Free on board (FOB),Units,Not Applicable,117.3,2021,True,Low,Increasing
"Estonia, Republic of",Exports of goods,Exports of goods,Free on board (FOB),Billions,USD,13172000000.0,2016,True,High,No Data
"Estonia, Republic of",Exports of goods,Exports of goods,Free on board (FOB),Billions,USD,14559000000.0,2017,True,High,Increasing
"Estonia, Republic of",Exports of goods,Exports of goods,Free on board (FOB),Billions,USD,17017000000.0,2018,True,High,Increasing
"Estonia, Republic of",Exports of goods,Exports of goods,Free on board (FOB),Billions,USD,16101000000.0,2019,True,High,Decreasing
"Estonia, Republic of",Exports of goods,Exports of goods,Free on board (FOB),Billions,USD,16341000000.000002,2020,True,High,Increasing
"Estonia, Republic of",Exports of goods,Exports of goods,Free on board (FOB),Billions,USD,21558000000.0,2021,True,High,Increasing
"Estonia, Republic of",Exports of goods,Exports of goods,Free on board (FOB),Billions,USD,22859000000.0,2022,True,High,Increasing
"Estonia, Republic of",Exports of goods,Exports of goods,Free on board (FOB),Billions,USD,19615000000.0,2023,True,High,Decreasing
"Estonia, Republic of",Exports of goods,Exports of goods,Free on board (FOB),Billions,USD,18795000000.0,2024,True,High,Decreasing
"Estonia, Republic of",Exports of goods,Exports of goods,Free on board (FOB),Billions,USD,20981000000.0,2025,True,High,Increasing
"Estonia, Republic of","Exports of goods, Volume index",Exports of goods,Free on board (FOB),Units,Not Applicable,121.2720573977118,2016,True,Low,No Data
"Estonia, Republic of","Exports of goods, Volume index",Exports of goods,Free on board (FOB),Units,Not Applicable,125.964708163661,2017,True,Low,Increasing
"Estonia, Republic of","Exports of goods, Volume index",Exports of goods,Free on board (FOB),Units,Not Applicable,134.5937560597246,2018,True,Low,Increasing
"Estonia, Republic of","Exports of goods, Volume index",Exports of goods,Free on board (FOB),Units,Not Applicable,133.2945510955982,2019,True,Low,Decreasing
"Estonia, Republic of","Exports of goods, Volume index",Exports of goods,Free on board (FOB),Units,Not Applicable,133.1200310257902,2020,True,Low,Decreasing
"Estonia, Republic of","Exports of goods, Volume index",Exports of goods,Free on board (FOB),Units,Not Applicable,148.3226682179562,2021,True,Low,Increasing
"Estonia, Republic of","Exports of goods, Volume index",Exports of goods,Free on board (FOB),Units,Not Applicable,144.3087066123715,2022,True,Low,Decreasing
"Estonia, Republic of","Exports of goods, Volume index",Exports of goods,Free on board (FOB),Units,Not Applicable,125.7126236183828,2023,True,Low,Decreasing
"Estonia, Republic of","Exports of goods, Volume index",Exports of goods,Free on board (FOB),Units,Not Applicable,120.0116346713205,2024,True,Low,Decreasing
"Estonia, Republic of","Exports of goods, Volume index",Exports of goods,Free on board (FOB),Units,Not Applicable,125.964708163661,2025,True,Low,Increasing
"Estonia, Republic of",Import price index,Imports of goods,Cost insurance freight (CIF),Units,Not Applicable,104.4421683130332,2016,False,Low,No Data
"Estonia, Republic of",Import price index,Imports of goods,Cost insurance freight (CIF),Units,Not Applicable,108.963560907372,2017,False,Low,Increasing
"Estonia, Republic of",Import price index,Imports of goods,Cost insurance freight (CIF),Units,Not Applicable,112.4546361627353,2018,False,Low,Increasing
"Estonia, Republic of",Import price index,Imports of goods,Cost insurance freight (CIF),Units,Not Applicable,112.7947409154069,2019,False,Low,Increasing
"Estonia, Republic of",Import price index,Imports of goods,Cost insurance freight (CIF),Units,Not Applicable,106.8929231484602,2020,False,Low,Decreasing
"Estonia, Republic of",Import price index,Imports of goods,Cost insurance freight (CIF),Units,Not Applicable,120.0169653691957,2021,False,Low,Increasing
"Estonia, Republic of",Import price index,Imports of goods,Cost insurance freight (CIF),Units,Not Applicable,149.8961681994831,2022,False,Low,Increasing
"Estonia, Republic of",Import price index,Imports of goods,Cost insurance freight (CIF),Units,Not Applicable,149.6060788516163,2023,False,Low,Decreasing
"Estonia, Republic of",Import price index,Imports of goods,Cost insurance freight (CIF),Units,Not Applicable,149.0259001558825,2024,False,Low,Decreasing
"Estonia, Republic of",Import price index,Imports of goods,Cost insurance freight (CIF),Units,Not Applicable,149.8661589566003,2025,False,Low,Increasing
"Estonia, Republic of",Imports of goods,Imports of goods,Cost insurance freight (CIF),Billions,USD,14959000000.0,2016,False,High,No Data
"Estonia, Republic of",Imports of goods,Imports of goods,Cost insurance freight (CIF),Billions,USD,16675000000.0,2017,False,High,Increasing
"Estonia, Republic of",Imports of goods,Imports of goods,Cost insurance freight (CIF),Billions,USD,19139000000.0,2018,False,High,Increasing
"Estonia, Republic of",Imports of goods,Imports of goods,Cost insurance freight (CIF),Billions,USD,18024000000.0,2019,False,High,Decreasing
"Estonia, Republic of",Imports of goods,Imports of goods,Cost insurance freight (CIF),Billions,USD,17324000000.0,2020,False,High,Decreasing
"Estonia, Republic of",Imports of goods,Imports of goods,Cost insurance freight (CIF),Billions,USD,23614000000.0,2021,False,High,Increasing
"Estonia, Republic of",Imports of goods,Imports of goods,Cost insurance freight (CIF),Billions,USD,26764000000.0,2022,False,High,Increasing
"Estonia, Republic of",Imports of goods,Imports of goods,Cost insurance freight (CIF),Billions,USD,22858000000.0,2023,False,High,Decreasing
"Estonia, Republic of",Imports of goods,Imports of goods,Cost insurance freight (CIF),Billions,USD,22434000000.0,2024,False,High,Decreasing
"Estonia, Republic of",Imports of goods,Imports of goods,Cost insurance freight (CIF),Billions,USD,25306000000.0,2025,False,High,Increasing
"Estonia, Republic of","Imports of goods, Volume index",Imports of goods,Cost insurance freight (CIF),Units,Not Applicable,125.75723580884,2016,False,Low,No Data
"Estonia, Republic of","Imports of goods, Volume index",Imports of goods,Cost insurance freight (CIF),Units,Not Applicable,130.2669957370429,2017,False,Low,Increasing
"Estonia, Republic of","Imports of goods, Volume index",Imports of goods,Cost insurance freight (CIF),Units,Not Applicable,137.0428539376262,2018,False,Low,Increasing
"Estonia, Republic of","Imports of goods, Volume index",Imports of goods,Cost insurance freight (CIF),Units,Not Applicable,133.5876149876599,2019,False,Low,Decreasing
"Estonia, Republic of","Imports of goods, Volume index",Imports of goods,Cost insurance freight (CIF),Units,Not Applicable,130.379178819834,2020,False,Low,Decreasing
"Estonia, Republic of","Imports of goods, Volume index",Imports of goods,Cost insurance freight (CIF),Units,Not Applicable,146.1969934933812,2021,False,Low,Increasing
"Estonia, Republic of","Imports of goods, Volume index",Imports of goods,Cost insurance freight (CIF),Units,Not Applicable,146.0175005609154,2022,False,Low,Decreasing
"Estonia, Republic of","Imports of goods, Volume index",Imports of goods,Cost insurance freight (CIF),Units,Not Applicable,128.1579537805699,2023,False,Low,Decreasing
"Estonia, Republic of","Imports of goods, Volume index",Imports of goods,Cost insurance freight (CIF),Units,Not Applicable,125.2187570114427,2024,False,Low,Decreasing
"Estonia, Republic of","Imports of goods, Volume index",Imports of goods,Cost insurance freight (CIF),Units,Not Applicable,134.9338119811532,2025,False,Low,Increasing
"Eswatini, Kingdom of",Exports of goods,Exports of goods,Free on board (FOB),Millions,USD,1633000000.0,2016,True,Medium,No Data
"Eswatini, Kingdom of",Exports of goods,Exports of goods,Free on board (FOB),Millions,USD,1801000000.0,2017,True,Medium,Increasing
"Eswatini, Kingdom of",Exports of goods,Exports of goods,Free on board (FOB),Millions,USD,1842000000.0,2018,True,Medium,Increasing
"Eswatini, Kingdom of",Exports of goods,Exports of goods,Free on board (FOB),Millions,USD,2002000000.0,2019,True,Medium,Increasing
"Eswatini, Kingdom of",Exports of goods,Exports of goods,Free on board (FOB),Millions,USD,1752000000.0,2020,True,Medium,Decreasing
"Eswatini, Kingdom of",Exports of goods,Exports of goods,Free on board (FOB),Millions,USD,2068000000.0,2021,True,Medium,Increasing
"Eswatini, Kingdom of",Exports of goods,Exports of goods,Free on board (FOB),Millions,USD,1991000000.0,2022,True,Medium,Decreasing
"Eswatini, Kingdom of",Exports of goods,Exports of goods,Free on board (FOB),Millions,USD,2096000000.0,2023,True,Medium,Increasing
"Eswatini, Kingdom of",Exports of goods,Exports of goods,Free on board (FOB),Millions,USD,2327000000.0,2024,True,Medium,Increasing
"Eswatini, Kingdom of",Exports of goods,Exports of goods,Free on board (FOB),Millions,USD,2370000000.0,2025,True,Medium,Increasing
"Eswatini, Kingdom of",Imports of goods,Imports of goods,Cost insurance freight (CIF),Millions,USD,1476000000.0,2016,False,Medium,No Data
"Eswatini, Kingdom of",Imports of goods,Imports of goods,Cost insurance freight (CIF),Millions,USD,1612000000.0,2017,False,Medium,Increasing
"Eswatini, Kingdom of",Imports of goods,Imports of goods,Cost insurance freight (CIF),Millions,USD,1858000000.0,2018,False,Medium,Increasing
"Eswatini, Kingdom of",Imports of goods,Imports of goods,Cost insurance freight (CIF),Millions,USD,1832000000.0,2019,False,Medium,Decreasing
"Eswatini, Kingdom of",Imports of goods,Imports of goods,Cost insurance freight (CIF),Millions,USD,1605000000.0,2020,False,Medium,Decreasing
"Eswatini, Kingdom of",Imports of goods,Imports of goods,Cost insurance freight (CIF),Millions,USD,2123000000.0,2021,False,Medium,Increasing
"Eswatini, Kingdom of",Imports of goods,Imports of goods,Cost insurance freight (CIF),Millions,USD,2124000000.0,2022,False,Medium,Increasing
"Eswatini, Kingdom of",Imports of goods,Imports of goods,Cost insurance freight (CIF),Millions,USD,2039000000.0,2023,False,Medium,Decreasing
"Eswatini, Kingdom of",Imports of goods,Imports of goods,Cost insurance freight (CIF),Millions,USD,2072000000.0,2024,False,Medium,Increasing
"Eswatini, Kingdom of",Imports of goods,Imports of goods,Cost insurance freight (CIF),Millions,USD,2090000000.0,2025,False,Medium,Increasing
"Ethiopia, The Federal Democratic Republic of",Exports of goods,Exports of goods,Free on board (FOB),Thousands,USD,2789000000.0,2016,True,Medium,No Data
"Ethiopia, The Federal Democratic Republic of",Exports of goods,Exports of goods,Free on board (FOB),Thousands,USD,3022000000.0,2017,True,Medium,Increasing
"Ethiopia, The Federal Democratic Republic of",Exports of goods,Exports of goods,Free on board (FOB),Thousands,USD,2704000000.0,2018,True,Medium,Decreasing
"Ethiopia, The Federal Democratic Republic of",Exports of goods,Exports of goods,Free on board (FOB),Thousands,USD,2741000000.0,2019,True,Medium,Increasing
"Ethiopia, The Federal Democratic Republic of",Exports of goods,Exports of goods,Free on board (FOB),Thousands,USD,3258000000.0,2020,True,Medium,Increasing
"Ethiopia, The Federal Democratic Republic of",Exports of goods,Exports of goods,Free on board (FOB),Thousands,USD,3949000000.0,2021,True,Medium,Increasing
"Ethiopia, The Federal Democratic Republic of",Exports of goods,Exports of goods,Free on board (FOB),Thousands,USD,3970000000.0,2022,True,Medium,Increasing
"Ethiopia, The Federal Democratic Republic of",Exports of goods,Exports of goods,Free on board (FOB),Thousands,USD,3468000000.0,2023,True,Medium,Decreasing
"Ethiopia, The Federal Democratic Republic of",Exports of goods,Exports of goods,Free on board (FOB),Thousands,USD,5472000000.0,2024,True,Medium,Increasing
"Ethiopia, The Federal Democratic Republic of",Exports of goods,Exports of goods,Free on board (FOB),Thousands,USD,7585000000.0,2025,True,Medium,Increasing
"Ethiopia, The Federal Democratic Republic of",Imports of goods,Imports of goods,Cost insurance freight (CIF),Thousands,USD,16429000000.0,2016,False,High,No Data
"Ethiopia, The Federal Democratic Republic of",Imports of goods,Imports of goods,Cost insurance freight (CIF),Thousands,USD,15761000000.0,2017,False,High,Decreasing
"Ethiopia, The Federal Democratic Republic of",Imports of goods,Imports of goods,Cost insurance freight (CIF),Thousands,USD,15305000000.0,2018,False,High,Decreasing
"Ethiopia, The Federal Democratic Republic of",Imports of goods,Imports of goods,Cost insurance freight (CIF),Thousands,USD,14554000000.0,2019,False,High,Decreasing
"Ethiopia, The Federal Democratic Republic of",Imports of goods,Imports of goods,Cost insurance freight (CIF),Thousands,USD,13115000000.0,2020,False,High,Decreasing
"Ethiopia, The Federal Democratic Republic of",Imports of goods,Imports of goods,Cost insurance freight (CIF),Thousands,USD,15973000000.0,2021,False,High,Increasing
"Ethiopia, The Federal Democratic Republic of",Imports of goods,Imports of goods,Cost insurance freight (CIF),Thousands,USD,18663000000.0,2022,False,High,Increasing
"Ethiopia, The Federal Democratic Republic of",Imports of goods,Imports of goods,Cost insurance freight (CIF),Thousands,USD,17251000000.0,2023,False,High,Decreasing
"Ethiopia, The Federal Democratic Republic of",Imports of goods,Imports of goods,Cost insurance freight (CIF),Thousands,USD,18605000000.0,2024,False,High,Increasing
"Ethiopia, The Federal Democratic Republic of",Imports of goods,Imports of goods,Cost insurance freight (CIF),Thousands,USD,23012000000.0,2025,False,High,Increasing
"Fiji, Republic of",Exports of goods,Exports of goods,Free on board (FOB),Millions,USD,922783459.0346456,2016,True,Medium,No Data
"Fiji, Republic of",Exports of goods,Exports of goods,Free on board (FOB),Millions,USD,988425780.2430016,2017,True,Medium,Increasing
"Fiji, Republic of",Exports of goods,Exports of goods,Free on board (FOB),Millions,USD,1005385687.213719,2018,True,Medium,Increasing
"Fiji, Republic of",Exports of goods,Exports of goods,Free on board (FOB),Millions,USD,1026369909.9285179,2019,True,Medium,Increasing
"Fiji, Republic of",Exports of goods,Exports of goods,Free on board (FOB),Millions,USD,828428640.3099259,2020,True,Medium,Decreasing
"Fiji, Republic of",Exports of goods,Exports of goods,Free on board (FOB),Millions,USD,867652507.5823078,2021,True,Medium,Increasing
"Fiji, Republic of",Exports of goods,Exports of goods,Free on board (FOB),Millions,USD,1041562384.036242,2022,True,Medium,Increasing
"Fiji, Republic of",Exports of goods,Exports of goods,Free on board (FOB),Millions,USD,1059475742.311239,2023,True,Medium,Increasing
"Fiji, Republic of",Exports of goods,Exports of goods,Free on board (FOB),Millions,USD,1124290682.461983,2024,True,Medium,Increasing
"Fiji, Republic of",Exports of goods,Exports of goods,Free on board (FOB),Millions,USD,1102617860.8675,2025,True,Medium,Decreasing
"Fiji, Republic of",Imports of goods,Imports of goods,Cost insurance freight (CIF),Millions,USD,2306741939.4947753,2016,False,Medium,No Data
"Fiji, Republic of",Imports of goods,Imports of goods,Cost insurance freight (CIF),Millions,USD,2406785276.238701,2017,False,Medium,Increasing
"Fiji, Republic of",Imports of goods,Imports of goods,Cost insurance freight (CIF),Millions,USD,2725561017.51967,2018,False,Medium,Increasing
"Fiji, Republic of",Imports of goods,Imports of goods,Cost insurance freight (CIF),Millions,USD,2779011547.2422957,2019,False,Medium,Increasing
"Fiji, Republic of",Imports of goods,Imports of goods,Cost insurance freight (CIF),Millions,USD,1731704858.516923,2020,False,Medium,Decreasing
"Fiji, Republic of",Imports of goods,Imports of goods,Cost insurance freight (CIF),Millions,USD,2028765932.936668,2021,False,Medium,Increasing
"Fiji, Republic of",Imports of goods,Imports of goods,Cost insurance freight (CIF),Millions,USD,3016667935.388694,2022,False,Medium,Increasing
"Fiji, Republic of",Imports of goods,Imports of goods,Cost insurance freight (CIF),Millions,USD,3183808827.0439973,2023,False,Medium,Increasing
"Fiji, Republic of",Imports of goods,Imports of goods,Cost insurance freight (CIF),Millions,USD,3138184289.764964,2024,False,Medium,Decreasing
"Fiji, Republic of",Imports of goods,Imports of goods,Cost insurance freight (CIF),Millions,USD,3213203625.044468,2025,False,Medium,Increasing
Finland,Export price index (EPI),Exports of goods,Free on board (FOB),Units,Not Applicable,98.19166666666663,2016,True,Low,No Data
Finland,Export price index (EPI),Exports of goods,Free on board (FOB),Units,Not Applicable,102.8,2017,True,Low,Increasing
Finland,Exports of goods,Exports of goods,Free on board (FOB),Millions,USD,57907000000.0,2016,True,High,No Data
Finland,Exports of goods,Exports of goods,Free on board (FOB),Millions,USD,68074000000.0,2017,True,High,Increasing
Finland,Exports of goods,Exports of goods,Free on board (FOB),Millions,USD,75870000000.0,2018,True,High,Increasing
Finland,Exports of goods,Exports of goods,Free on board (FOB),Millions,USD,73469000000.0,2019,True,High,Decreasing
Finland,Exports of goods,Exports of goods,Free on board (FOB),Millions,USD,66221000000.0,2020,True,High,Decreasing
Finland,Exports of goods,Exports of goods,Free on board (FOB),Millions,USD,81996000000.0,2021,True,High,Increasing
Finland,Exports of goods,Exports of goods,Free on board (FOB),Millions,USD,86070000000.0,2022,True,High,Increasing
Finland,Exports of goods,Exports of goods,Free on board (FOB),Millions,USD,82561000000.0,2023,True,High,Decreasing
Finland,Exports of goods,Exports of goods,Free on board (FOB),Millions,USD,78038000000.0,2024,True,High,Decreasing
Finland,Exports of goods,Exports of goods,Free on board (FOB),Millions,USD,84027000000.0,2025,True,High,Increasing
Finland,"Exports of goods, Volume index",Exports of goods,Free on board (FOB),Units,Not Applicable,96.73882485240372,2016,True,Low,No Data
Finland,"Exports of goods, Volume index",Exports of goods,Free on board (FOB),Units,Not Applicable,104.3857183019398,2017,True,Low,Increasing
Finland,"Exports of goods, Volume index",Exports of goods,Free on board (FOB),Units,Not Applicable,106.2131009277481,2018,True,Low,Increasing
Finland,"Exports of goods, Volume index",Exports of goods,Free on board (FOB),Units,Not Applicable,108.5184143941524,2019,True,Low,Increasing
Finland,"Exports of goods, Volume index",Exports of goods,Free on board (FOB),Units,Not Applicable,101.0402024177678,2020,True,Low,Decreasing
Finland,"Exports of goods, Volume index",Exports of goods,Free on board (FOB),Units,Not Applicable,104.9761034579702,2021,True,Low,Increasing
Finland,"Exports of goods, Volume index",Exports of goods,Free on board (FOB),Units,Not Applicable,102.5583356761316,2022,True,Low,Decreasing
Finland,"Exports of goods, Volume index",Exports of goods,Free on board (FOB),Units,Not Applicable,98.73488895136352,2023,True,Low,Decreasing
Finland,"Exports of goods, Volume index",Exports of goods,Free on board (FOB),Units,Not Applicable,94.68653359572674,2024,True,Low,Decreasing
Finland,"Exports of goods, Volume index",Exports of goods,Free on board (FOB),Units,Not Applicable,96.48580264267642,2025,True,Low,Increasing
Finland,Import price index,Imports of goods,Cost insurance freight (CIF),Units,Not Applicable,96.53164767528908,2016,False,Low,No Data
Finland,Import price index,Imports of goods,Cost insurance freight (CIF),Units,Not Applicable,100.9814522165849,2017,False,Low,Increasing
Finland,Import price index,Imports of goods,Cost insurance freight (CIF),Units,Not Applicable,105.4811611078766,2018,False,Low,Increasing
Finland,Import price index,Imports of goods,Cost insurance freight (CIF),Units,Not Applicable,105.2150045745654,2019,False,Low,Decreasing
Finland,Import price index,Imports of goods,Cost insurance freight (CIF),Units,Not Applicable,98.51950428345674,2020,False,Low,Decreasing
Finland,Import price index,Imports of goods,Cost insurance freight (CIF),Units,Not Applicable,111.8273309490145,2021,False,Low,Increasing
Finland,Imports of goods,Imports of goods,Cost insurance freight (CIF),Millions,USD,60841000000.0,2016,False,High,No Data
Finland,Imports of goods,Imports of goods,Cost insurance freight (CIF),Millions,USD,70586000000.0,2017,False,High,Increasing
Finland,Imports of goods,Imports of goods,Cost insurance freight (CIF),Millions,USD,78623000000.0,2018,False,High,Increasing
Finland,Imports of goods,Imports of goods,Cost insurance freight (CIF),Millions,USD,73716000000.0,2019,False,High,Decreasing
Finland,Imports of goods,Imports of goods,Cost insurance freight (CIF),Millions,USD,68267000000.0,2020,False,High,Decreasing
Finland,Imports of goods,Imports of goods,Cost insurance freight (CIF),Millions,USD,86013000000.0,2021,False,High,Increasing
Finland,Imports of goods,Imports of goods,Cost insurance freight (CIF),Millions,USD,97329000000.0,2022,False,High,Increasing
Finland,Imports of goods,Imports of goods,Cost insurance freight (CIF),Millions,USD,83102000000.0,2023,False,High,Decreasing
Finland,Imports of goods,Imports of goods,Cost insurance freight (CIF),Millions,USD,80986000000.0,2024,False,High,Decreasing
Finland,Imports of goods,Imports of goods,Cost insurance freight (CIF),Millions,USD,85337000000.0,2025,False,High,Increasing
Finland,"Imports of goods, Volume index",Imports of goods,Cost insurance freight (CIF),Units,Not Applicable,103.3315705975674,2016,False,Low,No Data
Finland,"Imports of goods, Volume index",Imports of goods,Cost insurance freight (CIF),Units,Not Applicable,108.3024854574299,2017,False,Low,Increasing
Finland,"Imports of goods, Volume index",Imports of goods,Cost insurance freight (CIF),Units,Not Applicable,108.4082496033844,2018,False,Low,Increasing
Finland,"Imports of goods, Volume index",Imports of goods,Cost insurance freight (CIF),Units,Not Applicable,106.9275515600211,2019,False,Low,Decreasing
Finland,"Imports of goods, Volume index",Imports of goods,Cost insurance freight (CIF),Units,Not Applicable,101.9037546271814,2020,False,Low,Decreasing
Finland,"Imports of goods, Volume index",Imports of goods,Cost insurance freight (CIF),Units,Not Applicable,106.1078794288736,2021,False,Low,Increasing
Finland,"Imports of goods, Volume index",Imports of goods,Cost insurance freight (CIF),Units,Not Applicable,113.088313061872,2022,False,Low,Increasing
Finland,"Imports of goods, Volume index",Imports of goods,Cost insurance freight (CIF),Units,Not Applicable,96.50978318350079,2023,False,Low,Decreasing
Finland,"Imports of goods, Volume index",Imports of goods,Cost insurance freight (CIF),Units,Not Applicable,94.2622950819672,2024,False,Low,Decreasing
Finland,"Imports of goods, Volume index",Imports of goods,Cost insurance freight (CIF),Units,Not Applicable,92.38498149127444,2025,False,Low,Decreasing
France,Export price index (EPI),Exports of goods,Free on board (FOB),Units,Not Applicable,104.2836903075257,2016,True,Low,No Data
France,Export price index (EPI),Exports of goods,Free on board (FOB),Units,Not Applicable,105.4254521210101,2017,True,Low,Increasing
France,Exports of goods,Exports of goods,Free on board (FOB),Millions,USD,501178000000.0,2016,True,High,No Data
France,Exports of goods,Exports of goods,Free on board (FOB),Millions,USD,535298000000.0,2017,True,High,Increasing
France,Exports of goods,Exports of goods,Free on board (FOB),Millions,USD,582224000000.0,2018,True,High,Increasing
France,Exports of goods,Exports of goods,Free on board (FOB),Millions,USD,570953000000.0,2019,True,High,Decreasing
France,Exports of goods,Exports of goods,Free on board (FOB),Millions,USD,488638000000.0,2020,True,High,Decreasing
France,Exports of goods,Exports of goods,Free on board (FOB),Millions,USD,585020000000.0,2021,True,High,Increasing
France,Exports of goods,Exports of goods,Free on board (FOB),Millions,USD,620462000000.0,2022,True,High,Increasing
France,Exports of goods,Exports of goods,Free on board (FOB),Millions,USD,651124000000.0,2023,True,High,Increasing
France,Exports of goods,Exports of goods,Free on board (FOB),Millions,USD,640519000000.0,2024,True,High,Decreasing
France,Exports of goods,Exports of goods,Free on board (FOB),Millions,USD,683015000000.0,2025,True,High,Increasing
France,"Exports of goods, Volume index",Exports of goods,Free on board (FOB),Units,Not Applicable,98.96935177651211,2016,True,Low,No Data
France,"Exports of goods, Volume index",Exports of goods,Free on board (FOB),Units,Not Applicable,99.56604285326829,2017,True,Low,Increasing
France,"Exports of goods, Volume index",Exports of goods,Free on board (FOB),Units,Not Applicable,100.0,2018,True,Low,Increasing
France,"Exports of goods, Volume index",Exports of goods,Free on board (FOB),Units,Not Applicable,99.07784106319504,2019,True,Low,Decreasing
France,"Exports of goods, Volume index",Exports of goods,Free on board (FOB),Units,Not Applicable,80.63466232709523,2020,True,Low,Decreasing
France,"Exports of goods, Volume index",Exports of goods,Free on board (FOB),Units,Not Applicable,85.6522918361812,2021,True,Low,Increasing
France,"Exports of goods, Volume index",Exports of goods,Free on board (FOB),Units,Not Applicable,86.22186059126663,2022,True,Low,Increasing
France,"Exports of goods, Volume index",Exports of goods,Free on board (FOB),Units,Not Applicable,85.24545701112018,2023,True,Low,Decreasing
France,"Exports of goods, Volume index",Exports of goods,Free on board (FOB),Units,Not Applicable,82.07214537564418,2024,True,Low,Decreasing
France,"Exports of goods, Volume index",Exports of goods,Free on board (FOB),Units,Not Applicable,80.66178464876596,2025,True,Low,Decreasing
France,Import price index,Imports of goods,Cost insurance freight (CIF),Units,Not Applicable,94.66087099155258,2016,False,Low,No Data
France,Import price index,Imports of goods,Cost insurance freight (CIF),Units,Not Applicable,97.6543918641844,2017,False,Low,Increasing
France,Import price index,Imports of goods,Cost insurance freight (CIF),Units,Not Applicable,100.3608627901255,2018,False,Low,Increasing
France,Import price index,Imports of goods,Cost insurance freight (CIF),Units,Not Applicable,100.1394242598212,2019,False,Low,Decreasing
France,Import price index,Imports of goods,Cost insurance freight (CIF),Units,Not Applicable,96.09612072500616,2020,False,Low,Decreasing
France,Import price index,Imports of goods,Cost insurance freight (CIF),Units,Not Applicable,107.9225785286641,2021,False,Low,Increasing
France,Imports of goods,Imports of goods,Cost insurance freight (CIF),Millions,USD,567659000000.0,2016,False,High,No Data
France,Imports of goods,Imports of goods,Cost insurance freight (CIF),Millions,USD,619335000000.0,2017,False,High,Increasing
France,Imports of goods,Imports of goods,Cost insurance freight (CIF),Millions,USD,676444000000.0,2018,False,High,Increasing
France,Imports of goods,Imports of goods,Cost insurance freight (CIF),Millions,USD,654658000000.0,2019,False,High,Decreasing
France,Imports of goods,Imports of goods,Cost insurance freight (CIF),Millions,USD,581297000000.0,2020,False,High,Decreasing
France,Imports of goods,Imports of goods,Cost insurance freight (CIF),Millions,USD,715083000000.0,2021,False,High,Increasing
France,Imports of goods,Imports of goods,Cost insurance freight (CIF),Millions,USD,823216000000.0,2022,False,High,Increasing
France,Imports of goods,Imports of goods,Cost insurance freight (CIF),Millions,USD,788176000000.0,2023,False,High,Decreasing
France,Imports of goods,Imports of goods,Cost insurance freight (CIF),Millions,USD,751836000000.0,2024,False,High,Decreasing
France,Imports of goods,Imports of goods,Cost insurance freight (CIF),Millions,USD,787731000000.0,2025,False,High,Increasing
France,"Imports of goods, Volume index",Imports of goods,Cost insurance freight (CIF),Units,Not Applicable,92.5786501747782,2016,False,Low,No Data
France,"Imports of goods, Volume index",Imports of goods,Cost insurance freight (CIF),Units,Not Applicable,92.76687281527293,2017,False,Low,Increasing
France,"Imports of goods, Volume index",Imports of goods,Cost insurance freight (CIF),Units,Not Applicable,92.39042753428345,2018,False,Low,Decreasing
France,"Imports of goods, Volume index",Imports of goods,Cost insurance freight (CIF),Units,Not Applicable,90.85775746168328,2019,False,Low,Decreasing
France,"Imports of goods, Volume index",Imports of goods,Cost insurance freight (CIF),Units,Not Applicable,78.0048400107556,2020,False,Low,Decreasing
France,"Imports of goods, Volume index",Imports of goods,Cost insurance freight (CIF),Units,Not Applicable,84.26996504436678,2021,False,Low,Increasing
France,"Imports of goods, Volume index",Imports of goods,Cost insurance freight (CIF),Units,Not Applicable,89.45953213229365,2022,False,Low,Increasing
France,"Imports of goods, Volume index",Imports of goods,Cost insurance freight (CIF),Units,Not Applicable,81.82307071793495,2023,False,Low,Decreasing
France,"Imports of goods, Volume index",Imports of goods,Cost insurance freight (CIF),Units,Not Applicable,76.44528098951334,2024,False,Low,Decreasing
France,"Imports of goods, Volume index",Imports of goods,Cost insurance freight (CIF),Units,Not Applicable,74.42860984135523,2025,False,Low,Decreasing
Gabon,Exports of goods,Exports of goods,Free on board (FOB),Billions,USD,9503000000.0,2016,True,High,No Data
Gabon,Exports of goods,Exports of goods,Free on board (FOB),Billions,USD,5771000000.0,2017,True,Medium,Decreasing
Gabon,Exports of goods,Exports of goods,Free on board (FOB),Billions,USD,8584000000.0,2018,True,Medium,Increasing
Gabon,Exports of goods,Exports of goods,Free on board (FOB),Billions,USD,7714000000.0,2019,True,Medium,Decreasing
Gabon,Exports of goods,Exports of goods,Free on board (FOB),Billions,USD,7345000000.0,2020,True,Medium,Decreasing
Gabon,Exports of goods,Exports of goods,Free on board (FOB),Billions,USD,8031000000.000001,2021,True,Medium,Increasing
Gabon,Exports of goods,Exports of goods,Free on board (FOB),Billions,USD,10470000000.0,2022,True,High,Increasing
Gabon,Exports of goods,Exports of goods,Free on board (FOB),Billions,USD,12695000000.0,2023,True,High,Increasing
Gabon,Exports of goods,Exports of goods,Free on board (FOB),Billions,USD,13000000000.0,2024,True,High,Increasing
Gabon,Exports of goods,Exports of goods,Free on board (FOB),Billions,USD,11600000000.0,2025,True,High,Decreasing
Gabon,Imports of goods,Imports of goods,Cost insurance freight (CIF),Billions,USD,6172000000.0,2016,False,Medium,No Data
Gabon,Imports of goods,Imports of goods,Cost insurance freight (CIF),Billions,USD,3845000000.0,2017,False,Medium,Decreasing
Gabon,Imports of goods,Imports of goods,Cost insurance freight (CIF),Billions,USD,3493000000.0,2018,False,Medium,Decreasing
Gabon,Imports of goods,Imports of goods,Cost insurance freight (CIF),Billions,USD,3874000000.0,2019,False,Medium,Increasing
Gabon,Imports of goods,Imports of goods,Cost insurance freight (CIF),Billions,USD,3484000000.0,2020,False,Medium,Decreasing
Gabon,Imports of goods,Imports of goods,Cost insurance freight (CIF),Billions,USD,3646000000.0,2021,False,Medium,Increasing
Gabon,Imports of goods,Imports of goods,Cost insurance freight (CIF),Billions,USD,4059999999.9999995,2022,False,Medium,Increasing
Gabon,Imports of goods,Imports of goods,Cost insurance freight (CIF),Billions,USD,4216999999.9999995,2023,False,Medium,Increasing
Gabon,Imports of goods,Imports of goods,Cost insurance freight (CIF),Billions,USD,4000000000.0,2024,False,Medium,Decreasing
Gabon,Imports of goods,Imports of goods,Cost insurance freight (CIF),Billions,USD,4000000000.0,2025,False,Medium,No Data
"Gambia, The",Exports of goods,Exports of goods,Free on board (FOB),Millions,USD,89417074.6125798,2016,True,Medium,No Data
"Gambia, The",Exports of goods,Exports of goods,Free on board (FOB),Millions,USD,22181744.929414302,2017,True,Medium,Decreasing
"Gambia, The",Exports of goods,Exports of goods,Free on board (FOB),Millions,USD,12269207.6994887,2018,True,Medium,Decreasing
"Gambia, The",Exports of goods,Exports of goods,Free on board (FOB),Millions,USD,30784424.699412897,2019,True,Medium,Increasing
"Gambia, The",Exports of goods,Exports of goods,Free on board (FOB),Millions,USD,27813904.6127033,2020,True,Medium,Decreasing
"Gambia, The",Exports of goods,Exports of goods,Free on board (FOB),Millions,USD,25850717.7426345,2021,True,Medium,Decreasing
"Gambia, The",Exports of goods,Exports of goods,Free on board (FOB),Millions,USD,21603000.0,2022,True,Medium,Decreasing
"Gambia, The",Exports of goods,Exports of goods,Free on board (FOB),Millions,USD,12702000.0,2023,True,Medium,Decreasing
"Gambia, The",Imports of goods,Imports of goods,Cost insurance freight (CIF),Millions,USD,362323355.53783005,2016,False,Medium,No Data
"Gambia, The",Imports of goods,Imports of goods,Cost insurance freight (CIF),Millions,USD,547791156.45634,2017,False,Medium,Increasing
"Gambia, The",Imports of goods,Imports of goods,Cost insurance freight (CIF),Millions,USD,664632694.770968,2018,False,Medium,Increasing
"Gambia, The",Imports of goods,Imports of goods,Cost insurance freight (CIF),Millions,USD,608143830.131703,2019,False,Medium,Decreasing
"Gambia, The",Imports of goods,Imports of goods,Cost insurance freight (CIF),Millions,USD,676099011.209527,2020,False,Medium,Increasing
"Gambia, The",Imports of goods,Imports of goods,Cost insurance freight (CIF),Millions,USD,694187887.696065,2021,False,Medium,Increasing
"Gambia, The",Imports of goods,Imports of goods,Cost insurance freight (CIF),Millions,USD,751905000.0,2022,False,Medium,Increasing
"Gambia, The",Imports of goods,Imports of goods,Cost insurance freight (CIF),Millions,USD,754093000.0,2023,False,Medium,Increasing
Georgia,Exports of goods,Exports of goods,Free on board (FOB),Millions,USD,2117000000.0,2016,True,Medium,No Data
Georgia,Exports of goods,Exports of goods,Free on board (FOB),Millions,USD,2746000000.0,2017,True,Medium,Increasing
Georgia,Exports of goods,Exports of goods,Free on board (FOB),Millions,USD,3380000000.0,2018,True,Medium,Increasing
Georgia,Exports of goods,Exports of goods,Free on board (FOB),Millions,USD,3798000000.0,2019,True,Medium,Increasing
Georgia,Exports of goods,Exports of goods,Free on board (FOB),Millions,USD,3341000000.0,2020,True,Medium,Decreasing
Georgia,Exports of goods,Exports of goods,Free on board (FOB),Millions,USD,4243000000.0,2021,True,Medium,Increasing
Georgia,Exports of goods,Exports of goods,Free on board (FOB),Millions,USD,5583000000.0,2022,True,Medium,Increasing
Georgia,Exports of goods,Exports of goods,Free on board (FOB),Millions,USD,6086000000.0,2023,True,Medium,Increasing
Georgia,Exports of goods,Exports of goods,Free on board (FOB),Millions,USD,6559000000.0,2024,True,Medium,Increasing
Georgia,Exports of goods,Exports of goods,Free on board (FOB),Millions,USD,7291000000.0,2025,True,Medium,Increasing
Georgia,Imports of goods,Imports of goods,Cost insurance freight (CIF),Millions,USD,7342000000.0,2016,False,Medium,No Data
Georgia,Imports of goods,Imports of goods,Cost insurance freight (CIF),Millions,USD,8057000000.0,2017,False,Medium,Increasing
Georgia,Imports of goods,Imports of goods,Cost insurance freight (CIF),Millions,USD,9362000000.0,2018,False,High,Increasing
Georgia,Imports of goods,Imports of goods,Cost insurance freight (CIF),Millions,USD,9518000000.0,2019,False,High,Increasing
Georgia,Imports of goods,Imports of goods,Cost insurance freight (CIF),Millions,USD,8049000000.0,2020,False,Medium,Decreasing
Georgia,Imports of goods,Imports of goods,Cost insurance freight (CIF),Millions,USD,10099000000.0,2021,False,High,Increasing
Georgia,Imports of goods,Imports of goods,Cost insurance freight (CIF),Millions,USD,13540000000.0,2022,False,High,Increasing
Georgia,Imports of goods,Imports of goods,Cost insurance freight (CIF),Millions,USD,15611000000.0,2023,False,High,Increasing
Georgia,Imports of goods,Imports of goods,Cost insurance freight (CIF),Millions,USD,16889000000.0,2024,False,High,Increasing
Georgia,Imports of goods,Imports of goods,Cost insurance freight (CIF),Millions,USD,18530000000.0,2025,False,High,Increasing
Germany,Export price index (EPI),Exports of goods,Free on board (FOB),Units,Not Applicable,104.0333333333333,2016,True,Low,No Data
Germany,Export price index (EPI),Exports of goods,Free on board (FOB),Units,Not Applicable,105.925,2017,True,Low,Increasing
Germany,Exports of goods,Exports of goods,Free on board (FOB),Millions,USD,1334356000000.0,2016,True,High,No Data
Germany,Exports of goods,Exports of goods,Free on board (FOB),Millions,USD,1448191000000.0,2017,True,High,Increasing
Germany,Exports of goods,Exports of goods,Free on board (FOB),Millions,USD,1560538000000.0,2018,True,High,Increasing
Germany,Exports of goods,Exports of goods,Free on board (FOB),Millions,USD,1489411000000.0,2019,True,High,Decreasing
Germany,Exports of goods,Exports of goods,Free on board (FOB),Millions,USD,1382534000000.0,2020,True,High,Decreasing
Germany,Exports of goods,Exports of goods,Free on board (FOB),Millions,USD,1627377000000.0,2021,True,High,Increasing
Germany,Exports of goods,Exports of goods,Free on board (FOB),Millions,USD,1676470000000.0,2022,True,High,Increasing
Germany,Exports of goods,Exports of goods,Free on board (FOB),Millions,USD,1702278000000.0,2023,True,High,Increasing
Germany,Exports of goods,Exports of goods,Free on board (FOB),Millions,USD,1676406000000.0,2024,True,High,Decreasing
Germany,Exports of goods,Exports of goods,Free on board (FOB),Millions,USD,1764939000000.0,2025,True,High,Increasing
Germany,"Exports of goods, Price deflator",Exports of goods,Free on board (FOB),Units,Not Applicable,109.4470431005679,2016,True,Low,No Data
Germany,"Exports of goods, Price deflator",Exports of goods,Free on board (FOB),Units,Not Applicable,111.8526561977948,2017,True,Low,Increasing
Germany,"Exports of goods, Volume index",Exports of goods,Free on board (FOB),Units,Not Applicable,104.2317266349853,2016,True,Low,No Data
Germany,"Exports of goods, Volume index",Exports of goods,Free on board (FOB),Units,Not Applicable,105.9968318624123,2017,True,Low,Increasing
Germany,"Exports of goods, Volume index",Exports of goods,Free on board (FOB),Units,Not Applicable,105.928943199819,2018,True,Low,Decreasing
Germany,"Exports of goods, Volume index",Exports of goods,Free on board (FOB),Units,Not Applicable,102.0140303236026,2019,True,Low,Decreasing
Germany,"Exports of goods, Volume index",Exports of goods,Free on board (FOB),Units,Not Applicable,90.92554876668927,2020,True,Low,Decreasing
Germany,"Exports of goods, Volume index",Exports of goods,Free on board (FOB),Units,Not Applicable,96.01719846119032,2021,True,Low,Increasing
Germany,"Exports of goods, Volume index",Exports of goods,Free on board (FOB),Units,Not Applicable,95.45145960624576,2022,True,Low,Decreasing
Germany,"Exports of goods, Volume index",Exports of goods,Free on board (FOB),Units,Not Applicable,92.305951572754,2023,True,Low,Decreasing
Germany,"Exports of goods, Volume index",Exports of goods,Free on board (FOB),Units,Not Applicable,90.20140303236026,2024,True,Low,Decreasing
Germany,"Exports of goods, Volume index",Exports of goods,Free on board (FOB),Units,Not Applicable,89.16044353926227,2025,True,Low,Decreasing
Germany,Import price index,Imports of goods,Cost insurance freight (CIF),Units,Not Applicable,97.06477732793525,2016,False,Low,No Data
Germany,Import price index,Imports of goods,Cost insurance freight (CIF),Units,Not Applicable,100.4232609495767,2017,False,Low,Increasing
Germany,Import price index,Imports of goods,Cost insurance freight (CIF),Units,Not Applicable,103.2664703717335,2018,False,Low,Increasing
Germany,Import price index,Imports of goods,Cost insurance freight (CIF),Units,Not Applicable,102.2175193227825,2019,False,Low,Decreasing
Germany,Import price index,Imports of goods,Cost insurance freight (CIF),Units,Not Applicable,97.45123297754876,2020,False,Low,Decreasing
Germany,Import price index,Imports of goods,Cost insurance freight (CIF),Units,Not Applicable,110.4343025395657,2021,False,Low,Increasing
Germany,Import price index,Imports of goods,Cost insurance freight (CIF),Units,Not Applicable,134.6613912403386,2022,False,Low,Increasing
Germany,Import price index,Imports of goods,Cost insurance freight (CIF),Units,Not Applicable,125.7177033492824,2023,False,Low,Decreasing
Germany,Import price index,Imports of goods,Cost insurance freight (CIF),Units,Not Applicable,123.8406330511593,2024,False,Low,Decreasing
Germany,Import price index,Imports of goods,Cost insurance freight (CIF),Units,Not Applicable,123.0861244019139,2025,False,Low,Decreasing
Germany,Imports of goods,Imports of goods,Cost insurance freight (CIF),Millions,USD,1055327000000.0,2016,False,High,No Data
Germany,Imports of goods,Imports of goods,Cost insurance freight (CIF),Millions,USD,1162907000000.0,2017,False,High,Increasing
Germany,Imports of goods,Imports of goods,Cost insurance freight (CIF),Millions,USD,1284351000000.0,2018,False,High,Increasing
Germany,Imports of goods,Imports of goods,Cost insurance freight (CIF),Millions,USD,1233978000000.0,2019,False,High,Decreasing
Germany,Imports of goods,Imports of goods,Cost insurance freight (CIF),Millions,USD,1171782000000.0,2020,False,High,Decreasing
Germany,Imports of goods,Imports of goods,Cost insurance freight (CIF),Millions,USD,1411439000000.0,2021,False,High,Increasing
Germany,Imports of goods,Imports of goods,Cost insurance freight (CIF),Millions,USD,1583618000000.0,2022,False,High,Increasing
Germany,Imports of goods,Imports of goods,Cost insurance freight (CIF),Millions,USD,1467598000000.0,2023,False,High,Decreasing
Germany,Imports of goods,Imports of goods,Cost insurance freight (CIF),Millions,USD,1414154000000.0,2024,False,High,Decreasing
Germany,Imports of goods,Imports of goods,Cost insurance freight (CIF),Millions,USD,1538477000000.0,2025,False,High,Increasing
Germany,"Imports of goods, Price deflator",Imports of goods,Cost insurance freight (CIF),Units,Not Applicable,106.660545864285,2016,False,Low,No Data
Germany,"Imports of goods, Price deflator",Imports of goods,Cost insurance freight (CIF),Units,Not Applicable,111.434771721893,2017,False,Low,Increasing
Germany,"Imports of goods, Volume index",Imports of goods,Cost insurance freight (CIF),Units,Not Applicable,104.1920069504778,2016,False,Low,No Data
Germany,"Imports of goods, Volume index",Imports of goods,Cost insurance freight (CIF),Units,Not Applicable,106.1251086012163,2017,False,Low,Increasing
Germany,"Imports of goods, Volume index",Imports of goods,Cost insurance freight (CIF),Units,Not Applicable,107.3631624674196,2018,False,Low,Increasing
Germany,"Imports of goods, Volume index",Imports of goods,Cost insurance freight (CIF),Units,Not Applicable,105.4735013032146,2019,False,Low,Decreasing
Germany,"Imports of goods, Volume index",Imports of goods,Cost insurance freight (CIF),Units,Not Applicable,97.28496959165945,2020,False,Low,Decreasing
Germany,"Imports of goods, Volume index",Imports of goods,Cost insurance freight (CIF),Units,Not Applicable,102.2371850564726,2021,False,Low,Increasing
Germany,"Imports of goods, Volume index",Imports of goods,Cost insurance freight (CIF),Units,Not Applicable,107.8192875760209,2022,False,Low,Increasing
Germany,"Imports of goods, Volume index",Imports of goods,Cost insurance freight (CIF),Units,Not Applicable,100.629887054735,2023,False,Low,Decreasing
Germany,"Imports of goods, Volume index",Imports of goods,Cost insurance freight (CIF),Units,Not Applicable,96.26411815812337,2024,False,Low,Decreasing
Germany,"Imports of goods, Volume index",Imports of goods,Cost insurance freight (CIF),Units,Not Applicable,100.2606429192007,2025,False,Low,Increasing
Ghana,Exports of goods,Exports of goods,Free on board (FOB),Millions,USD,11068731588.67775,2016,True,High,No Data
Ghana,Exports of goods,Exports of goods,Free on board (FOB),Millions,USD,13835020000.0,2017,True,High,Increasing
Ghana,Exports of goods,Exports of goods,Free on board (FOB),Millions,USD,14868067120.008131,2018,True,High,Increasing
Ghana,Exports of goods,Exports of goods,Free on board (FOB),Millions,USD,15579321756.93853,2019,True,High,Increasing
Ghana,Exports of goods,Exports of goods,Free on board (FOB),Millions,USD,14462372393.23861,2020,True,High,Decreasing
Ghana,Exports of goods,Exports of goods,Free on board (FOB),Millions,USD,14727459381.07282,2021,True,High,Increasing
Ghana,Exports of goods,Exports of goods,Free on board (FOB),Millions,USD,17494360981.46972,2022,True,High,Increasing
Ghana,Exports of goods,Exports of goods,Free on board (FOB),Millions,USD,16689114072.74556,2023,True,High,Decreasing
Ghana,Imports of goods,Imports of goods,Free on board (FOB),Millions,USD,12770461712.41306,2016,False,High,No Data
Ghana,Imports of goods,Imports of goods,Free on board (FOB),Millions,USD,12647350000.0,2017,False,High,Decreasing
Ghana,Imports of goods,Imports of goods,Free on board (FOB),Millions,USD,13089276045.75938,2018,False,High,Increasing
Ghana,Imports of goods,Imports of goods,Free on board (FOB),Millions,USD,13391838927.10718,2019,False,High,Increasing
Ghana,Imports of goods,Imports of goods,Free on board (FOB),Millions,USD,12428520589.396551,2020,False,High,Decreasing
Ghana,Imports of goods,Imports of goods,Free on board (FOB),Millions,USD,13628516077.214779,2021,False,High,Increasing
Ghana,Imports of goods,Imports of goods,Free on board (FOB),Millions,USD,14621226762.936651,2022,False,High,Increasing
Ghana,Imports of goods,Imports of goods,Free on board (FOB),Millions,USD,14010467480.37913,2023,False,High,Decreasing
Greece,Export price index (EPI),Exports of goods,Free on board (FOB),Units,Not Applicable,89.52977663777409,2016,True,Low,No Data
Greece,Export price index (EPI),Exports of goods,Free on board (FOB),Units,Not Applicable,97.64193761630182,2017,True,Low,Increasing
Greece,Export price index (EPI),Exports of goods,Free on board (FOB),Units,Not Applicable,105.1060857355979,2018,True,Low,Increasing
Greece,Export price index (EPI),Exports of goods,Free on board (FOB),Units,Not Applicable,104.4996350388974,2019,True,Low,Decreasing
Greece,Exports of goods,Exports of goods,Free on board (FOB),Billions,USD,28152000000.0,2016,True,High,No Data
Greece,Exports of goods,Exports of goods,Free on board (FOB),Billions,USD,32627000000.000004,2017,True,High,Increasing
Greece,Exports of goods,Exports of goods,Free on board (FOB),Billions,USD,39502000000.0,2018,True,High,Increasing
Greece,Exports of goods,Exports of goods,Free on board (FOB),Billions,USD,37907000000.0,2019,True,High,Decreasing
Greece,Exports of goods,Exports of goods,Free on board (FOB),Billions,USD,35215000000.0,2020,True,High,Decreasing
Greece,Exports of goods,Exports of goods,Free on board (FOB),Billions,USD,47218000000.0,2021,True,High,Increasing
Greece,Exports of goods,Exports of goods,Free on board (FOB),Billions,USD,58523000000.0,2022,True,High,Increasing
Greece,Exports of goods,Exports of goods,Free on board (FOB),Billions,USD,55152000000.0,2023,True,High,Decreasing
Greece,Exports of goods,Exports of goods,Free on board (FOB),Billions,USD,54093000000.0,2024,True,High,Decreasing
Greece,Exports of goods,Exports of goods,Free on board (FOB),Billions,USD,54950000000.0,2025,True,High,Increasing
Greece,"Exports of goods, Volume index",Exports of goods,Free on board (FOB),Units,Not Applicable,130.6859205776173,2016,True,Low,No Data
Greece,"Exports of goods, Volume index",Exports of goods,Free on board (FOB),Units,Not Applicable,134.2390271708151,2017,True,Low,Increasing
Greece,"Exports of goods, Volume index",Exports of goods,Free on board (FOB),Units,Not Applicable,144.6323389701691,2018,True,Low,Increasing
Greece,"Exports of goods, Volume index",Exports of goods,Free on board (FOB),Units,Not Applicable,146.4183925517765,2019,True,Low,Increasing
Greece,"Exports of goods, Volume index",Exports of goods,Free on board (FOB),Units,Not Applicable,148.8884666539996,2020,True,Low,Increasing
Greece,"Exports of goods, Volume index",Exports of goods,Free on board (FOB),Units,Not Applicable,160.0798023940718,2021,True,Low,Increasing
Greece,"Exports of goods, Volume index",Exports of goods,Free on board (FOB),Units,Not Applicable,163.708911267338,2022,True,Low,Increasing
Greece,"Exports of goods, Volume index",Exports of goods,Free on board (FOB),Units,Not Applicable,165.4569637089113,2023,True,Medium,Increasing
Greece,"Exports of goods, Volume index",Exports of goods,Free on board (FOB),Units,Not Applicable,164.848945468364,2024,True,Medium,Decreasing
Greece,"Exports of goods, Volume index",Exports of goods,Free on board (FOB),Units,Not Applicable,161.8468554056622,2025,True,Low,Decreasing
Greece,Import price index,Imports of goods,Cost insurance freight (CIF),Units,Not Applicable,91.54474634239028,2016,False,Low,No Data
Greece,Import price index,Imports of goods,Cost insurance freight (CIF),Units,Not Applicable,96.91240737222115,2017,False,Low,Increasing
Greece,Import price index,Imports of goods,Cost insurance freight (CIF),Units,Not Applicable,103.3631008930268,2018,False,Low,Increasing
Greece,Import price index,Imports of goods,Cost insurance freight (CIF),Units,Not Applicable,106.4601938058142,2019,False,Low,Increasing
Greece,Import price index,Imports of goods,Cost insurance freight (CIF),Units,Not Applicable,94.9838495154855,2020,False,Low,Decreasing
Greece,Import price index,Imports of goods,Cost insurance freight (CIF),Units,Not Applicable,114.0034201026031,2021,False,Low,Increasing
Greece,Import price index,Imports of goods,Cost insurance freight (CIF),Units,Not Applicable,145.5918677560328,2022,False,Low,Increasing
Greece,Import price index,Imports of goods,Cost insurance freight (CIF),Units,Not Applicable,127.6838305149155,2023,False,Low,Decreasing
Greece,Import price index,Imports of goods,Cost insurance freight (CIF),Units,Not Applicable,125.0997529925898,2024,False,Low,Decreasing
Greece,Import price index,Imports of goods,Cost insurance freight (CIF),Units,Not Applicable,121.6131483944519,2025,False,Low,Decreasing
Greece,Imports of goods,Imports of goods,Cost insurance freight (CIF),Billions,USD,46809000000.0,2016,False,High,No Data
Greece,Imports of goods,Imports of goods,Cost insurance freight (CIF),Billions,USD,53497000000.0,2017,False,High,Increasing
Greece,Imports of goods,Imports of goods,Cost insurance freight (CIF),Billions,USD,63877000000.0,2018,False,High,Increasing
Greece,Imports of goods,Imports of goods,Cost insurance freight (CIF),Billions,USD,62385000000.0,2019,False,High,Decreasing
Greece,Imports of goods,Imports of goods,Cost insurance freight (CIF),Billions,USD,55948000000.0,2020,False,High,Decreasing
Greece,Imports of goods,Imports of goods,Cost insurance freight (CIF),Billions,USD,77106000000.0,2021,False,High,Increasing
Greece,Imports of goods,Imports of goods,Cost insurance freight (CIF),Billions,USD,99283000000.0,2022,False,High,Increasing
Greece,Imports of goods,Imports of goods,Cost insurance freight (CIF),Billions,USD,89841000000.0,2023,False,High,Decreasing
Greece,Imports of goods,Imports of goods,Cost insurance freight (CIF),Billions,USD,92589000000.0,2024,False,High,Increasing
Greece,Imports of goods,Imports of goods,Cost insurance freight (CIF),Billions,USD,92890000000.0,2025,False,High,Increasing
Greece,"Imports of goods, Volume index",Imports of goods,Cost insurance freight (CIF),Units,Not Applicable,93.07462686567168,2016,False,Low,No Data
Greece,"Imports of goods, Volume index",Imports of goods,Cost insurance freight (CIF),Units,Not Applicable,94.53731343283584,2017,False,Low,Increasing
Greece,"Imports of goods, Volume index",Imports of goods,Cost insurance freight (CIF),Units,Not Applicable,99.64179104477616,2018,False,Low,Increasing
Greece,"Imports of goods, Volume index",Imports of goods,Cost insurance freight (CIF),Units,Not Applicable,101.8805970149254,2019,False,Low,Increasing
Greece,"Imports of goods, Volume index",Imports of goods,Cost insurance freight (CIF),Units,Not Applicable,97.43283582089556,2020,False,Low,Decreasing
Greece,"Imports of goods, Volume index",Imports of goods,Cost insurance freight (CIF),Units,Not Applicable,107.1940298507463,2021,False,Low,Increasing
Greece,"Imports of goods, Volume index",Imports of goods,Cost insurance freight (CIF),Units,Not Applicable,112.3582089552239,2022,False,Low,Increasing
Greece,"Imports of goods, Volume index",Imports of goods,Cost insurance freight (CIF),Units,Not Applicable,111.9701492537314,2023,False,Low,Decreasing
Greece,"Imports of goods, Volume index",Imports of goods,Cost insurance freight (CIF),Units,Not Applicable,117.1641791044776,2024,False,Low,Increasing
Greece,"Imports of goods, Volume index",Imports of goods,Cost insurance freight (CIF),Units,Not Applicable,113.223880597015,2025,False,Low,Decreasing
Grenada,Exports of goods,Exports of goods,Free on board (FOB),Millions,USD,30000000.0,2016,True,Medium,No Data
Grenada,Exports of goods,Exports of goods,Free on board (FOB),Millions,USD,30000000.0,2017,True,Medium,No Data
Grenada,Exports of goods,Exports of goods,Free on board (FOB),Millions,USD,31000000.0,2018,True,Medium,Increasing
Grenada,Exports of goods,Exports of goods,Free on board (FOB),Millions,USD,34000000.0,2019,True,Medium,Increasing
Grenada,Exports of goods,Exports of goods,Free on board (FOB),Millions,USD,25000000.0,2020,True,Medium,Decreasing
Grenada,Exports of goods,Exports of goods,Free on board (FOB),Millions,USD,35000000.0,2021,True,Medium,Increasing
Grenada,Exports of goods,Exports of goods,Free on board (FOB),Millions,USD,37000000.0,2022,True,Medium,Increasing
Grenada,Exports of goods,Exports of goods,Free on board (FOB),Millions,USD,46000000.0,2023,True,Medium,Increasing
Grenada,Exports of goods,Exports of goods,Free on board (FOB),Millions,USD,43000000.0,2024,True,Medium,Decreasing
Grenada,Exports of goods,Exports of goods,Free on board (FOB),Millions,USD,35000000.0,2025,True,Medium,Decreasing
Grenada,Imports of goods,Imports of goods,Cost insurance freight (CIF),Millions,USD,351000000.0,2016,False,Medium,No Data
Grenada,Imports of goods,Imports of goods,Cost insurance freight (CIF),Millions,USD,420000000.0,2017,False,Medium,Increasing
Grenada,Imports of goods,Imports of goods,Cost insurance freight (CIF),Millions,USD,467000000.0,2018,False,Medium,Increasing
Grenada,Imports of goods,Imports of goods,Cost insurance freight (CIF),Millions,USD,480000000.0,2019,False,Medium,Increasing
Grenada,Imports of goods,Imports of goods,Cost insurance freight (CIF),Millions,USD,395000000.0,2020,False,Medium,Decreasing
Grenada,Imports of goods,Imports of goods,Cost insurance freight (CIF),Millions,USD,447000000.0,2021,False,Medium,Increasing
Grenada,Imports of goods,Imports of goods,Cost insurance freight (CIF),Millions,USD,589000000.0,2022,False,Medium,Increasing
Grenada,Imports of goods,Imports of goods,Cost insurance freight (CIF),Millions,USD,609000000.0,2023,False,Medium,Increasing
Grenada,Imports of goods,Imports of goods,Cost insurance freight (CIF),Millions,USD,635000000.0,2024,False,Medium,Increasing
Grenada,Imports of goods,Imports of goods,Cost insurance freight (CIF),Millions,USD,653000000.0,2025,False,Medium,Increasing
Guatemala,Exports of goods,Exports of goods,Free on board (FOB),Millions,USD,10447000000.0,2016,True,High,No Data
Guatemala,Exports of goods,Exports of goods,Free on board (FOB),Millions,USD,10989000000.0,2017,True,High,Increasing
Guatemala,Exports of goods,Exports of goods,Free on board (FOB),Millions,USD,10769000000.0,2018,True,High,Decreasing
Guatemala,Exports of goods,Exports of goods,Free on board (FOB),Millions,USD,11176000000.0,2019,True,High,Increasing
Guatemala,Exports of goods,Exports of goods,Free on board (FOB),Millions,USD,11521000000.0,2020,True,High,Increasing
Guatemala,Exports of goods,Exports of goods,Free on board (FOB),Millions,USD,13752000000.0,2021,True,High,Increasing
Guatemala,Exports of goods,Exports of goods,Free on board (FOB),Millions,USD,15696000000.0,2022,True,High,Increasing
Guatemala,Exports of goods,Exports of goods,Free on board (FOB),Millions,USD,14199000000.0,2023,True,High,Decreasing
Guatemala,Exports of goods,Exports of goods,Free on board (FOB),Millions,USD,14602000000.0,2024,True,High,Increasing
Guatemala,Exports of goods,Exports of goods,Free on board (FOB),Millions,USD,15558000000.0,2025,True,High,Increasing
Guatemala,"Exports of goods, Volume index",Exports of goods,Free on board (FOB),Units,Not Applicable,126.2548262548263,2016,True,Low,No Data
Guatemala,"Exports of goods, Volume index",Exports of goods,Free on board (FOB),Units,Not Applicable,130.2016302016302,2017,True,Low,Increasing
Guatemala,"Exports of goods, Volume index",Exports of goods,Free on board (FOB),Units,Not Applicable,129.7940797940798,2018,True,Low,Decreasing
Guatemala,"Exports of goods, Volume index",Exports of goods,Free on board (FOB),Units,Not Applicable,139.7897897897898,2019,True,Low,Increasing
Guatemala,"Exports of goods, Volume index",Exports of goods,Free on board (FOB),Units,Not Applicable,138.1166881166881,2020,True,Low,Decreasing
Guatemala,"Exports of goods, Volume index",Exports of goods,Free on board (FOB),Units,Not Applicable,143.6078936078936,2021,True,Low,Increasing
Guatemala,"Exports of goods, Volume index",Exports of goods,Free on board (FOB),Units,Not Applicable,147.5332475332475,2022,True,Low,Increasing
Guatemala,"Exports of goods, Volume index",Exports of goods,Free on board (FOB),Units,Not Applicable,131.9390819390819,2023,True,Low,Decreasing
Guatemala,"Exports of goods, Volume index",Exports of goods,Free on board (FOB),Units,Not Applicable,131.0810810810811,2024,True,Low,Decreasing
Guatemala,"Exports of goods, Volume index",Exports of goods,Free on board (FOB),Units,Not Applicable,137.044187044187,2025,True,Low,Increasing
Guatemala,Imports of goods,Imports of goods,Cost insurance freight (CIF),Millions,USD,17001000000.0,2016,False,High,No Data
Guatemala,Imports of goods,Imports of goods,Cost insurance freight (CIF),Millions,USD,18390000000.0,2017,False,High,Increasing
Guatemala,Imports of goods,Imports of goods,Cost insurance freight (CIF),Millions,USD,19699000000.0,2018,False,High,Increasing
Guatemala,Imports of goods,Imports of goods,Cost insurance freight (CIF),Millions,USD,19884000000.0,2019,False,High,Increasing
Guatemala,Imports of goods,Imports of goods,Cost insurance freight (CIF),Millions,USD,18207000000.0,2020,False,High,Decreasing
Guatemala,Imports of goods,Imports of goods,Cost insurance freight (CIF),Millions,USD,26606000000.0,2021,False,High,Increasing
Guatemala,Imports of goods,Imports of goods,Cost insurance freight (CIF),Millions,USD,32115000000.0,2022,False,High,Increasing
Guatemala,Imports of goods,Imports of goods,Cost insurance freight (CIF),Millions,USD,30317000000.0,2023,False,High,Decreasing
Guatemala,Imports of goods,Imports of goods,Cost insurance freight (CIF),Millions,USD,32487000000.0,2024,False,High,Increasing
Guatemala,Imports of goods,Imports of goods,Cost insurance freight (CIF),Millions,USD,34609000000.0,2025,False,High,Increasing
Guatemala,"Imports of goods, Volume index",Imports of goods,Cost insurance freight (CIF),Units,Not Applicable,131.6684841875682,2016,False,Low,No Data
Guatemala,"Imports of goods, Volume index",Imports of goods,Cost insurance freight (CIF),Units,Not Applicable,135.5507088331516,2017,False,Low,Increasing
Guatemala,"Imports of goods, Volume index",Imports of goods,Cost insurance freight (CIF),Units,Not Applicable,137.2082878953108,2018,False,Low,Increasing
Guatemala,"Imports of goods, Volume index",Imports of goods,Cost insurance freight (CIF),Units,Not Applicable,142.7044711014177,2019,False,Low,Increasing
Guatemala,"Imports of goods, Volume index",Imports of goods,Cost insurance freight (CIF),Units,Not Applicable,135.0054525627045,2020,False,Low,Decreasing
Guatemala,"Imports of goods, Volume index",Imports of goods,Cost insurance freight (CIF),Units,Not Applicable,168.2878953107961,2021,False,Medium,Increasing
Guatemala,"Imports of goods, Volume index",Imports of goods,Cost insurance freight (CIF),Units,Not Applicable,175.0272628135224,2022,False,Medium,Increasing
Guatemala,"Imports of goods, Volume index",Imports of goods,Cost insurance freight (CIF),Units,Not Applicable,174.32933478735,2023,False,Medium,Decreasing
Guatemala,"Imports of goods, Volume index",Imports of goods,Cost insurance freight (CIF),Units,Not Applicable,192.4100327153762,2024,False,Medium,Increasing
Guatemala,"Imports of goods, Volume index",Imports of goods,Cost insurance freight (CIF),Units,Not Applicable,203.6205016357688,2025,False,Medium,Increasing
Guinea,Exports of goods,Exports of goods,Free on board (FOB),Billions,USD,2414000000.0,2016,True,Medium,No Data
Guinea,Exports of goods,Exports of goods,Free on board (FOB),Billions,USD,4594000000.0,2017,True,Medium,Increasing
Guinea,Exports of goods,Exports of goods,Free on board (FOB),Billions,USD,3978000000.0,2018,True,Medium,Decreasing
Guinea,Exports of goods,Exports of goods,Free on board (FOB),Billions,USD,3945000000.0,2019,True,Medium,Decreasing
Guinea,Exports of goods,Exports of goods,Free on board (FOB),Billions,USD,8931000000.0,2020,True,Medium,Increasing
Guinea,Exports of goods,Exports of goods,Free on board (FOB),Billions,USD,10239000000.0,2021,True,High,Increasing
Guinea,Exports of goods,Exports of goods,Free on board (FOB),Billions,USD,8753000000.0,2022,True,Medium,Decreasing
Guinea,Exports of goods,Exports of goods,Free on board (FOB),Billions,USD,9180000000.0,2023,True,High,Increasing
Guinea,Exports of goods,Exports of goods,Free on board (FOB),Billions,USD,9850000000.0,2024,True,High,Increasing
Guinea,Exports of goods,Exports of goods,Free on board (FOB),Billions,USD,15104000000.0,2025,True,High,Increasing
Guinea,Imports of goods,Imports of goods,Cost insurance freight (CIF),Billions,USD,4429000000.0,2016,False,Medium,No Data
Guinea,Imports of goods,Imports of goods,Cost insurance freight (CIF),Billions,USD,3484000000.0,2017,False,Medium,Decreasing
Guinea,Imports of goods,Imports of goods,Cost insurance freight (CIF),Billions,USD,3386000000.0,2018,False,Medium,Decreasing
Guinea,Imports of goods,Imports of goods,Cost insurance freight (CIF),Billions,USD,3470000000.0,2019,False,Medium,Increasing
Guinea,Imports of goods,Imports of goods,Cost insurance freight (CIF),Billions,USD,3727000000.0,2020,False,Medium,Increasing
Guinea,Imports of goods,Imports of goods,Cost insurance freight (CIF),Billions,USD,4187000000.0000005,2021,False,Medium,Increasing
Guinea,Imports of goods,Imports of goods,Cost insurance freight (CIF),Billions,USD,4843000000.0,2022,False,Medium,Increasing
Guinea,Imports of goods,Imports of goods,Cost insurance freight (CIF),Billions,USD,4844000000.0,2023,False,Medium,Increasing
Guinea,Imports of goods,Imports of goods,Cost insurance freight (CIF),Billions,USD,5881000000.0,2024,False,Medium,Increasing
Guinea,Imports of goods,Imports of goods,Cost insurance freight (CIF),Billions,USD,8343999999.999999,2025,False,Medium,Increasing
Guinea-Bissau,Exports of goods,Exports of goods,Free on board (FOB),Millions,USD,277000000.0,2016,True,Medium,No Data
Guinea-Bissau,Exports of goods,Exports of goods,Free on board (FOB),Millions,USD,339000000.0,2017,True,Medium,Increasing
Guinea-Bissau,Exports of goods,Exports of goods,Free on board (FOB),Millions,USD,339000000.0,2018,True,Medium,No Data
Guinea-Bissau,Exports of goods,Exports of goods,Free on board (FOB),Millions,USD,249000000.0,2019,True,Medium,Decreasing
Guinea-Bissau,Exports of goods,Exports of goods,Free on board (FOB),Millions,USD,214000000.0,2020,True,Medium,Decreasing
Guinea-Bissau,Exports of goods,Exports of goods,Free on board (FOB),Millions,USD,300000000.0,2021,True,Medium,Increasing
Guinea-Bissau,Exports of goods,Exports of goods,Free on board (FOB),Millions,USD,245000000.0,2022,True,Medium,Decreasing
Guinea-Bissau,Exports of goods,Exports of goods,Free on board (FOB),Millions,USD,240000000.0,2023,True,Medium,Decreasing
Guinea-Bissau,Exports of goods,Exports of goods,Free on board (FOB),Millions,USD,229000000.0,2024,True,Medium,Decreasing
Guinea-Bissau,Exports of goods,Exports of goods,Free on board (FOB),Millions,USD,313000000.0,2025,True,Medium,Increasing
Guinea-Bissau,Imports of goods,Imports of goods,Cost insurance freight (CIF),Millions,USD,279000000.0,2016,False,Medium,No Data
Guinea-Bissau,Imports of goods,Imports of goods,Cost insurance freight (CIF),Millions,USD,353000000.0,2017,False,Medium,Increasing
Guinea-Bissau,Imports of goods,Imports of goods,Cost insurance freight (CIF),Millions,USD,345000000.0,2018,False,Medium,Decreasing
Guinea-Bissau,Imports of goods,Imports of goods,Cost insurance freight (CIF),Millions,USD,385000000.0,2019,False,Medium,Increasing
Guinea-Bissau,Imports of goods,Imports of goods,Cost insurance freight (CIF),Millions,USD,361000000.0,2020,False,Medium,Decreasing
Guinea-Bissau,Imports of goods,Imports of goods,Cost insurance freight (CIF),Millions,USD,412000000.0,2021,False,Medium,Increasing
Guinea-Bissau,Imports of goods,Imports of goods,Cost insurance freight (CIF),Millions,USD,469000000.0,2022,False,Medium,Increasing
Guinea-Bissau,Imports of goods,Imports of goods,Cost insurance freight (CIF),Millions,USD,474000000.0,2023,False,Medium,Increasing
Guinea-Bissau,Imports of goods,Imports of goods,Cost insurance freight (CIF),Millions,USD,486000000.0,2024,False,Medium,Increasing
Guinea-Bissau,Imports of goods,Imports of goods,Cost insurance freight (CIF),Millions,USD,489000000.0,2025,False,Medium,Increasing
Guyana,Exports of goods,Exports of goods,Free on board (FOB),Millions,USD,1421600100.0,2016,True,Medium,No Data
Guyana,Exports of goods,Exports of goods,Free on board (FOB),Millions,USD,1427920800.0,2017,True,Medium,Increasing
Guyana,Exports of goods,Exports of goods,Free on board (FOB),Millions,USD,1363319700.0,2018,True,Medium,Decreasing
Guyana,Exports of goods,Exports of goods,Free on board (FOB),Millions,USD,1498798500.0,2019,True,Medium,Increasing
Guyana,Exports of goods,Exports of goods,Free on board (FOB),Millions,USD,2558639289.474191,2020,True,Medium,Increasing
Guyana,Exports of goods,Exports of goods,Free on board (FOB),Millions,USD,4317742584.213357,2021,True,Medium,Increasing
Guyana,Exports of goods,Exports of goods,Free on board (FOB),Millions,USD,11223187015.98492,2022,True,High,Increasing
Guyana,Exports of goods,Exports of goods,Free on board (FOB),Millions,USD,12915160730.19478,2023,True,High,Increasing
Guyana,Exports of goods,Exports of goods,Free on board (FOB),Millions,USD,19528569432.89621,2024,True,High,Increasing
Guyana,Exports of goods,Exports of goods,Free on board (FOB),Millions,USD,20003376654.45398,2025,True,High,Increasing
Guyana,Imports of goods,Imports of goods,Cost insurance freight (CIF),Millions,USD,1458026622.5598972,2016,False,Medium,No Data
Guyana,Imports of goods,Imports of goods,Cost insurance freight (CIF),Millions,USD,1637467177.977756,2017,False,Medium,Increasing
Guyana,Imports of goods,Imports of goods,Cost insurance freight (CIF),Millions,USD,2400686670.34737,2018,False,Medium,Increasing
Guyana,Imports of goods,Imports of goods,Cost insurance freight (CIF),Millions,USD,4027944939.091971,2019,False,Medium,Increasing
Guyana,Imports of goods,Imports of goods,Cost insurance freight (CIF),Millions,USD,2241203460.9093847,2020,False,Medium,Decreasing
Guyana,Imports of goods,Imports of goods,Cost insurance freight (CIF),Millions,USD,4364694260.927594,2021,False,Medium,Increasing
Guyana,Imports of goods,Imports of goods,Cost insurance freight (CIF),Millions,USD,3609675781.967167,2022,False,Medium,Decreasing
Guyana,Imports of goods,Imports of goods,Cost insurance freight (CIF),Millions,USD,6623146634.630187,2023,False,Medium,Increasing
Guyana,Imports of goods,Imports of goods,Cost insurance freight (CIF),Millions,USD,6815110390.739888,2024,False,Medium,Increasing
Guyana,Imports of goods,Imports of goods,Cost insurance freight (CIF),Millions,USD,10234637351.24783,2025,False,High,Increasing
Haiti,Exports of goods,Exports of goods,Free on board (FOB),Millions,USD,1007000000.0,2016,True,Medium,No Data
Haiti,Exports of goods,Exports of goods,Free on board (FOB),Millions,USD,982000000.0,2017,True,Medium,Decreasing
Haiti,Exports of goods,Exports of goods,Free on board (FOB),Millions,USD,1078000000.0,2018,True,Medium,Increasing
Haiti,Exports of goods,Exports of goods,Free on board (FOB),Millions,USD,1147000000.0,2019,True,Medium,Increasing
Haiti,Exports of goods,Exports of goods,Free on board (FOB),Millions,USD,885000000.0,2020,True,Medium,Decreasing
Haiti,Exports of goods,Exports of goods,Free on board (FOB),Millions,USD,1084000000.0,2021,True,Medium,Increasing
Haiti,Exports of goods,Exports of goods,Free on board (FOB),Millions,USD,1254000000.0,2022,True,Medium,Increasing
Haiti,Exports of goods,Exports of goods,Free on board (FOB),Millions,USD,956000000.0,2023,True,Medium,Decreasing
Haiti,Exports of goods,Exports of goods,Free on board (FOB),Millions,USD,680000000.0,2024,True,Medium,Decreasing
Haiti,Exports of goods,Exports of goods,Free on board (FOB),Millions,USD,554000000.0,2025,True,Medium,Decreasing
Haiti,Imports of goods,Imports of goods,Cost insurance freight (CIF),Millions,USD,3786000000.0,2016,False,Medium,No Data
Haiti,Imports of goods,Imports of goods,Cost insurance freight (CIF),Millions,USD,4221000000.0,2017,False,Medium,Increasing
Haiti,Imports of goods,Imports of goods,Cost insurance freight (CIF),Millions,USD,4917000000.0,2018,False,Medium,Increasing
Haiti,Imports of goods,Imports of goods,Cost insurance freight (CIF),Millions,USD,4505000000.0,2019,False,Medium,Decreasing
Haiti,Imports of goods,Imports of goods,Cost insurance freight (CIF),Millions,USD,3934000000.0,2020,False,Medium,Decreasing
Haiti,Imports of goods,Imports of goods,Cost insurance freight (CIF),Millions,USD,4717000000.0,2021,False,Medium,Increasing
Haiti,Imports of goods,Imports of goods,Cost insurance freight (CIF),Millions,USD,4744000000.0,2022,False,Medium,Increasing
Haiti,Imports of goods,Imports of goods,Cost insurance freight (CIF),Millions,USD,4715000000.0,2023,False,Medium,Decreasing
Haiti,Imports of goods,Imports of goods,Cost insurance freight (CIF),Millions,USD,4246000000.0,2024,False,Medium,Decreasing
Haiti,Imports of goods,Imports of goods,Cost insurance freight (CIF),Millions,USD,4628000000.0,2025,False,Medium,Increasing
Honduras,Exports of goods,Exports of goods,Free on board (FOB),Millions,USD,3887292650.046466,2016,True,Medium,No Data
Honduras,Exports of goods,Exports of goods,Free on board (FOB),Millions,USD,4564202771.28161,2017,True,Medium,Increasing
Honduras,Exports of goods,Exports of goods,Free on board (FOB),Millions,USD,4333349107.487857,2018,True,Medium,Decreasing
Honduras,Exports of goods,Exports of goods,Free on board (FOB),Millions,USD,4232961043.492527,2019,True,Medium,Decreasing
Honduras,Exports of goods,Exports of goods,Free on board (FOB),Millions,USD,4258555318.9167433,2020,True,Medium,Increasing
Honduras,Exports of goods,Exports of goods,Free on board (FOB),Millions,USD,5180563612.07005,2021,True,Medium,Increasing
Honduras,Exports of goods,Exports of goods,Free on board (FOB),Millions,USD,6116234187.924492,2022,True,Medium,Increasing
Honduras,Exports of goods,Exports of goods,Free on board (FOB),Millions,USD,5950965769.509328,2023,True,Medium,Decreasing
Honduras,Exports of goods,Exports of goods,Free on board (FOB),Millions,USD,5638313411.120118,2024,True,Medium,Decreasing
Honduras,Exports of goods,Exports of goods,Free on board (FOB),Millions,USD,6843860652.190075,2025,True,Medium,Increasing
Honduras,Imports of goods,Imports of goods,Cost insurance freight (CIF),Millions,USD,8912750791.574814,2016,False,Medium,No Data
Honduras,Imports of goods,Imports of goods,Cost insurance freight (CIF),Millions,USD,9684399873.87068,2017,False,High,Increasing
Honduras,Imports of goods,Imports of goods,Cost insurance freight (CIF),Millions,USD,10724418890.487501,2018,False,High,Increasing
Honduras,Imports of goods,Imports of goods,Cost insurance freight (CIF),Millions,USD,10354176695.9574,2019,False,High,Decreasing
Honduras,Imports of goods,Imports of goods,Cost insurance freight (CIF),Millions,USD,8957719375.718996,2020,False,Medium,Decreasing
Honduras,Imports of goods,Imports of goods,Cost insurance freight (CIF),Millions,USD,13472455712.16328,2021,False,High,Increasing
Honduras,Imports of goods,Imports of goods,Cost insurance freight (CIF),Millions,USD,16313636734.38169,2022,False,High,Increasing
Honduras,Imports of goods,Imports of goods,Cost insurance freight (CIF),Millions,USD,16051522084.27051,2023,False,High,Decreasing
Honduras,Imports of goods,Imports of goods,Cost insurance freight (CIF),Millions,USD,16259327772.35005,2024,False,High,Increasing
Honduras,Imports of goods,Imports of goods,Cost insurance freight (CIF),Millions,USD,17127494032.801409,2025,False,High,Increasing
"Hong Kong Special Administrative Region, People's Republic of China",Exports of goods,Exports of goods,Free on board (FOB),Millions,USD,516635000000.0,2016,True,High,No Data
"Hong Kong Special Administrative Region, People's Republic of China",Exports of goods,Exports of goods,Free on board (FOB),Millions,USD,549864000000.0,2017,True,High,Increasing
"Hong Kong Special Administrative Region, People's Republic of China",Exports of goods,Exports of goods,Free on board (FOB),Millions,USD,568454000000.0,2018,True,High,Increasing
"Hong Kong Special Administrative Region, People's Republic of China",Exports of goods,Exports of goods,Free on board (FOB),Millions,USD,534888000000.0,2019,True,High,Decreasing
"Hong Kong Special Administrative Region, People's Republic of China",Exports of goods,Exports of goods,Free on board (FOB),Millions,USD,548774000000.0,2020,True,High,Increasing
"Hong Kong Special Administrative Region, People's Republic of China",Exports of goods,Exports of goods,Free on board (FOB),Millions,USD,669904000000.0,2021,True,High,Increasing
"Hong Kong Special Administrative Region, People's Republic of China",Exports of goods,Exports of goods,Free on board (FOB),Millions,USD,609923000000.0,2022,True,High,Decreasing
"Hong Kong Special Administrative Region, People's Republic of China",Exports of goods,Exports of goods,Free on board (FOB),Millions,USD,573869000000.0,2023,True,High,Decreasing
"Hong Kong Special Administrative Region, People's Republic of China",Exports of goods,Exports of goods,Free on board (FOB),Millions,USD,639712000000.0,2024,True,High,Increasing
"Hong Kong Special Administrative Region, People's Republic of China",Exports of goods,Exports of goods,Free on board (FOB),Millions,USD,753579000000.0,2025,True,High,Increasing
"Hong Kong Special Administrative Region, People's Republic of China","Exports of goods, Price deflator",Exports of goods,Free on board (FOB),Units,Not Applicable,113.6150234741784,2016,True,Low,No Data
"Hong Kong Special Administrative Region, People's Republic of China","Exports of goods, Price deflator",Exports of goods,Free on board (FOB),Units,Not Applicable,115.6328039156928,2017,True,Low,Increasing
"Hong Kong Special Administrative Region, People's Republic of China","Exports of goods, Price deflator",Exports of goods,Free on board (FOB),Units,Not Applicable,118.4796723604035,2018,True,Low,Increasing
"Hong Kong Special Administrative Region, People's Republic of China","Exports of goods, Price deflator",Exports of goods,Free on board (FOB),Units,Not Applicable,119.8981120767156,2019,True,Low,Increasing
"Hong Kong Special Administrative Region, People's Republic of China","Exports of goods, Price deflator",Exports of goods,Free on board (FOB),Units,Not Applicable,119.1489361702128,2020,True,Low,Decreasing
"Hong Kong Special Administrative Region, People's Republic of China","Exports of goods, Volume index",Exports of goods,Free on board (FOB),Units,Not Applicable,106.2693280854653,2016,True,Low,No Data
"Hong Kong Special Administrative Region, People's Republic of China","Exports of goods, Volume index",Exports of goods,Free on board (FOB),Units,Not Applicable,112.8291631524693,2017,True,Low,Increasing
"Hong Kong Special Administrative Region, People's Republic of China","Exports of goods, Volume index",Exports of goods,Free on board (FOB),Units,Not Applicable,118.3675381876114,2018,True,Low,Increasing
"Hong Kong Special Administrative Region, People's Republic of China","Exports of goods, Volume index",Exports of goods,Free on board (FOB),Units,Not Applicable,112.4449442414019,2019,True,Low,Decreasing
"Hong Kong Special Administrative Region, People's Republic of China","Exports of goods, Volume index",Exports of goods,Free on board (FOB),Units,Not Applicable,111.6015368756443,2020,True,Low,Decreasing
"Hong Kong Special Administrative Region, People's Republic of China",Imports of goods,Imports of goods,Cost insurance freight (CIF),Millions,USD,546519000000.0,2016,False,High,No Data
"Hong Kong Special Administrative Region, People's Republic of China",Imports of goods,Imports of goods,Cost insurance freight (CIF),Millions,USD,588912000000.0,2017,False,High,Increasing
"Hong Kong Special Administrative Region, People's Republic of China",Imports of goods,Imports of goods,Cost insurance freight (CIF),Millions,USD,626614000000.0,2018,False,High,Increasing
"Hong Kong Special Administrative Region, People's Republic of China",Imports of goods,Imports of goods,Cost insurance freight (CIF),Millions,USD,577834000000.0,2019,False,High,Decreasing
"Hong Kong Special Administrative Region, People's Republic of China",Imports of goods,Imports of goods,Cost insurance freight (CIF),Millions,USD,569767000000.0,2020,False,High,Decreasing
"Hong Kong Special Administrative Region, People's Republic of China",Imports of goods,Imports of goods,Cost insurance freight (CIF),Millions,USD,712357000000.0,2021,False,High,Increasing
"Hong Kong Special Administrative Region, People's Republic of China",Imports of goods,Imports of goods,Cost insurance freight (CIF),Millions,USD,667553000000.0,2022,False,High,Decreasing
"Hong Kong Special Administrative Region, People's Republic of China",Imports of goods,Imports of goods,Cost insurance freight (CIF),Millions,USD,653696000000.0,2023,False,High,Decreasing
"Hong Kong Special Administrative Region, People's Republic of China",Imports of goods,Imports of goods,Cost insurance freight (CIF),Millions,USD,697077000000.0,2024,False,High,Increasing
"Hong Kong Special Administrative Region, People's Republic of China",Imports of goods,Imports of goods,Cost insurance freight (CIF),Millions,USD,831833000000.0,2025,False,High,Increasing
"Hong Kong Special Administrative Region, People's Republic of China","Imports of goods, Price deflator",Imports of goods,Cost insurance freight (CIF),Units,Not Applicable,112.4937977572691,2016,False,Low,No Data
"Hong Kong Special Administrative Region, People's Republic of China","Imports of goods, Price deflator",Imports of goods,Cost insurance freight (CIF),Units,Not Applicable,114.6075220799841,2017,False,Low,Increasing
"Hong Kong Special Administrative Region, People's Republic of China","Imports of goods, Price deflator",Imports of goods,Cost insurance freight (CIF),Units,Not Applicable,117.5647514141113,2018,False,Low,Increasing
"Hong Kong Special Administrative Region, People's Republic of China","Imports of goods, Price deflator",Imports of goods,Cost insurance freight (CIF),Units,Not Applicable,119.0929840230227,2019,False,Low,Increasing
"Hong Kong Special Administrative Region, People's Republic of China","Imports of goods, Price deflator",Imports of goods,Cost insurance freight (CIF),Units,Not Applicable,118.2693261883497,2020,False,Low,Decreasing
"Hong Kong Special Administrative Region, People's Republic of China","Imports of goods, Volume index",Imports of goods,Cost insurance freight (CIF),Units,Not Applicable,108.8848852645553,2016,False,Low,No Data
"Hong Kong Special Administrative Region, People's Republic of China","Imports of goods, Volume index",Imports of goods,Cost insurance freight (CIF),Units,Not Applicable,116.2620898919022,2017,False,Low,Increasing
"Hong Kong Special Administrative Region, People's Republic of China","Imports of goods, Volume index",Imports of goods,Cost insurance freight (CIF),Units,Not Applicable,123.0893229660535,2018,False,Low,Increasing
"Hong Kong Special Administrative Region, People's Republic of China","Imports of goods, Volume index",Imports of goods,Cost insurance freight (CIF),Units,Not Applicable,113.7777356343637,2019,False,Low,Decreasing
"Hong Kong Special Administrative Region, People's Republic of China","Imports of goods, Volume index",Imports of goods,Cost insurance freight (CIF),Units,Not Applicable,110.8382325052152,2020,False,Low,Decreasing
Hungary,Export price index (EPI),Exports of goods,Free on board (FOB),Units,Not Applicable,106.1454628372087,2016,True,Low,No Data
Hungary,Export price index (EPI),Exports of goods,Free on board (FOB),Units,Not Applicable,106.7593005052246,2017,True,Low,Increasing
Hungary,Export price index (EPI),Exports of goods,Free on board (FOB),Units,Not Applicable,107.7197733164168,2018,True,Low,Increasing
Hungary,Export price index (EPI),Exports of goods,Free on board (FOB),Units,Not Applicable,108.1839184719772,2019,True,Low,Increasing
Hungary,Exports of goods,Exports of goods,Free on board (FOB),Billions,USD,101920000000.0,2016,True,High,No Data
Hungary,Exports of goods,Exports of goods,Free on board (FOB),Billions,USD,113805000000.0,2017,True,High,Increasing
Hungary,Exports of goods,Exports of goods,Free on board (FOB),Billions,USD,124705000000.0,2018,True,High,Increasing
Hungary,Exports of goods,Exports of goods,Free on board (FOB),Billions,USD,123797000000.0,2019,True,High,Decreasing
Hungary,Exports of goods,Exports of goods,Free on board (FOB),Billions,USD,120654000000.0,2020,True,High,Decreasing
Hungary,Exports of goods,Exports of goods,Free on board (FOB),Billions,USD,141831000000.0,2021,True,High,Increasing
Hungary,Exports of goods,Exports of goods,Free on board (FOB),Billions,USD,155793000000.0,2022,True,High,Increasing
Hungary,Exports of goods,Exports of goods,Free on board (FOB),Billions,USD,166427000000.0,2023,True,High,Increasing
Hungary,Exports of goods,Exports of goods,Free on board (FOB),Billions,USD,159268000000.0,2024,True,High,Decreasing
Hungary,Exports of goods,Exports of goods,Free on board (FOB),Billions,USD,168943000000.0,2025,True,High,Increasing
Hungary,"Exports of goods, Volume index",Exports of goods,Free on board (FOB),Units,Not Applicable,115.9010600706714,2016,True,Low,No Data
Hungary,"Exports of goods, Volume index",Exports of goods,Free on board (FOB),Units,Not Applicable,119.9646643109541,2017,True,Low,Increasing
Hungary,"Exports of goods, Volume index",Exports of goods,Free on board (FOB),Units,Not Applicable,122.4911660777385,2018,True,Low,Increasing
Hungary,"Exports of goods, Volume index",Exports of goods,Free on board (FOB),Units,Not Applicable,125.3886925795053,2019,True,Low,Increasing
Hungary,"Exports of goods, Volume index",Exports of goods,Free on board (FOB),Units,Not Applicable,118.8162544169611,2020,True,Low,Decreasing
Hungary,"Exports of goods, Volume index",Exports of goods,Free on board (FOB),Units,Not Applicable,123.7102473498233,2021,True,Low,Increasing
Hungary,"Exports of goods, Volume index",Exports of goods,Free on board (FOB),Units,Not Applicable,127.8268551236749,2022,True,Low,Increasing
Hungary,"Exports of goods, Volume index",Exports of goods,Free on board (FOB),Units,Not Applicable,127.7208480565371,2023,True,Low,Decreasing
Hungary,"Exports of goods, Volume index",Exports of goods,Free on board (FOB),Units,Not Applicable,125.6713780918728,2024,True,Low,Decreasing
Hungary,"Exports of goods, Volume index",Exports of goods,Free on board (FOB),Units,Not Applicable,126.7667844522968,2025,True,Low,Increasing
Hungary,Import price index,Imports of goods,Cost insurance freight (CIF),Units,Not Applicable,109.640672745807,2016,False,Low,No Data
Hungary,Import price index,Imports of goods,Cost insurance freight (CIF),Units,Not Applicable,110.3004888910639,2017,False,Low,Increasing
Hungary,Import price index,Imports of goods,Cost insurance freight (CIF),Units,Not Applicable,105.5931022848837,2018,False,Low,Decreasing
Hungary,Import price index,Imports of goods,Cost insurance freight (CIF),Units,Not Applicable,102.5461399806856,2019,False,Low,Decreasing
Hungary,Imports of goods,Imports of goods,Cost insurance freight (CIF),Billions,USD,93881000000.0,2016,False,High,No Data
Hungary,Imports of goods,Imports of goods,Cost insurance freight (CIF),Billions,USD,107522000000.0,2017,False,High,Increasing
Hungary,Imports of goods,Imports of goods,Cost insurance freight (CIF),Billions,USD,120740000000.0,2018,False,High,Increasing
Hungary,Imports of goods,Imports of goods,Cost insurance freight (CIF),Billions,USD,120589000000.0,2019,False,High,Decreasing
Hungary,Imports of goods,Imports of goods,Cost insurance freight (CIF),Billions,USD,116019000000.0,2020,False,High,Decreasing
Hungary,Imports of goods,Imports of goods,Cost insurance freight (CIF),Billions,USD,142917000000.0,2021,False,High,Increasing
Hungary,Imports of goods,Imports of goods,Cost insurance freight (CIF),Billions,USD,163973000000.0,2022,False,High,Increasing
Hungary,Imports of goods,Imports of goods,Cost insurance freight (CIF),Billions,USD,155815000000.0,2023,False,High,Decreasing
Hungary,Imports of goods,Imports of goods,Cost insurance freight (CIF),Billions,USD,150221000000.0,2024,False,High,Decreasing
Hungary,Imports of goods,Imports of goods,Cost insurance freight (CIF),Billions,USD,159955000000.0,2025,False,High,Increasing
Hungary,"Imports of goods, Volume index",Imports of goods,Cost insurance freight (CIF),Units,Not Applicable,118.5734321779203,2016,False,Low,No Data
Hungary,"Imports of goods, Volume index",Imports of goods,Cost insurance freight (CIF),Units,Not Applicable,126.90843518333,2017,False,Low,Increasing
Hungary,"Imports of goods, Volume index",Imports of goods,Cost insurance freight (CIF),Units,Not Applicable,131.7571628932078,2018,False,Low,Increasing
Hungary,"Imports of goods, Volume index",Imports of goods,Cost insurance freight (CIF),Units,Not Applicable,136.7060709276698,2019,False,Low,Increasing
Hungary,"Imports of goods, Volume index",Imports of goods,Cost insurance freight (CIF),Units,Not Applicable,130.795431777199,2020,False,Low,Decreasing
Hungary,"Imports of goods, Volume index",Imports of goods,Cost insurance freight (CIF),Units,Not Applicable,136.9264676417552,2021,False,Low,Increasing
Hungary,"Imports of goods, Volume index",Imports of goods,Cost insurance freight (CIF),Units,Not Applicable,139.8517331196153,2022,False,Low,Increasing
Hungary,"Imports of goods, Volume index",Imports of goods,Cost insurance freight (CIF),Units,Not Applicable,133.8008415147265,2023,False,Low,Decreasing
Hungary,"Imports of goods, Volume index",Imports of goods,Cost insurance freight (CIF),Units,Not Applicable,127.1889400921659,2024,False,Low,Decreasing
Hungary,"Imports of goods, Volume index",Imports of goods,Cost insurance freight (CIF),Units,Not Applicable,129.9539170506912,2025,False,Low,Increasing
Iceland,Exports of goods,Exports of goods,Free on board (FOB),Billions,USD,4437000000.0,2016,True,Medium,No Data
Iceland,Exports of goods,Exports of goods,Free on board (FOB),Billions,USD,4877000000.0,2017,True,Medium,Increasing
Iceland,Exports of goods,Exports of goods,Free on board (FOB),Billions,USD,5558000000.0,2018,True,Medium,Increasing
Iceland,Exports of goods,Exports of goods,Free on board (FOB),Billions,USD,5223000000.0,2019,True,Medium,Decreasing
Iceland,Exports of goods,Exports of goods,Free on board (FOB),Billions,USD,4582000000.0,2020,True,Medium,Decreasing
Iceland,Exports of goods,Exports of goods,Free on board (FOB),Billions,USD,5989000000.0,2021,True,Medium,Increasing
Iceland,Exports of goods,Exports of goods,Free on board (FOB),Billions,USD,7391000000.0,2022,True,Medium,Increasing
Iceland,Exports of goods,Exports of goods,Free on board (FOB),Billions,USD,6791000000.0,2023,True,Medium,Decreasing
Iceland,Exports of goods,Exports of goods,Free on board (FOB),Billions,USD,6936000000.0,2024,True,Medium,Increasing
Iceland,Exports of goods,Exports of goods,Free on board (FOB),Billions,USD,7182000000.0,2025,True,Medium,Increasing
Iceland,"Exports of goods, Price deflator",Exports of goods,Free on board (FOB),Units,Not Applicable,89.06088039875058,2016,True,Low,No Data
Iceland,"Exports of goods, Price deflator",Exports of goods,Free on board (FOB),Units,Not Applicable,86.06348810819576,2017,True,Low,Decreasing
Iceland,"Exports of goods, Price deflator",Exports of goods,Free on board (FOB),Units,Not Applicable,95.95439488574928,2018,True,Low,Increasing
Iceland,"Exports of goods, Volume index",Exports of goods,Free on board (FOB),Units,Not Applicable,105.7149414734909,2016,True,Low,No Data
Iceland,"Exports of goods, Volume index",Exports of goods,Free on board (FOB),Units,Not Applicable,105.783796190039,2017,True,Low,Increasing
Iceland,"Exports of goods, Volume index",Exports of goods,Free on board (FOB),Units,Not Applicable,113.0364929997705,2018,True,Low,Increasing
Iceland,"Exports of goods, Volume index",Exports of goods,Free on board (FOB),Units,Not Applicable,114.3447326141841,2019,True,Low,Increasing
Iceland,"Exports of goods, Volume index",Exports of goods,Free on board (FOB),Units,Not Applicable,103.8558641266927,2020,True,Low,Decreasing
Iceland,"Exports of goods, Volume index",Exports of goods,Free on board (FOB),Units,Not Applicable,109.8003213220106,2021,True,Low,Increasing
Iceland,"Exports of goods, Volume index",Exports of goods,Free on board (FOB),Units,Not Applicable,122.7220564608676,2022,True,Low,Increasing
Iceland,"Exports of goods, Volume index",Exports of goods,Free on board (FOB),Units,Not Applicable,120.0367225154923,2023,True,Low,Decreasing
Iceland,"Exports of goods, Volume index",Exports of goods,Free on board (FOB),Units,Not Applicable,121.9187514344733,2024,True,Low,Increasing
Iceland,"Exports of goods, Volume index",Exports of goods,Free on board (FOB),Units,Not Applicable,121.6203809960982,2025,True,Low,Decreasing
Iceland,Imports of goods,Imports of goods,Cost insurance freight (CIF),Billions,USD,5671000000.0,2016,False,Medium,No Data
Iceland,Imports of goods,Imports of goods,Cost insurance freight (CIF),Billions,USD,6965000000.0,2017,False,Medium,Increasing
Iceland,Imports of goods,Imports of goods,Cost insurance freight (CIF),Billions,USD,7679000000.0,2018,False,Medium,Increasing
Iceland,Imports of goods,Imports of goods,Cost insurance freight (CIF),Billions,USD,6567000000.0,2019,False,Medium,Decreasing
Iceland,Imports of goods,Imports of goods,Cost insurance freight (CIF),Billions,USD,5697000000.0,2020,False,Medium,Decreasing
Iceland,Imports of goods,Imports of goods,Cost insurance freight (CIF),Billions,USD,7815000000.0,2021,False,Medium,Increasing
Iceland,Imports of goods,Imports of goods,Cost insurance freight (CIF),Billions,USD,9592000000.0,2022,False,High,Increasing
Iceland,Imports of goods,Imports of goods,Cost insurance freight (CIF),Billions,USD,9461000000.0,2023,False,High,Decreasing
Iceland,Imports of goods,Imports of goods,Cost insurance freight (CIF),Billions,USD,9810000000.0,2024,False,High,Increasing
Iceland,Imports of goods,Imports of goods,Cost insurance freight (CIF),Billions,USD,10967000000.0,2025,False,High,Increasing
Iceland,"Imports of goods, Price deflator",Imports of goods,Cost insurance freight (CIF),Units,Not Applicable,90.78424541590584,2016,False,Low,No Data
Iceland,"Imports of goods, Price deflator",Imports of goods,Cost insurance freight (CIF),Units,Not Applicable,88.37850924131207,2017,False,Low,Decreasing
Iceland,"Imports of goods, Price deflator",Imports of goods,Cost insurance freight (CIF),Units,Not Applicable,101.9438934280958,2018,False,Low,Increasing
Iceland,"Imports of goods, Volume index",Imports of goods,Cost insurance freight (CIF),Units,Not Applicable,160.1158038147139,2016,False,Low,No Data
Iceland,"Imports of goods, Volume index",Imports of goods,Cost insurance freight (CIF),Units,Not Applicable,186.0013623978202,2017,False,Medium,Increasing
Iceland,"Imports of goods, Volume index",Imports of goods,Cost insurance freight (CIF),Units,Not Applicable,195.5381471389646,2018,False,Medium,Increasing
Iceland,"Imports of goods, Volume index",Imports of goods,Cost insurance freight (CIF),Units,Not Applicable,172.8882833787466,2019,False,Medium,Decreasing
Iceland,"Imports of goods, Volume index",Imports of goods,Cost insurance freight (CIF),Units,Not Applicable,153.6784741144414,2020,False,Low,Decreasing
Iceland,"Imports of goods, Volume index",Imports of goods,Cost insurance freight (CIF),Units,Not Applicable,186.7506811989101,2021,False,Medium,Increasing
Iceland,"Imports of goods, Volume index",Imports of goods,Cost insurance freight (CIF),Units,Not Applicable,209.4686648501363,2022,False,Medium,Increasing
Iceland,"Imports of goods, Volume index",Imports of goods,Cost insurance freight (CIF),Units,Not Applicable,214.2711171662126,2023,False,Medium,Increasing
Iceland,"Imports of goods, Volume index",Imports of goods,Cost insurance freight (CIF),Units,Not Applicable,223.9441416893733,2024,False,Medium,Increasing
Iceland,"Imports of goods, Volume index",Imports of goods,Cost insurance freight (CIF),Units,Not Applicable,247.5476839237058,2025,False,Medium,Increasing
India,Exports of goods,Exports of goods,Free on board (FOB),Billions,USD,264541999999.99997,2016,True,High,No Data
India,Exports of goods,Exports of goods,Free on board (FOB),Billions,USD,299242000000.0,2017,True,High,Increasing
India,Exports of goods,Exports of goods,Free on board (FOB),Billions,USD,324779000000.0,2018,True,High,Increasing
India,Exports of goods,Exports of goods,Free on board (FOB),Billions,USD,324339000000.0,2019,True,High,Decreasing
India,Exports of goods,Exports of goods,Free on board (FOB),Billions,USD,276410000000.0,2020,True,High,Decreasing
India,Exports of goods,Exports of goods,Free on board (FOB),Billions,USD,395425000000.0,2021,True,High,Increasing
India,Exports of goods,Exports of goods,Free on board (FOB),Billions,USD,453415000000.0,2022,True,High,Increasing
India,Exports of goods,Exports of goods,Free on board (FOB),Billions,USD,431559000000.0,2023,True,High,Decreasing
India,Exports of goods,Exports of goods,Free on board (FOB),Billions,USD,442885000000.0,2024,True,High,Increasing
India,Exports of goods,Exports of goods,Free on board (FOB),Billions,USD,445037000000.0,2025,True,High,Increasing
India,"Exports of goods, Volume index",Exports of goods,Free on board (FOB),Units,Not Applicable,113.7505780792354,2016,True,Low,No Data
India,"Exports of goods, Volume index",Exports of goods,Free on board (FOB),Units,Not Applicable,123.4931401264066,2017,True,Low,Increasing
India,"Exports of goods, Volume index",Exports of goods,Free on board (FOB),Units,Not Applicable,128.7806381994758,2018,True,Low,Increasing
India,"Exports of goods, Volume index",Exports of goods,Free on board (FOB),Units,Not Applicable,132.2645290581162,2019,True,Low,Increasing
India,"Exports of goods, Volume index",Exports of goods,Free on board (FOB),Units,Not Applicable,100.6016751809693,2020,True,Low,Decreasing
India,Imports of goods,Imports of goods,Cost insurance freight (CIF),Billions,USD,361649000000.0,2016,False,High,No Data
India,Imports of goods,Imports of goods,Cost insurance freight (CIF),Billions,USD,449925000000.0,2017,False,High,Increasing
India,Imports of goods,Imports of goods,Cost insurance freight (CIF),Billions,USD,514464000000.00006,2018,False,High,Increasing
India,Imports of goods,Imports of goods,Cost insurance freight (CIF),Billions,USD,486059000000.0,2019,False,High,Decreasing
India,Imports of goods,Imports of goods,Cost insurance freight (CIF),Billions,USD,373202000000.0,2020,False,High,Decreasing
India,Imports of goods,Imports of goods,Cost insurance freight (CIF),Billions,USD,573092000000.0,2021,False,High,Increasing
India,Imports of goods,Imports of goods,Cost insurance freight (CIF),Billions,USD,720442000000.0,2022,False,High,Increasing
India,Imports of goods,Imports of goods,Cost insurance freight (CIF),Billions,USD,673927000000.0,2023,False,High,Decreasing
India,Imports of goods,Imports of goods,Cost insurance freight (CIF),Billions,USD,718282000000.0,2024,False,High,Increasing
India,Imports of goods,Imports of goods,Cost insurance freight (CIF),Billions,USD,755326000000.0,2025,False,High,Increasing
India,"Imports of goods, Price deflator",Imports of goods,Cost insurance freight (CIF),Units,Not Applicable,213.6668905305574,2016,False,Medium,No Data
India,"Imports of goods, Price deflator",Imports of goods,Cost insurance freight (CIF),Units,Not Applicable,202.035435831044,2017,False,Medium,Decreasing
India,"Imports of goods, Price deflator",Imports of goods,Cost insurance freight (CIF),Units,Not Applicable,221.2908692411628,2018,False,Medium,Increasing
India,"Imports of goods, Price deflator",Imports of goods,Cost insurance freight (CIF),Units,Not Applicable,129.5947969729128,2019,False,Low,Decreasing
India,"Imports of goods, Price deflator",Imports of goods,Cost insurance freight (CIF),Units,Not Applicable,39.97677231433588,2020,False,Low,Decreasing
India,"Imports of goods, Volume index",Imports of goods,Cost insurance freight (CIF),Units,Not Applicable,117.3170037026488,2016,False,Low,No Data
India,"Imports of goods, Volume index",Imports of goods,Cost insurance freight (CIF),Units,Not Applicable,135.7732839646824,2017,False,Low,Increasing
India,"Imports of goods, Volume index",Imports of goods,Cost insurance freight (CIF),Units,Not Applicable,145.0156650526915,2018,False,Low,Increasing
India,"Imports of goods, Volume index",Imports of goods,Cost insurance freight (CIF),Units,Not Applicable,145.4856166334377,2019,False,Low,Increasing
India,"Imports of goods, Volume index",Imports of goods,Cost insurance freight (CIF),Units,Not Applicable,121.1830345976638,2020,False,Low,Decreasing
Indonesia,Export price index (EPI),Exports of goods,Free on board (FOB),Units,Not Applicable,133.31,2016,True,Low,No Data
Indonesia,Export price index (EPI),Exports of goods,Free on board (FOB),Units,Not Applicable,144.6941666666667,2017,True,Low,Increasing
Indonesia,Exports of goods,Exports of goods,Free on board (FOB),Billions,USD,144491000000.0,2016,True,High,No Data
Indonesia,Exports of goods,Exports of goods,Free on board (FOB),Billions,USD,168810000000.0,2017,True,High,Increasing
Indonesia,Exports of goods,Exports of goods,Free on board (FOB),Billions,USD,180123000000.0,2018,True,High,Increasing
Indonesia,Exports of goods,Exports of goods,Free on board (FOB),Billions,USD,167682000000.0,2019,True,High,Decreasing
Indonesia,Exports of goods,Exports of goods,Free on board (FOB),Billions,USD,163306000000.0,2020,True,High,Decreasing
Indonesia,Exports of goods,Exports of goods,Free on board (FOB),Billions,USD,231507000000.0,2021,True,High,Increasing
Indonesia,Exports of goods,Exports of goods,Free on board (FOB),Billions,USD,291978000000.0,2022,True,High,Increasing
Indonesia,Exports of goods,Exports of goods,Free on board (FOB),Billions,USD,258858000000.0,2023,True,High,Decreasing
Indonesia,Exports of goods,Exports of goods,Free on board (FOB),Billions,USD,266531000000.0,2024,True,High,Increasing
Indonesia,Exports of goods,Exports of goods,Free on board (FOB),Billions,USD,282908000000.0,2025,True,High,Increasing
Indonesia,"Exports of goods, Volume index",Exports of goods,Free on board (FOB),Units,Not Applicable,105.7378659854588,2016,True,Low,No Data
Indonesia,"Exports of goods, Volume index",Exports of goods,Free on board (FOB),Units,Not Applicable,112.5957948516408,2017,True,Low,Increasing
Indonesia,"Exports of goods, Volume index",Exports of goods,Free on board (FOB),Units,Not Applicable,119.8074277854195,2018,True,Low,Increasing
Indonesia,"Exports of goods, Volume index",Exports of goods,Free on board (FOB),Units,Not Applicable,122.1261544507762,2019,True,Low,Increasing
Indonesia,"Exports of goods, Volume index",Exports of goods,Free on board (FOB),Units,Not Applicable,116.407938691295,2020,True,Low,Decreasing
Indonesia,"Exports of goods, Volume index",Exports of goods,Free on board (FOB),Units,Not Applicable,126.1741010021615,2021,True,Low,Increasing
Indonesia,"Exports of goods, Volume index",Exports of goods,Free on board (FOB),Units,Not Applicable,131.3028099823148,2022,True,Low,Increasing
Indonesia,"Exports of goods, Volume index",Exports of goods,Free on board (FOB),Units,Not Applicable,142.2676360778149,2023,True,Low,Increasing
Indonesia,"Exports of goods, Volume index",Exports of goods,Free on board (FOB),Units,Not Applicable,144.6846138730595,2024,True,Low,Increasing
Indonesia,"Exports of goods, Volume index",Exports of goods,Free on board (FOB),Units,Not Applicable,148.5360581646689,2025,True,Low,Increasing
Indonesia,Import price index,Imports of goods,Cost insurance freight (CIF),Units,Not Applicable,128.1033333333333,2016,False,Low,No Data
Indonesia,Import price index,Imports of goods,Cost insurance freight (CIF),Units,Not Applicable,135.0,2017,False,Low,Increasing
Indonesia,Imports of goods,Imports of goods,Cost insurance freight (CIF),Billions,USD,135654000000.0,2016,False,High,No Data
Indonesia,Imports of goods,Imports of goods,Cost insurance freight (CIF),Billions,USD,156925000000.0,2017,False,High,Increasing
Indonesia,Imports of goods,Imports of goods,Cost insurance freight (CIF),Billions,USD,188708000000.0,2018,False,High,Increasing
Indonesia,Imports of goods,Imports of goods,Cost insurance freight (CIF),Billions,USD,171274000000.0,2019,False,High,Decreasing
Indonesia,Imports of goods,Imports of goods,Cost insurance freight (CIF),Billions,USD,141620000000.0,2020,False,High,Decreasing
Indonesia,Imports of goods,Imports of goods,Cost insurance freight (CIF),Billions,USD,196190000000.0,2021,False,High,Increasing
Indonesia,Imports of goods,Imports of goods,Cost insurance freight (CIF),Billions,USD,237446000000.0,2022,False,High,Increasing
Indonesia,Imports of goods,Imports of goods,Cost insurance freight (CIF),Billions,USD,221887000000.0,2023,False,High,Decreasing
Indonesia,Imports of goods,Imports of goods,Cost insurance freight (CIF),Billions,USD,235063000000.0,2024,False,High,Increasing
Indonesia,Imports of goods,Imports of goods,Cost insurance freight (CIF),Billions,USD,241855000000.0,2025,False,High,Increasing
Indonesia,"Imports of goods, Volume index",Imports of goods,Cost insurance freight (CIF),Units,Not Applicable,113.4193548387097,2016,False,Low,No Data
Indonesia,"Imports of goods, Volume index",Imports of goods,Cost insurance freight (CIF),Units,Not Applicable,124.258064516129,2017,False,Low,Increasing
Indonesia,"Imports of goods, Volume index",Imports of goods,Cost insurance freight (CIF),Units,Not Applicable,141.1981566820277,2018,False,Low,Increasing
Indonesia,"Imports of goods, Volume index",Imports of goods,Cost insurance freight (CIF),Units,Not Applicable,132.7004608294931,2019,False,Low,Decreasing
Indonesia,"Imports of goods, Volume index",Imports of goods,Cost insurance freight (CIF),Units,Not Applicable,112.5714285714286,2020,False,Low,Decreasing
Indonesia,"Imports of goods, Volume index",Imports of goods,Cost insurance freight (CIF),Units,Not Applicable,132.5714285714286,2021,False,Low,Increasing
Indonesia,"Imports of goods, Volume index",Imports of goods,Cost insurance freight (CIF),Units,Not Applicable,140.2396313364055,2022,False,Low,Increasing
Indonesia,"Imports of goods, Volume index",Imports of goods,Cost insurance freight (CIF),Units,Not Applicable,138.5069124423963,2023,False,Low,Decreasing
Indonesia,"Imports of goods, Volume index",Imports of goods,Cost insurance freight (CIF),Units,Not Applicable,148.5161290322581,2024,False,Low,Increasing
Indonesia,"Imports of goods, Volume index",Imports of goods,Cost insurance freight (CIF),Units,Not Applicable,154.4884792626728,2025,False,Low,Increasing
"Iran, Islamic Republic of",Exports of goods,Exports of goods,Free on board (FOB),Billions,USD,72903000000.0,2016,True,High,No Data
"Iran, Islamic Republic of",Exports of goods,Exports of goods,Free on board (FOB),Billions,USD,92764000000.0,2017,True,High,Increasing
"Iran, Islamic Republic of",Exports of goods,Exports of goods,Free on board (FOB),Billions,USD,103422000000.0,2018,True,High,Increasing
"Iran, Islamic Republic of",Exports of goods,Exports of goods,Free on board (FOB),Billions,USD,65718000000.0,2019,True,High,Decreasing
"Iran, Islamic Republic of",Exports of goods,Exports of goods,Free on board (FOB),Billions,USD,46916000000.0,2020,True,High,Decreasing
"Iran, Islamic Republic of",Exports of goods,Exports of goods,Free on board (FOB),Billions,USD,71646000000.0,2021,True,High,Increasing
"Iran, Islamic Republic of",Exports of goods,Exports of goods,Free on board (FOB),Billions,USD,97852000000.0,2022,True,High,Increasing
"Iran, Islamic Republic of",Exports of goods,Exports of goods,Free on board (FOB),Billions,USD,97357000000.0,2023,True,High,Decreasing
"Iran, Islamic Republic of",Exports of goods,Exports of goods,Free on board (FOB),Billions,USD,112653000000.0,2024,True,High,Increasing
"Iran, Islamic Republic of",Exports of goods,Exports of goods,Free on board (FOB),Billions,USD,113224000000.0,2025,True,High,Increasing
"Iran, Islamic Republic of","Exports of goods, Volume index",Exports of goods,Free on board (FOB),Units,Not Applicable,100.57346252719,2016,True,Low,No Data
"Iran, Islamic Republic of","Exports of goods, Volume index",Exports of goods,Free on board (FOB),Units,Not Applicable,112.3195570496342,2017,True,Low,Increasing
"Iran, Islamic Republic of","Exports of goods, Volume index",Exports of goods,Free on board (FOB),Units,Not Applicable,104.9436424757762,2018,True,Low,Decreasing
"Iran, Islamic Republic of","Exports of goods, Volume index",Exports of goods,Free on board (FOB),Units,Not Applicable,71.86078702788214,2019,True,Low,Decreasing
"Iran, Islamic Republic of","Exports of goods, Volume index",Exports of goods,Free on board (FOB),Units,Not Applicable,56.99031046074748,2020,True,Low,Decreasing
"Iran, Islamic Republic of","Exports of goods, Volume index",Exports of goods,Free on board (FOB),Units,Not Applicable,67.8070001977457,2021,True,Low,Increasing
"Iran, Islamic Republic of","Exports of goods, Volume index",Exports of goods,Free on board (FOB),Units,Not Applicable,76.8242040735614,2022,True,Low,Increasing
"Iran, Islamic Republic of","Exports of goods, Volume index",Exports of goods,Free on board (FOB),Units,Not Applicable,85.58433854063674,2023,True,Low,Increasing
"Iran, Islamic Republic of","Exports of goods, Volume index",Exports of goods,Free on board (FOB),Units,Not Applicable,101.0282776349614,2024,True,Low,Increasing
"Iran, Islamic Republic of","Exports of goods, Volume index",Exports of goods,Free on board (FOB),Units,Not Applicable,103.3616768835278,2025,True,Low,Increasing
"Iran, Islamic Republic of",Imports of goods,Imports of goods,Cost insurance freight (CIF),Billions,USD,43080000000.0,2016,False,High,No Data
"Iran, Islamic Republic of",Imports of goods,Imports of goods,Cost insurance freight (CIF),Billions,USD,49499000000.0,2017,False,High,Increasing
"Iran, Islamic Republic of",Imports of goods,Imports of goods,Cost insurance freight (CIF),Billions,USD,49353000000.0,2018,False,High,Decreasing
"Iran, Islamic Republic of",Imports of goods,Imports of goods,Cost insurance freight (CIF),Billions,USD,41828000000.0,2019,False,High,Decreasing
"Iran, Islamic Republic of",Imports of goods,Imports of goods,Cost insurance freight (CIF),Billions,USD,38757000000.0,2020,False,High,Decreasing
"Iran, Islamic Republic of",Imports of goods,Imports of goods,Cost insurance freight (CIF),Billions,USD,49085000000.0,2021,False,High,Increasing
"Iran, Islamic Republic of",Imports of goods,Imports of goods,Cost insurance freight (CIF),Billions,USD,58784000000.0,2022,False,High,Increasing
"Iran, Islamic Republic of",Imports of goods,Imports of goods,Cost insurance freight (CIF),Billions,USD,65825999999.99999,2023,False,High,Increasing
"Iran, Islamic Republic of",Imports of goods,Imports of goods,Cost insurance freight (CIF),Billions,USD,69414000000.0,2024,False,High,Increasing
"Iran, Islamic Republic of",Imports of goods,Imports of goods,Cost insurance freight (CIF),Billions,USD,65632000000.00001,2025,False,High,Decreasing
"Iran, Islamic Republic of","Imports of goods, Volume index",Imports of goods,Cost insurance freight (CIF),Units,Not Applicable,69.69583176868194,2016,False,Low,No Data
"Iran, Islamic Republic of","Imports of goods, Volume index",Imports of goods,Cost insurance freight (CIF),Units,Not Applicable,77.86331205407436,2017,False,Low,Increasing
"Iran, Islamic Republic of","Imports of goods, Volume index",Imports of goods,Cost insurance freight (CIF),Units,Not Applicable,75.5914382275629,2018,False,Low,Decreasing
"Iran, Islamic Republic of","Imports of goods, Volume index",Imports of goods,Cost insurance freight (CIF),Units,Not Applicable,65.133308298911,2019,False,Low,Decreasing
"Iran, Islamic Republic of","Imports of goods, Volume index",Imports of goods,Cost insurance freight (CIF),Units,Not Applicable,59.63199399173864,2020,False,Low,Decreasing
"Iran, Islamic Republic of","Imports of goods, Volume index",Imports of goods,Cost insurance freight (CIF),Units,Not Applicable,66.54149455501314,2021,False,Low,Increasing
"Iran, Islamic Republic of","Imports of goods, Volume index",Imports of goods,Cost insurance freight (CIF),Units,Not Applicable,72.85016898235074,2022,False,Low,Increasing
"Iran, Islamic Republic of","Imports of goods, Volume index",Imports of goods,Cost insurance freight (CIF),Units,Not Applicable,84.90424333458506,2023,False,Low,Increasing
"Iran, Islamic Republic of","Imports of goods, Volume index",Imports of goods,Cost insurance freight (CIF),Units,Not Applicable,91.75741644761548,2024,False,Low,Increasing
"Iran, Islamic Republic of","Imports of goods, Volume index",Imports of goods,Cost insurance freight (CIF),Units,Not Applicable,86.68794592564777,2025,False,Low,Decreasing
Iraq,Exports of goods,Exports of goods,Free on board (FOB),Billions,USD,41299000000.0,2016,True,High,No Data
Iraq,Exports of goods,Exports of goods,Free on board (FOB),Billions,USD,57559000000.0,2017,True,High,Increasing
Iraq,Exports of goods,Exports of goods,Free on board (FOB),Billions,USD,86359000000.0,2018,True,High,Increasing
Iraq,Exports of goods,Exports of goods,Free on board (FOB),Billions,USD,80212000000.0,2019,True,High,Decreasing
Iraq,Exports of goods,Exports of goods,Free on board (FOB),Billions,USD,46863000000.0,2020,True,High,Decreasing
Iraq,Exports of goods,Exports of goods,Free on board (FOB),Billions,USD,73083000000.0,2021,True,High,Increasing
Iraq,Exports of goods,Exports of goods,Free on board (FOB),Billions,USD,118046000000.0,2022,True,High,Increasing
Iraq,Exports of goods,Exports of goods,Free on board (FOB),Billions,USD,99150000000.0,2023,True,High,Decreasing
Iraq,Exports of goods,Exports of goods,Free on board (FOB),Billions,USD,100990000000.0,2024,True,High,Increasing
Iraq,Exports of goods,Exports of goods,Free on board (FOB),Billions,USD,92912000000.0,2025,True,High,Decreasing
Iraq,Imports of goods,Imports of goods,Cost insurance freight (CIF),Billions,USD,34208000000.0,2016,False,High,No Data
Iraq,Imports of goods,Imports of goods,Cost insurance freight (CIF),Billions,USD,38066000000.0,2017,False,High,Increasing
Iraq,Imports of goods,Imports of goods,Cost insurance freight (CIF),Billions,USD,46417000000.0,2018,False,High,Increasing
Iraq,Imports of goods,Imports of goods,Cost insurance freight (CIF),Billions,USD,57581000000.0,2019,False,High,Increasing
Iraq,Imports of goods,Imports of goods,Cost insurance freight (CIF),Billions,USD,48293000000.0,2020,False,High,Decreasing
Iraq,Imports of goods,Imports of goods,Cost insurance freight (CIF),Billions,USD,40849000000.0,2021,False,High,Decreasing
Iraq,Imports of goods,Imports of goods,Cost insurance freight (CIF),Billions,USD,55194000000.0,2022,False,High,Increasing
Iraq,Imports of goods,Imports of goods,Cost insurance freight (CIF),Billions,USD,65827000000.0,2023,False,High,Increasing
Iraq,Imports of goods,Imports of goods,Cost insurance freight (CIF),Billions,USD,87411000000.0,2024,False,High,Increasing
Iraq,Imports of goods,Imports of goods,Cost insurance freight (CIF),Billions,USD,85186000000.0,2025,False,High,Decreasing
Ireland,Export price index (EPI),Exports of goods,Free on board (FOB),Units,Not Applicable,102.7247729355887,2016,True,Low,No Data
Ireland,Exports of goods,Exports of goods,Free on board (FOB),Billions,USD,130863000000.0,2016,True,High,No Data
Ireland,Exports of goods,Exports of goods,Free on board (FOB),Billions,USD,137360000000.00002,2017,True,High,Increasing
Ireland,Exports of goods,Exports of goods,Free on board (FOB),Billions,USD,164794000000.0,2018,True,High,Increasing
Ireland,Exports of goods,Exports of goods,Free on board (FOB),Billions,USD,169626000000.0,2019,True,High,Increasing
Ireland,Exports of goods,Exports of goods,Free on board (FOB),Billions,USD,180105000000.0,2020,True,High,Increasing
Ireland,Exports of goods,Exports of goods,Free on board (FOB),Billions,USD,190660000000.0,2021,True,High,Increasing
Ireland,Exports of goods,Exports of goods,Free on board (FOB),Billions,USD,214155000000.0,2022,True,High,Increasing
Ireland,Exports of goods,Exports of goods,Free on board (FOB),Billions,USD,208320000000.0,2023,True,High,Decreasing
Ireland,Exports of goods,Exports of goods,Free on board (FOB),Billions,USD,241202000000.0,2024,True,High,Increasing
Ireland,Exports of goods,Exports of goods,Free on board (FOB),Billions,USD,290629000000.0,2025,True,High,Increasing
Ireland,"Exports of goods, Price deflator",Exports of goods,Free on board (FOB),Units,Not Applicable,99.35838680109995,2016,True,Low,No Data
Ireland,"Exports of goods, Volume index",Exports of goods,Free on board (FOB),Units,Not Applicable,117.5570469798658,2016,True,Low,No Data
Ireland,"Exports of goods, Volume index",Exports of goods,Free on board (FOB),Units,Not Applicable,122.5234899328859,2017,True,Low,Increasing
Ireland,"Exports of goods, Volume index",Exports of goods,Free on board (FOB),Units,Not Applicable,144.2147651006712,2018,True,Low,Increasing
Ireland,"Exports of goods, Volume index",Exports of goods,Free on board (FOB),Units,Not Applicable,154.7114093959732,2019,True,Low,Increasing
Ireland,"Exports of goods, Volume index",Exports of goods,Free on board (FOB),Units,Not Applicable,165.3691275167786,2020,True,Medium,Increasing
Ireland,"Exports of goods, Volume index",Exports of goods,Free on board (FOB),Units,Not Applicable,169.3154362416108,2021,True,Medium,Increasing
Ireland,"Exports of goods, Volume index",Exports of goods,Free on board (FOB),Units,Not Applicable,194.6040268456376,2022,True,Medium,Increasing
Ireland,"Exports of goods, Volume index",Exports of goods,Free on board (FOB),Units,Not Applicable,190.255033557047,2023,True,Medium,Decreasing
Ireland,"Exports of goods, Volume index",Exports of goods,Free on board (FOB),Units,Not Applicable,206.6040268456376,2024,True,Medium,Increasing
Ireland,"Exports of goods, Volume index",Exports of goods,Free on board (FOB),Units,Not Applicable,217.6644295302014,2025,True,Medium,Increasing
Ireland,Import price index,Imports of goods,Cost insurance freight (CIF),Units,Not Applicable,93.2594567572071,2016,False,Low,No Data
Ireland,Imports of goods,Imports of goods,Cost insurance freight (CIF),Billions,USD,81184000000.0,2016,False,High,No Data
Ireland,Imports of goods,Imports of goods,Cost insurance freight (CIF),Billions,USD,93198000000.0,2017,False,High,Increasing
Ireland,Imports of goods,Imports of goods,Cost insurance freight (CIF),Billions,USD,107669000000.0,2018,False,High,Increasing
Ireland,Imports of goods,Imports of goods,Cost insurance freight (CIF),Billions,USD,101103000000.0,2019,False,High,Decreasing
Ireland,Imports of goods,Imports of goods,Cost insurance freight (CIF),Billions,USD,99824000000.0,2020,False,High,Decreasing
Ireland,Imports of goods,Imports of goods,Cost insurance freight (CIF),Billions,USD,120301000000.0,2021,False,High,Increasing
Ireland,Imports of goods,Imports of goods,Cost insurance freight (CIF),Billions,USD,147269000000.0,2022,False,High,Increasing
Ireland,Imports of goods,Imports of goods,Cost insurance freight (CIF),Billions,USD,151098000000.0,2023,False,High,Increasing
Ireland,Imports of goods,Imports of goods,Cost insurance freight (CIF),Billions,USD,144017000000.0,2024,False,High,Decreasing
Ireland,Imports of goods,Imports of goods,Cost insurance freight (CIF),Billions,USD,161503000000.0,2025,False,High,Increasing
Ireland,"Imports of goods, Price deflator",Imports of goods,Cost insurance freight (CIF),Units,Not Applicable,96.04232627895345,2016,False,Low,No Data
Ireland,"Imports of goods, Volume index",Imports of goods,Cost insurance freight (CIF),Units,Not Applicable,117.7025707777416,2016,False,Low,No Data
Ireland,"Imports of goods, Volume index",Imports of goods,Cost insurance freight (CIF),Units,Not Applicable,122.9742922225838,2017,False,Low,Increasing
Ireland,"Imports of goods, Volume index",Imports of goods,Cost insurance freight (CIF),Units,Not Applicable,132.0533680442564,2018,False,Low,Increasing
Ireland,"Imports of goods, Volume index",Imports of goods,Cost insurance freight (CIF),Units,Not Applicable,126.6514806378132,2019,False,Low,Decreasing
Ireland,"Imports of goods, Volume index",Imports of goods,Cost insurance freight (CIF),Units,Not Applicable,119.2645623169541,2020,False,Low,Decreasing
Ireland,"Imports of goods, Volume index",Imports of goods,Cost insurance freight (CIF),Units,Not Applicable,125.8704848682069,2021,False,Low,Increasing
Ireland,"Imports of goods, Volume index",Imports of goods,Cost insurance freight (CIF),Units,Not Applicable,144.1913439635535,2022,False,Low,Increasing
Ireland,"Imports of goods, Volume index",Imports of goods,Cost insurance freight (CIF),Units,Not Applicable,141.8483566547348,2023,False,Low,Decreasing
Ireland,"Imports of goods, Volume index",Imports of goods,Cost insurance freight (CIF),Units,Not Applicable,133.5828180930686,2024,False,Low,Decreasing
Ireland,"Imports of goods, Volume index",Imports of goods,Cost insurance freight (CIF),Units,Not Applicable,137.6179629027009,2025,False,Low,Increasing
Israel,Exports of goods,Exports of goods,Free on board (FOB),Billions,USD,60572000000.0,2016,True,High,No Data
Israel,Exports of goods,Exports of goods,Free on board (FOB),Billions,USD,61151000000.0,2017,True,High,Increasing
Israel,Exports of goods,Exports of goods,Free on board (FOB),Billions,USD,61952000000.0,2018,True,High,Increasing
Israel,Exports of goods,Exports of goods,Free on board (FOB),Billions,USD,58506000000.0,2019,True,High,Decreasing
Israel,Exports of goods,Exports of goods,Free on board (FOB),Billions,USD,50152000000.0,2020,True,High,Decreasing
Israel,Exports of goods,Exports of goods,Free on board (FOB),Billions,USD,60159000000.0,2021,True,High,Increasing
Israel,Exports of goods,Exports of goods,Free on board (FOB),Billions,USD,72571000000.0,2022,True,High,Increasing
Israel,Exports of goods,Exports of goods,Free on board (FOB),Billions,USD,63344000000.0,2023,True,High,Decreasing
Israel,Exports of goods,Exports of goods,Free on board (FOB),Billions,USD,60254000000.0,2024,True,High,Decreasing
Israel,Exports of goods,Exports of goods,Free on board (FOB),Billions,USD,59011000000.0,2025,True,High,Decreasing
Israel,"Exports of goods, Volume index",Exports of goods,Free on board (FOB),Units,Not Applicable,100.3289473684211,2016,True,Low,No Data
Israel,"Exports of goods, Volume index",Exports of goods,Free on board (FOB),Units,Not Applicable,97.86184210526316,2017,True,Low,Decreasing
Israel,"Exports of goods, Volume index",Exports of goods,Free on board (FOB),Units,Not Applicable,97.43890977443608,2018,True,Low,Decreasing
Israel,"Exports of goods, Volume index",Exports of goods,Free on board (FOB),Units,Not Applicable,92.95112781954889,2019,True,Low,Decreasing
Israel,"Exports of goods, Volume index",Exports of goods,Free on board (FOB),Units,Not Applicable,84.72744360902256,2020,True,Low,Decreasing
Israel,"Exports of goods, Volume index",Exports of goods,Free on board (FOB),Units,Not Applicable,96.2406015037594,2021,True,Low,Increasing
Israel,"Exports of goods, Volume index",Exports of goods,Free on board (FOB),Units,Not Applicable,108.4351503759399,2022,True,Low,Increasing
Israel,"Exports of goods, Volume index",Exports of goods,Free on board (FOB),Units,Not Applicable,96.2640977443609,2023,True,Low,Decreasing
Israel,"Exports of goods, Volume index",Exports of goods,Free on board (FOB),Units,Not Applicable,92.19924812030077,2024,True,Low,Decreasing
Israel,"Exports of goods, Volume index",Exports of goods,Free on board (FOB),Units,Not Applicable,92.19924812030077,2025,True,Low,No Data
Israel,Imports of goods,Imports of goods,Cost insurance freight (CIF),Billions,USD,65812000000.0,2016,False,High,No Data
Israel,Imports of goods,Imports of goods,Cost insurance freight (CIF),Billions,USD,69127000000.0,2017,False,High,Increasing
Israel,Imports of goods,Imports of goods,Cost insurance freight (CIF),Billions,USD,76596000000.0,2018,False,High,Increasing
Israel,Imports of goods,Imports of goods,Cost insurance freight (CIF),Billions,USD,76591000000.0,2019,False,High,Decreasing
Israel,Imports of goods,Imports of goods,Cost insurance freight (CIF),Billions,USD,69259000000.0,2020,False,High,Decreasing
Israel,Imports of goods,Imports of goods,Cost insurance freight (CIF),Billions,USD,92155000000.0,2021,False,High,Increasing
Israel,Imports of goods,Imports of goods,Cost insurance freight (CIF),Billions,USD,107754000000.0,2022,False,High,Increasing
Israel,Imports of goods,Imports of goods,Cost insurance freight (CIF),Billions,USD,91889000000.0,2023,False,High,Decreasing
Israel,Imports of goods,Imports of goods,Cost insurance freight (CIF),Billions,USD,91864000000.0,2024,False,High,Decreasing
Israel,Imports of goods,Imports of goods,Cost insurance freight (CIF),Billions,USD,95480000000.0,2025,False,High,Increasing
Israel,"Imports of goods, Volume index",Imports of goods,Cost insurance freight (CIF),Units,Not Applicable,124.166855588302,2016,False,Low,No Data
Israel,"Imports of goods, Volume index",Imports of goods,Cost insurance freight (CIF),Units,Not Applicable,122.9199727952845,2017,False,Low,Decreasing
Israel,"Imports of goods, Volume index",Imports of goods,Cost insurance freight (CIF),Units,Not Applicable,126.7059623668102,2018,False,Low,Increasing
Israel,"Imports of goods, Volume index",Imports of goods,Cost insurance freight (CIF),Units,Not Applicable,129.7891634549989,2019,False,Low,Increasing
Israel,"Imports of goods, Volume index",Imports of goods,Cost insurance freight (CIF),Units,Not Applicable,127.295397868964,2020,False,Low,Decreasing
Israel,"Imports of goods, Volume index",Imports of goods,Cost insurance freight (CIF),Units,Not Applicable,149.9206529131716,2021,False,Low,Increasing
Israel,"Imports of goods, Volume index",Imports of goods,Cost insurance freight (CIF),Units,Not Applicable,156.8125141691226,2022,False,Low,Increasing
Israel,"Imports of goods, Volume index",Imports of goods,Cost insurance freight (CIF),Units,Not Applicable,139.5375198367717,2023,False,Low,Decreasing
Israel,"Imports of goods, Volume index",Imports of goods,Cost insurance freight (CIF),Units,Not Applicable,141.3284969394695,2024,False,Low,Increasing
Israel,"Imports of goods, Volume index",Imports of goods,Cost insurance freight (CIF),Units,Not Applicable,145.7492632056223,2025,False,Low,Increasing
Italy,Exports of goods,Exports of goods,Free on board (FOB),Millions,USD,461737000000.0,2016,True,High,No Data
Italy,Exports of goods,Exports of goods,Free on board (FOB),Millions,USD,507418000000.0,2017,True,High,Increasing
Italy,Exports of goods,Exports of goods,Free on board (FOB),Millions,USD,549527000000.0,2018,True,High,Increasing
Italy,Exports of goods,Exports of goods,Free on board (FOB),Millions,USD,537718000000.0,2019,True,High,Decreasing
Italy,Exports of goods,Exports of goods,Free on board (FOB),Millions,USD,499792000000.0,2020,True,High,Decreasing
Italy,Exports of goods,Exports of goods,Free on board (FOB),Millions,USD,615637000000.0,2021,True,High,Increasing
Italy,Exports of goods,Exports of goods,Free on board (FOB),Millions,USD,658556000000.0,2022,True,High,Increasing
Italy,Exports of goods,Exports of goods,Free on board (FOB),Millions,USD,676724000000.0,2023,True,High,Increasing
Italy,Exports of goods,Exports of goods,Free on board (FOB),Millions,USD,673478000000.0,2024,True,High,Decreasing
Italy,Exports of goods,Exports of goods,Free on board (FOB),Millions,USD,726612000000.0,2025,True,High,Increasing
Italy,"Exports of goods, Price deflator",Exports of goods,Free on board (FOB),Units,Not Applicable,116.4333333333333,2016,True,Low,No Data
Italy,"Exports of goods, Price deflator",Exports of goods,Free on board (FOB),Units,Not Applicable,121.0833333333334,2017,True,Low,Increasing
Italy,"Exports of goods, Volume index",Exports of goods,Free on board (FOB),Units,Not Applicable,101.0730175346768,2016,True,Low,No Data
Italy,"Exports of goods, Volume index",Exports of goods,Free on board (FOB),Units,Not Applicable,104.7631510075897,2017,True,Low,Increasing
Italy,"Exports of goods, Volume index",Exports of goods,Free on board (FOB),Units,Not Applicable,103.3499084009422,2018,True,Low,Decreasing
Italy,"Exports of goods, Volume index",Exports of goods,Free on board (FOB),Units,Not Applicable,100.7851347814709,2019,True,Low,Decreasing
Italy,"Exports of goods, Volume index",Exports of goods,Free on board (FOB),Units,Not Applicable,89.112797696938,2020,True,Low,Decreasing
Italy,"Exports of goods, Volume index",Exports of goods,Free on board (FOB),Units,Not Applicable,97.35671290238162,2021,True,Low,Increasing
Italy,"Exports of goods, Volume index",Exports of goods,Free on board (FOB),Units,Not Applicable,98.8222978277938,2022,True,Low,Increasing
Italy,"Exports of goods, Volume index",Exports of goods,Free on board (FOB),Units,Not Applicable,94.844281601675,2023,True,Low,Decreasing
Italy,"Exports of goods, Volume index",Exports of goods,Free on board (FOB),Units,Not Applicable,91.93928291023296,2024,True,Low,Decreasing
Italy,"Exports of goods, Volume index",Exports of goods,Free on board (FOB),Units,Not Applicable,90.65689610049728,2025,True,Low,Decreasing
Italy,Import price index,Imports of goods,Cost insurance freight (CIF),Units,Not Applicable,96.49108114898256,2016,False,Low,No Data
Italy,Import price index,Imports of goods,Cost insurance freight (CIF),Units,Not Applicable,99.88275688803289,2017,False,Low,Increasing
Italy,Import price index,Imports of goods,Cost insurance freight (CIF),Units,Not Applicable,102.8808307511934,2018,False,Low,Increasing
Italy,Import price index,Imports of goods,Cost insurance freight (CIF),Units,Not Applicable,101.9512603634537,2019,False,Low,Decreasing
Italy,Import price index,Imports of goods,Cost insurance freight (CIF),Units,Not Applicable,96.76743991290517,2020,False,Low,Decreasing
Italy,Imports of goods,Imports of goods,Cost insurance freight (CIF),Millions,USD,406787000000.0,2016,False,High,No Data
Italy,Imports of goods,Imports of goods,Cost insurance freight (CIF),Millions,USD,453123000000.0,2017,False,High,Increasing
Italy,Imports of goods,Imports of goods,Cost insurance freight (CIF),Millions,USD,503240000000.0,2018,False,High,Increasing
Italy,Imports of goods,Imports of goods,Cost insurance freight (CIF),Millions,USD,475006000000.0,2019,False,High,Decreasing
Italy,Imports of goods,Imports of goods,Cost insurance freight (CIF),Millions,USD,426867000000.0,2020,False,High,Decreasing
Italy,Imports of goods,Imports of goods,Cost insurance freight (CIF),Millions,USD,567421000000.0,2021,False,High,Increasing
Italy,Imports of goods,Imports of goods,Cost insurance freight (CIF),Millions,USD,694308000000.0,2022,False,High,Increasing
Italy,Imports of goods,Imports of goods,Cost insurance freight (CIF),Millions,USD,639879000000.0,2023,False,High,Decreasing
Italy,Imports of goods,Imports of goods,Cost insurance freight (CIF),Millions,USD,621389000000.0,2024,False,High,Decreasing
Italy,Imports of goods,Imports of goods,Cost insurance freight (CIF),Millions,USD,668838000000.0,2025,False,High,Increasing
Italy,"Imports of goods, Price deflator",Imports of goods,Cost insurance freight (CIF),Units,Not Applicable,101.55,2016,False,Low,No Data
Italy,"Imports of goods, Price deflator",Imports of goods,Cost insurance freight (CIF),Units,Not Applicable,107.775,2017,False,Low,Increasing
Italy,"Imports of goods, Volume index",Imports of goods,Cost insurance freight (CIF),Units,Not Applicable,90.21035598705504,2016,False,Low,No Data
Italy,"Imports of goods, Volume index",Imports of goods,Cost insurance freight (CIF),Units,Not Applicable,91.90938511326864,2017,False,Low,Increasing
Italy,"Imports of goods, Volume index",Imports of goods,Cost insurance freight (CIF),Units,Not Applicable,92.259978425027,2018,False,Low,Increasing
Italy,"Imports of goods, Volume index",Imports of goods,Cost insurance freight (CIF),Units,Not Applicable,89.99460625674222,2019,False,Low,Decreasing
Italy,"Imports of goods, Volume index",Imports of goods,Cost insurance freight (CIF),Units,Not Applicable,80.44768069039917,2020,False,Low,Decreasing
Italy,"Imports of goods, Volume index",Imports of goods,Cost insurance freight (CIF),Units,Not Applicable,88.94282632146714,2021,False,Low,Increasing
Italy,"Imports of goods, Volume index",Imports of goods,Cost insurance freight (CIF),Units,Not Applicable,92.55663430420717,2022,False,Low,Increasing
Italy,"Imports of goods, Volume index",Imports of goods,Cost insurance freight (CIF),Units,Not Applicable,89.23948220064729,2023,False,Low,Decreasing
Italy,"Imports of goods, Volume index",Imports of goods,Cost insurance freight (CIF),Units,Not Applicable,86.70442286947144,2024,False,Low,Decreasing
Italy,"Imports of goods, Volume index",Imports of goods,Cost insurance freight (CIF),Units,Not Applicable,87.21682847896444,2025,False,Low,Increasing
Jamaica,Exports of goods,Exports of goods,Free on board (FOB),Millions,USD,1188218891.3900921,2016,True,Medium,No Data
Jamaica,Exports of goods,Exports of goods,Free on board (FOB),Millions,USD,1363709100.508649,2017,True,Medium,Increasing
Jamaica,Exports of goods,Exports of goods,Free on board (FOB),Millions,USD,1879204602.860066,2018,True,Medium,Increasing
Jamaica,Exports of goods,Exports of goods,Free on board (FOB),Millions,USD,1653124036.510824,2019,True,Medium,Decreasing
Jamaica,Exports of goods,Exports of goods,Free on board (FOB),Millions,USD,1250599410.815439,2020,True,Medium,Decreasing
Jamaica,Exports of goods,Exports of goods,Free on board (FOB),Millions,USD,1480709903.599143,2021,True,Medium,Increasing
Jamaica,Exports of goods,Exports of goods,Free on board (FOB),Millions,USD,1901415953.896485,2022,True,Medium,Increasing
Jamaica,Exports of goods,Exports of goods,Free on board (FOB),Millions,USD,1997667828.2448578,2023,True,Medium,Increasing
Jamaica,Exports of goods,Exports of goods,Free on board (FOB),Millions,USD,1906906489.19,2024,True,Medium,Decreasing
Jamaica,Exports of goods,Exports of goods,Free on board (FOB),Millions,USD,1652184631.948585,2025,True,Medium,Decreasing
Jamaica,Imports of goods,Imports of goods,Cost insurance freight (CIF),Millions,USD,4851133405.03759,2016,False,Medium,No Data
Jamaica,Imports of goods,Imports of goods,Cost insurance freight (CIF),Millions,USD,5533488345.510026,2017,False,Medium,Increasing
Jamaica,Imports of goods,Imports of goods,Cost insurance freight (CIF),Millions,USD,6126007435.864028,2018,False,Medium,Increasing
Jamaica,Imports of goods,Imports of goods,Cost insurance freight (CIF),Millions,USD,6403377483.93575,2019,False,Medium,Increasing
Jamaica,Imports of goods,Imports of goods,Cost insurance freight (CIF),Millions,USD,4765479228.715191,2020,False,Medium,Decreasing
Jamaica,Imports of goods,Imports of goods,Cost insurance freight (CIF),Millions,USD,5970851707.833108,2021,False,Medium,Increasing
Jamaica,Imports of goods,Imports of goods,Cost insurance freight (CIF),Millions,USD,7731215976.609964,2022,False,Medium,Increasing
Jamaica,Imports of goods,Imports of goods,Cost insurance freight (CIF),Millions,USD,7591468057.35312,2023,False,Medium,Decreasing
Jamaica,Imports of goods,Imports of goods,Cost insurance freight (CIF),Millions,USD,7287947649.66,2024,False,Medium,Decreasing
Jamaica,Imports of goods,Imports of goods,Cost insurance freight (CIF),Millions,USD,7523701169.624285,2025,False,Medium,Increasing
Japan,Export price index (EPI),Exports of goods,Free on board (FOB),Units,Not Applicable,97.5402720169769,2016,True,Low,No Data
Japan,Export price index (EPI),Exports of goods,Free on board (FOB),Units,Not Applicable,98.67849908363075,2017,True,Low,Increasing
Japan,Export price index (EPI),Exports of goods,Free on board (FOB),Units,Not Applicable,100.9645992090286,2018,True,Low,Increasing
Japan,Export price index (EPI),Exports of goods,Free on board (FOB),Units,Not Applicable,98.54345519436671,2019,True,Low,Decreasing
Japan,Export price index (EPI),Exports of goods,Free on board (FOB),Units,Not Applicable,97.66566991415064,2020,True,Low,Decreasing
Japan,Exports of goods,Exports of goods,Free on board (FOB),Thousands,USD,645052000000.0,2016,True,High,No Data
Japan,Exports of goods,Exports of goods,Free on board (FOB),Thousands,USD,698329000000.0,2017,True,High,Increasing
Japan,Exports of goods,Exports of goods,Free on board (FOB),Thousands,USD,738144000000.0,2018,True,High,Increasing
Japan,Exports of goods,Exports of goods,Free on board (FOB),Thousands,USD,705563000000.0,2019,True,High,Decreasing
Japan,Exports of goods,Exports of goods,Free on board (FOB),Thousands,USD,641319000000.0,2020,True,High,Decreasing
Japan,Exports of goods,Exports of goods,Free on board (FOB),Thousands,USD,756032000000.0,2021,True,High,Increasing
Japan,Exports of goods,Exports of goods,Free on board (FOB),Thousands,USD,746826000000.0,2022,True,High,Decreasing
Japan,Exports of goods,Exports of goods,Free on board (FOB),Thousands,USD,717254000000.0,2023,True,High,Decreasing
Japan,Exports of goods,Exports of goods,Free on board (FOB),Thousands,USD,707007000000.0,2024,True,High,Decreasing
Japan,Exports of goods,Exports of goods,Free on board (FOB),Thousands,USD,738034000000.0,2025,True,High,Increasing
Japan,"Exports of goods, Price deflator",Exports of goods,Free on board (FOB),Units,Not Applicable,115.4112756083947,2016,True,Low,No Data
Japan,"Exports of goods, Price deflator",Exports of goods,Free on board (FOB),Units,Not Applicable,122.6278649326414,2017,True,Low,Increasing
Japan,"Exports of goods, Volume index",Exports of goods,Free on board (FOB),Units,Not Applicable,102.4843505477308,2016,True,Low,No Data
Japan,"Exports of goods, Volume index",Exports of goods,Free on board (FOB),Units,Not Applicable,108.7245696400626,2017,True,Low,Increasing
Japan,"Exports of goods, Volume index",Exports of goods,Free on board (FOB),Units,Not Applicable,111.6588419405321,2018,True,Low,Increasing
Japan,"Exports of goods, Volume index",Exports of goods,Free on board (FOB),Units,Not Applicable,109.6048513302034,2019,True,Low,Decreasing
Japan,"Exports of goods, Volume index",Exports of goods,Free on board (FOB),Units,Not Applicable,100.6846635367762,2020,True,Low,Decreasing
Japan,"Exports of goods, Volume index",Exports of goods,Free on board (FOB),Units,Not Applicable,112.9107981220657,2021,True,Low,Increasing
Japan,"Exports of goods, Volume index",Exports of goods,Free on board (FOB),Units,Not Applicable,114.7104851330204,2022,True,Low,Increasing
Japan,"Exports of goods, Volume index",Exports of goods,Free on board (FOB),Units,Not Applicable,113.3411580594679,2023,True,Low,Decreasing
Japan,"Exports of goods, Volume index",Exports of goods,Free on board (FOB),Units,Not Applicable,112.6173708920188,2024,True,Low,Decreasing
Japan,"Exports of goods, Volume index",Exports of goods,Free on board (FOB),Units,Not Applicable,116.8035993740219,2025,True,Low,Increasing
Japan,Import price index,Imports of goods,Cost insurance freight (CIF),Units,Not Applicable,84.91261070616818,2016,False,Low,No Data
Japan,Import price index,Imports of goods,Cost insurance freight (CIF),Units,Not Applicable,84.4658672309742,2017,False,Low,Decreasing
Japan,Import price index,Imports of goods,Cost insurance freight (CIF),Units,Not Applicable,86.86417430833136,2018,False,Low,Increasing
Japan,Import price index,Imports of goods,Cost insurance freight (CIF),Units,Not Applicable,84.45019202131827,2019,False,Low,Decreasing
Japan,Import price index,Imports of goods,Cost insurance freight (CIF),Units,Not Applicable,82.31836350811191,2020,False,Low,Decreasing
Japan,Imports of goods,Imports of goods,Cost insurance freight (CIF),Thousands,USD,607728000000.0,2016,False,High,No Data
Japan,Imports of goods,Imports of goods,Cost insurance freight (CIF),Thousands,USD,672095000000.0,2017,False,High,Increasing
Japan,Imports of goods,Imports of goods,Cost insurance freight (CIF),Thousands,USD,748486000000.0,2018,False,High,Increasing
Japan,Imports of goods,Imports of goods,Cost insurance freight (CIF),Thousands,USD,720955000000.0,2019,False,High,Decreasing
Japan,Imports of goods,Imports of goods,Cost insurance freight (CIF),Thousands,USD,635460000000.0,2020,False,High,Decreasing
Japan,Imports of goods,Imports of goods,Cost insurance freight (CIF),Thousands,USD,768975000000.0,2021,False,High,Increasing
Japan,Imports of goods,Imports of goods,Cost insurance freight (CIF),Thousands,USD,899941000000.0,2022,False,High,Increasing
Japan,Imports of goods,Imports of goods,Cost insurance freight (CIF),Thousands,USD,787198000000.0,2023,False,High,Decreasing
Japan,Imports of goods,Imports of goods,Cost insurance freight (CIF),Thousands,USD,744548000000.0,2024,False,High,Decreasing
Japan,Imports of goods,Imports of goods,Cost insurance freight (CIF),Thousands,USD,757145000000.0,2025,False,High,Increasing
Japan,"Imports of goods, Price deflator",Imports of goods,Cost insurance freight (CIF),Units,Not Applicable,105.8807845489844,2016,False,Low,No Data
Japan,"Imports of goods, Price deflator",Imports of goods,Cost insurance freight (CIF),Units,Not Applicable,117.0982685930443,2017,False,Low,Increasing
Japan,"Imports of goods, Volume index",Imports of goods,Cost insurance freight (CIF),Units,Not Applicable,114.4648023143684,2016,False,Low,No Data
Japan,"Imports of goods, Volume index",Imports of goods,Cost insurance freight (CIF),Units,Not Applicable,117.695274831244,2017,False,Low,Increasing
Japan,"Imports of goods, Volume index",Imports of goods,Cost insurance freight (CIF),Units,Not Applicable,120.1301832208293,2018,False,Low,Increasing
Japan,"Imports of goods, Volume index",Imports of goods,Cost insurance freight (CIF),Units,Not Applicable,120.6123432979749,2019,False,Low,Increasing
Japan,"Imports of goods, Volume index",Imports of goods,Cost insurance freight (CIF),Units,Not Applicable,116.2729026036644,2020,False,Low,Decreasing
Japan,"Imports of goods, Volume index",Imports of goods,Cost insurance freight (CIF),Units,Not Applicable,119.3105110896818,2021,False,Low,Increasing
Japan,"Imports of goods, Volume index",Imports of goods,Cost insurance freight (CIF),Units,Not Applicable,119.8167791706847,2022,False,Low,Increasing
Japan,"Imports of goods, Volume index",Imports of goods,Cost insurance freight (CIF),Units,Not Applicable,116.9961427193828,2023,False,Low,Decreasing
Japan,"Imports of goods, Volume index",Imports of goods,Cost insurance freight (CIF),Units,Not Applicable,116.4175506268081,2024,False,Low,Decreasing
Japan,"Imports of goods, Volume index",Imports of goods,Cost insurance freight (CIF),Units,Not Applicable,121.9864995178399,2025,False,Low,Increasing
Jordan,Exports of goods,Exports of goods,Free on board (FOB),Millions,USD,7549000000.0,2016,True,Medium,No Data
Jordan,Exports of goods,Exports of goods,Free on board (FOB),Millions,USD,7512000000.0,2017,True,Medium,Decreasing
Jordan,Exports of goods,Exports of goods,Free on board (FOB),Millions,USD,7750000000.0,2018,True,Medium,Increasing
Jordan,Exports of goods,Exports of goods,Free on board (FOB),Millions,USD,8318000000.0,2019,True,Medium,Increasing
Jordan,Exports of goods,Exports of goods,Free on board (FOB),Millions,USD,7944000000.0,2020,True,Medium,Decreasing
Jordan,Exports of goods,Exports of goods,Free on board (FOB),Millions,USD,9359000000.0,2021,True,High,Increasing
Jordan,Exports of goods,Exports of goods,Free on board (FOB),Millions,USD,12780000000.0,2022,True,High,Increasing
Jordan,Exports of goods,Exports of goods,Free on board (FOB),Millions,USD,12553000000.0,2023,True,High,Decreasing
Jordan,Exports of goods,Exports of goods,Free on board (FOB),Millions,USD,13534000000.0,2024,True,High,Increasing
Jordan,Exports of goods,Exports of goods,Free on board (FOB),Millions,USD,14914000000.0,2025,True,High,Increasing
Jordan,"Exports of goods, Price deflator",Exports of goods,Free on board (FOB),Units,Not Applicable,102.8726472374014,2016,True,Low,No Data
Jordan,"Exports of goods, Volume index",Exports of goods,Free on board (FOB),Units,Not Applicable,107.2708653353815,2016,True,Low,No Data
Jordan,"Exports of goods, Volume index",Exports of goods,Free on board (FOB),Units,Not Applicable,105.8542413381123,2017,True,Low,Decreasing
Jordan,"Exports of goods, Volume index",Exports of goods,Free on board (FOB),Units,Not Applicable,105.3934118450248,2018,True,Low,Decreasing
Jordan,"Exports of goods, Volume index",Exports of goods,Free on board (FOB),Units,Not Applicable,114.6612049837856,2019,True,Low,Increasing
Jordan,"Exports of goods, Volume index",Exports of goods,Free on board (FOB),Units,Not Applicable,108.3973374295955,2020,True,Low,Decreasing
Jordan,"Exports of goods, Volume index",Exports of goods,Free on board (FOB),Units,Not Applicable,110.0870455709165,2021,True,Low,Increasing
Jordan,"Exports of goods, Volume index",Exports of goods,Free on board (FOB),Units,Not Applicable,129.441884280594,2022,True,Low,Increasing
Jordan,"Exports of goods, Volume index",Exports of goods,Free on board (FOB),Units,Not Applicable,136.6274108209592,2023,True,Low,Increasing
Jordan,"Exports of goods, Volume index",Exports of goods,Free on board (FOB),Units,Not Applicable,153.6951698242021,2024,True,Low,Increasing
Jordan,"Exports of goods, Volume index",Exports of goods,Free on board (FOB),Units,Not Applicable,160.7100187745349,2025,True,Low,Increasing
Jordan,Imports of goods,Imports of goods,Cost insurance freight (CIF),Millions,USD,19325000000.0,2016,False,High,No Data
Jordan,Imports of goods,Imports of goods,Cost insurance freight (CIF),Millions,USD,20498000000.0,2017,False,High,Increasing
Jordan,Imports of goods,Imports of goods,Cost insurance freight (CIF),Millions,USD,20310000000.0,2018,False,High,Decreasing
Jordan,Imports of goods,Imports of goods,Cost insurance freight (CIF),Millions,USD,19170000000.0,2019,False,High,Decreasing
Jordan,Imports of goods,Imports of goods,Cost insurance freight (CIF),Millions,USD,17232000000.0,2020,False,High,Decreasing
Jordan,Imports of goods,Imports of goods,Cost insurance freight (CIF),Millions,USD,21542000000.0,2021,False,High,Increasing
Jordan,Imports of goods,Imports of goods,Cost insurance freight (CIF),Millions,USD,27363000000.0,2022,False,High,Increasing
Jordan,Imports of goods,Imports of goods,Cost insurance freight (CIF),Millions,USD,25757000000.0,2023,False,High,Decreasing
Jordan,Imports of goods,Imports of goods,Cost insurance freight (CIF),Millions,USD,26895000000.0,2024,False,High,Increasing
Jordan,Imports of goods,Imports of goods,Cost insurance freight (CIF),Millions,USD,28945000000.0,2025,False,High,Increasing
Jordan,"Imports of goods, Price deflator",Imports of goods,Cost insurance freight (CIF),Units,Not Applicable,122.5967755841021,2016,False,Low,No Data
Jordan,"Imports of goods, Volume index",Imports of goods,Cost insurance freight (CIF),Units,Not Applicable,142.5621491579791,2016,False,Low,No Data
Jordan,"Imports of goods, Volume index",Imports of goods,Cost insurance freight (CIF),Units,Not Applicable,142.6623897353649,2017,False,Low,Increasing
Jordan,"Imports of goods, Volume index",Imports of goods,Cost insurance freight (CIF),Units,Not Applicable,134.0016038492382,2018,False,Low,Decreasing
Jordan,"Imports of goods, Volume index",Imports of goods,Cost insurance freight (CIF),Units,Not Applicable,131.6158781074579,2019,False,Low,Decreasing
Jordan,"Imports of goods, Volume index",Imports of goods,Cost insurance freight (CIF),Units,Not Applicable,122.8748997594226,2020,False,Low,Decreasing
Jordan,"Imports of goods, Volume index",Imports of goods,Cost insurance freight (CIF),Units,Not Applicable,128.4282277465918,2021,False,Low,Increasing
Jordan,"Imports of goods, Volume index",Imports of goods,Cost insurance freight (CIF),Units,Not Applicable,142.9430633520449,2022,False,Low,Increasing
Jordan,"Imports of goods, Volume index",Imports of goods,Cost insurance freight (CIF),Units,Not Applicable,139.0136327185245,2023,False,Low,Decreasing
Jordan,"Imports of goods, Volume index",Imports of goods,Cost insurance freight (CIF),Units,Not Applicable,145.308740978348,2024,False,Low,Increasing
Jordan,"Imports of goods, Volume index",Imports of goods,Cost insurance freight (CIF),Units,Not Applicable,153.0673616680032,2025,False,Low,Increasing
"Kazakhstan, Republic of",Exports of goods,Exports of goods,Free on board (FOB),Millions,USD,36686000000.0,2016,True,High,No Data
"Kazakhstan, Republic of",Exports of goods,Exports of goods,Free on board (FOB),Millions,USD,48303000000.0,2017,True,High,Increasing
"Kazakhstan, Republic of",Exports of goods,Exports of goods,Free on board (FOB),Millions,USD,60956000000.0,2018,True,High,Increasing
"Kazakhstan, Republic of",Exports of goods,Exports of goods,Free on board (FOB),Millions,USD,57309000000.0,2019,True,High,Decreasing
"Kazakhstan, Republic of",Exports of goods,Exports of goods,Free on board (FOB),Millions,USD,46447000000.0,2020,True,High,Decreasing
"Kazakhstan, Republic of",Exports of goods,Exports of goods,Free on board (FOB),Millions,USD,60624000000.0,2021,True,High,Increasing
"Kazakhstan, Republic of",Exports of goods,Exports of goods,Free on board (FOB),Millions,USD,84594000000.0,2022,True,High,Increasing
"Kazakhstan, Republic of",Exports of goods,Exports of goods,Free on board (FOB),Millions,USD,78533000000.0,2023,True,High,Decreasing
"Kazakhstan, Republic of",Exports of goods,Exports of goods,Free on board (FOB),Millions,USD,82470000000.0,2024,True,High,Increasing
"Kazakhstan, Republic of",Exports of goods,Exports of goods,Free on board (FOB),Millions,USD,78796000000.0,2025,True,High,Decreasing
"Kazakhstan, Republic of","Exports of goods, Volume index",Exports of goods,Free on board (FOB),Units,Not Applicable,99.39172749391729,2016,True,Low,No Data
"Kazakhstan, Republic of","Exports of goods, Volume index",Exports of goods,Free on board (FOB),Units,Not Applicable,107.7337504344804,2017,True,Low,Increasing
"Kazakhstan, Republic of","Exports of goods, Volume index",Exports of goods,Free on board (FOB),Units,Not Applicable,113.5036496350365,2018,True,Low,Increasing
"Kazakhstan, Republic of","Exports of goods, Volume index",Exports of goods,Free on board (FOB),Units,Not Applicable,117.2054223149114,2019,True,Low,Increasing
"Kazakhstan, Republic of","Exports of goods, Volume index",Exports of goods,Free on board (FOB),Units,Not Applicable,119.9339589850539,2020,True,Low,Increasing
"Kazakhstan, Republic of","Exports of goods, Volume index",Exports of goods,Free on board (FOB),Units,Not Applicable,96.62843239485576,2021,True,Low,Decreasing
"Kazakhstan, Republic of","Exports of goods, Volume index",Exports of goods,Free on board (FOB),Units,Not Applicable,100.3128258602711,2022,True,Low,Increasing
"Kazakhstan, Republic of","Exports of goods, Volume index",Exports of goods,Free on board (FOB),Units,Not Applicable,109.4542926659715,2023,True,Low,Increasing
"Kazakhstan, Republic of","Exports of goods, Volume index",Exports of goods,Free on board (FOB),Units,Not Applicable,117.3965936739659,2024,True,Low,Increasing
"Kazakhstan, Republic of","Exports of goods, Volume index",Exports of goods,Free on board (FOB),Units,Not Applicable,120.8724365658672,2025,True,Low,Increasing
"Kazakhstan, Republic of",Imports of goods,Imports of goods,Cost insurance freight (CIF),Millions,USD,24995000000.0,2016,False,High,No Data
"Kazakhstan, Republic of",Imports of goods,Imports of goods,Cost insurance freight (CIF),Millions,USD,29265000000.0,2017,False,High,Increasing
"Kazakhstan, Republic of",Imports of goods,Imports of goods,Cost insurance freight (CIF),Millions,USD,32534000000.0,2018,False,High,Increasing
"Kazakhstan, Republic of",Imports of goods,Imports of goods,Cost insurance freight (CIF),Millions,USD,37758000000.0,2019,False,High,Increasing
"Kazakhstan, Republic of",Imports of goods,Imports of goods,Cost insurance freight (CIF),Millions,USD,37221000000.0,2020,False,High,Decreasing
"Kazakhstan, Republic of",Imports of goods,Imports of goods,Cost insurance freight (CIF),Millions,USD,41171000000.0,2021,False,High,Increasing
"Kazakhstan, Republic of",Imports of goods,Imports of goods,Cost insurance freight (CIF),Millions,USD,50935000000.0,2022,False,High,Increasing
"Kazakhstan, Republic of",Imports of goods,Imports of goods,Cost insurance freight (CIF),Millions,USD,60654000000.0,2023,False,High,Increasing
"Kazakhstan, Republic of",Imports of goods,Imports of goods,Cost insurance freight (CIF),Millions,USD,59132000000.0,2024,False,High,Decreasing
"Kazakhstan, Republic of",Imports of goods,Imports of goods,Cost insurance freight (CIF),Millions,USD,64461000000.0,2025,False,High,Increasing
"Kazakhstan, Republic of","Imports of goods, Volume index",Imports of goods,Cost insurance freight (CIF),Units,Not Applicable,83.06585500830106,2016,False,Low,No Data
"Kazakhstan, Republic of","Imports of goods, Volume index",Imports of goods,Cost insurance freight (CIF),Units,Not Applicable,93.53901494189265,2017,False,Low,Increasing
"Kazakhstan, Republic of","Imports of goods, Volume index",Imports of goods,Cost insurance freight (CIF),Units,Not Applicable,100.1521859435528,2018,False,Low,Increasing
"Kazakhstan, Republic of","Imports of goods, Volume index",Imports of goods,Cost insurance freight (CIF),Units,Not Applicable,119.0232429441062,2019,False,Low,Increasing
"Kazakhstan, Republic of","Imports of goods, Volume index",Imports of goods,Cost insurance freight (CIF),Units,Not Applicable,116.8372993912562,2020,False,Low,Decreasing
"Kazakhstan, Republic of","Imports of goods, Volume index",Imports of goods,Cost insurance freight (CIF),Units,Not Applicable,112.2302158273381,2021,False,Low,Decreasing
"Kazakhstan, Republic of","Imports of goods, Volume index",Imports of goods,Cost insurance freight (CIF),Units,Not Applicable,123.7825124515772,2022,False,Low,Increasing
"Kazakhstan, Republic of","Imports of goods, Volume index",Imports of goods,Cost insurance freight (CIF),Units,Not Applicable,149.9446596568899,2023,False,Low,Increasing
"Kazakhstan, Republic of","Imports of goods, Volume index",Imports of goods,Cost insurance freight (CIF),Units,Not Applicable,147.3574986164914,2024,False,Low,Decreasing
"Kazakhstan, Republic of","Imports of goods, Volume index",Imports of goods,Cost insurance freight (CIF),Units,Not Applicable,159.7537354731599,2025,False,Low,Increasing
Kenya,Exports of goods,Exports of goods,Free on board (FOB),Millions,USD,5695000000.0,2016,True,Medium,No Data
Kenya,Exports of goods,Exports of goods,Free on board (FOB),Millions,USD,5747000000.0,2017,True,Medium,Increasing
Kenya,Exports of goods,Exports of goods,Free on board (FOB),Millions,USD,6052000000.0,2018,True,Medium,Increasing
Kenya,Exports of goods,Exports of goods,Free on board (FOB),Millions,USD,5838000000.0,2019,True,Medium,Decreasing
Kenya,Exports of goods,Exports of goods,Free on board (FOB),Millions,USD,6033000000.0,2020,True,Medium,Increasing
Kenya,Exports of goods,Exports of goods,Free on board (FOB),Millions,USD,6739000000.0,2021,True,Medium,Increasing
Kenya,Exports of goods,Exports of goods,Free on board (FOB),Millions,USD,7410000000.0,2022,True,Medium,Increasing
Kenya,Exports of goods,Exports of goods,Free on board (FOB),Millions,USD,7191000000.0,2023,True,Medium,Decreasing
Kenya,Exports of goods,Exports of goods,Free on board (FOB),Millions,USD,8237000000.0,2024,True,Medium,Increasing
Kenya,Exports of goods,Exports of goods,Free on board (FOB),Millions,USD,8602000000.0,2025,True,Medium,Increasing
Kenya,"Exports of goods, Volume index",Exports of goods,Free on board (FOB),Units,Not Applicable,117.2351479557262,2016,True,Low,No Data
Kenya,"Exports of goods, Volume index",Exports of goods,Free on board (FOB),Units,Not Applicable,108.5159250056472,2017,True,Low,Decreasing
Kenya,"Exports of goods, Volume index",Exports of goods,Free on board (FOB),Units,Not Applicable,115.3151118138694,2018,True,Low,Increasing
Kenya,"Exports of goods, Volume index",Exports of goods,Free on board (FOB),Units,Not Applicable,116.8737293878473,2019,True,Low,Increasing
Kenya,"Exports of goods, Volume index",Exports of goods,Free on board (FOB),Units,Not Applicable,118.5227016037949,2020,True,Low,Increasing
Kenya,"Exports of goods, Volume index",Exports of goods,Free on board (FOB),Units,Not Applicable,118.0935170544387,2021,True,Low,Decreasing
Kenya,"Exports of goods, Volume index",Exports of goods,Free on board (FOB),Units,Not Applicable,117.0092613508019,2022,True,Low,Decreasing
Kenya,"Exports of goods, Volume index",Exports of goods,Free on board (FOB),Units,Not Applicable,115.1569911904224,2023,True,Low,Decreasing
Kenya,"Exports of goods, Volume index",Exports of goods,Free on board (FOB),Units,Not Applicable,127.9873503501242,2024,True,Low,Increasing
Kenya,"Exports of goods, Volume index",Exports of goods,Free on board (FOB),Units,Not Applicable,128.5972441834199,2025,True,Low,Increasing
Kenya,Imports of goods,Imports of goods,Cost insurance freight (CIF),Millions,USD,14107000000.0,2016,False,High,No Data
Kenya,Imports of goods,Imports of goods,Cost insurance freight (CIF),Millions,USD,16687000000.0,2017,False,High,Increasing
Kenya,Imports of goods,Imports of goods,Cost insurance freight (CIF),Millions,USD,17378000000.0,2018,False,High,Increasing
Kenya,Imports of goods,Imports of goods,Cost insurance freight (CIF),Millions,USD,17655000000.0,2019,False,High,Increasing
Kenya,Imports of goods,Imports of goods,Cost insurance freight (CIF),Millions,USD,15435000000.0,2020,False,High,Decreasing
Kenya,Imports of goods,Imports of goods,Cost insurance freight (CIF),Millions,USD,19559000000.0,2021,False,High,Increasing
Kenya,Imports of goods,Imports of goods,Cost insurance freight (CIF),Millions,USD,21166000000.0,2022,False,High,Increasing
Kenya,Imports of goods,Imports of goods,Cost insurance freight (CIF),Millions,USD,18584000000.0,2023,False,High,Decreasing
Kenya,Imports of goods,Imports of goods,Cost insurance freight (CIF),Millions,USD,20088000000.0,2024,False,High,Increasing
Kenya,Imports of goods,Imports of goods,Cost insurance freight (CIF),Millions,USD,21614000000.0,2025,False,High,Increasing
Kenya,"Imports of goods, Volume index",Imports of goods,Cost insurance freight (CIF),Units,Not Applicable,128.6034353995519,2016,False,Low,No Data
Kenya,"Imports of goods, Volume index",Imports of goods,Cost insurance freight (CIF),Units,Not Applicable,144.8842419716206,2017,False,Low,Increasing
Kenya,"Imports of goods, Volume index",Imports of goods,Cost insurance freight (CIF),Units,Not Applicable,144.9141150112024,2018,False,Low,Increasing
Kenya,"Imports of goods, Volume index",Imports of goods,Cost insurance freight (CIF),Units,Not Applicable,151.6504854368932,2019,False,Low,Increasing
Kenya,"Imports of goods, Volume index",Imports of goods,Cost insurance freight (CIF),Units,Not Applicable,135.3099327856609,2020,False,Low,Decreasing
Kenya,"Imports of goods, Volume index",Imports of goods,Cost insurance freight (CIF),Units,Not Applicable,144.5108289768484,2021,False,Low,Increasing
Kenya,"Imports of goods, Volume index",Imports of goods,Cost insurance freight (CIF),Units,Not Applicable,135.6086631814787,2022,False,Low,Decreasing
Kenya,"Imports of goods, Volume index",Imports of goods,Cost insurance freight (CIF),Units,Not Applicable,128.1105302464526,2023,False,Low,Decreasing
Kenya,"Imports of goods, Volume index",Imports of goods,Cost insurance freight (CIF),Units,Not Applicable,142.4346527259149,2024,False,Low,Increasing
Kenya,"Imports of goods, Volume index",Imports of goods,Cost insurance freight (CIF),Units,Not Applicable,152.2628827483196,2025,False,Low,Increasing
Kiribati,Exports of goods,Exports of goods,Free on board (FOB),Thousands,USD,11000000.0,2016,True,Medium,No Data
Kiribati,Exports of goods,Exports of goods,Free on board (FOB),Thousands,USD,15000000.0,2017,True,Medium,Increasing
Kiribati,Exports of goods,Exports of goods,Free on board (FOB),Thousands,USD,8000000.0,2018,True,Medium,Decreasing
Kiribati,Exports of goods,Exports of goods,Free on board (FOB),Thousands,USD,12000000.0,2019,True,Medium,Increasing
Kiribati,Exports of goods,Exports of goods,Free on board (FOB),Thousands,USD,9000000.0,2020,True,Medium,Decreasing
Kiribati,Exports of goods,Exports of goods,Free on board (FOB),Thousands,USD,9000000.0,2021,True,Medium,No Data
Kiribati,Exports of goods,Exports of goods,Free on board (FOB),Thousands,USD,9000000.0,2022,True,Medium,No Data
Kiribati,Exports of goods,Exports of goods,Free on board (FOB),Thousands,USD,19000000.0,2023,True,Medium,Increasing
Kiribati,Exports of goods,Exports of goods,Free on board (FOB),Thousands,USD,24000000.0,2024,True,Medium,Increasing
Kiribati,Exports of goods,Exports of goods,Free on board (FOB),Thousands,USD,20000000.0,2025,True,Medium,Decreasing
Kiribati,Imports of goods,Imports of goods,Cost insurance freight (CIF),Thousands,USD,137000000.0,2016,False,Medium,No Data
Kiribati,Imports of goods,Imports of goods,Cost insurance freight (CIF),Thousands,USD,131000000.0,2017,False,Medium,Decreasing
Kiribati,Imports of goods,Imports of goods,Cost insurance freight (CIF),Thousands,USD,122000000.0,2018,False,Medium,Decreasing
Kiribati,Imports of goods,Imports of goods,Cost insurance freight (CIF),Thousands,USD,132000000.0,2019,False,Medium,Increasing
Kiribati,Imports of goods,Imports of goods,Cost insurance freight (CIF),Thousands,USD,133000000.0,2020,False,Medium,Increasing
Kiribati,Imports of goods,Imports of goods,Cost insurance freight (CIF),Thousands,USD,176000000.0,2021,False,Medium,Increasing
Kiribati,Imports of goods,Imports of goods,Cost insurance freight (CIF),Thousands,USD,202000000.0,2022,False,Medium,Increasing
Kiribati,Imports of goods,Imports of goods,Cost insurance freight (CIF),Thousands,USD,308000000.0,2023,False,Medium,Increasing
Kiribati,Imports of goods,Imports of goods,Cost insurance freight (CIF),Thousands,USD,334000000.0,2024,False,Medium,Increasing
Kiribati,Imports of goods,Imports of goods,Cost insurance freight (CIF),Thousands,USD,496000000.0,2025,False,Medium,Increasing
"Korea, Republic of",Export price index (EPI),Exports of goods,Free on board (FOB),Units,Not Applicable,80.75295755045232,2016,True,Low,No Data
"Korea, Republic of",Export price index (EPI),Exports of goods,Free on board (FOB),Units,Not Applicable,85.7098121085595,2017,True,Low,Increasing
"Korea, Republic of",Export price index (EPI),Exports of goods,Free on board (FOB),Units,Not Applicable,86.35142658315942,2018,True,Low,Increasing
"Korea, Republic of",Export price index (EPI),Exports of goods,Free on board (FOB),Units,Not Applicable,83.4599860821155,2019,True,Low,Decreasing
"Korea, Republic of",Export price index (EPI),Exports of goods,Free on board (FOB),Units,Not Applicable,79.116214335421,2020,True,Low,Decreasing
"Korea, Republic of",Export price index (EPI),Exports of goods,Free on board (FOB),Units,Not Applicable,90.41823242867082,2021,True,Low,Increasing
"Korea, Republic of",Exports of goods,Exports of goods,Free on board (FOB),Billions,USD,495426000000.0,2016,True,High,No Data
"Korea, Republic of",Exports of goods,Exports of goods,Free on board (FOB),Billions,USD,573694000000.0,2017,True,High,Increasing
"Korea, Republic of",Exports of goods,Exports of goods,Free on board (FOB),Billions,USD,604859000000.0,2018,True,High,Increasing
"Korea, Republic of",Exports of goods,Exports of goods,Free on board (FOB),Billions,USD,542232000000.0,2019,True,High,Decreasing
"Korea, Republic of",Exports of goods,Exports of goods,Free on board (FOB),Billions,USD,512498000000.00006,2020,True,High,Decreasing
"Korea, Republic of",Exports of goods,Exports of goods,Free on board (FOB),Billions,USD,644401000000.0,2021,True,High,Increasing
"Korea, Republic of",Exports of goods,Exports of goods,Free on board (FOB),Billions,USD,683585000000.0,2022,True,High,Increasing
"Korea, Republic of",Exports of goods,Exports of goods,Free on board (FOB),Billions,USD,632226000000.0,2023,True,High,Decreasing
"Korea, Republic of",Exports of goods,Exports of goods,Free on board (FOB),Billions,USD,683610000000.0,2024,True,High,Increasing
"Korea, Republic of",Exports of goods,Exports of goods,Free on board (FOB),Billions,USD,709331000000.0,2025,True,High,Increasing
"Korea, Republic of","Exports of goods, Volume index",Exports of goods,Free on board (FOB),Units,Not Applicable,131.9732353712936,2016,True,Low,No Data
"Korea, Republic of","Exports of goods, Volume index",Exports of goods,Free on board (FOB),Units,Not Applicable,140.3437418000525,2017,True,Low,Increasing
"Korea, Republic of","Exports of goods, Volume index",Exports of goods,Free on board (FOB),Units,Not Applicable,59.15114143269483,2018,True,Low,Decreasing
"Korea, Republic of","Exports of goods, Volume index",Exports of goods,Free on board (FOB),Units,Not Applicable,57.90824805387914,2019,True,Low,Decreasing
"Korea, Republic of","Exports of goods, Volume index",Exports of goods,Free on board (FOB),Units,Not Applicable,58.44966325548848,2020,True,Low,Increasing
"Korea, Republic of","Exports of goods, Volume index",Exports of goods,Free on board (FOB),Units,Not Applicable,86.6797865826992,2021,True,Low,Increasing
"Korea, Republic of","Exports of goods, Volume index",Exports of goods,Free on board (FOB),Units,Not Applicable,154.906848596169,2022,True,Low,Increasing
"Korea, Republic of","Exports of goods, Volume index",Exports of goods,Free on board (FOB),Units,Not Applicable,158.1343479401732,2023,True,Low,Increasing
"Korea, Republic of","Exports of goods, Volume index",Exports of goods,Free on board (FOB),Units,Not Applicable,168.1448438729992,2024,True,Medium,Increasing
"Korea, Republic of","Exports of goods, Volume index",Exports of goods,Free on board (FOB),Units,Not Applicable,177.8929414851745,2025,True,Medium,Increasing
"Korea, Republic of",Import price index,Imports of goods,Cost insurance freight (CIF),Units,Not Applicable,76.9618642649077,2016,False,Low,No Data
"Korea, Republic of",Import price index,Imports of goods,Cost insurance freight (CIF),Units,Not Applicable,81.99819198446447,2017,False,Low,Increasing
"Korea, Republic of",Import price index,Imports of goods,Cost insurance freight (CIF),Units,Not Applicable,87.13161683463353,2018,False,Low,Increasing
"Korea, Republic of",Import price index,Imports of goods,Cost insurance freight (CIF),Units,Not Applicable,87.86151940268519,2019,False,Low,Increasing
"Korea, Republic of",Import price index,Imports of goods,Cost insurance freight (CIF),Units,Not Applicable,80.23839019653794,2020,False,Low,Decreasing
"Korea, Republic of",Import price index,Imports of goods,Cost insurance freight (CIF),Units,Not Applicable,94.38309840291961,2021,False,Low,Increasing
"Korea, Republic of",Imports of goods,Imports of goods,Cost insurance freight (CIF),Billions,USD,406192000000.0,2016,False,High,No Data
"Korea, Republic of",Imports of goods,Imports of goods,Cost insurance freight (CIF),Billions,USD,478478000000.0,2017,False,High,Increasing
"Korea, Republic of",Imports of goods,Imports of goods,Cost insurance freight (CIF),Billions,USD,535203000000.0,2018,False,High,Increasing
"Korea, Republic of",Imports of goods,Imports of goods,Cost insurance freight (CIF),Billions,USD,503341000000.0,2019,False,High,Decreasing
"Korea, Republic of",Imports of goods,Imports of goods,Cost insurance freight (CIF),Billions,USD,467633000000.0,2020,False,High,Decreasing
"Korea, Republic of",Imports of goods,Imports of goods,Cost insurance freight (CIF),Billions,USD,615095000000.0,2021,False,High,Increasing
"Korea, Republic of",Imports of goods,Imports of goods,Cost insurance freight (CIF),Billions,USD,731370000000.0,2022,False,High,Increasing
"Korea, Republic of",Imports of goods,Imports of goods,Cost insurance freight (CIF),Billions,USD,642572000000.0,2023,False,High,Decreasing
"Korea, Republic of",Imports of goods,Imports of goods,Cost insurance freight (CIF),Billions,USD,631768000000.0,2024,False,High,Decreasing
"Korea, Republic of",Imports of goods,Imports of goods,Cost insurance freight (CIF),Billions,USD,631897000000.0,2025,False,High,Increasing
"Korea, Republic of","Imports of goods, Volume index",Imports of goods,Cost insurance freight (CIF),Units,Not Applicable,124.5304282494365,2016,False,Low,No Data
"Korea, Republic of","Imports of goods, Volume index",Imports of goods,Cost insurance freight (CIF),Units,Not Applicable,134.3350864012021,2017,False,Low,Increasing
"Korea, Republic of","Imports of goods, Volume index",Imports of goods,Cost insurance freight (CIF),Units,Not Applicable,83.66203355872773,2018,False,Low,Decreasing
"Korea, Republic of","Imports of goods, Volume index",Imports of goods,Cost insurance freight (CIF),Units,Not Applicable,82.26959679439024,2019,False,Low,Decreasing
"Korea, Republic of","Imports of goods, Volume index",Imports of goods,Cost insurance freight (CIF),Units,Not Applicable,85.05634861006762,2020,False,Low,Increasing
"Korea, Republic of","Imports of goods, Volume index",Imports of goods,Cost insurance freight (CIF),Units,Not Applicable,108.9869772101177,2021,False,Low,Increasing
"Korea, Republic of","Imports of goods, Volume index",Imports of goods,Cost insurance freight (CIF),Units,Not Applicable,161.7392937640872,2022,False,Low,Increasing
"Korea, Republic of","Imports of goods, Volume index",Imports of goods,Cost insurance freight (CIF),Units,Not Applicable,156.3486100676183,2023,False,Low,Decreasing
"Korea, Republic of","Imports of goods, Volume index",Imports of goods,Cost insurance freight (CIF),Units,Not Applicable,156.5176558978212,2024,False,Low,Increasing
"Korea, Republic of","Imports of goods, Volume index",Imports of goods,Cost insurance freight (CIF),Units,Not Applicable,164.0871525169046,2025,False,Low,Increasing
"Kosovo, Republic of",Exports of goods,Exports of goods,Free on board (FOB),Millions,USD,342501112.77594537,2016,True,Medium,No Data
"Kosovo, Republic of",Exports of goods,Exports of goods,Free on board (FOB),Millions,USD,428325415.6787986,2017,True,Medium,Increasing
"Kosovo, Republic of",Exports of goods,Exports of goods,Free on board (FOB),Millions,USD,432532075.1255076,2018,True,Medium,Increasing
"Kosovo, Republic of",Exports of goods,Exports of goods,Free on board (FOB),Millions,USD,428925562.0172815,2019,True,Medium,Decreasing
"Kosovo, Republic of",Exports of goods,Exports of goods,Free on board (FOB),Millions,USD,544265607.7409718,2020,True,Medium,Increasing
"Kosovo, Republic of",Exports of goods,Exports of goods,Free on board (FOB),Millions,USD,885546460.7082949,2021,True,Medium,Increasing
"Kosovo, Republic of",Exports of goods,Exports of goods,Free on board (FOB),Millions,USD,1048478239.7991159,2022,True,Medium,Increasing
"Kosovo, Republic of",Exports of goods,Exports of goods,Free on board (FOB),Millions,USD,944195873.4789368,2023,True,Medium,Decreasing
"Kosovo, Republic of",Exports of goods,Exports of goods,Free on board (FOB),Millions,USD,1021831911.917998,2024,True,Medium,Increasing
"Kosovo, Republic of",Exports of goods,Exports of goods,Free on board (FOB),Millions,USD,1068090051.5062189,2025,True,Medium,Increasing
"Kosovo, Republic of",Import price index,Imports of goods,Cost insurance freight (CIF),Units,Not Applicable,96.08695652173913,2016,False,Low,No Data
"Kosovo, Republic of",Imports of goods,Imports of goods,Cost insurance freight (CIF),Millions,USD,3088103999.899465,2016,False,Medium,No Data
"Kosovo, Republic of",Imports of goods,Imports of goods,Cost insurance freight (CIF),Millions,USD,3456752803.80789,2017,False,Medium,Increasing
"Kosovo, Republic of",Imports of goods,Imports of goods,Cost insurance freight (CIF),Millions,USD,3942260793.494062,2018,False,Medium,Increasing
"Kosovo, Republic of",Imports of goods,Imports of goods,Cost insurance freight (CIF),Millions,USD,3910922070.452562,2019,False,Medium,Decreasing
"Kosovo, Republic of",Imports of goods,Imports of goods,Cost insurance freight (CIF),Millions,USD,3780956101.359809,2020,False,Medium,Decreasing
"Kosovo, Republic of",Imports of goods,Imports of goods,Cost insurance freight (CIF),Millions,USD,5491547281.0710125,2021,False,Medium,Increasing
"Kosovo, Republic of",Imports of goods,Imports of goods,Cost insurance freight (CIF),Millions,USD,5924183586.429863,2022,False,Medium,Increasing
"Kosovo, Republic of",Imports of goods,Imports of goods,Cost insurance freight (CIF),Millions,USD,6395914848.953711,2023,False,Medium,Increasing
"Kosovo, Republic of",Imports of goods,Imports of goods,Cost insurance freight (CIF),Millions,USD,6848576884.142435,2024,False,Medium,Increasing
"Kosovo, Republic of",Imports of goods,Imports of goods,Cost insurance freight (CIF),Millions,USD,7982458252.475553,2025,False,Medium,Increasing
Kuwait,Exports of goods,Exports of goods,Free on board (FOB),Millions,USD,46273000000.0,2016,True,High,No Data
Kuwait,Exports of goods,Exports of goods,Free on board (FOB),Millions,USD,55016000000.0,2017,True,High,Increasing
Kuwait,Exports of goods,Exports of goods,Free on board (FOB),Millions,USD,71938000000.0,2018,True,High,Increasing
Kuwait,Exports of goods,Exports of goods,Free on board (FOB),Millions,USD,64483000000.0,2019,True,High,Decreasing
Kuwait,Exports of goods,Exports of goods,Free on board (FOB),Millions,USD,40116000000.0,2020,True,High,Decreasing
Kuwait,Exports of goods,Exports of goods,Free on board (FOB),Millions,USD,63127000000.0,2021,True,High,Increasing
Kuwait,Exports of goods,Exports of goods,Free on board (FOB),Millions,USD,99984000000.0,2022,True,High,Increasing
Kuwait,Exports of goods,Exports of goods,Free on board (FOB),Millions,USD,83980000000.0,2023,True,High,Decreasing
Kuwait,Exports of goods,Exports of goods,Free on board (FOB),Millions,USD,75150000000.0,2024,True,High,Decreasing
Kuwait,Exports of goods,Exports of goods,Free on board (FOB),Millions,USD,72073000000.0,2025,True,High,Decreasing
Kuwait,"Exports of goods, Volume index",Exports of goods,Free on board (FOB),Units,Not Applicable,105.0618672665917,2016,True,Low,No Data
Kuwait,"Exports of goods, Volume index",Exports of goods,Free on board (FOB),Units,Not Applicable,105.1293588301462,2017,True,Low,Increasing
Kuwait,"Exports of goods, Volume index",Exports of goods,Free on board (FOB),Units,Not Applicable,111.7660292463442,2018,True,Low,Increasing
Kuwait,"Exports of goods, Volume index",Exports of goods,Free on board (FOB),Units,Not Applicable,109.7637795275591,2019,True,Low,Decreasing
Kuwait,"Exports of goods, Volume index",Exports of goods,Free on board (FOB),Units,Not Applicable,89.15635545556805,2020,True,Low,Decreasing
Kuwait,"Exports of goods, Volume index",Exports of goods,Free on board (FOB),Units,Not Applicable,88.93138357705287,2021,True,Low,Decreasing
Kuwait,"Exports of goods, Volume index",Exports of goods,Free on board (FOB),Units,Not Applicable,99.25759280089989,2022,True,Low,Increasing
Kuwait,"Exports of goods, Volume index",Exports of goods,Free on board (FOB),Units,Not Applicable,100.9673790776153,2023,True,Low,Increasing
Kuwait,"Exports of goods, Volume index",Exports of goods,Free on board (FOB),Units,Not Applicable,93.83577052868392,2024,True,Low,Decreasing
Kuwait,"Exports of goods, Volume index",Exports of goods,Free on board (FOB),Units,Not Applicable,96.0179977502812,2025,True,Low,Increasing
Kuwait,Imports of goods,Imports of goods,Cost insurance freight (CIF),Millions,USD,30825000000.0,2016,False,High,No Data
Kuwait,Imports of goods,Imports of goods,Cost insurance freight (CIF),Millions,USD,33572000000.0,2017,False,High,Increasing
Kuwait,Imports of goods,Imports of goods,Cost insurance freight (CIF),Millions,USD,35864000000.0,2018,False,High,Increasing
Kuwait,Imports of goods,Imports of goods,Cost insurance freight (CIF),Millions,USD,33575000000.0,2019,False,High,Decreasing
Kuwait,Imports of goods,Imports of goods,Cost insurance freight (CIF),Millions,USD,27738000000.0,2020,False,High,Decreasing
Kuwait,Imports of goods,Imports of goods,Cost insurance freight (CIF),Millions,USD,31889000000.0,2021,False,High,Increasing
Kuwait,Imports of goods,Imports of goods,Cost insurance freight (CIF),Millions,USD,34569000000.0,2022,False,High,Increasing
Kuwait,Imports of goods,Imports of goods,Cost insurance freight (CIF),Millions,USD,37490000000.0,2023,False,High,Increasing
Kuwait,Imports of goods,Imports of goods,Cost insurance freight (CIF),Millions,USD,38061000000.0,2024,False,High,Increasing
Kuwait,Imports of goods,Imports of goods,Cost insurance freight (CIF),Millions,USD,41612000000.0,2025,False,High,Increasing
Kuwait,"Imports of goods, Volume index",Imports of goods,Cost insurance freight (CIF),Units,Not Applicable,136.2394652717233,2016,False,Low,No Data
Kuwait,"Imports of goods, Volume index",Imports of goods,Cost insurance freight (CIF),Units,Not Applicable,144.3475733798314,2017,False,Low,Increasing
Kuwait,"Imports of goods, Volume index",Imports of goods,Cost insurance freight (CIF),Units,Not Applicable,150.566695727986,2018,False,Low,Increasing
Kuwait,"Imports of goods, Volume index",Imports of goods,Cost insurance freight (CIF),Units,Not Applicable,141.7320546352804,2019,False,Low,Decreasing
Kuwait,"Imports of goods, Volume index",Imports of goods,Cost insurance freight (CIF),Units,Not Applicable,115.0537634408602,2020,False,Low,Decreasing
Kuwait,"Imports of goods, Volume index",Imports of goods,Cost insurance freight (CIF),Units,Not Applicable,123.830281894798,2021,False,Low,Increasing
Kuwait,"Imports of goods, Volume index",Imports of goods,Cost insurance freight (CIF),Units,Not Applicable,126.4167393199651,2022,False,Low,Increasing
Kuwait,"Imports of goods, Volume index",Imports of goods,Cost insurance freight (CIF),Units,Not Applicable,135.5419936065097,2023,False,Low,Increasing
Kuwait,"Imports of goods, Volume index",Imports of goods,Cost insurance freight (CIF),Units,Not Applicable,135.5129322871258,2024,False,Low,Decreasing
Kuwait,"Imports of goods, Volume index",Imports of goods,Cost insurance freight (CIF),Units,Not Applicable,145.0741063644289,2025,False,Low,Increasing
Kyrgyz Republic,Exports of goods,Exports of goods,Free on board (FOB),Millions,USD,1574000000.0,2016,True,Medium,No Data
Kyrgyz Republic,Exports of goods,Exports of goods,Free on board (FOB),Millions,USD,1764000000.0,2017,True,Medium,Increasing
Kyrgyz Republic,Exports of goods,Exports of goods,Free on board (FOB),Millions,USD,1837000000.0,2018,True,Medium,Increasing
Kyrgyz Republic,Exports of goods,Exports of goods,Free on board (FOB),Millions,USD,1987000000.0,2019,True,Medium,Increasing
Kyrgyz Republic,Exports of goods,Exports of goods,Free on board (FOB),Millions,USD,1973000000.0,2020,True,Medium,Decreasing
Kyrgyz Republic,Exports of goods,Exports of goods,Free on board (FOB),Millions,USD,2752000000.0,2021,True,Medium,Increasing
Kyrgyz Republic,Exports of goods,Exports of goods,Free on board (FOB),Millions,USD,2254000000.0,2022,True,Medium,Decreasing
Kyrgyz Republic,Exports of goods,Exports of goods,Free on board (FOB),Millions,USD,3385000000.0,2023,True,Medium,Increasing
Kyrgyz Republic,Exports of goods,Exports of goods,Free on board (FOB),Millions,USD,5143000000.0,2024,True,Medium,Increasing
Kyrgyz Republic,Exports of goods,Exports of goods,Free on board (FOB),Millions,USD,2852000000.0,2025,True,Medium,Decreasing
Kyrgyz Republic,"Exports of goods, Volume index",Exports of goods,Free on board (FOB),Units,Not Applicable,107.6629084655074,2016,True,Low,No Data
Kyrgyz Republic,"Exports of goods, Volume index",Exports of goods,Free on board (FOB),Units,Not Applicable,115.9564303458819,2017,True,Low,Increasing
Kyrgyz Republic,"Exports of goods, Volume index",Exports of goods,Free on board (FOB),Units,Not Applicable,117.7145041085419,2018,True,Low,Increasing
Kyrgyz Republic,"Exports of goods, Volume index",Exports of goods,Free on board (FOB),Units,Not Applicable,125.6831645327728,2019,True,Low,Increasing
Kyrgyz Republic,"Exports of goods, Volume index",Exports of goods,Free on board (FOB),Units,Not Applicable,113.9117141219186,2020,True,Low,Decreasing
Kyrgyz Republic,"Exports of goods, Volume index",Exports of goods,Free on board (FOB),Units,Not Applicable,143.8562965794,2021,True,Low,Increasing
Kyrgyz Republic,"Exports of goods, Volume index",Exports of goods,Free on board (FOB),Units,Not Applicable,112.9944582457481,2022,True,Low,Decreasing
Kyrgyz Republic,"Exports of goods, Volume index",Exports of goods,Free on board (FOB),Units,Not Applicable,177.3170265622014,2023,True,Medium,Increasing
Kyrgyz Republic,"Exports of goods, Volume index",Exports of goods,Free on board (FOB),Units,Not Applicable,242.0408943244793,2024,True,Medium,Increasing
Kyrgyz Republic,"Exports of goods, Volume index",Exports of goods,Free on board (FOB),Units,Not Applicable,108.8476973055609,2025,True,Low,Decreasing
Kyrgyz Republic,Imports of goods,Imports of goods,Cost insurance freight (CIF),Millions,USD,4000000000.0,2016,False,Medium,No Data
Kyrgyz Republic,Imports of goods,Imports of goods,Cost insurance freight (CIF),Millions,USD,4495000000.0,2017,False,Medium,Increasing
Kyrgyz Republic,Imports of goods,Imports of goods,Cost insurance freight (CIF),Millions,USD,5291000000.0,2018,False,Medium,Increasing
Kyrgyz Republic,Imports of goods,Imports of goods,Cost insurance freight (CIF),Millions,USD,4989000000.0,2019,False,Medium,Decreasing
Kyrgyz Republic,Imports of goods,Imports of goods,Cost insurance freight (CIF),Millions,USD,3719000000.0,2020,False,Medium,Decreasing
Kyrgyz Republic,Imports of goods,Imports of goods,Cost insurance freight (CIF),Millions,USD,5580000000.0,2021,False,Medium,Increasing
Kyrgyz Republic,Imports of goods,Imports of goods,Cost insurance freight (CIF),Millions,USD,9804000000.0,2022,False,High,Increasing
Kyrgyz Republic,Imports of goods,Imports of goods,Cost insurance freight (CIF),Millions,USD,12518000000.0,2023,False,High,Increasing
Kyrgyz Republic,Imports of goods,Imports of goods,Cost insurance freight (CIF),Millions,USD,12489000000.0,2024,False,High,Decreasing
Kyrgyz Republic,Imports of goods,Imports of goods,Cost insurance freight (CIF),Millions,USD,12973000000.0,2025,False,High,Increasing
Kyrgyz Republic,"Imports of goods, Volume index",Imports of goods,Cost insurance freight (CIF),Units,Not Applicable,132.5955353764661,2016,False,Low,No Data
Kyrgyz Republic,"Imports of goods, Volume index",Imports of goods,Cost insurance freight (CIF),Units,Not Applicable,140.9194097616345,2017,False,Low,Increasing
Kyrgyz Republic,"Imports of goods, Volume index",Imports of goods,Cost insurance freight (CIF),Units,Not Applicable,158.3049564888384,2018,False,Low,Increasing
Kyrgyz Republic,"Imports of goods, Volume index",Imports of goods,Cost insurance freight (CIF),Units,Not Applicable,154.5686719636776,2019,False,Low,Decreasing
Kyrgyz Republic,"Imports of goods, Volume index",Imports of goods,Cost insurance freight (CIF),Units,Not Applicable,118.0949678395762,2020,False,Low,Decreasing
Kyrgyz Republic,"Imports of goods, Volume index",Imports of goods,Cost insurance freight (CIF),Units,Not Applicable,151.3810064320847,2021,False,Low,Increasing
Kyrgyz Republic,"Imports of goods, Volume index",Imports of goods,Cost insurance freight (CIF),Units,Not Applicable,230.6564510026485,2022,False,Medium,Increasing
Kyrgyz Republic,"Imports of goods, Volume index",Imports of goods,Cost insurance freight (CIF),Units,Not Applicable,301.0594021944759,2023,False,Medium,Increasing
Kyrgyz Republic,"Imports of goods, Volume index",Imports of goods,Cost insurance freight (CIF),Units,Not Applicable,303.0079455164585,2024,False,Medium,Increasing
Kyrgyz Republic,"Imports of goods, Volume index",Imports of goods,Cost insurance freight (CIF),Units,Not Applicable,313.3371169125993,2025,False,Medium,Increasing
Lao People's Democratic Republic,Exports of goods,Exports of goods,Free on board (FOB),Thousands,USD,4245000000.0,2016,True,Medium,No Data
Lao People's Democratic Republic,Exports of goods,Exports of goods,Free on board (FOB),Thousands,USD,4873000000.0,2017,True,Medium,Increasing
Lao People's Democratic Republic,Exports of goods,Exports of goods,Free on board (FOB),Thousands,USD,5408000000.0,2018,True,Medium,Increasing
Lao People's Democratic Republic,Exports of goods,Exports of goods,Free on board (FOB),Thousands,USD,5806000000.0,2019,True,Medium,Increasing
Lao People's Democratic Republic,Exports of goods,Exports of goods,Free on board (FOB),Thousands,USD,6115000000.0,2020,True,Medium,Increasing
Lao People's Democratic Republic,Exports of goods,Exports of goods,Free on board (FOB),Thousands,USD,7695000000.0,2021,True,Medium,Increasing
Lao People's Democratic Republic,Exports of goods,Exports of goods,Free on board (FOB),Thousands,USD,8198000000.0,2022,True,Medium,Increasing
Lao People's Democratic Republic,Exports of goods,Exports of goods,Free on board (FOB),Thousands,USD,8370000000.0,2023,True,Medium,Increasing
Lao People's Democratic Republic,Exports of goods,Exports of goods,Free on board (FOB),Thousands,USD,9386000000.0,2024,True,High,Increasing
Lao People's Democratic Republic,Exports of goods,Exports of goods,Free on board (FOB),Thousands,USD,12377000000.0,2025,True,High,Increasing
Lao People's Democratic Republic,Imports of goods,Imports of goods,Cost insurance freight (CIF),Thousands,USD,5372000000.0,2016,False,Medium,No Data
Lao People's Democratic Republic,Imports of goods,Imports of goods,Cost insurance freight (CIF),Thousands,USD,5667000000.0,2017,False,Medium,Increasing
Lao People's Democratic Republic,Imports of goods,Imports of goods,Cost insurance freight (CIF),Thousands,USD,6315000000.0,2018,False,Medium,Increasing
Lao People's Democratic Republic,Imports of goods,Imports of goods,Cost insurance freight (CIF),Thousands,USD,6272000000.0,2019,False,Medium,Decreasing
Lao People's Democratic Republic,Imports of goods,Imports of goods,Cost insurance freight (CIF),Thousands,USD,5370000000.0,2020,False,Medium,Decreasing
Lao People's Democratic Republic,Imports of goods,Imports of goods,Cost insurance freight (CIF),Thousands,USD,6275000000.0,2021,False,Medium,Increasing
Lao People's Democratic Republic,Imports of goods,Imports of goods,Cost insurance freight (CIF),Thousands,USD,7244000000.0,2022,False,Medium,Increasing
Lao People's Democratic Republic,Imports of goods,Imports of goods,Cost insurance freight (CIF),Thousands,USD,7649000000.0,2023,False,Medium,Increasing
Lao People's Democratic Republic,Imports of goods,Imports of goods,Cost insurance freight (CIF),Thousands,USD,8663000000.0,2024,False,Medium,Increasing
Lao People's Democratic Republic,Imports of goods,Imports of goods,Cost insurance freight (CIF),Thousands,USD,10342000000.0,2025,False,High,Increasing
"Latvia, Republic of",Exports of goods,Exports of goods,Free on board (FOB),Millions,USD,12294000000.0,2016,True,High,No Data
"Latvia, Republic of",Exports of goods,Exports of goods,Free on board (FOB),Millions,USD,14126000000.0,2017,True,High,Increasing
"Latvia, Republic of",Exports of goods,Exports of goods,Free on board (FOB),Millions,USD,16167000000.0,2018,True,High,Increasing
"Latvia, Republic of",Exports of goods,Exports of goods,Free on board (FOB),Millions,USD,15705000000.0,2019,True,High,Decreasing
"Latvia, Republic of",Exports of goods,Exports of goods,Free on board (FOB),Millions,USD,16338000000.0,2020,True,High,Increasing
"Latvia, Republic of",Exports of goods,Exports of goods,Free on board (FOB),Millions,USD,20832000000.0,2021,True,High,Increasing
"Latvia, Republic of",Exports of goods,Exports of goods,Free on board (FOB),Millions,USD,24102000000.0,2022,True,High,Increasing
"Latvia, Republic of",Exports of goods,Exports of goods,Free on board (FOB),Millions,USD,22596000000.0,2023,True,High,Decreasing
"Latvia, Republic of",Exports of goods,Exports of goods,Free on board (FOB),Millions,USD,20644000000.0,2024,True,High,Decreasing
"Latvia, Republic of",Exports of goods,Exports of goods,Free on board (FOB),Millions,USD,22389000000.0,2025,True,High,Increasing
"Latvia, Republic of","Exports of goods, Price deflator",Exports of goods,Free on board (FOB),Units,Not Applicable,113.9555779552449,2016,True,Low,No Data
"Latvia, Republic of","Exports of goods, Volume index",Exports of goods,Free on board (FOB),Units,Not Applicable,141.9702892885066,2016,True,Low,No Data
"Latvia, Republic of","Exports of goods, Volume index",Exports of goods,Free on board (FOB),Units,Not Applicable,152.0719311962471,2017,True,Low,Increasing
"Latvia, Republic of","Exports of goods, Volume index",Exports of goods,Free on board (FOB),Units,Not Applicable,158.3737294761532,2018,True,Low,Increasing
"Latvia, Republic of","Exports of goods, Volume index",Exports of goods,Free on board (FOB),Units,Not Applicable,161.5793588741204,2019,True,Low,Increasing
"Latvia, Republic of","Exports of goods, Volume index",Exports of goods,Free on board (FOB),Units,Not Applicable,165.9890539483972,2020,True,Medium,Increasing
"Latvia, Republic of","Exports of goods, Volume index",Exports of goods,Free on board (FOB),Units,Not Applicable,173.9014855355747,2021,True,Medium,Increasing
"Latvia, Republic of","Exports of goods, Volume index",Exports of goods,Free on board (FOB),Units,Not Applicable,174.6833463643471,2022,True,Medium,Increasing
"Latvia, Republic of","Exports of goods, Volume index",Exports of goods,Free on board (FOB),Units,Not Applicable,169.3979671618452,2023,True,Medium,Decreasing
"Latvia, Republic of","Exports of goods, Volume index",Exports of goods,Free on board (FOB),Units,Not Applicable,156.2314308053167,2024,True,Low,Decreasing
"Latvia, Republic of","Exports of goods, Volume index",Exports of goods,Free on board (FOB),Units,Not Applicable,158.1860828772479,2025,True,Low,Increasing
"Latvia, Republic of",Imports of goods,Imports of goods,Cost insurance freight (CIF),Millions,USD,14435000000.0,2016,False,High,No Data
"Latvia, Republic of",Imports of goods,Imports of goods,Cost insurance freight (CIF),Millions,USD,17032000000.0,2017,False,High,Increasing
"Latvia, Republic of",Imports of goods,Imports of goods,Cost insurance freight (CIF),Millions,USD,19681000000.0,2018,False,High,Increasing
"Latvia, Republic of",Imports of goods,Imports of goods,Cost insurance freight (CIF),Millions,USD,18957000000.0,2019,False,High,Decreasing
"Latvia, Republic of",Imports of goods,Imports of goods,Cost insurance freight (CIF),Millions,USD,18442000000.0,2020,False,High,Decreasing
"Latvia, Republic of",Imports of goods,Imports of goods,Cost insurance freight (CIF),Millions,USD,23764000000.0,2021,False,High,Increasing
"Latvia, Republic of",Imports of goods,Imports of goods,Cost insurance freight (CIF),Millions,USD,28802000000.0,2022,False,High,Increasing
"Latvia, Republic of",Imports of goods,Imports of goods,Cost insurance freight (CIF),Millions,USD,26615000000.0,2023,False,High,Decreasing
"Latvia, Republic of",Imports of goods,Imports of goods,Cost insurance freight (CIF),Millions,USD,23718000000.0,2024,False,High,Decreasing
"Latvia, Republic of",Imports of goods,Imports of goods,Cost insurance freight (CIF),Millions,USD,26453000000.0,2025,False,High,Increasing
"Latvia, Republic of","Imports of goods, Price deflator",Imports of goods,Cost insurance freight (CIF),Units,Not Applicable,104.7894118914828,2016,False,Low,No Data
"Latvia, Republic of","Imports of goods, Volume index",Imports of goods,Cost insurance freight (CIF),Units,Not Applicable,134.8179784421395,2016,False,Low,No Data
"Latvia, Republic of","Imports of goods, Volume index",Imports of goods,Cost insurance freight (CIF),Units,Not Applicable,144.3766524303437,2017,False,Low,Increasing
"Latvia, Republic of","Imports of goods, Volume index",Imports of goods,Cost insurance freight (CIF),Units,Not Applicable,154.3014032946919,2018,False,Low,Increasing
"Latvia, Republic of","Imports of goods, Volume index",Imports of goods,Cost insurance freight (CIF),Units,Not Applicable,156.050437258491,2019,False,Low,Increasing
"Latvia, Republic of","Imports of goods, Volume index",Imports of goods,Cost insurance freight (CIF),Units,Not Applicable,151.2914378686191,2020,False,Low,Decreasing
"Latvia, Republic of","Imports of goods, Volume index",Imports of goods,Cost insurance freight (CIF),Units,Not Applicable,166.0768761439902,2021,False,Medium,Increasing
"Latvia, Republic of","Imports of goods, Volume index",Imports of goods,Cost insurance freight (CIF),Units,Not Applicable,167.1140939597315,2022,False,Medium,Increasing
"Latvia, Republic of","Imports of goods, Volume index",Imports of goods,Cost insurance freight (CIF),Units,Not Applicable,161.744966442953,2023,False,Low,Decreasing
"Latvia, Republic of","Imports of goods, Volume index",Imports of goods,Cost insurance freight (CIF),Units,Not Applicable,146.1663616026032,2024,False,Low,Decreasing
"Latvia, Republic of","Imports of goods, Volume index",Imports of goods,Cost insurance freight (CIF),Units,Not Applicable,153.121822249339,2025,False,Low,Increasing
Lebanon,Exports of goods,Exports of goods,Free on board (FOB),Millions,USD,3931000000.0,2016,True,Medium,No Data
Lebanon,Exports of goods,Exports of goods,Free on board (FOB),Millions,USD,4025000000.0,2017,True,Medium,Increasing
Lebanon,Exports of goods,Exports of goods,Free on board (FOB),Millions,USD,3830000000.0,2018,True,Medium,Decreasing
Lebanon,Exports of goods,Exports of goods,Free on board (FOB),Millions,USD,4829000000.0,2019,True,Medium,Increasing
Lebanon,Exports of goods,Exports of goods,Free on board (FOB),Millions,USD,4084000000.0,2020,True,Medium,Decreasing
Lebanon,Exports of goods,Exports of goods,Free on board (FOB),Millions,USD,4137000000.0,2021,True,Medium,Increasing
Lebanon,Exports of goods,Exports of goods,Free on board (FOB),Millions,USD,4486000000.0,2022,True,Medium,Increasing
Lebanon,Exports of goods,Exports of goods,Free on board (FOB),Millions,USD,4138000000.0,2023,True,Medium,Decreasing
Lebanon,Exports of goods,Exports of goods,Free on board (FOB),Millions,USD,3783000000.0,2024,True,Medium,Decreasing
Lebanon,Exports of goods,Exports of goods,Free on board (FOB),Millions,USD,4598000000.0,2025,True,Medium,Increasing
Lebanon,"Exports of goods, Volume index",Exports of goods,Free on board (FOB),Units,Not Applicable,78.6672196875432,2016,True,Low,No Data
Lebanon,"Exports of goods, Volume index",Exports of goods,Free on board (FOB),Units,Not Applicable,77.87916493847644,2017,True,Low,Decreasing
Lebanon,"Exports of goods, Volume index",Exports of goods,Free on board (FOB),Units,Not Applicable,72.04479469099958,2018,True,Low,Decreasing
Lebanon,"Exports of goods, Volume index",Exports of goods,Free on board (FOB),Units,Not Applicable,93.93059587999448,2019,True,Low,Increasing
Lebanon,"Exports of goods, Volume index",Exports of goods,Free on board (FOB),Units,Not Applicable,75.2246647310936,2020,True,Low,Decreasing
Lebanon,"Exports of goods, Volume index",Exports of goods,Free on board (FOB),Units,Not Applicable,69.65297939997235,2021,True,Low,Decreasing
Lebanon,"Exports of goods, Volume index",Exports of goods,Free on board (FOB),Units,Not Applicable,70.8281487626158,2022,True,Low,Increasing
Lebanon,"Exports of goods, Volume index",Exports of goods,Free on board (FOB),Units,Not Applicable,63.52827319231301,2023,True,Low,Decreasing
Lebanon,"Exports of goods, Volume index",Exports of goods,Free on board (FOB),Units,Not Applicable,57.99806442693212,2024,True,Low,Decreasing
Lebanon,"Exports of goods, Volume index",Exports of goods,Free on board (FOB),Units,Not Applicable,69.1414350891746,2025,True,Low,Increasing
Lebanon,Imports of goods,Imports of goods,Cost insurance freight (CIF),Millions,USD,19368000000.0,2016,False,High,No Data
Lebanon,Imports of goods,Imports of goods,Cost insurance freight (CIF),Millions,USD,19911000000.0,2017,False,High,Increasing
Lebanon,Imports of goods,Imports of goods,Cost insurance freight (CIF),Millions,USD,20397000000.0,2018,False,High,Increasing
Lebanon,Imports of goods,Imports of goods,Cost insurance freight (CIF),Millions,USD,19641000000.0,2019,False,High,Decreasing
Lebanon,Imports of goods,Imports of goods,Cost insurance freight (CIF),Millions,USD,11354000000.0,2020,False,High,Decreasing
Lebanon,Imports of goods,Imports of goods,Cost insurance freight (CIF),Millions,USD,13857000000.0,2021,False,High,Increasing
Lebanon,Imports of goods,Imports of goods,Cost insurance freight (CIF),Millions,USD,19495000000.0,2022,False,High,Increasing
Lebanon,Imports of goods,Imports of goods,Cost insurance freight (CIF),Millions,USD,18124000000.0,2023,False,High,Decreasing
Lebanon,Imports of goods,Imports of goods,Cost insurance freight (CIF),Millions,USD,17308000000.0,2024,False,High,Decreasing
Lebanon,Imports of goods,Imports of goods,Cost insurance freight (CIF),Millions,USD,21672000000.0,2025,False,High,Increasing
Lebanon,"Imports of goods, Volume index",Imports of goods,Cost insurance freight (CIF),Units,Not Applicable,113.546520970593,2016,False,Low,No Data
Lebanon,"Imports of goods, Volume index",Imports of goods,Cost insurance freight (CIF),Units,Not Applicable,110.1398039530773,2017,False,Low,Decreasing
Lebanon,"Imports of goods, Volume index",Imports of goods,Cost insurance freight (CIF),Units,Not Applicable,106.5241844769404,2018,False,Low,Decreasing
Lebanon,"Imports of goods, Volume index",Imports of goods,Cost insurance freight (CIF),Units,Not Applicable,104.3387433713643,2019,False,Low,Decreasing
Lebanon,"Imports of goods, Volume index",Imports of goods,Cost insurance freight (CIF),Units,Not Applicable,63.90808291820665,2020,False,Low,Decreasing
Lebanon,"Imports of goods, Volume index",Imports of goods,Cost insurance freight (CIF),Units,Not Applicable,65.25791418929776,2021,False,Low,Increasing
Lebanon,"Imports of goods, Volume index",Imports of goods,Cost insurance freight (CIF),Units,Not Applicable,75.5744817612084,2022,False,Low,Increasing
Lebanon,"Imports of goods, Volume index",Imports of goods,Cost insurance freight (CIF),Units,Not Applicable,74.40141410895066,2023,False,Low,Decreasing
Lebanon,"Imports of goods, Volume index",Imports of goods,Cost insurance freight (CIF),Units,Not Applicable,71.55712678772296,2024,False,Low,Decreasing
Lebanon,"Imports of goods, Volume index",Imports of goods,Cost insurance freight (CIF),Units,Not Applicable,86.88735336654346,2025,False,Low,Increasing
"Lesotho, Kingdom of",Exports of goods,Exports of goods,Free on board (FOB),Millions,USD,893212033.6694971,2016,True,Medium,No Data
"Lesotho, Kingdom of",Exports of goods,Exports of goods,Free on board (FOB),Millions,USD,650566415.6669327,2017,True,Medium,Decreasing
"Lesotho, Kingdom of",Exports of goods,Exports of goods,Free on board (FOB),Millions,USD,1120690598.718782,2018,True,Medium,Increasing
"Lesotho, Kingdom of",Exports of goods,Exports of goods,Free on board (FOB),Millions,USD,931199317.2517618,2019,True,Medium,Decreasing
"Lesotho, Kingdom of",Exports of goods,Exports of goods,Free on board (FOB),Millions,USD,857362921.2174307,2020,True,Medium,Decreasing
"Lesotho, Kingdom of",Exports of goods,Exports of goods,Free on board (FOB),Millions,USD,933900265.2804644,2021,True,Medium,Increasing
"Lesotho, Kingdom of",Exports of goods,Exports of goods,Free on board (FOB),Millions,USD,894717138.5704939,2022,True,Medium,Decreasing
"Lesotho, Kingdom of",Exports of goods,Exports of goods,Free on board (FOB),Millions,USD,824120369.7452664,2023,True,Medium,Decreasing
"Lesotho, Kingdom of",Imports of goods,Imports of goods,Cost insurance freight (CIF),Millions,USD,1610187608.393524,2016,False,Medium,No Data
"Lesotho, Kingdom of",Imports of goods,Imports of goods,Cost insurance freight (CIF),Millions,USD,2061143206.161401,2017,False,Medium,Increasing
"Lesotho, Kingdom of",Imports of goods,Imports of goods,Cost insurance freight (CIF),Millions,USD,1675524103.025208,2018,False,Medium,Decreasing
"Lesotho, Kingdom of",Imports of goods,Imports of goods,Cost insurance freight (CIF),Millions,USD,2321318247.656794,2019,False,Medium,Increasing
"Lesotho, Kingdom of",Imports of goods,Imports of goods,Cost insurance freight (CIF),Millions,USD,1392413813.362823,2020,False,Medium,Decreasing
"Lesotho, Kingdom of",Imports of goods,Imports of goods,Cost insurance freight (CIF),Millions,USD,1822901132.650376,2021,False,Medium,Increasing
"Lesotho, Kingdom of",Imports of goods,Imports of goods,Cost insurance freight (CIF),Millions,USD,1855613047.34112,2022,False,Medium,Increasing
"Lesotho, Kingdom of",Imports of goods,Imports of goods,Cost insurance freight (CIF),Millions,USD,1723211291.166997,2023,False,Medium,Decreasing
Liberia,Exports of goods,Exports of goods,Free on board (FOB),Millions,USD,279000000.0,2016,True,Medium,No Data
Liberia,Exports of goods,Exports of goods,Free on board (FOB),Millions,USD,358000000.0,2017,True,Medium,Increasing
Liberia,Exports of goods,Exports of goods,Free on board (FOB),Millions,USD,548000000.0,2018,True,Medium,Increasing
Liberia,Exports of goods,Exports of goods,Free on board (FOB),Millions,USD,543000000.0,2019,True,Medium,Decreasing
Liberia,Exports of goods,Exports of goods,Free on board (FOB),Millions,USD,608000000.0,2020,True,Medium,Increasing
Liberia,Exports of goods,Exports of goods,Free on board (FOB),Millions,USD,881000000.0,2021,True,Medium,Increasing
Liberia,Exports of goods,Exports of goods,Free on board (FOB),Millions,USD,1027000000.0,2022,True,Medium,Increasing
Liberia,Exports of goods,Exports of goods,Free on board (FOB),Millions,USD,1105000000.0,2023,True,Medium,Increasing
Liberia,Exports of goods,Exports of goods,Free on board (FOB),Millions,USD,1310000000.0,2024,True,Medium,Increasing
Liberia,Exports of goods,Exports of goods,Free on board (FOB),Millions,USD,2068000000.0,2025,True,Medium,Increasing
Liberia,Imports of goods,Imports of goods,Cost insurance freight (CIF),Millions,USD,1302000000.0,2016,False,Medium,No Data
Liberia,Imports of goods,Imports of goods,Cost insurance freight (CIF),Millions,USD,1089000000.0,2017,False,Medium,Decreasing
Liberia,Imports of goods,Imports of goods,Cost insurance freight (CIF),Millions,USD,1143000000.0,2018,False,Medium,Increasing
Liberia,Imports of goods,Imports of goods,Cost insurance freight (CIF),Millions,USD,1033000000.0,2019,False,Medium,Decreasing
Liberia,Imports of goods,Imports of goods,Cost insurance freight (CIF),Millions,USD,1102000000.0,2020,False,Medium,Increasing
Liberia,Imports of goods,Imports of goods,Cost insurance freight (CIF),Millions,USD,1480000000.0,2021,False,Medium,Increasing
Liberia,Imports of goods,Imports of goods,Cost insurance freight (CIF),Millions,USD,1720000000.0,2022,False,Medium,Increasing
Liberia,Imports of goods,Imports of goods,Cost insurance freight (CIF),Millions,USD,2076000000.0,2023,False,Medium,Increasing
Liberia,Imports of goods,Imports of goods,Cost insurance freight (CIF),Millions,USD,1677000000.0,2024,False,Medium,Decreasing
Liberia,Imports of goods,Imports of goods,Cost insurance freight (CIF),Millions,USD,2494000000.0,2025,False,Medium,Increasing
Libya,Exports of goods,Exports of goods,Free on board (FOB),Millions,USD,20880000000.0,2016,True,High,No Data
Libya,Exports of goods,Exports of goods,Free on board (FOB),Millions,USD,20881000000.0,2017,True,High,Increasing
Libya,Exports of goods,Exports of goods,Free on board (FOB),Millions,USD,30994000000.0,2018,True,High,Increasing
Libya,Exports of goods,Exports of goods,Free on board (FOB),Millions,USD,29250000000.0,2019,True,High,Decreasing
Libya,Exports of goods,Exports of goods,Free on board (FOB),Millions,USD,8443000000.0,2020,True,Medium,Decreasing
Libya,Exports of goods,Exports of goods,Free on board (FOB),Millions,USD,30972000000.0,2021,True,High,Increasing
Libya,Exports of goods,Exports of goods,Free on board (FOB),Millions,USD,39196000000.0,2022,True,High,Increasing
Libya,Exports of goods,Exports of goods,Free on board (FOB),Millions,USD,33079000000.0,2023,True,High,Decreasing
Libya,Exports of goods,Exports of goods,Free on board (FOB),Millions,USD,30191000000.0,2024,True,High,Decreasing
Libya,Exports of goods,Exports of goods,Free on board (FOB),Millions,USD,30085000000.0,2025,True,High,Decreasing
Libya,Imports of goods,Imports of goods,Cost insurance freight (CIF),Millions,USD,10658000000.0,2016,False,High,No Data
Libya,Imports of goods,Imports of goods,Cost insurance freight (CIF),Millions,USD,9406000000.0,2017,False,High,Decreasing
Libya,Imports of goods,Imports of goods,Cost insurance freight (CIF),Millions,USD,13741000000.0,2018,False,High,Increasing
Libya,Imports of goods,Imports of goods,Cost insurance freight (CIF),Millions,USD,15105000000.0,2019,False,High,Increasing
Libya,Imports of goods,Imports of goods,Cost insurance freight (CIF),Millions,USD,11099000000.0,2020,False,High,Decreasing
Libya,Imports of goods,Imports of goods,Cost insurance freight (CIF),Millions,USD,14956000000.0,2021,False,High,Increasing
Libya,Imports of goods,Imports of goods,Cost insurance freight (CIF),Millions,USD,16127000000.0,2022,False,High,Increasing
Libya,Imports of goods,Imports of goods,Cost insurance freight (CIF),Millions,USD,18195000000.0,2023,False,High,Increasing
Libya,Imports of goods,Imports of goods,Cost insurance freight (CIF),Millions,USD,18500000000.0,2024,False,High,Increasing
Libya,Imports of goods,Imports of goods,Cost insurance freight (CIF),Millions,USD,19312000000.0,2025,False,High,Increasing
"Lithuania, Republic of",Export price index (EPI),Exports of goods,Free on board (FOB),Units,Not Applicable,102.4571418714284,2016,True,Low,No Data
"Lithuania, Republic of",Export price index (EPI),Exports of goods,Free on board (FOB),Units,Not Applicable,107.2670839389236,2017,True,Low,Increasing
"Lithuania, Republic of",Exports of goods,Exports of goods,Free on board (FOB),Millions,USD,25011000000.0,2016,True,High,No Data
"Lithuania, Republic of",Exports of goods,Exports of goods,Free on board (FOB),Millions,USD,29900000000.0,2017,True,High,Increasing
"Lithuania, Republic of",Exports of goods,Exports of goods,Free on board (FOB),Millions,USD,33337000000.0,2018,True,High,Increasing
"Lithuania, Republic of",Exports of goods,Exports of goods,Free on board (FOB),Millions,USD,33151000000.0,2019,True,High,Decreasing
"Lithuania, Republic of",Exports of goods,Exports of goods,Free on board (FOB),Millions,USD,32805000000.0,2020,True,High,Decreasing
"Lithuania, Republic of",Exports of goods,Exports of goods,Free on board (FOB),Millions,USD,40707000000.0,2021,True,High,Increasing
"Lithuania, Republic of",Exports of goods,Exports of goods,Free on board (FOB),Millions,USD,46484000000.0,2022,True,High,Increasing
"Lithuania, Republic of",Exports of goods,Exports of goods,Free on board (FOB),Millions,USD,42980000000.0,2023,True,High,Decreasing
"Lithuania, Republic of",Exports of goods,Exports of goods,Free on board (FOB),Millions,USD,39813000000.0,2024,True,High,Decreasing
"Lithuania, Republic of",Exports of goods,Exports of goods,Free on board (FOB),Millions,USD,41627000000.0,2025,True,High,Increasing
"Lithuania, Republic of","Exports of goods, Volume index",Exports of goods,Free on board (FOB),Units,Not Applicable,132.3105298457411,2016,True,Low,No Data
"Lithuania, Republic of","Exports of goods, Volume index",Exports of goods,Free on board (FOB),Units,Not Applicable,144.4835680751174,2017,True,Low,Increasing
"Lithuania, Republic of","Exports of goods, Volume index",Exports of goods,Free on board (FOB),Units,Not Applicable,143.5110663983904,2018,True,Low,Decreasing
"Lithuania, Republic of","Exports of goods, Volume index",Exports of goods,Free on board (FOB),Units,Not Applicable,149.5975855130785,2019,True,Low,Increasing
"Lithuania, Republic of","Exports of goods, Volume index",Exports of goods,Free on board (FOB),Units,Not Applicable,149.4634473507713,2020,True,Low,Decreasing
"Lithuania, Republic of","Exports of goods, Volume index",Exports of goods,Free on board (FOB),Units,Not Applicable,158.7022132796781,2021,True,Low,Increasing
"Lithuania, Republic of","Exports of goods, Volume index",Exports of goods,Free on board (FOB),Units,Not Applicable,155.2313883299799,2022,True,Low,Decreasing
"Lithuania, Republic of","Exports of goods, Volume index",Exports of goods,Free on board (FOB),Units,Not Applicable,148.2394366197183,2023,True,Low,Decreasing
"Lithuania, Republic of","Exports of goods, Volume index",Exports of goods,Free on board (FOB),Units,Not Applicable,141.1636485580148,2024,True,Low,Decreasing
"Lithuania, Republic of","Exports of goods, Volume index",Exports of goods,Free on board (FOB),Units,Not Applicable,142.7230046948357,2025,True,Low,Increasing
"Lithuania, Republic of",Import price index,Imports of goods,Cost insurance freight (CIF),Units,Not Applicable,97.5379565038982,2016,False,Low,No Data
"Lithuania, Republic of",Import price index,Imports of goods,Cost insurance freight (CIF),Units,Not Applicable,101.2105047189167,2017,False,Low,Increasing
"Lithuania, Republic of",Import price index,Imports of goods,Cost insurance freight (CIF),Units,Not Applicable,106.3295034878949,2018,False,Low,Increasing
"Lithuania, Republic of",Import price index,Imports of goods,Cost insurance freight (CIF),Units,Not Applicable,104.8420188756668,2019,False,Low,Decreasing
"Lithuania, Republic of",Import price index,Imports of goods,Cost insurance freight (CIF),Units,Not Applicable,97.54821501846531,2020,False,Low,Decreasing
"Lithuania, Republic of",Import price index,Imports of goods,Cost insurance freight (CIF),Units,Not Applicable,123.0919162905211,2021,False,Low,Increasing
"Lithuania, Republic of",Import price index,Imports of goods,Cost insurance freight (CIF),Units,Not Applicable,155.5908904390644,2022,False,Low,Increasing
"Lithuania, Republic of",Import price index,Imports of goods,Cost insurance freight (CIF),Units,Not Applicable,142.1522363561756,2023,False,Low,Decreasing
"Lithuania, Republic of",Import price index,Imports of goods,Cost insurance freight (CIF),Units,Not Applicable,138.1103816167418,2024,False,Low,Decreasing
"Lithuania, Republic of",Import price index,Imports of goods,Cost insurance freight (CIF),Units,Not Applicable,134.8071399261386,2025,False,Low,Decreasing
"Lithuania, Republic of",Imports of goods,Imports of goods,Cost insurance freight (CIF),Millions,USD,27376000000.0,2016,False,High,No Data
"Lithuania, Republic of",Imports of goods,Imports of goods,Cost insurance freight (CIF),Millions,USD,32261000000.0,2017,False,High,Increasing
"Lithuania, Republic of",Imports of goods,Imports of goods,Cost insurance freight (CIF),Millions,USD,36503000000.0,2018,False,High,Increasing
"Lithuania, Republic of",Imports of goods,Imports of goods,Cost insurance freight (CIF),Millions,USD,35760000000.0,2019,False,High,Decreasing
"Lithuania, Republic of",Imports of goods,Imports of goods,Cost insurance freight (CIF),Millions,USD,33329000000.0,2020,False,High,Decreasing
"Lithuania, Republic of",Imports of goods,Imports of goods,Cost insurance freight (CIF),Millions,USD,44488000000.0,2021,False,High,Increasing
"Lithuania, Republic of",Imports of goods,Imports of goods,Cost insurance freight (CIF),Millions,USD,55094000000.0,2022,False,High,Increasing
"Lithuania, Republic of",Imports of goods,Imports of goods,Cost insurance freight (CIF),Millions,USD,48487000000.0,2023,False,High,Decreasing
"Lithuania, Republic of",Imports of goods,Imports of goods,Cost insurance freight (CIF),Millions,USD,44771000000.0,2024,False,High,Decreasing
"Lithuania, Republic of",Imports of goods,Imports of goods,Cost insurance freight (CIF),Millions,USD,49007000000.0,2025,False,High,Increasing
"Lithuania, Republic of","Imports of goods, Volume index",Imports of goods,Cost insurance freight (CIF),Units,Not Applicable,137.7536945812808,2016,False,Low,No Data
"Lithuania, Republic of","Imports of goods, Volume index",Imports of goods,Cost insurance freight (CIF),Units,Not Applicable,148.0985221674877,2017,False,Low,Increasing
"Lithuania, Republic of","Imports of goods, Volume index",Imports of goods,Cost insurance freight (CIF),Units,Not Applicable,150.7980295566502,2018,False,Low,Increasing
"Lithuania, Republic of","Imports of goods, Volume index",Imports of goods,Cost insurance freight (CIF),Units,Not Applicable,155.0344827586207,2019,False,Low,Increasing
"Lithuania, Republic of","Imports of goods, Volume index",Imports of goods,Cost insurance freight (CIF),Units,Not Applicable,149.0443349753695,2020,False,Low,Decreasing
"Lithuania, Republic of","Imports of goods, Volume index",Imports of goods,Cost insurance freight (CIF),Units,Not Applicable,161.3004926108374,2021,False,Low,Increasing
"Lithuania, Republic of","Imports of goods, Volume index",Imports of goods,Cost insurance freight (CIF),Units,Not Applicable,170.3645320197044,2022,False,Medium,Increasing
"Lithuania, Republic of","Imports of goods, Volume index",Imports of goods,Cost insurance freight (CIF),Units,Not Applicable,162.2660098522167,2023,False,Low,Decreasing
"Lithuania, Republic of","Imports of goods, Volume index",Imports of goods,Cost insurance freight (CIF),Units,Not Applicable,151.2709359605911,2024,False,Low,Decreasing
"Lithuania, Republic of","Imports of goods, Volume index",Imports of goods,Cost insurance freight (CIF),Units,Not Applicable,159.4679802955665,2025,False,Low,Increasing
Luxembourg,Exports of goods,Exports of goods,Free on board (FOB),Millions,USD,15796000000.0,2016,True,High,No Data
Luxembourg,Exports of goods,Exports of goods,Free on board (FOB),Millions,USD,15760000000.0,2017,True,High,Decreasing
Luxembourg,Exports of goods,Exports of goods,Free on board (FOB),Millions,USD,16412000000.0,2018,True,High,Increasing
Luxembourg,Exports of goods,Exports of goods,Free on board (FOB),Millions,USD,16453000000.0,2019,True,High,Increasing
Luxembourg,Exports of goods,Exports of goods,Free on board (FOB),Millions,USD,13839000000.0,2020,True,High,Decreasing
Luxembourg,Exports of goods,Exports of goods,Free on board (FOB),Millions,USD,16801000000.0,2021,True,High,Increasing
Luxembourg,Exports of goods,Exports of goods,Free on board (FOB),Millions,USD,17378000000.0,2022,True,High,Increasing
Luxembourg,Exports of goods,Exports of goods,Free on board (FOB),Millions,USD,17188000000.0,2023,True,High,Decreasing
Luxembourg,Exports of goods,Exports of goods,Free on board (FOB),Millions,USD,16197000000.0,2024,True,High,Decreasing
Luxembourg,Exports of goods,Exports of goods,Free on board (FOB),Millions,USD,18328000000.0,2025,True,High,Increasing
Luxembourg,"Exports of goods, Volume index",Exports of goods,Free on board (FOB),Units,Not Applicable,101.2476894639556,2016,True,Low,No Data
Luxembourg,"Exports of goods, Volume index",Exports of goods,Free on board (FOB),Units,Not Applicable,95.40203327171903,2017,True,Low,Decreasing
Luxembourg,"Exports of goods, Volume index",Exports of goods,Free on board (FOB),Units,Not Applicable,92.46765249537891,2018,True,Low,Decreasing
Luxembourg,"Exports of goods, Volume index",Exports of goods,Free on board (FOB),Units,Not Applicable,95.28650646950092,2019,True,Low,Increasing
Luxembourg,"Exports of goods, Volume index",Exports of goods,Free on board (FOB),Units,Not Applicable,79.36691312384472,2020,True,Low,Decreasing
Luxembourg,"Exports of goods, Volume index",Exports of goods,Free on board (FOB),Units,Not Applicable,83.1792975970425,2021,True,Low,Increasing
Luxembourg,"Exports of goods, Volume index",Exports of goods,Free on board (FOB),Units,Not Applicable,79.85212569316081,2022,True,Low,Decreasing
Luxembourg,"Exports of goods, Volume index",Exports of goods,Free on board (FOB),Units,Not Applicable,76.8022181146026,2023,True,Low,Decreasing
Luxembourg,"Exports of goods, Volume index",Exports of goods,Free on board (FOB),Units,Not Applicable,74.02957486136783,2024,True,Low,Decreasing
Luxembourg,"Exports of goods, Volume index",Exports of goods,Free on board (FOB),Units,Not Applicable,77.10258780036968,2025,True,Low,Increasing
Luxembourg,Imports of goods,Imports of goods,Cost insurance freight (CIF),Millions,USD,21873000000.0,2016,False,High,No Data
Luxembourg,Imports of goods,Imports of goods,Cost insurance freight (CIF),Millions,USD,22874000000.0,2017,False,High,Increasing
Luxembourg,Imports of goods,Imports of goods,Cost insurance freight (CIF),Millions,USD,24175000000.0,2018,False,High,Increasing
Luxembourg,Imports of goods,Imports of goods,Cost insurance freight (CIF),Millions,USD,24264000000.0,2019,False,High,Increasing
Luxembourg,Imports of goods,Imports of goods,Cost insurance freight (CIF),Millions,USD,21165000000.0,2020,False,High,Decreasing
Luxembourg,Imports of goods,Imports of goods,Cost insurance freight (CIF),Millions,USD,26171000000.0,2021,False,High,Increasing
Luxembourg,Imports of goods,Imports of goods,Cost insurance freight (CIF),Millions,USD,27021000000.0,2022,False,High,Increasing
Luxembourg,Imports of goods,Imports of goods,Cost insurance freight (CIF),Millions,USD,26298000000.0,2023,False,High,Decreasing
Luxembourg,Imports of goods,Imports of goods,Cost insurance freight (CIF),Millions,USD,26047000000.0,2024,False,High,Decreasing
Luxembourg,Imports of goods,Imports of goods,Cost insurance freight (CIF),Millions,USD,28179000000.0,2025,False,High,Increasing
Luxembourg,"Imports of goods, Volume index",Imports of goods,Cost insurance freight (CIF),Units,Not Applicable,88.68337795083961,2016,False,Low,No Data
Luxembourg,"Imports of goods, Volume index",Imports of goods,Cost insurance freight (CIF),Units,Not Applicable,86.9067899732295,2017,False,Low,Decreasing
Luxembourg,"Imports of goods, Volume index",Imports of goods,Cost insurance freight (CIF),Units,Not Applicable,83.71866634217571,2018,False,Low,Decreasing
Luxembourg,"Imports of goods, Volume index",Imports of goods,Cost insurance freight (CIF),Units,Not Applicable,84.74081284984182,2019,False,Low,Increasing
Luxembourg,"Imports of goods, Volume index",Imports of goods,Cost insurance freight (CIF),Units,Not Applicable,73.6918958384035,2020,False,Low,Decreasing
Luxembourg,"Imports of goods, Volume index",Imports of goods,Cost insurance freight (CIF),Units,Not Applicable,81.28498418106595,2021,False,Low,Increasing
Luxembourg,"Imports of goods, Volume index",Imports of goods,Cost insurance freight (CIF),Units,Not Applicable,79.02165977123387,2022,False,Low,Decreasing
Luxembourg,"Imports of goods, Volume index",Imports of goods,Cost insurance freight (CIF),Units,Not Applicable,70.11438306157216,2023,False,Low,Decreasing
Luxembourg,"Imports of goods, Volume index",Imports of goods,Cost insurance freight (CIF),Units,Not Applicable,66.26916524701873,2024,False,Low,Decreasing
Luxembourg,"Imports of goods, Volume index",Imports of goods,Cost insurance freight (CIF),Units,Not Applicable,68.11876368946216,2025,False,Low,Increasing
"Macao Special Administrative Region, People's Republic of China",Export price index (EPI),Exports of goods,Free on board (FOB),Units,Not Applicable,144.4404332129964,2016,True,Low,No Data
"Macao Special Administrative Region, People's Republic of China",Export price index (EPI),Exports of goods,Free on board (FOB),Units,Not Applicable,162.202166064982,2017,True,Low,Increasing
"Macao Special Administrative Region, People's Republic of China",Exports of goods,Exports of goods,Free on board (FOB),Millions,USD,1257000000.0,2016,True,Medium,No Data
"Macao Special Administrative Region, People's Republic of China",Exports of goods,Exports of goods,Free on board (FOB),Millions,USD,1406000000.0,2017,True,Medium,Increasing
"Macao Special Administrative Region, People's Republic of China",Exports of goods,Exports of goods,Free on board (FOB),Millions,USD,1510000000.0,2018,True,Medium,Increasing
"Macao Special Administrative Region, People's Republic of China",Exports of goods,Exports of goods,Free on board (FOB),Millions,USD,1586000000.0,2019,True,Medium,Increasing
"Macao Special Administrative Region, People's Republic of China",Exports of goods,Exports of goods,Free on board (FOB),Millions,USD,1353000000.0,2020,True,Medium,Decreasing
"Macao Special Administrative Region, People's Republic of China",Exports of goods,Exports of goods,Free on board (FOB),Millions,USD,1620000000.0,2021,True,Medium,Increasing
"Macao Special Administrative Region, People's Republic of China",Exports of goods,Exports of goods,Free on board (FOB),Millions,USD,1677000000.0,2022,True,Medium,Increasing
"Macao Special Administrative Region, People's Republic of China",Exports of goods,Exports of goods,Free on board (FOB),Millions,USD,1654000000.0,2023,True,Medium,Decreasing
"Macao Special Administrative Region, People's Republic of China",Exports of goods,Exports of goods,Free on board (FOB),Millions,USD,1678000000.0,2024,True,Medium,Increasing
"Macao Special Administrative Region, People's Republic of China",Exports of goods,Exports of goods,Free on board (FOB),Millions,USD,1734000000.0,2025,True,Medium,Increasing
"Macao Special Administrative Region, People's Republic of China","Exports of goods, Price deflator",Exports of goods,Free on board (FOB),Units,Not Applicable,105.7377049180328,2016,True,Low,No Data
"Macao Special Administrative Region, People's Republic of China","Exports of goods, Price deflator",Exports of goods,Free on board (FOB),Units,Not Applicable,105.7377049180328,2017,True,Low,No Data
"Macao Special Administrative Region, People's Republic of China",Import price index,Imports of goods,Cost insurance freight (CIF),Units,Not Applicable,161.7064294379297,2016,False,Low,No Data
"Macao Special Administrative Region, People's Republic of China",Import price index,Imports of goods,Cost insurance freight (CIF),Units,Not Applicable,171.9369187221998,2017,False,Medium,Increasing
"Macao Special Administrative Region, People's Republic of China",Imports of goods,Imports of goods,Cost insurance freight (CIF),Millions,USD,8924000000.0,2016,False,Medium,No Data
"Macao Special Administrative Region, People's Republic of China",Imports of goods,Imports of goods,Cost insurance freight (CIF),Millions,USD,9451000000.0,2017,False,High,Increasing
"Macao Special Administrative Region, People's Republic of China",Imports of goods,Imports of goods,Cost insurance freight (CIF),Millions,USD,11162000000.0,2018,False,High,Increasing
"Macao Special Administrative Region, People's Republic of China",Imports of goods,Imports of goods,Cost insurance freight (CIF),Millions,USD,11167000000.0,2019,False,High,Increasing
"Macao Special Administrative Region, People's Republic of China",Imports of goods,Imports of goods,Cost insurance freight (CIF),Millions,USD,11588000000.0,2020,False,High,Increasing
"Macao Special Administrative Region, People's Republic of China",Imports of goods,Imports of goods,Cost insurance freight (CIF),Millions,USD,19219000000.0,2021,False,High,Increasing
"Macao Special Administrative Region, People's Republic of China",Imports of goods,Imports of goods,Cost insurance freight (CIF),Millions,USD,17338000000.0,2022,False,High,Decreasing
"Macao Special Administrative Region, People's Republic of China",Imports of goods,Imports of goods,Cost insurance freight (CIF),Millions,USD,17542000000.0,2023,False,High,Increasing
"Macao Special Administrative Region, People's Republic of China",Imports of goods,Imports of goods,Cost insurance freight (CIF),Millions,USD,16011000000.0,2024,False,High,Decreasing
"Macao Special Administrative Region, People's Republic of China",Imports of goods,Imports of goods,Cost insurance freight (CIF),Millions,USD,15541000000.0,2025,False,High,Decreasing
"Macao Special Administrative Region, People's Republic of China","Imports of goods, Price deflator",Imports of goods,Cost insurance freight (CIF),Units,Not Applicable,106.9214323890968,2016,False,Low,No Data
"Macao Special Administrative Region, People's Republic of China","Imports of goods, Price deflator",Imports of goods,Cost insurance freight (CIF),Units,Not Applicable,106.600748262961,2017,False,Low,Decreasing
"Madagascar, Republic of",Exports of goods,Exports of goods,Free on board (FOB),Millions,USD,2257700817.310492,2016,True,Medium,No Data
"Madagascar, Republic of",Exports of goods,Exports of goods,Free on board (FOB),Millions,USD,2852243119.6489654,2017,True,Medium,Increasing
"Madagascar, Republic of",Exports of goods,Exports of goods,Free on board (FOB),Millions,USD,3131275845.240411,2018,True,Medium,Increasing
"Madagascar, Republic of",Exports of goods,Exports of goods,Free on board (FOB),Millions,USD,2690543661.80631,2019,True,Medium,Decreasing
"Madagascar, Republic of",Exports of goods,Exports of goods,Free on board (FOB),Millions,USD,2006132933.895029,2020,True,Medium,Decreasing
"Madagascar, Republic of",Exports of goods,Exports of goods,Free on board (FOB),Millions,USD,2729695519.641661,2021,True,Medium,Increasing
"Madagascar, Republic of",Imports of goods,Imports of goods,Cost insurance freight (CIF),Millions,USD,2971226556.34769,2016,False,Medium,No Data
"Madagascar, Republic of",Imports of goods,Imports of goods,Cost insurance freight (CIF),Millions,USD,3670381327.2242217,2017,False,Medium,Increasing
"Madagascar, Republic of",Imports of goods,Imports of goods,Cost insurance freight (CIF),Millions,USD,4073913783.546282,2018,False,Medium,Increasing
"Madagascar, Republic of",Imports of goods,Imports of goods,Cost insurance freight (CIF),Millions,USD,3906790545.127566,2019,False,Medium,Decreasing
"Madagascar, Republic of",Imports of goods,Imports of goods,Cost insurance freight (CIF),Millions,USD,3219072065.59187,2020,False,Medium,Decreasing
"Madagascar, Republic of",Imports of goods,Imports of goods,Cost insurance freight (CIF),Millions,USD,4409800308.4874115,2021,False,Medium,Increasing
Malaysia,Exports of goods,Exports of goods,Free on board (FOB),Millions,USD,189743000000.0,2016,True,High,No Data
Malaysia,Exports of goods,Exports of goods,Free on board (FOB),Millions,USD,218130000000.0,2017,True,High,Increasing
Malaysia,Exports of goods,Exports of goods,Free on board (FOB),Millions,USD,247456000000.0,2018,True,High,Increasing
Malaysia,Exports of goods,Exports of goods,Free on board (FOB),Millions,USD,238193000000.0,2019,True,High,Decreasing
Malaysia,Exports of goods,Exports of goods,Free on board (FOB),Millions,USD,234765000000.0,2020,True,High,Decreasing
Malaysia,Exports of goods,Exports of goods,Free on board (FOB),Millions,USD,299426000000.0,2021,True,High,Increasing
Malaysia,Exports of goods,Exports of goods,Free on board (FOB),Millions,USD,352094000000.0,2022,True,High,Increasing
Malaysia,Exports of goods,Exports of goods,Free on board (FOB),Millions,USD,312966000000.0,2023,True,High,Decreasing
Malaysia,Exports of goods,Exports of goods,Free on board (FOB),Millions,USD,330760000000.0,2024,True,High,Increasing
Malaysia,Exports of goods,Exports of goods,Free on board (FOB),Millions,USD,375999000000.0,2025,True,High,Increasing
Malaysia,"Exports of goods, Volume index",Exports of goods,Free on board (FOB),Units,Not Applicable,119.7419000549149,2016,True,Low,No Data
Malaysia,"Exports of goods, Volume index",Exports of goods,Free on board (FOB),Units,Not Applicable,132.9763866007688,2017,True,Low,Increasing
Malaysia,"Exports of goods, Volume index",Exports of goods,Free on board (FOB),Units,Not Applicable,140.3624382207578,2018,True,Low,Increasing
Malaysia,"Exports of goods, Volume index",Exports of goods,Free on board (FOB),Units,Not Applicable,138.1383855024712,2019,True,Low,Decreasing
Malaysia,"Exports of goods, Volume index",Exports of goods,Free on board (FOB),Units,Not Applicable,140.1702361339923,2020,True,Low,Increasing
Malaysia,"Exports of goods, Volume index",Exports of goods,Free on board (FOB),Units,Not Applicable,160.1043382756727,2021,True,Low,Increasing
Malaysia,"Exports of goods, Volume index",Exports of goods,Free on board (FOB),Units,Not Applicable,170.5930807248765,2022,True,Medium,Increasing
Malaysia,"Exports of goods, Volume index",Exports of goods,Free on board (FOB),Units,Not Applicable,159.0060406370126,2023,True,Low,Decreasing
Malaysia,"Exports of goods, Volume index",Exports of goods,Free on board (FOB),Units,Not Applicable,161.8341570565623,2024,True,Low,Increasing
Malaysia,"Exports of goods, Volume index",Exports of goods,Free on board (FOB),Units,Not Applicable,169.2476661175179,2025,True,Medium,Increasing
Malaysia,Imports of goods,Imports of goods,Cost insurance freight (CIF),Millions,USD,168684000000.0,2016,False,High,No Data
Malaysia,Imports of goods,Imports of goods,Cost insurance freight (CIF),Millions,USD,195416000000.0,2017,False,High,Increasing
Malaysia,Imports of goods,Imports of goods,Cost insurance freight (CIF),Millions,USD,217603000000.0,2018,False,High,Increasing
Malaysia,Imports of goods,Imports of goods,Cost insurance freight (CIF),Millions,USD,204998000000.0,2019,False,High,Decreasing
Malaysia,Imports of goods,Imports of goods,Cost insurance freight (CIF),Millions,USD,190861000000.0,2020,False,High,Decreasing
Malaysia,Imports of goods,Imports of goods,Cost insurance freight (CIF),Millions,USD,238239000000.0,2021,False,High,Increasing
Malaysia,Imports of goods,Imports of goods,Cost insurance freight (CIF),Millions,USD,293799000000.0,2022,False,High,Increasing
Malaysia,Imports of goods,Imports of goods,Cost insurance freight (CIF),Millions,USD,265667000000.0,2023,False,High,Decreasing
Malaysia,Imports of goods,Imports of goods,Cost insurance freight (CIF),Millions,USD,300217000000.0,2024,False,High,Increasing
Malaysia,Imports of goods,Imports of goods,Cost insurance freight (CIF),Millions,USD,339711000000.0,2025,False,High,Increasing
Malaysia,"Imports of goods, Volume index",Imports of goods,Cost insurance freight (CIF),Units,Not Applicable,118.4829991281604,2016,False,Low,No Data
Malaysia,"Imports of goods, Volume index",Imports of goods,Cost insurance freight (CIF),Units,Not Applicable,133.7837837837838,2017,False,Low,Increasing
Malaysia,"Imports of goods, Volume index",Imports of goods,Cost insurance freight (CIF),Units,Not Applicable,137.9032258064516,2018,False,Low,Increasing
Malaysia,"Imports of goods, Volume index",Imports of goods,Cost insurance freight (CIF),Units,Not Applicable,133.6094158674804,2019,False,Low,Decreasing
Malaysia,"Imports of goods, Volume index",Imports of goods,Cost insurance freight (CIF),Units,Not Applicable,129.8605056669573,2020,False,Low,Decreasing
Malaysia,"Imports of goods, Volume index",Imports of goods,Cost insurance freight (CIF),Units,Not Applicable,154.0104620749782,2021,False,Low,Increasing
Malaysia,"Imports of goods, Volume index",Imports of goods,Cost insurance freight (CIF),Units,Not Applicable,183.3914559721011,2022,False,Medium,Increasing
Malaysia,"Imports of goods, Volume index",Imports of goods,Cost insurance freight (CIF),Units,Not Applicable,173.8884045335658,2023,False,Medium,Decreasing
Malaysia,"Imports of goods, Volume index",Imports of goods,Cost insurance freight (CIF),Units,Not Applicable,196.7306015693113,2024,False,Medium,Increasing
Malaysia,"Imports of goods, Volume index",Imports of goods,Cost insurance freight (CIF),Units,Not Applicable,214.9302528334786,2025,False,Medium,Increasing
Maldives,Exports of goods,Exports of goods,Free on board (FOB),Millions,USD,256249810.067907,2016,True,Medium,No Data
Maldives,Exports of goods,Exports of goods,Free on board (FOB),Millions,USD,318350177.3939904,2017,True,Medium,Increasing
Maldives,Exports of goods,Exports of goods,Free on board (FOB),Millions,USD,339383540.3718521,2018,True,Medium,Increasing
Maldives,Exports of goods,Exports of goods,Free on board (FOB),Millions,USD,360756335.6924616,2019,True,Medium,Increasing
Maldives,Exports of goods,Exports of goods,Free on board (FOB),Millions,USD,285732135.0381698,2020,True,Medium,Decreasing
Maldives,Exports of goods,Exports of goods,Free on board (FOB),Millions,USD,285393680.7781371,2021,True,Medium,Decreasing
Maldives,Exports of goods,Exports of goods,Free on board (FOB),Millions,USD,399795380.8761446,2022,True,Medium,Increasing
Maldives,Exports of goods,Exports of goods,Free on board (FOB),Millions,USD,440777255.74063575,2023,True,Medium,Increasing
Maldives,Exports of goods,Exports of goods,Free on board (FOB),Millions,USD,382744276.7123285,2024,True,Medium,Decreasing
Maldives,Exports of goods,Exports of goods,Free on board (FOB),Millions,USD,443698429.82225955,2025,True,Medium,Increasing
Maldives,Imports of goods,Imports of goods,Cost insurance freight (CIF),Millions,USD,2125838162.550719,2016,False,Medium,No Data
Maldives,Imports of goods,Imports of goods,Free on board (FOB),Millions,USD,2096850109.0921319,2017,False,Medium,Decreasing
Maldives,Imports of goods,Imports of goods,Cost insurance freight (CIF),Millions,USD,2360400449.836637,2017,False,Medium,Increasing
Maldives,Imports of goods,Imports of goods,Free on board (FOB),Millions,USD,2628828775.002706,2018,False,Medium,Increasing
Maldives,Imports of goods,Imports of goods,Cost insurance freight (CIF),Millions,USD,2961041873.718362,2018,False,Medium,Increasing
Maldives,Imports of goods,Imports of goods,Free on board (FOB),Millions,USD,2594122851.284646,2019,False,Medium,Decreasing
Maldives,Imports of goods,Imports of goods,Cost insurance freight (CIF),Millions,USD,2888038048.649569,2019,False,Medium,Increasing
Maldives,Imports of goods,Imports of goods,Free on board (FOB),Millions,USD,1642470745.518278,2020,False,Medium,Decreasing
Maldives,Imports of goods,Imports of goods,Cost insurance freight (CIF),Millions,USD,1838201046.023952,2020,False,Medium,Increasing
Maldives,Imports of goods,Imports of goods,Free on board (FOB),Millions,USD,2256572385.066158,2021,False,Medium,Increasing
Maldives,Imports of goods,Imports of goods,Cost insurance freight (CIF),Millions,USD,2573314346.039742,2021,False,Medium,Increasing
Maldives,Imports of goods,Imports of goods,Free on board (FOB),Millions,USD,3116866360.778466,2022,False,Medium,Increasing
Maldives,Imports of goods,Imports of goods,Cost insurance freight (CIF),Millions,USD,3515966729.962841,2022,False,Medium,Increasing
Maldives,Imports of goods,Imports of goods,Free on board (FOB),Millions,USD,3112578693.586616,2023,False,Medium,Decreasing
Maldives,Imports of goods,Imports of goods,Cost insurance freight (CIF),Millions,USD,3501611299.458314,2023,False,Medium,Increasing
Maldives,Imports of goods,Imports of goods,Free on board (FOB),Millions,USD,3251379860.2316113,2024,False,Medium,Decreasing
Maldives,Imports of goods,Imports of goods,Cost insurance freight (CIF),Millions,USD,3637182677.1481543,2024,False,Medium,Increasing
Maldives,Imports of goods,Imports of goods,Free on board (FOB),Millions,USD,3196286356.864923,2025,False,Medium,Decreasing
Maldives,Imports of goods,Imports of goods,Cost insurance freight (CIF),Millions,USD,3618978872.679685,2025,False,Medium,Increasing
Mali,Exports of goods,Exports of goods,Free on board (FOB),Billions,USD,2826000000.0,2016,True,Medium,No Data
Mali,Exports of goods,Exports of goods,Free on board (FOB),Billions,USD,2896000000.0,2017,True,Medium,Increasing
Mali,Exports of goods,Exports of goods,Free on board (FOB),Billions,USD,3584000000.0,2018,True,Medium,Increasing
Mali,Exports of goods,Exports of goods,Free on board (FOB),Billions,USD,3675000000.0,2019,True,Medium,Increasing
Mali,Exports of goods,Exports of goods,Free on board (FOB),Billions,USD,4794000000.0,2020,True,Medium,Increasing
Mali,Exports of goods,Exports of goods,Free on board (FOB),Billions,USD,4858000000.0,2021,True,Medium,Increasing
Mali,Exports of goods,Exports of goods,Free on board (FOB),Billions,USD,5376000000.0,2022,True,Medium,Increasing
Mali,Exports of goods,Exports of goods,Free on board (FOB),Billions,USD,5655000000.0,2023,True,Medium,Increasing
Mali,Exports of goods,Exports of goods,Free on board (FOB),Billions,USD,5534000000.0,2024,True,Medium,Decreasing
Mali,Exports of goods,Exports of goods,Free on board (FOB),Billions,USD,4855000000.0,2025,True,Medium,Decreasing
Mali,Imports of goods,Imports of goods,Cost insurance freight (CIF),Billions,USD,4051000000.0,2016,False,Medium,No Data
Mali,Imports of goods,Imports of goods,Cost insurance freight (CIF),Billions,USD,4285999999.9999995,2017,False,Medium,Increasing
Mali,Imports of goods,Imports of goods,Cost insurance freight (CIF),Billions,USD,4722000000.0,2018,False,Medium,Increasing
Mali,Imports of goods,Imports of goods,Cost insurance freight (CIF),Billions,USD,5134000000.0,2019,False,Medium,Increasing
Mali,Imports of goods,Imports of goods,Cost insurance freight (CIF),Billions,USD,5107000000.0,2020,False,Medium,Decreasing
Mali,Imports of goods,Imports of goods,Cost insurance freight (CIF),Billions,USD,6296000000.0,2021,False,Medium,Increasing
Mali,Imports of goods,Imports of goods,Cost insurance freight (CIF),Billions,USD,7141000000.0,2022,False,Medium,Increasing
Mali,Imports of goods,Imports of goods,Cost insurance freight (CIF),Billions,USD,6987000000.0,2023,False,Medium,Decreasing
Mali,Imports of goods,Imports of goods,Cost insurance freight (CIF),Billions,USD,6770000000.0,2024,False,Medium,Decreasing
Mali,Imports of goods,Imports of goods,Cost insurance freight (CIF),Billions,USD,6977000000.0,2025,False,Medium,Increasing
Malta,Exports of goods,Exports of goods,Free on board (FOB),Millions,USD,3186000000.0,2016,True,Medium,No Data
Malta,Exports of goods,Exports of goods,Free on board (FOB),Millions,USD,2856000000.0,2017,True,Medium,Decreasing
Malta,Exports of goods,Exports of goods,Free on board (FOB),Millions,USD,3189000000.0,2018,True,Medium,Increasing
Malta,Exports of goods,Exports of goods,Free on board (FOB),Millions,USD,3179000000.0,2019,True,Medium,Decreasing
Malta,Exports of goods,Exports of goods,Free on board (FOB),Millions,USD,2838000000.0,2020,True,Medium,Decreasing
Malta,Exports of goods,Exports of goods,Free on board (FOB),Millions,USD,3062000000.0,2021,True,Medium,Increasing
Malta,Exports of goods,Exports of goods,Free on board (FOB),Millions,USD,3253000000.0,2022,True,Medium,Increasing
Malta,Exports of goods,Exports of goods,Free on board (FOB),Millions,USD,3468000000.0,2023,True,Medium,Increasing
Malta,Exports of goods,Exports of goods,Free on board (FOB),Millions,USD,3783000000.0,2024,True,Medium,Increasing
Malta,Exports of goods,Exports of goods,Free on board (FOB),Millions,USD,3821000000.0,2025,True,Medium,Increasing
Malta,"Exports of goods, Price deflator",Exports of goods,Free on board (FOB),Units,Not Applicable,89.44429611179733,2016,True,Low,No Data
Malta,"Exports of goods, Price deflator",Exports of goods,Free on board (FOB),Units,Not Applicable,94.43822163230656,2017,True,Low,Increasing
Malta,"Exports of goods, Price deflator",Exports of goods,Free on board (FOB),Units,Not Applicable,95.98170686057212,2018,True,Low,Increasing
Malta,"Exports of goods, Volume index",Exports of goods,Free on board (FOB),Units,Not Applicable,117.540271030427,2016,True,Low,No Data
Malta,"Exports of goods, Volume index",Exports of goods,Free on board (FOB),Units,Not Applicable,99.10508821273328,2017,True,Low,Decreasing
Malta,"Exports of goods, Volume index",Exports of goods,Free on board (FOB),Units,Not Applicable,93.04525696752744,2018,True,Low,Decreasing
Malta,"Exports of goods, Volume index",Exports of goods,Free on board (FOB),Units,Not Applicable,99.5397596522628,2019,True,Low,Increasing
Malta,"Exports of goods, Volume index",Exports of goods,Free on board (FOB),Units,Not Applicable,85.57913577090255,2020,True,Low,Decreasing
Malta,"Exports of goods, Volume index",Exports of goods,Free on board (FOB),Units,Not Applicable,89.312196369215,2021,True,Low,Increasing
Malta,"Exports of goods, Volume index",Exports of goods,Free on board (FOB),Units,Not Applicable,96.1390948606494,2022,True,Low,Increasing
Malta,"Exports of goods, Volume index",Exports of goods,Free on board (FOB),Units,Not Applicable,102.0199437484019,2023,True,Low,Increasing
Malta,"Exports of goods, Volume index",Exports of goods,Free on board (FOB),Units,Not Applicable,117.7448222960879,2024,True,Low,Increasing
Malta,"Exports of goods, Volume index",Exports of goods,Free on board (FOB),Units,Not Applicable,117.2334441319355,2025,True,Low,Decreasing
Malta,Imports of goods,Imports of goods,Cost insurance freight (CIF),Millions,USD,6443000000.0,2016,False,Medium,No Data
Malta,Imports of goods,Imports of goods,Cost insurance freight (CIF),Millions,USD,5997000000.0,2017,False,Medium,Decreasing
Malta,Imports of goods,Imports of goods,Cost insurance freight (CIF),Millions,USD,6768000000.0,2018,False,Medium,Increasing
Malta,Imports of goods,Imports of goods,Cost insurance freight (CIF),Millions,USD,7389000000.0,2019,False,Medium,Increasing
Malta,Imports of goods,Imports of goods,Cost insurance freight (CIF),Millions,USD,5717000000.0,2020,False,Medium,Decreasing
Malta,Imports of goods,Imports of goods,Cost insurance freight (CIF),Millions,USD,7132000000.0,2021,False,Medium,Increasing
Malta,Imports of goods,Imports of goods,Cost insurance freight (CIF),Millions,USD,8518000000.0,2022,False,Medium,Increasing
Malta,Imports of goods,Imports of goods,Cost insurance freight (CIF),Millions,USD,8403000000.0,2023,False,Medium,Decreasing
Malta,Imports of goods,Imports of goods,Cost insurance freight (CIF),Millions,USD,9461000000.0,2024,False,High,Increasing
Malta,Imports of goods,Imports of goods,Cost insurance freight (CIF),Millions,USD,9271000000.0,2025,False,High,Decreasing
Malta,"Imports of goods, Price deflator",Imports of goods,Cost insurance freight (CIF),Units,Not Applicable,100.6940912410738,2016,False,Low,No Data
Malta,"Imports of goods, Price deflator",Imports of goods,Cost insurance freight (CIF),Units,Not Applicable,96.11826085298355,2017,False,Low,Decreasing
Malta,"Imports of goods, Price deflator",Imports of goods,Cost insurance freight (CIF),Units,Not Applicable,101.0059963854669,2018,False,Low,Increasing
Malta,"Imports of goods, Volume index",Imports of goods,Cost insurance freight (CIF),Units,Not Applicable,162.5924556213018,2016,False,Low,No Data
Malta,"Imports of goods, Volume index",Imports of goods,Cost insurance freight (CIF),Units,Not Applicable,152.7366863905325,2017,False,Low,Decreasing
Malta,"Imports of goods, Volume index",Imports of goods,Cost insurance freight (CIF),Units,Not Applicable,166.457100591716,2018,False,Medium,Increasing
Malta,"Imports of goods, Volume index",Imports of goods,Cost insurance freight (CIF),Units,Not Applicable,197.6516272189349,2019,False,Medium,Increasing
Malta,"Imports of goods, Volume index",Imports of goods,Cost insurance freight (CIF),Units,Not Applicable,165.4955621301775,2020,False,Medium,Decreasing
Malta,"Imports of goods, Volume index",Imports of goods,Cost insurance freight (CIF),Units,Not Applicable,179.6782544378698,2021,False,Medium,Increasing
Malta,"Imports of goods, Volume index",Imports of goods,Cost insurance freight (CIF),Units,Not Applicable,199.426775147929,2022,False,Medium,Increasing
Malta,"Imports of goods, Volume index",Imports of goods,Cost insurance freight (CIF),Units,Not Applicable,203.0695266272189,2023,False,Medium,Increasing
Malta,"Imports of goods, Volume index",Imports of goods,Cost insurance freight (CIF),Units,Not Applicable,238.4245562130178,2024,False,Medium,Increasing
Malta,"Imports of goods, Volume index",Imports of goods,Cost insurance freight (CIF),Units,Not Applicable,218.5835798816568,2025,False,Medium,Decreasing
"Marshall Islands, Republic of the",Exports of goods,Exports of goods,Free on board (FOB),Millions,USD,36000000.0,2016,True,Medium,No Data
"Marshall Islands, Republic of the",Exports of goods,Exports of goods,Free on board (FOB),Millions,USD,40000000.0,2017,True,Medium,Increasing
"Marshall Islands, Republic of the",Exports of goods,Exports of goods,Free on board (FOB),Millions,USD,41000000.0,2018,True,Medium,Increasing
"Marshall Islands, Republic of the",Exports of goods,Exports of goods,Free on board (FOB),Millions,USD,55000000.0,2019,True,Medium,Increasing
"Marshall Islands, Republic of the",Exports of goods,Exports of goods,Free on board (FOB),Millions,USD,44000000.0,2020,True,Medium,Decreasing
"Marshall Islands, Republic of the",Exports of goods,Exports of goods,Free on board (FOB),Millions,USD,90000000.0,2021,True,Medium,Increasing
"Marshall Islands, Republic of the",Exports of goods,Exports of goods,Free on board (FOB),Millions,USD,96000000.0,2022,True,Medium,Increasing
"Marshall Islands, Republic of the",Exports of goods,Exports of goods,Free on board (FOB),Millions,USD,64000000.0,2023,True,Medium,Decreasing
"Marshall Islands, Republic of the",Exports of goods,Exports of goods,Free on board (FOB),Millions,USD,67000000.0,2024,True,Medium,Increasing
"Marshall Islands, Republic of the",Exports of goods,Exports of goods,Free on board (FOB),Millions,USD,72000000.0,2025,True,Medium,Increasing
"Marshall Islands, Republic of the",Imports of goods,Imports of goods,Cost insurance freight (CIF),Millions,USD,97000000.0,2016,False,Medium,No Data
"Marshall Islands, Republic of the",Imports of goods,Imports of goods,Cost insurance freight (CIF),Millions,USD,90000000.0,2017,False,Medium,Decreasing
"Marshall Islands, Republic of the",Imports of goods,Imports of goods,Cost insurance freight (CIF),Millions,USD,75000000.0,2018,False,Medium,Decreasing
"Marshall Islands, Republic of the",Imports of goods,Imports of goods,Cost insurance freight (CIF),Millions,USD,68000000.0,2019,False,Medium,Decreasing
"Marshall Islands, Republic of the",Imports of goods,Imports of goods,Cost insurance freight (CIF),Millions,USD,74000000.0,2020,False,Medium,Increasing
"Marshall Islands, Republic of the",Imports of goods,Imports of goods,Cost insurance freight (CIF),Millions,USD,81000000.0,2021,False,Medium,Increasing
"Marshall Islands, Republic of the",Imports of goods,Imports of goods,Cost insurance freight (CIF),Millions,USD,94000000.0,2022,False,Medium,Increasing
"Marshall Islands, Republic of the",Imports of goods,Imports of goods,Cost insurance freight (CIF),Millions,USD,104000000.0,2023,False,Medium,Increasing
"Marshall Islands, Republic of the",Imports of goods,Imports of goods,Cost insurance freight (CIF),Millions,USD,100000000.0,2024,False,Medium,Decreasing
"Marshall Islands, Republic of the",Imports of goods,Imports of goods,Cost insurance freight (CIF),Millions,USD,111000000.0,2025,False,Medium,Increasing
"Mauritania, Islamic Republic of",Exports of goods,Exports of goods,Free on board (FOB),Millions,USD,1637285679.922622,2016,True,Medium,No Data
"Mauritania, Islamic Republic of",Exports of goods,Exports of goods,Free on board (FOB),Millions,USD,1944804881.7228858,2017,True,Medium,Increasing
"Mauritania, Islamic Republic of",Exports of goods,Exports of goods,Free on board (FOB),Millions,USD,2176772490.969701,2018,True,Medium,Increasing
"Mauritania, Islamic Republic of",Exports of goods,Exports of goods,Free on board (FOB),Millions,USD,2812406876.807208,2019,True,Medium,Increasing
"Mauritania, Islamic Republic of",Imports of goods,Imports of goods,Cost insurance freight (CIF),Millions,USD,2113294774.1414642,2016,False,Medium,No Data
"Mauritania, Islamic Republic of",Imports of goods,Imports of goods,Cost insurance freight (CIF),Millions,USD,3241030880.948812,2017,False,Medium,Increasing
"Mauritania, Islamic Republic of",Imports of goods,Imports of goods,Cost insurance freight (CIF),Millions,USD,3174539718.232422,2018,False,Medium,Decreasing
"Mauritania, Islamic Republic of",Imports of goods,Imports of goods,Cost insurance freight (CIF),Millions,USD,3425229294.347022,2019,False,Medium,Increasing
Mauritius,Exports of goods,Exports of goods,Free on board (FOB),Millions,USD,2359000000.0,2016,True,Medium,No Data
Mauritius,Exports of goods,Exports of goods,Free on board (FOB),Millions,USD,2342000000.0,2017,True,Medium,Decreasing
Mauritius,Exports of goods,Exports of goods,Free on board (FOB),Millions,USD,2365000000.0,2018,True,Medium,Increasing
Mauritius,Exports of goods,Exports of goods,Free on board (FOB),Millions,USD,2222000000.0,2019,True,Medium,Decreasing
Mauritius,Exports of goods,Exports of goods,Free on board (FOB),Millions,USD,1789000000.0,2020,True,Medium,Decreasing
Mauritius,Exports of goods,Exports of goods,Free on board (FOB),Millions,USD,1962000000.0,2021,True,Medium,Increasing
Mauritius,Exports of goods,Exports of goods,Free on board (FOB),Millions,USD,2388000000.0,2022,True,Medium,Increasing
Mauritius,Exports of goods,Exports of goods,Free on board (FOB),Millions,USD,2295000000.0,2023,True,Medium,Decreasing
Mauritius,Exports of goods,Exports of goods,Free on board (FOB),Millions,USD,2368000000.0,2024,True,Medium,Increasing
Mauritius,Exports of goods,Exports of goods,Free on board (FOB),Millions,USD,2341000000.0,2025,True,Medium,Decreasing
Mauritius,"Exports of goods, Volume index",Exports of goods,Free on board (FOB),Units,Not Applicable,91.03127423106744,2016,True,Low,No Data
Mauritius,"Exports of goods, Volume index",Exports of goods,Free on board (FOB),Units,Not Applicable,89.97156888084776,2017,True,Low,Decreasing
Mauritius,"Exports of goods, Volume index",Exports of goods,Free on board (FOB),Units,Not Applicable,90.10080124063064,2018,True,Low,Increasing
Mauritius,"Exports of goods, Volume index",Exports of goods,Free on board (FOB),Units,Not Applicable,85.5776686482295,2019,True,Low,Decreasing
Mauritius,"Exports of goods, Volume index",Exports of goods,Free on board (FOB),Units,Not Applicable,68.46730421297492,2020,True,Low,Decreasing
Mauritius,"Exports of goods, Volume index",Exports of goods,Free on board (FOB),Units,Not Applicable,66.63220470405788,2021,True,Low,Decreasing
Mauritius,"Exports of goods, Volume index",Exports of goods,Free on board (FOB),Units,Not Applicable,74.67045748255363,2022,True,Low,Increasing
Mauritius,"Exports of goods, Volume index",Exports of goods,Free on board (FOB),Units,Not Applicable,69.65624192297751,2023,True,Low,Decreasing
Mauritius,"Exports of goods, Volume index",Exports of goods,Free on board (FOB),Units,Not Applicable,74.6963039545102,2024,True,Low,Increasing
Mauritius,"Exports of goods, Volume index",Exports of goods,Free on board (FOB),Units,Not Applicable,73.89506332385629,2025,True,Low,Decreasing
Mauritius,Imports of goods,Imports of goods,Cost insurance freight (CIF),Millions,USD,4655000000.0,2016,False,Medium,No Data
Mauritius,Imports of goods,Imports of goods,Cost insurance freight (CIF),Millions,USD,5254000000.0,2017,False,Medium,Increasing
Mauritius,Imports of goods,Imports of goods,Cost insurance freight (CIF),Millions,USD,5661000000.0,2018,False,Medium,Increasing
Mauritius,Imports of goods,Imports of goods,Cost insurance freight (CIF),Millions,USD,5596000000.0,2019,False,Medium,Decreasing
Mauritius,Imports of goods,Imports of goods,Cost insurance freight (CIF),Millions,USD,4220000000.0,2020,False,Medium,Decreasing
Mauritius,Imports of goods,Imports of goods,Cost insurance freight (CIF),Millions,USD,5134000000.0,2021,False,Medium,Increasing
Mauritius,Imports of goods,Imports of goods,Cost insurance freight (CIF),Millions,USD,6609000000.0,2022,False,Medium,Increasing
Mauritius,Imports of goods,Imports of goods,Cost insurance freight (CIF),Millions,USD,6273000000.0,2023,False,Medium,Decreasing
Mauritius,Imports of goods,Imports of goods,Cost insurance freight (CIF),Millions,USD,6844000000.0,2024,False,Medium,Increasing
Mauritius,Imports of goods,Imports of goods,Cost insurance freight (CIF),Millions,USD,6937000000.0,2025,False,Medium,Increasing
Mauritius,"Imports of goods, Volume index",Imports of goods,Cost insurance freight (CIF),Units,Not Applicable,111.00611450806,2016,False,Low,No Data
Mauritius,"Imports of goods, Volume index",Imports of goods,Cost insurance freight (CIF),Units,Not Applicable,119.0290902353159,2017,False,Low,Increasing
Mauritius,"Imports of goods, Volume index",Imports of goods,Cost insurance freight (CIF),Units,Not Applicable,122.1234018899389,2018,False,Low,Increasing
Mauritius,"Imports of goods, Volume index",Imports of goods,Cost insurance freight (CIF),Units,Not Applicable,124.402445803224,2019,False,Low,Increasing
Mauritius,"Imports of goods, Volume index",Imports of goods,Cost insurance freight (CIF),Units,Not Applicable,97.07244765610524,2020,False,Low,Decreasing
Mauritius,"Imports of goods, Volume index",Imports of goods,Cost insurance freight (CIF),Units,Not Applicable,101.7972947934037,2021,False,Low,Increasing
Mauritius,"Imports of goods, Volume index",Imports of goods,Cost insurance freight (CIF),Units,Not Applicable,112.3957754307949,2022,False,Low,Increasing
Mauritius,"Imports of goods, Volume index",Imports of goods,Cost insurance freight (CIF),Units,Not Applicable,112.84046692607,2023,False,Low,Increasing
Mauritius,"Imports of goods, Volume index",Imports of goods,Cost insurance freight (CIF),Units,Not Applicable,125.9959236612933,2024,False,Low,Increasing
Mauritius,"Imports of goods, Volume index",Imports of goods,Cost insurance freight (CIF),Units,Not Applicable,128.2379099499722,2025,False,Low,Increasing
Mexico,Exports of goods,Exports of goods,Free on board (FOB),Billions,USD,373948000000.0,2016,True,High,No Data
Mexico,Exports of goods,Exports of goods,Free on board (FOB),Billions,USD,409432000000.0,2017,True,High,Increasing
Mexico,Exports of goods,Exports of goods,Free on board (FOB),Billions,USD,450714000000.0,2018,True,High,Increasing
Mexico,Exports of goods,Exports of goods,Free on board (FOB),Billions,USD,460603000000.0,2019,True,High,Increasing
Mexico,Exports of goods,Exports of goods,Free on board (FOB),Billions,USD,417172000000.0,2020,True,High,Decreasing
Mexico,Exports of goods,Exports of goods,Free on board (FOB),Billions,USD,494949000000.0,2021,True,High,Increasing
Mexico,Exports of goods,Exports of goods,Free on board (FOB),Billions,USD,577696000000.0,2022,True,High,Increasing
Mexico,Exports of goods,Exports of goods,Free on board (FOB),Billions,USD,593002000000.0,2023,True,High,Increasing
Mexico,Exports of goods,Exports of goods,Free on board (FOB),Billions,USD,617679000000.0,2024,True,High,Increasing
Mexico,Exports of goods,Exports of goods,Free on board (FOB),Billions,USD,664839000000.0,2025,True,High,Increasing
Mexico,"Exports of goods, Volume index",Exports of goods,Free on board (FOB),Units,Not Applicable,131.8974800775361,2016,True,Low,No Data
Mexico,"Exports of goods, Volume index",Exports of goods,Free on board (FOB),Units,Not Applicable,137.8419125565367,2017,True,Low,Increasing
Mexico,"Exports of goods, Volume index",Exports of goods,Free on board (FOB),Units,Not Applicable,144.1955632134396,2018,True,Low,Increasing
Mexico,"Exports of goods, Volume index",Exports of goods,Free on board (FOB),Units,Not Applicable,147.8354512168856,2019,True,Low,Increasing
Mexico,"Exports of goods, Volume index",Exports of goods,Free on board (FOB),Units,Not Applicable,137.669610165841,2020,True,Low,Decreasing
Mexico,"Exports of goods, Volume index",Exports of goods,Free on board (FOB),Units,Not Applicable,146.8231746715486,2021,True,Low,Increasing
Mexico,"Exports of goods, Volume index",Exports of goods,Free on board (FOB),Units,Not Applicable,155.5890587981908,2022,True,Low,Increasing
Mexico,"Exports of goods, Volume index",Exports of goods,Free on board (FOB),Units,Not Applicable,159.8966185655826,2023,True,Low,Increasing
Mexico,"Exports of goods, Volume index",Exports of goods,Free on board (FOB),Units,Not Applicable,164.6564721085505,2024,True,Medium,Increasing
Mexico,Imports of goods,Imports of goods,Cost insurance freight (CIF),Billions,USD,397524000000.0,2016,False,High,No Data
Mexico,Imports of goods,Imports of goods,Cost insurance freight (CIF),Billions,USD,432181000000.0,2017,False,High,Increasing
Mexico,Imports of goods,Imports of goods,Cost insurance freight (CIF),Billions,USD,476836000000.0,2018,False,High,Increasing
Mexico,Imports of goods,Imports of goods,Cost insurance freight (CIF),Billions,USD,467117000000.0,2019,False,High,Decreasing
Mexico,Imports of goods,Imports of goods,Cost insurance freight (CIF),Billions,USD,393278000000.0,2020,False,High,Decreasing
Mexico,Imports of goods,Imports of goods,Cost insurance freight (CIF),Billions,USD,522453999999.99994,2021,False,High,Increasing
Mexico,Imports of goods,Imports of goods,Cost insurance freight (CIF),Billions,USD,627543000000.0,2022,False,High,Increasing
Mexico,Imports of goods,Imports of goods,Cost insurance freight (CIF),Billions,USD,628455000000.0,2023,False,High,Increasing
Mexico,Imports of goods,Imports of goods,Cost insurance freight (CIF),Billions,USD,655300000000.0,2024,False,High,Increasing
Mexico,Imports of goods,Imports of goods,Cost insurance freight (CIF),Billions,USD,683017000000.0,2025,False,High,Increasing
Mexico,"Imports of goods, Volume index",Imports of goods,Cost insurance freight (CIF),Units,Not Applicable,132.8374860542953,2016,False,Low,No Data
Mexico,"Imports of goods, Volume index",Imports of goods,Cost insurance freight (CIF),Units,Not Applicable,136.9654146522871,2017,False,Low,Increasing
Mexico,"Imports of goods, Volume index",Imports of goods,Cost insurance freight (CIF),Units,Not Applicable,142.7482335440684,2018,False,Low,Increasing
Mexico,"Imports of goods, Volume index",Imports of goods,Cost insurance freight (CIF),Units,Not Applicable,144.8679806619561,2019,False,Low,Increasing
Mexico,"Imports of goods, Volume index",Imports of goods,Cost insurance freight (CIF),Units,Not Applicable,128.7095574563035,2020,False,Low,Decreasing
Mexico,"Imports of goods, Volume index",Imports of goods,Cost insurance freight (CIF),Units,Not Applicable,146.2067683153589,2021,False,Low,Increasing
Mexico,"Imports of goods, Volume index",Imports of goods,Cost insurance freight (CIF),Units,Not Applicable,151.9523986612123,2022,False,Low,Increasing
Mexico,"Imports of goods, Volume index",Imports of goods,Cost insurance freight (CIF),Units,Not Applicable,156.0059501673485,2023,False,Low,Increasing
Mexico,"Imports of goods, Volume index",Imports of goods,Cost insurance freight (CIF),Units,Not Applicable,164.4291558200074,2024,False,Low,Increasing
"Micronesia, Federated States of",Exports of goods,Exports of goods,Free on board (FOB),Millions,USD,49000000.0,2016,True,Medium,No Data
"Micronesia, Federated States of",Exports of goods,Exports of goods,Free on board (FOB),Millions,USD,46000000.0,2017,True,Medium,Decreasing
"Micronesia, Federated States of",Exports of goods,Exports of goods,Free on board (FOB),Millions,USD,47000000.0,2018,True,Medium,Increasing
"Micronesia, Federated States of",Exports of goods,Exports of goods,Free on board (FOB),Millions,USD,41000000.0,2019,True,Medium,Decreasing
"Micronesia, Federated States of",Exports of goods,Exports of goods,Free on board (FOB),Millions,USD,125000000.0,2020,True,Medium,Increasing
"Micronesia, Federated States of",Exports of goods,Exports of goods,Free on board (FOB),Millions,USD,115000000.0,2021,True,Medium,Decreasing
"Micronesia, Federated States of",Exports of goods,Exports of goods,Free on board (FOB),Millions,USD,111000000.0,2022,True,Medium,Decreasing
"Micronesia, Federated States of",Exports of goods,Exports of goods,Free on board (FOB),Millions,USD,106000000.0,2023,True,Medium,Decreasing
"Micronesia, Federated States of",Exports of goods,Exports of goods,Free on board (FOB),Millions,USD,185000000.0,2024,True,Medium,Increasing
"Micronesia, Federated States of",Exports of goods,Exports of goods,Free on board (FOB),Millions,USD,109000000.0,2025,True,Medium,Decreasing
"Micronesia, Federated States of",Imports of goods,Imports of goods,Cost insurance freight (CIF),Millions,USD,186000000.0,2016,False,Medium,No Data
"Micronesia, Federated States of",Imports of goods,Imports of goods,Cost insurance freight (CIF),Millions,USD,183000000.0,2017,False,Medium,Decreasing
"Micronesia, Federated States of",Imports of goods,Imports of goods,Cost insurance freight (CIF),Millions,USD,198000000.0,2018,False,Medium,Increasing
"Micronesia, Federated States of",Imports of goods,Imports of goods,Cost insurance freight (CIF),Millions,USD,215000000.0,2019,False,Medium,Increasing
"Micronesia, Federated States of",Imports of goods,Imports of goods,Cost insurance freight (CIF),Millions,USD,213000000.0,2020,False,Medium,Decreasing
"Micronesia, Federated States of",Imports of goods,Imports of goods,Cost insurance freight (CIF),Millions,USD,254000000.0,2021,False,Medium,Increasing
"Micronesia, Federated States of",Imports of goods,Imports of goods,Cost insurance freight (CIF),Millions,USD,278000000.0,2022,False,Medium,Increasing
"Micronesia, Federated States of",Imports of goods,Imports of goods,Cost insurance freight (CIF),Millions,USD,301000000.0,2023,False,Medium,Increasing
"Micronesia, Federated States of",Imports of goods,Imports of goods,Cost insurance freight (CIF),Millions,USD,291000000.0,2024,False,Medium,Decreasing
"Micronesia, Federated States of",Imports of goods,Imports of goods,Cost insurance freight (CIF),Millions,USD,310000000.0,2025,False,Medium,Increasing
"Moldova, Republic of",Exports of goods,Exports of goods,Free on board (FOB),Millions,USD,2045000000.0,2016,True,Medium,No Data
"Moldova, Republic of",Exports of goods,Exports of goods,Free on board (FOB),Millions,USD,2424000000.0,2017,True,Medium,Increasing
"Moldova, Republic of",Exports of goods,Exports of goods,Free on board (FOB),Millions,USD,2707000000.0,2018,True,Medium,Increasing
"Moldova, Republic of",Exports of goods,Exports of goods,Free on board (FOB),Millions,USD,2779000000.0,2019,True,Medium,Increasing
"Moldova, Republic of",Exports of goods,Exports of goods,Free on board (FOB),Millions,USD,2467000000.0,2020,True,Medium,Decreasing
"Moldova, Republic of",Exports of goods,Exports of goods,Free on board (FOB),Millions,USD,3145000000.0,2021,True,Medium,Increasing
"Moldova, Republic of",Exports of goods,Exports of goods,Free on board (FOB),Millions,USD,4332000000.0,2022,True,Medium,Increasing
"Moldova, Republic of",Exports of goods,Exports of goods,Free on board (FOB),Millions,USD,4049000000.0,2023,True,Medium,Decreasing
"Moldova, Republic of",Exports of goods,Exports of goods,Free on board (FOB),Millions,USD,3555000000.0,2024,True,Medium,Decreasing
"Moldova, Republic of",Exports of goods,Exports of goods,Free on board (FOB),Millions,USD,3782000000.0,2025,True,Medium,Increasing
"Moldova, Republic of","Exports of goods, Volume index",Exports of goods,Free on board (FOB),Units,Not Applicable,129.9329404592562,2016,True,Low,No Data
"Moldova, Republic of","Exports of goods, Volume index",Exports of goods,Free on board (FOB),Units,Not Applicable,152.3470839260313,2017,True,Low,Increasing
"Moldova, Republic of","Exports of goods, Volume index",Exports of goods,Free on board (FOB),Units,Not Applicable,165.8402763665922,2018,True,Medium,Increasing
"Moldova, Republic of","Exports of goods, Volume index",Exports of goods,Free on board (FOB),Units,Not Applicable,173.0542572647836,2019,True,Medium,Increasing
"Moldova, Republic of","Exports of goods, Volume index",Exports of goods,Free on board (FOB),Units,Not Applicable,145.9865880918512,2020,True,Low,Decreasing
"Moldova, Republic of","Exports of goods, Volume index",Exports of goods,Free on board (FOB),Units,Not Applicable,165.4948181263971,2021,True,Medium,Increasing
"Moldova, Republic of","Exports of goods, Volume index",Exports of goods,Free on board (FOB),Units,Not Applicable,211.3594797805324,2022,True,Medium,Increasing
"Moldova, Republic of","Exports of goods, Volume index",Exports of goods,Free on board (FOB),Units,Not Applicable,210.03861003861,2023,True,Medium,Decreasing
"Moldova, Republic of","Exports of goods, Volume index",Exports of goods,Free on board (FOB),Units,Not Applicable,191.769965454176,2024,True,Medium,Decreasing
"Moldova, Republic of","Exports of goods, Volume index",Exports of goods,Free on board (FOB),Units,Not Applicable,207.0514123145702,2025,True,Medium,Increasing
"Moldova, Republic of",Imports of goods,Imports of goods,Cost insurance freight (CIF),Millions,USD,4020000000.0,2016,False,Medium,No Data
"Moldova, Republic of",Imports of goods,Imports of goods,Cost insurance freight (CIF),Millions,USD,4832000000.0,2017,False,Medium,Increasing
"Moldova, Republic of",Imports of goods,Imports of goods,Cost insurance freight (CIF),Millions,USD,5761000000.0,2018,False,Medium,Increasing
"Moldova, Republic of",Imports of goods,Imports of goods,Cost insurance freight (CIF),Millions,USD,5843000000.0,2019,False,Medium,Increasing
"Moldova, Republic of",Imports of goods,Imports of goods,Cost insurance freight (CIF),Millions,USD,5417000000.0,2020,False,Medium,Decreasing
"Moldova, Republic of",Imports of goods,Imports of goods,Cost insurance freight (CIF),Millions,USD,7177000000.0,2021,False,Medium,Increasing
"Moldova, Republic of",Imports of goods,Imports of goods,Cost insurance freight (CIF),Millions,USD,9219000000.0,2022,False,High,Increasing
"Moldova, Republic of",Imports of goods,Imports of goods,Cost insurance freight (CIF),Millions,USD,8675000000.0,2023,False,Medium,Decreasing
"Moldova, Republic of",Imports of goods,Imports of goods,Cost insurance freight (CIF),Millions,USD,9065000000.0,2024,False,Medium,Increasing
"Moldova, Republic of",Imports of goods,Imports of goods,Cost insurance freight (CIF),Millions,USD,10922000000.0,2025,False,High,Increasing
"Moldova, Republic of","Imports of goods, Volume index",Imports of goods,Cost insurance freight (CIF),Units,Not Applicable,111.2280701754386,2016,False,Low,No Data
"Moldova, Republic of","Imports of goods, Volume index",Imports of goods,Cost insurance freight (CIF),Units,Not Applicable,127.3538011695906,2017,False,Low,Increasing
"Moldova, Republic of","Imports of goods, Volume index",Imports of goods,Cost insurance freight (CIF),Units,Not Applicable,144.9269005847953,2018,False,Low,Increasing
"Moldova, Republic of","Imports of goods, Volume index",Imports of goods,Cost insurance freight (CIF),Units,Not Applicable,150.9210526315789,2019,False,Low,Increasing
"Moldova, Republic of","Imports of goods, Volume index",Imports of goods,Cost insurance freight (CIF),Units,Not Applicable,141.6374269005848,2020,False,Low,Decreasing
"Moldova, Republic of","Imports of goods, Volume index",Imports of goods,Cost insurance freight (CIF),Units,Not Applicable,161.8859649122807,2021,False,Low,Increasing
"Moldova, Republic of","Imports of goods, Volume index",Imports of goods,Cost insurance freight (CIF),Units,Not Applicable,179.2982456140351,2022,False,Medium,Increasing
"Moldova, Republic of","Imports of goods, Volume index",Imports of goods,Cost insurance freight (CIF),Units,Not Applicable,186.7836257309942,2023,False,Medium,Increasing
"Moldova, Republic of","Imports of goods, Volume index",Imports of goods,Cost insurance freight (CIF),Units,Not Applicable,200.1461988304094,2024,False,Medium,Increasing
"Moldova, Republic of","Imports of goods, Volume index",Imports of goods,Cost insurance freight (CIF),Units,Not Applicable,237.5,2025,False,Medium,Increasing
Mongolia,Exports of goods,Exports of goods,Free on board (FOB),Millions,USD,4917331000.0,2016,True,Medium,No Data
Mongolia,Exports of goods,Exports of goods,Free on board (FOB),Millions,USD,6200593000.0,2017,True,Medium,Increasing
Mongolia,Exports of goods,Exports of goods,Free on board (FOB),Millions,USD,7011765000.0,2018,True,Medium,Increasing
Mongolia,Exports of goods,Exports of goods,Free on board (FOB),Millions,USD,7619753900.0,2019,True,Medium,Increasing
Mongolia,Exports of goods,Exports of goods,Free on board (FOB),Millions,USD,7576319499.999999,2020,True,Medium,Decreasing
Mongolia,Exports of goods,Exports of goods,Free on board (FOB),Millions,USD,9241123165.0,2021,True,High,Increasing
Mongolia,Exports of goods,Exports of goods,Free on board (FOB),Millions,USD,12538588942.0,2022,True,High,Increasing
Mongolia,Exports of goods,Exports of goods,Free on board (FOB),Millions,USD,15186897415.150002,2023,True,High,Increasing
Mongolia,Exports of goods,Exports of goods,Free on board (FOB),Millions,USD,15783377905.92,2024,True,High,Increasing
Mongolia,Exports of goods,Exports of goods,Free on board (FOB),Millions,USD,15761147125.53,2025,True,High,Decreasing
Mongolia,Imports of goods,Imports of goods,Cost insurance freight (CIF),Millions,USD,3357940500.0,2016,False,Medium,No Data
Mongolia,Imports of goods,Imports of goods,Cost insurance freight (CIF),Millions,USD,4337322400.000001,2017,False,Medium,Increasing
Mongolia,Imports of goods,Imports of goods,Cost insurance freight (CIF),Millions,USD,5875032100.0,2018,False,Medium,Increasing
Mongolia,Imports of goods,Imports of goods,Cost insurance freight (CIF),Millions,USD,6127438799.999999,2019,False,Medium,Increasing
Mongolia,Imports of goods,Imports of goods,Cost insurance freight (CIF),Millions,USD,5293939400.0,2020,False,Medium,Decreasing
Mongolia,Imports of goods,Imports of goods,Cost insurance freight (CIF),Millions,USD,6845453270.0,2021,False,Medium,Increasing
Mongolia,Imports of goods,Imports of goods,Cost insurance freight (CIF),Millions,USD,8704393822.0,2022,False,Medium,Increasing
Mongolia,Imports of goods,Imports of goods,Cost insurance freight (CIF),Millions,USD,9250247910.0,2023,False,High,Increasing
Mongolia,Imports of goods,Imports of goods,Cost insurance freight (CIF),Millions,USD,11614658555.0,2024,False,High,Increasing
Mongolia,Imports of goods,Imports of goods,Cost insurance freight (CIF),Millions,USD,11393820342.0,2025,False,High,Decreasing
Montenegro,Export price index (EPI),Exports of goods,Free on board (FOB),Units,Not Applicable,101.3333333333333,2016,True,Low,No Data
Montenegro,Exports of goods,Exports of goods,Free on board (FOB),Thousands,USD,359000000.0,2016,True,Medium,No Data
Montenegro,Exports of goods,Exports of goods,Free on board (FOB),Thousands,USD,423000000.0,2017,True,Medium,Increasing
Montenegro,Exports of goods,Exports of goods,Free on board (FOB),Thousands,USD,472000000.0,2018,True,Medium,Increasing
Montenegro,Exports of goods,Exports of goods,Free on board (FOB),Thousands,USD,465000000.0,2019,True,Medium,Decreasing
Montenegro,Exports of goods,Exports of goods,Free on board (FOB),Thousands,USD,420000000.0,2020,True,Medium,Decreasing
Montenegro,Exports of goods,Exports of goods,Free on board (FOB),Thousands,USD,516000000.0,2021,True,Medium,Increasing
Montenegro,Exports of goods,Exports of goods,Free on board (FOB),Thousands,USD,743000000.0,2022,True,Medium,Increasing
Montenegro,Exports of goods,Exports of goods,Free on board (FOB),Thousands,USD,730000000.0,2023,True,Medium,Decreasing
Montenegro,Exports of goods,Exports of goods,Free on board (FOB),Thousands,USD,665000000.0,2024,True,Medium,Decreasing
Montenegro,Exports of goods,Exports of goods,Free on board (FOB),Thousands,USD,648000000.0,2025,True,Medium,Decreasing
Montenegro,Import price index,Imports of goods,Cost insurance freight (CIF),Units,Not Applicable,102.9600246668722,2016,False,Low,No Data
Montenegro,Imports of goods,Imports of goods,Cost insurance freight (CIF),Thousands,USD,2285000000.0,2016,False,Medium,No Data
Montenegro,Imports of goods,Imports of goods,Cost insurance freight (CIF),Thousands,USD,2613000000.0,2017,False,Medium,Increasing
Montenegro,Imports of goods,Imports of goods,Cost insurance freight (CIF),Thousands,USD,3008000000.0,2018,False,Medium,Increasing
Montenegro,Imports of goods,Imports of goods,Cost insurance freight (CIF),Thousands,USD,2910000000.0,2019,False,Medium,Decreasing
Montenegro,Imports of goods,Imports of goods,Cost insurance freight (CIF),Thousands,USD,2405000000.0,2020,False,Medium,Decreasing
Montenegro,Imports of goods,Imports of goods,Cost insurance freight (CIF),Thousands,USD,2956000000.0,2021,False,Medium,Increasing
Montenegro,Imports of goods,Imports of goods,Cost insurance freight (CIF),Thousands,USD,3703000000.0,2022,False,Medium,Increasing
Montenegro,Imports of goods,Imports of goods,Cost insurance freight (CIF),Thousands,USD,4122000000.0,2023,False,Medium,Increasing
Montenegro,Imports of goods,Imports of goods,Cost insurance freight (CIF),Thousands,USD,4400000000.0,2024,False,Medium,Increasing
Montenegro,Imports of goods,Imports of goods,Cost insurance freight (CIF),Thousands,USD,5060000000.0,2025,False,Medium,Increasing
"Montserrat, United Kingdom-British Overseas Territory",Exports of goods,Exports of goods,Free on board (FOB),Millions,USD,4000000.0,2016,True,Medium,No Data
"Montserrat, United Kingdom-British Overseas Territory",Exports of goods,Exports of goods,Free on board (FOB),Millions,USD,6000000.0,2017,True,Medium,Increasing
"Montserrat, United Kingdom-British Overseas Territory",Exports of goods,Exports of goods,Free on board (FOB),Millions,USD,5000000.0,2018,True,Medium,Decreasing
"Montserrat, United Kingdom-British Overseas Territory",Exports of goods,Exports of goods,Free on board (FOB),Millions,USD,6000000.0,2019,True,Medium,Increasing
"Montserrat, United Kingdom-British Overseas Territory",Exports of goods,Exports of goods,Free on board (FOB),Millions,USD,6000000.0,2020,True,Medium,No Data
"Montserrat, United Kingdom-British Overseas Territory",Exports of goods,Exports of goods,Free on board (FOB),Millions,USD,8000000.0,2021,True,Medium,Increasing
"Montserrat, United Kingdom-British Overseas Territory",Exports of goods,Exports of goods,Free on board (FOB),Millions,USD,7000000.0,2022,True,Medium,Decreasing
"Montserrat, United Kingdom-British Overseas Territory",Exports of goods,Exports of goods,Free on board (FOB),Millions,USD,6000000.0,2023,True,Medium,Decreasing
"Montserrat, United Kingdom-British Overseas Territory",Exports of goods,Exports of goods,Free on board (FOB),Millions,USD,6000000.0,2024,True,Medium,No Data
"Montserrat, United Kingdom-British Overseas Territory",Exports of goods,Exports of goods,Free on board (FOB),Millions,USD,11000000.0,2025,True,Medium,Increasing
"Montserrat, United Kingdom-British Overseas Territory",Imports of goods,Imports of goods,Cost insurance freight (CIF),Millions,USD,36000000.0,2016,False,Medium,No Data
"Montserrat, United Kingdom-British Overseas Territory",Imports of goods,Imports of goods,Cost insurance freight (CIF),Millions,USD,30000000.0,2017,False,Medium,Decreasing
"Montserrat, United Kingdom-British Overseas Territory",Imports of goods,Imports of goods,Cost insurance freight (CIF),Millions,USD,34000000.0,2018,False,Medium,Increasing
"Montserrat, United Kingdom-British Overseas Territory",Imports of goods,Imports of goods,Cost insurance freight (CIF),Millions,USD,33000000.0,2019,False,Medium,Decreasing
"Montserrat, United Kingdom-British Overseas Territory",Imports of goods,Imports of goods,Cost insurance freight (CIF),Millions,USD,31000000.0,2020,False,Medium,Decreasing
"Montserrat, United Kingdom-British Overseas Territory",Imports of goods,Imports of goods,Cost insurance freight (CIF),Millions,USD,36000000.0,2021,False,Medium,Increasing
"Montserrat, United Kingdom-British Overseas Territory",Imports of goods,Imports of goods,Cost insurance freight (CIF),Millions,USD,39000000.0,2022,False,Medium,Increasing
"Montserrat, United Kingdom-British Overseas Territory",Imports of goods,Imports of goods,Cost insurance freight (CIF),Millions,USD,47000000.0,2023,False,Medium,Increasing
"Montserrat, United Kingdom-British Overseas Territory",Imports of goods,Imports of goods,Cost insurance freight (CIF),Millions,USD,46000000.0,2024,False,Medium,Decreasing
"Montserrat, United Kingdom-British Overseas Territory",Imports of goods,Imports of goods,Cost insurance freight (CIF),Millions,USD,51000000.0,2025,False,Medium,Increasing
Morocco,Exports of goods,Exports of goods,Free on board (FOB),Millions,USD,22661000000.0,2016,True,High,No Data
Morocco,Exports of goods,Exports of goods,Free on board (FOB),Millions,USD,25273000000.0,2017,True,High,Increasing
Morocco,Exports of goods,Exports of goods,Free on board (FOB),Millions,USD,28609000000.0,2018,True,High,Increasing
Morocco,Exports of goods,Exports of goods,Free on board (FOB),Millions,USD,29131000000.0,2019,True,High,Increasing
Morocco,Exports of goods,Exports of goods,Free on board (FOB),Millions,USD,27160000000.0,2020,True,High,Decreasing
Morocco,Exports of goods,Exports of goods,Free on board (FOB),Millions,USD,35845000000.0,2021,True,High,Increasing
Morocco,Exports of goods,Exports of goods,Free on board (FOB),Millions,USD,41479000000.0,2022,True,High,Increasing
Morocco,Exports of goods,Exports of goods,Free on board (FOB),Millions,USD,41642000000.0,2023,True,High,Increasing
Morocco,Exports of goods,Exports of goods,Free on board (FOB),Millions,USD,45225000000.0,2024,True,High,Increasing
Morocco,Exports of goods,Exports of goods,Free on board (FOB),Millions,USD,49777000000.0,2025,True,High,Increasing
Morocco,"Exports of goods, Volume index",Exports of goods,Free on board (FOB),Units,Not Applicable,128.0837858805275,2016,True,Low,No Data
Morocco,"Exports of goods, Volume index",Exports of goods,Free on board (FOB),Units,Not Applicable,140.4383242823895,2017,True,Low,Increasing
Morocco,"Exports of goods, Volume index",Exports of goods,Free on board (FOB),Units,Not Applicable,153.122575640031,2018,True,Low,Increasing
Morocco,"Exports of goods, Volume index",Exports of goods,Free on board (FOB),Units,Not Applicable,158.8828549262995,2019,True,Low,Increasing
Morocco,"Exports of goods, Volume index",Exports of goods,Free on board (FOB),Units,Not Applicable,143.0954228083786,2020,True,Low,Decreasing
Morocco,"Exports of goods, Volume index",Exports of goods,Free on board (FOB),Units,Not Applicable,165.5740884406517,2021,True,Medium,Increasing
Morocco,"Exports of goods, Volume index",Exports of goods,Free on board (FOB),Units,Not Applicable,167.7851047323507,2022,True,Medium,Increasing
Morocco,"Exports of goods, Volume index",Exports of goods,Free on board (FOB),Units,Not Applicable,176.5515903801397,2023,True,Medium,Increasing
Morocco,"Exports of goods, Volume index",Exports of goods,Free on board (FOB),Units,Not Applicable,194.9185415050427,2024,True,Medium,Increasing
Morocco,"Exports of goods, Volume index",Exports of goods,Free on board (FOB),Units,Not Applicable,214.0806826997673,2025,True,Medium,Increasing
Morocco,Imports of goods,Imports of goods,Cost insurance freight (CIF),Millions,USD,41389000000.0,2016,False,High,No Data
Morocco,Imports of goods,Imports of goods,Cost insurance freight (CIF),Millions,USD,44490000000.0,2017,False,High,Increasing
Morocco,Imports of goods,Imports of goods,Cost insurance freight (CIF),Millions,USD,51039000000.0,2018,False,High,Increasing
Morocco,Imports of goods,Imports of goods,Cost insurance freight (CIF),Millions,USD,50736000000.0,2019,False,High,Decreasing
Morocco,Imports of goods,Imports of goods,Cost insurance freight (CIF),Millions,USD,43831000000.0,2020,False,High,Decreasing
Morocco,Imports of goods,Imports of goods,Cost insurance freight (CIF),Millions,USD,58035000000.0,2021,False,High,Increasing
Morocco,Imports of goods,Imports of goods,Cost insurance freight (CIF),Millions,USD,71807000000.0,2022,False,High,Increasing
Morocco,Imports of goods,Imports of goods,Cost insurance freight (CIF),Millions,USD,68633000000.0,2023,False,High,Decreasing
Morocco,Imports of goods,Imports of goods,Cost insurance freight (CIF),Millions,USD,75698000000.0,2024,False,High,Increasing
Morocco,Imports of goods,Imports of goods,Cost insurance freight (CIF),Millions,USD,87389000000.0,2025,False,High,Increasing
Morocco,"Imports of goods, Volume index",Imports of goods,Cost insurance freight (CIF),Units,Not Applicable,132.8324986087924,2016,False,Low,No Data
Morocco,"Imports of goods, Volume index",Imports of goods,Cost insurance freight (CIF),Units,Not Applicable,134.761639769987,2017,False,Low,Increasing
Morocco,"Imports of goods, Volume index",Imports of goods,Cost insurance freight (CIF),Units,Not Applicable,146.3550361713968,2018,False,Low,Increasing
Morocco,"Imports of goods, Volume index",Imports of goods,Cost insurance freight (CIF),Units,Not Applicable,150.8625486922649,2019,False,Low,Increasing
Morocco,"Imports of goods, Volume index",Imports of goods,Cost insurance freight (CIF),Units,Not Applicable,133.4446299387869,2020,False,Low,Decreasing
Morocco,"Imports of goods, Volume index",Imports of goods,Cost insurance freight (CIF),Units,Not Applicable,148.692264885921,2021,False,Low,Increasing
Morocco,"Imports of goods, Volume index",Imports of goods,Cost insurance freight (CIF),Units,Not Applicable,156.390280096457,2022,False,Low,Increasing
Morocco,"Imports of goods, Volume index",Imports of goods,Cost insurance freight (CIF),Units,Not Applicable,163.8657020960861,2023,False,Low,Increasing
Morocco,"Imports of goods, Volume index",Imports of goods,Cost insurance freight (CIF),Units,Not Applicable,186.5887590428492,2024,False,Medium,Increasing
Morocco,"Imports of goods, Volume index",Imports of goods,Cost insurance freight (CIF),Units,Not Applicable,214.2459654980523,2025,False,Medium,Increasing
"Mozambique, Republic of",Exports of goods,Exports of goods,Free on board (FOB),Millions,USD,3328235536.3975997,2016,True,Medium,No Data
"Mozambique, Republic of",Exports of goods,Exports of goods,Free on board (FOB),Millions,USD,4725302368.26398,2017,True,Medium,Increasing
"Mozambique, Republic of",Exports of goods,Exports of goods,Free on board (FOB),Millions,USD,5195579533.264969,2018,True,Medium,Increasing
"Mozambique, Republic of",Exports of goods,Exports of goods,Free on board (FOB),Millions,USD,4717519778.108163,2019,True,Medium,Decreasing
"Mozambique, Republic of",Exports of goods,Exports of goods,Free on board (FOB),Millions,USD,3588450286.869398,2020,True,Medium,Decreasing
"Mozambique, Republic of",Imports of goods,Imports of goods,Free on board (FOB),Millions,USD,4732896768.447819,2016,False,Medium,No Data
"Mozambique, Republic of",Imports of goods,Imports of goods,Free on board (FOB),Millions,USD,5223088839.925423,2017,False,Medium,Increasing
"Mozambique, Republic of",Imports of goods,Imports of goods,Free on board (FOB),Millions,USD,6168680144.519204,2018,False,Medium,Increasing
"Mozambique, Republic of",Imports of goods,Imports of goods,Free on board (FOB),Millions,USD,6798704799.289535,2019,False,Medium,Increasing
"Mozambique, Republic of",Imports of goods,Imports of goods,Free on board (FOB),Millions,USD,5882699897.514709,2020,False,Medium,Decreasing
Myanmar,Exports of goods,Exports of goods,Free on board (FOB),Millions,USD,11836500000.0,2016,True,High,No Data
Myanmar,Exports of goods,Exports of goods,Free on board (FOB),Millions,USD,13878000000.0,2017,True,High,Increasing
Myanmar,Exports of goods,Exports of goods,Free on board (FOB),Millions,USD,16703599999.999998,2018,True,High,Increasing
Myanmar,Exports of goods,Exports of goods,Free on board (FOB),Millions,USD,18117600000.0,2019,True,High,Increasing
Myanmar,Exports of goods,Exports of goods,Free on board (FOB),Millions,USD,16936500000.0,2020,True,High,Decreasing
Myanmar,Imports of goods,Imports of goods,Cost insurance freight (CIF),Millions,USD,15705900000.0,2016,False,High,No Data
Myanmar,Imports of goods,Imports of goods,Cost insurance freight (CIF),Millions,USD,19253400000.0,2017,False,High,Increasing
Myanmar,Imports of goods,Imports of goods,Cost insurance freight (CIF),Millions,USD,19355200000.0,2018,False,High,Increasing
Myanmar,Imports of goods,Imports of goods,Cost insurance freight (CIF),Millions,USD,18611000000.0,2019,False,High,Decreasing
Myanmar,Imports of goods,Imports of goods,Cost insurance freight (CIF),Millions,USD,17964500000.0,2020,False,High,Decreasing
Namibia,Exports of goods,Exports of goods,Free on board (FOB),Millions,USD,4826945816.65099,2016,True,Medium,No Data
Namibia,Exports of goods,Exports of goods,Free on board (FOB),Millions,USD,5188283428.926234,2017,True,Medium,Increasing
Namibia,Exports of goods,Exports of goods,Free on board (FOB),Millions,USD,7457735960.792913,2018,True,Medium,Increasing
Namibia,Exports of goods,Exports of goods,Free on board (FOB),Millions,USD,6395321979.7399435,2019,True,Medium,Decreasing
Namibia,Exports of goods,Exports of goods,Free on board (FOB),Millions,USD,5413508214.607021,2020,True,Medium,Decreasing
Namibia,Exports of goods,Exports of goods,Free on board (FOB),Millions,USD,4502756386.495777,2021,True,Medium,Decreasing
Namibia,Exports of goods,Exports of goods,Free on board (FOB),Millions,USD,5950967982.389551,2022,True,Medium,Increasing
Namibia,Exports of goods,Exports of goods,Free on board (FOB),Millions,USD,5627893940.754464,2023,True,Medium,Decreasing
Namibia,Exports of goods,Exports of goods,Free on board (FOB),Millions,USD,6454695428.354879,2024,True,Medium,Increasing
Namibia,Exports of goods,Exports of goods,Free on board (FOB),Millions,USD,7031809629.300233,2025,True,Medium,Increasing
Namibia,Imports of goods,Imports of goods,Cost insurance freight (CIF),Millions,USD,6720161231.737686,2016,False,Medium,No Data
Namibia,Imports of goods,Imports of goods,Cost insurance freight (CIF),Millions,USD,6981506136.64222,2017,False,Medium,Increasing
Namibia,Imports of goods,Imports of goods,Cost insurance freight (CIF),Millions,USD,8767514063.534088,2018,False,Medium,Increasing
Namibia,Imports of goods,Imports of goods,Cost insurance freight (CIF),Millions,USD,7767233547.886278,2019,False,Medium,Decreasing
Namibia,Imports of goods,Imports of goods,Cost insurance freight (CIF),Millions,USD,6619955963.543499,2020,False,Medium,Decreasing
Namibia,Imports of goods,Imports of goods,Cost insurance freight (CIF),Millions,USD,6608945015.022906,2021,False,Medium,Decreasing
Namibia,Imports of goods,Imports of goods,Cost insurance freight (CIF),Millions,USD,7894508990.998322,2022,False,Medium,Increasing
Namibia,Imports of goods,Imports of goods,Cost insurance freight (CIF),Millions,USD,7391313593.650372,2023,False,Medium,Decreasing
Namibia,Imports of goods,Imports of goods,Cost insurance freight (CIF),Millions,USD,8727894857.640388,2024,False,Medium,Increasing
Namibia,Imports of goods,Imports of goods,Cost insurance freight (CIF),Millions,USD,8424131524.256048,2025,False,Medium,Decreasing
Nepal,Exports of goods,Exports of goods,Free on board (FOB),Millions,USD,725204829.2714672,2017,True,Medium,No Data
Nepal,Exports of goods,Exports of goods,Free on board (FOB),Millions,USD,785140382.4818515,2018,True,Medium,Increasing
Nepal,Exports of goods,Exports of goods,Free on board (FOB),Millions,USD,952077660.236423,2019,True,Medium,Increasing
Nepal,Exports of goods,Exports of goods,Free on board (FOB),Millions,USD,849239442.2289548,2020,True,Medium,Decreasing
Nepal,Exports of goods,Exports of goods,Free on board (FOB),Millions,USD,1638985972.669626,2021,True,Medium,Increasing
Nepal,Exports of goods,Exports of goods,Free on board (FOB),Millions,USD,1316046375.206746,2022,True,Medium,Decreasing
Nepal,Exports of goods,Exports of goods,Free on board (FOB),Millions,USD,1158573619.485259,2023,True,Medium,Decreasing
Nepal,Exports of goods,Exports of goods,Free on board (FOB),Millions,USD,1216886105.907185,2024,True,Medium,Increasing
Nepal,Exports of goods,Exports of goods,Free on board (FOB),Millions,USD,2302898875.321245,2025,True,Medium,Increasing
Nepal,Imports of goods,Imports of goods,Cost insurance freight (CIF),Millions,USD,10147764630.737928,2017,False,High,No Data
Nepal,Imports of goods,Imports of goods,Cost insurance freight (CIF),Millions,USD,12839932854.80225,2018,False,High,Increasing
Nepal,Imports of goods,Imports of goods,Cost insurance freight (CIF),Millions,USD,12368689538.12018,2019,False,High,Decreasing
Nepal,Imports of goods,Imports of goods,Cost insurance freight (CIF),Millions,USD,9684511647.095499,2020,False,High,Decreasing
Nepal,Imports of goods,Imports of goods,Cost insurance freight (CIF),Millions,USD,15673889555.22842,2021,False,High,Increasing
Nepal,Imports of goods,Imports of goods,Cost insurance freight (CIF),Millions,USD,13998488484.14611,2022,False,High,Decreasing
Nepal,Imports of goods,Imports of goods,Cost insurance freight (CIF),Millions,USD,12030280158.10356,2023,False,High,Decreasing
Nepal,Imports of goods,Imports of goods,Cost insurance freight (CIF),Millions,USD,12056234429.86563,2024,False,High,Increasing
Nepal,Imports of goods,Imports of goods,Cost insurance freight (CIF),Millions,USD,13729305767.84428,2025,False,High,Increasing
"Netherlands, The",Exports of goods,Exports of goods,Free on board (FOB),Millions,USD,570605000000.0,2016,True,High,No Data
"Netherlands, The",Exports of goods,Exports of goods,Free on board (FOB),Millions,USD,652065000000.0,2017,True,High,Increasing
"Netherlands, The",Exports of goods,Exports of goods,Free on board (FOB),Millions,USD,726698000000.0,2018,True,High,Increasing
"Netherlands, The",Exports of goods,Exports of goods,Free on board (FOB),Millions,USD,708597000000.0,2019,True,High,Decreasing
"Netherlands, The",Exports of goods,Exports of goods,Free on board (FOB),Millions,USD,674601000000.0,2020,True,High,Decreasing
"Netherlands, The",Exports of goods,Exports of goods,Free on board (FOB),Millions,USD,840032000000.0,2021,True,High,Increasing
"Netherlands, The",Exports of goods,Exports of goods,Free on board (FOB),Millions,USD,963492000000.0,2022,True,High,Increasing
"Netherlands, The",Exports of goods,Exports of goods,Free on board (FOB),Millions,USD,935048000000.0,2023,True,High,Decreasing
"Netherlands, The",Exports of goods,Exports of goods,Free on board (FOB),Millions,USD,920541000000.0,2024,True,High,Decreasing
"Netherlands, The",Exports of goods,Exports of goods,Free on board (FOB),Millions,USD,989799000000.0,2025,True,High,Increasing
"Netherlands, The","Exports of goods, Price deflator",Exports of goods,Free on board (FOB),Units,Not Applicable,98.69913275517013,2016,True,Low,No Data
"Netherlands, The","Exports of goods, Price deflator",Exports of goods,Free on board (FOB),Units,Not Applicable,102.4599733155437,2017,True,Low,Increasing
"Netherlands, The","Exports of goods, Volume index",Exports of goods,Free on board (FOB),Units,Not Applicable,101.3799051315222,2016,True,Low,No Data
"Netherlands, The","Exports of goods, Volume index",Exports of goods,Free on board (FOB),Units,Not Applicable,107.5894782233721,2017,True,Low,Increasing
"Netherlands, The","Exports of goods, Volume index",Exports of goods,Free on board (FOB),Units,Not Applicable,109.7455799913756,2018,True,Low,Increasing
"Netherlands, The","Exports of goods, Volume index",Exports of goods,Free on board (FOB),Units,Not Applicable,110.629581716257,2019,True,Low,Increasing
"Netherlands, The","Exports of goods, Volume index",Exports of goods,Free on board (FOB),Units,Not Applicable,106.5976714100906,2020,True,Low,Decreasing
"Netherlands, The","Exports of goods, Volume index",Exports of goods,Free on board (FOB),Units,Not Applicable,116.1060802069858,2021,True,Low,Increasing
"Netherlands, The","Exports of goods, Volume index",Exports of goods,Free on board (FOB),Units,Not Applicable,125.8732212160414,2022,True,Low,Increasing
"Netherlands, The","Exports of goods, Volume index",Exports of goods,Free on board (FOB),Units,Not Applicable,118.6718413109099,2023,True,Low,Decreasing
"Netherlands, The","Exports of goods, Volume index",Exports of goods,Free on board (FOB),Units,Not Applicable,114.5321259163433,2024,True,Low,Decreasing
"Netherlands, The","Exports of goods, Volume index",Exports of goods,Free on board (FOB),Units,Not Applicable,115.3730056058646,2025,True,Low,Increasing
"Netherlands, The",Import price index,Imports of goods,Cost insurance freight (CIF),Units,Not Applicable,97.28721600542558,2016,False,Low,No Data
"Netherlands, The",Import price index,Imports of goods,Cost insurance freight (CIF),Units,Not Applicable,101.7802644964395,2017,False,Low,Increasing
"Netherlands, The",Import price index,Imports of goods,Cost insurance freight (CIF),Units,Not Applicable,104.9593082400814,2018,False,Low,Increasing
"Netherlands, The",Import price index,Imports of goods,Cost insurance freight (CIF),Units,Not Applicable,103.6368260427263,2019,False,Low,Decreasing
"Netherlands, The",Import price index,Imports of goods,Cost insurance freight (CIF),Units,Not Applicable,96.42251610715498,2020,False,Low,Decreasing
"Netherlands, The",Import price index,Imports of goods,Cost insurance freight (CIF),Units,Not Applicable,109.6134282807731,2021,False,Low,Increasing
"Netherlands, The",Imports of goods,Imports of goods,Cost insurance freight (CIF),Millions,USD,500798000000.0,2016,False,High,No Data
"Netherlands, The",Imports of goods,Imports of goods,Cost insurance freight (CIF),Millions,USD,574646000000.0,2017,False,High,Increasing
"Netherlands, The",Imports of goods,Imports of goods,Cost insurance freight (CIF),Millions,USD,645502000000.0,2018,False,High,Increasing
"Netherlands, The",Imports of goods,Imports of goods,Cost insurance freight (CIF),Millions,USD,635678000000.0,2019,False,High,Decreasing
"Netherlands, The",Imports of goods,Imports of goods,Cost insurance freight (CIF),Millions,USD,595121000000.0,2020,False,High,Decreasing
"Netherlands, The",Imports of goods,Imports of goods,Cost insurance freight (CIF),Millions,USD,757378000000.0,2021,False,High,Increasing
"Netherlands, The",Imports of goods,Imports of goods,Cost insurance freight (CIF),Millions,USD,896716000000.0,2022,False,High,Increasing
"Netherlands, The",Imports of goods,Imports of goods,Cost insurance freight (CIF),Millions,USD,843568000000.0,2023,False,High,Decreasing
"Netherlands, The",Imports of goods,Imports of goods,Cost insurance freight (CIF),Millions,USD,816620000000.0,2024,False,High,Decreasing
"Netherlands, The",Imports of goods,Imports of goods,Cost insurance freight (CIF),Millions,USD,873888000000.0,2025,False,High,Increasing
"Netherlands, The","Imports of goods, Price deflator",Imports of goods,Cost insurance freight (CIF),Units,Not Applicable,96.35560003335829,2016,False,Low,No Data
"Netherlands, The","Imports of goods, Price deflator",Imports of goods,Cost insurance freight (CIF),Units,Not Applicable,100.7422233341673,2017,False,Low,Increasing
"Netherlands, The","Imports of goods, Volume index",Imports of goods,Cost insurance freight (CIF),Units,Not Applicable,104.368820418487,2016,False,Low,No Data
"Netherlands, The","Imports of goods, Volume index",Imports of goods,Cost insurance freight (CIF),Units,Not Applicable,109.7033800873764,2017,False,Low,Increasing
"Netherlands, The","Imports of goods, Volume index",Imports of goods,Cost insurance freight (CIF),Units,Not Applicable,112.7615543803173,2018,False,Low,Increasing
"Netherlands, The","Imports of goods, Volume index",Imports of goods,Cost insurance freight (CIF),Units,Not Applicable,114.7160266727983,2019,False,Low,Increasing
"Netherlands, The","Imports of goods, Volume index",Imports of goods,Cost insurance freight (CIF),Units,Not Applicable,107.6799264198666,2020,False,Low,Decreasing
"Netherlands, The","Imports of goods, Volume index",Imports of goods,Cost insurance freight (CIF),Units,Not Applicable,117.4292940905955,2021,False,Low,Increasing
"Netherlands, The","Imports of goods, Volume index",Imports of goods,Cost insurance freight (CIF),Units,Not Applicable,127.5005748447919,2022,False,Low,Increasing
"Netherlands, The","Imports of goods, Volume index",Imports of goods,Cost insurance freight (CIF),Units,Not Applicable,119.4757415497816,2023,False,Low,Decreasing
"Netherlands, The","Imports of goods, Volume index",Imports of goods,Cost insurance freight (CIF),Units,Not Applicable,119.7746608415728,2024,False,Low,Increasing
"Netherlands, The","Imports of goods, Volume index",Imports of goods,Cost insurance freight (CIF),Units,Not Applicable,121.3382386755576,2025,False,Low,Increasing
New Zealand,Export price index (EPI),Exports of goods,Free on board (FOB),Units,Not Applicable,92.72768463978252,2016,True,Low,No Data
New Zealand,Export price index (EPI),Exports of goods,Free on board (FOB),Units,Not Applicable,103.0811055731763,2017,True,Low,Increasing
New Zealand,Export price index (EPI),Exports of goods,Free on board (FOB),Units,Not Applicable,107.9519710013593,2018,True,Low,Increasing
New Zealand,Export price index (EPI),Exports of goods,Free on board (FOB),Units,Not Applicable,110.6026280018124,2019,True,Low,Increasing
New Zealand,Export price index (EPI),Exports of goods,Free on board (FOB),Units,Not Applicable,111.8939737199819,2020,True,Low,Increasing
New Zealand,Export price index (EPI),Exports of goods,Free on board (FOB),Units,Not Applicable,116.6289080199366,2021,True,Low,Increasing
New Zealand,Export price index (EPI),Exports of goods,Free on board (FOB),Units,Not Applicable,139.1255097417309,2022,True,Low,Increasing
New Zealand,Export price index (EPI),Exports of goods,Free on board (FOB),Units,Not Applicable,129.08926144087,2023,True,Low,Decreasing
New Zealand,Export price index (EPI),Exports of goods,Free on board (FOB),Units,Not Applicable,129.7915722700498,2024,True,Low,Increasing
New Zealand,Export price index (EPI),Exports of goods,Free on board (FOB),Units,Not Applicable,145.6728590847304,2025,True,Low,Increasing
New Zealand,Exports of goods,Exports of goods,Free on board (FOB),Millions,USD,33755000000.0,2016,True,High,No Data
New Zealand,Exports of goods,Exports of goods,Free on board (FOB),Millions,USD,38077000000.0,2017,True,High,Increasing
New Zealand,Exports of goods,Exports of goods,Free on board (FOB),Millions,USD,39673000000.0,2018,True,High,Increasing
New Zealand,Exports of goods,Exports of goods,Free on board (FOB),Millions,USD,39516000000.0,2019,True,High,Decreasing
New Zealand,Exports of goods,Exports of goods,Free on board (FOB),Millions,USD,38377000000.0,2020,True,High,Decreasing
New Zealand,Exports of goods,Exports of goods,Free on board (FOB),Millions,USD,44776000000.0,2021,True,High,Increasing
New Zealand,Exports of goods,Exports of goods,Free on board (FOB),Millions,USD,45100000000.0,2022,True,High,Increasing
New Zealand,Exports of goods,Exports of goods,Free on board (FOB),Millions,USD,41399000000.0,2023,True,High,Decreasing
New Zealand,Exports of goods,Exports of goods,Free on board (FOB),Millions,USD,42289000000.0,2024,True,High,Increasing
New Zealand,Exports of goods,Exports of goods,Free on board (FOB),Millions,USD,46497000000.0,2025,True,High,Increasing
New Zealand,"Exports of goods, Volume index",Exports of goods,Free on board (FOB),Units,Not Applicable,107.4912126537786,2016,True,Low,No Data
New Zealand,"Exports of goods, Volume index",Exports of goods,Free on board (FOB),Units,Not Applicable,114.3014059753954,2017,True,Low,Increasing
New Zealand,"Exports of goods, Volume index",Exports of goods,Free on board (FOB),Units,Not Applicable,117.2671353251318,2018,True,Low,Increasing
New Zealand,"Exports of goods, Volume index",Exports of goods,Free on board (FOB),Units,Not Applicable,116.3444639718805,2019,True,Low,Decreasing
New Zealand,"Exports of goods, Volume index",Exports of goods,Free on board (FOB),Units,Not Applicable,112.3022847100176,2020,True,Low,Decreasing
New Zealand,"Exports of goods, Volume index",Exports of goods,Free on board (FOB),Units,Not Applicable,117.0035149384886,2021,True,Low,Increasing
New Zealand,"Exports of goods, Volume index",Exports of goods,Free on board (FOB),Units,Not Applicable,100.2636203866432,2022,True,Low,Decreasing
New Zealand,"Exports of goods, Volume index",Exports of goods,Free on board (FOB),Units,Not Applicable,96.55096660808437,2023,True,Low,Decreasing
New Zealand,"Exports of goods, Volume index",Exports of goods,Free on board (FOB),Units,Not Applicable,94.68365553602813,2024,True,Low,Decreasing
New Zealand,"Exports of goods, Volume index",Exports of goods,Free on board (FOB),Units,Not Applicable,106.0632688927944,2025,True,Low,Increasing
New Zealand,Import price index,Imports of goods,Cost insurance freight (CIF),Units,Not Applicable,85.85690515806986,2016,False,Low,No Data
New Zealand,Import price index,Imports of goods,Cost insurance freight (CIF),Units,Not Applicable,87.465335551858,2017,False,Low,Increasing
New Zealand,Import price index,Imports of goods,Cost insurance freight (CIF),Units,Not Applicable,92.15196894065444,2018,False,Low,Increasing
New Zealand,Import price index,Imports of goods,Cost insurance freight (CIF),Units,Not Applicable,93.2334997226844,2019,False,Low,Increasing
New Zealand,Import price index,Imports of goods,Cost insurance freight (CIF),Units,Not Applicable,92.09650582362724,2020,False,Low,Decreasing
New Zealand,Import price index,Imports of goods,Cost insurance freight (CIF),Units,Not Applicable,94.34276206322792,2021,False,Low,Increasing
New Zealand,Import price index,Imports of goods,Cost insurance freight (CIF),Units,Not Applicable,115.5296727676095,2022,False,Low,Increasing
New Zealand,Import price index,Imports of goods,Cost insurance freight (CIF),Units,Not Applicable,114.1153632834165,2023,False,Low,Decreasing
New Zealand,Import price index,Imports of goods,Cost insurance freight (CIF),Units,Not Applicable,112.0632279534109,2024,False,Low,Decreasing
New Zealand,Import price index,Imports of goods,Cost insurance freight (CIF),Units,Not Applicable,115.0305047143649,2025,False,Low,Increasing
New Zealand,Imports of goods,Imports of goods,Cost insurance freight (CIF),Millions,USD,36080000000.0,2016,False,High,No Data
New Zealand,Imports of goods,Imports of goods,Cost insurance freight (CIF),Millions,USD,40124000000.0,2017,False,High,Increasing
New Zealand,Imports of goods,Imports of goods,Cost insurance freight (CIF),Millions,USD,43791000000.0,2018,False,High,Increasing
New Zealand,Imports of goods,Imports of goods,Cost insurance freight (CIF),Millions,USD,42363000000.0,2019,False,High,Decreasing
New Zealand,Imports of goods,Imports of goods,Cost insurance freight (CIF),Millions,USD,37152000000.0,2020,False,High,Decreasing
New Zealand,Imports of goods,Imports of goods,Cost insurance freight (CIF),Millions,USD,49856000000.0,2021,False,High,Increasing
New Zealand,Imports of goods,Imports of goods,Cost insurance freight (CIF),Millions,USD,54220000000.0,2022,False,High,Increasing
New Zealand,Imports of goods,Imports of goods,Cost insurance freight (CIF),Millions,USD,49956000000.0,2023,False,High,Decreasing
New Zealand,Imports of goods,Imports of goods,Cost insurance freight (CIF),Millions,USD,46862000000.0,2024,False,High,Decreasing
New Zealand,Imports of goods,Imports of goods,Cost insurance freight (CIF),Millions,USD,47457000000.0,2025,False,High,Increasing
New Zealand,"Imports of goods, Volume index",Imports of goods,Cost insurance freight (CIF),Units,Not Applicable,125.1993235080937,2016,False,Low,No Data
New Zealand,"Imports of goods, Volume index",Imports of goods,Cost insurance freight (CIF),Units,Not Applicable,134.646049770476,2017,False,Low,Increasing
New Zealand,"Imports of goods, Volume index",Imports of goods,Cost insurance freight (CIF),Units,Not Applicable,140.589514375453,2018,False,Low,Increasing
New Zealand,"Imports of goods, Volume index",Imports of goods,Cost insurance freight (CIF),Units,Not Applicable,138.6083595071273,2019,False,Low,Decreasing
New Zealand,"Imports of goods, Volume index",Imports of goods,Cost insurance freight (CIF),Units,Not Applicable,123.314810340662,2020,False,Low,Decreasing
New Zealand,"Imports of goods, Volume index",Imports of goods,Cost insurance freight (CIF),Units,Not Applicable,147.9584440686156,2021,False,Low,Increasing
New Zealand,"Imports of goods, Volume index",Imports of goods,Cost insurance freight (CIF),Units,Not Applicable,147.5960376902633,2022,False,Low,Decreasing
New Zealand,"Imports of goods, Volume index",Imports of goods,Cost insurance freight (CIF),Units,Not Applicable,137.9318676008698,2023,False,Low,Decreasing
New Zealand,"Imports of goods, Volume index",Imports of goods,Cost insurance freight (CIF),Units,Not Applicable,131.0703068374003,2024,False,Low,Decreasing
New Zealand,"Imports of goods, Volume index",Imports of goods,Cost insurance freight (CIF),Units,Not Applicable,132.302488523798,2025,False,Low,Increasing
Nicaragua,Exports of goods,Exports of goods,Free on board (FOB),Millions,USD,4782000000.0,2016,True,Medium,No Data
Nicaragua,Exports of goods,Exports of goods,Free on board (FOB),Millions,USD,5170000000.0,2017,True,Medium,Increasing
Nicaragua,Exports of goods,Exports of goods,Free on board (FOB),Millions,USD,5014000000.0,2018,True,Medium,Decreasing
Nicaragua,Exports of goods,Exports of goods,Free on board (FOB),Millions,USD,5272000000.0,2019,True,Medium,Increasing
Nicaragua,Exports of goods,Exports of goods,Free on board (FOB),Millions,USD,5087000000.0,2020,True,Medium,Decreasing
Nicaragua,Exports of goods,Exports of goods,Free on board (FOB),Millions,USD,6495000000.0,2021,True,Medium,Increasing
Nicaragua,Exports of goods,Exports of goods,Free on board (FOB),Millions,USD,7360000000.0,2022,True,Medium,Increasing
Nicaragua,Exports of goods,Exports of goods,Free on board (FOB),Millions,USD,7378000000.0,2023,True,Medium,Increasing
Nicaragua,Exports of goods,Exports of goods,Free on board (FOB),Millions,USD,7522000000.0,2024,True,Medium,Increasing
Nicaragua,Exports of goods,Exports of goods,Free on board (FOB),Millions,USD,8893000000.0,2025,True,Medium,Increasing
Nicaragua,Imports of goods,Imports of goods,Cost insurance freight (CIF),Millions,USD,5827000000.0,2016,False,Medium,No Data
Nicaragua,Imports of goods,Imports of goods,Cost insurance freight (CIF),Millions,USD,7708000000.0,2017,False,Medium,Increasing
Nicaragua,Imports of goods,Imports of goods,Cost insurance freight (CIF),Millions,USD,7351000000.0,2018,False,Medium,Decreasing
Nicaragua,Imports of goods,Imports of goods,Cost insurance freight (CIF),Millions,USD,6837000000.0,2019,False,Medium,Decreasing
Nicaragua,Imports of goods,Imports of goods,Cost insurance freight (CIF),Millions,USD,6377000000.0,2020,False,Medium,Decreasing
Nicaragua,Imports of goods,Imports of goods,Cost insurance freight (CIF),Millions,USD,10166000000.0,2021,False,High,Increasing
Nicaragua,Imports of goods,Imports of goods,Cost insurance freight (CIF),Millions,USD,11247000000.0,2022,False,High,Increasing
Nicaragua,Imports of goods,Imports of goods,Cost insurance freight (CIF),Millions,USD,10916000000.0,2023,False,High,Decreasing
Nicaragua,Imports of goods,Imports of goods,Cost insurance freight (CIF),Millions,USD,11468000000.0,2024,False,High,Increasing
Nicaragua,Imports of goods,Imports of goods,Cost insurance freight (CIF),Millions,USD,12432000000.0,2025,False,High,Increasing
Niger,Exports of goods,Exports of goods,Free on board (FOB),Billions,USD,1032000000.0,2016,True,Medium,No Data
Niger,Exports of goods,Exports of goods,Free on board (FOB),Billions,USD,1206000000.0,2017,True,Medium,Increasing
Niger,Exports of goods,Exports of goods,Free on board (FOB),Billions,USD,1202000000.0,2018,True,Medium,Decreasing
Niger,Exports of goods,Exports of goods,Free on board (FOB),Billions,USD,1126000000.0,2019,True,Medium,Decreasing
Niger,Exports of goods,Exports of goods,Free on board (FOB),Billions,USD,1116000000.0,2020,True,Medium,Decreasing
Niger,Exports of goods,Exports of goods,Free on board (FOB),Billions,USD,1212000000.0,2021,True,Medium,Increasing
Niger,Exports of goods,Exports of goods,Free on board (FOB),Billions,USD,1046000000.0,2022,True,Medium,Decreasing
Niger,Exports of goods,Exports of goods,Free on board (FOB),Billions,USD,992000000.0,2023,True,Medium,Decreasing
Niger,Exports of goods,Exports of goods,Free on board (FOB),Billions,USD,1516000000.0,2024,True,Medium,Increasing
Niger,Exports of goods,Exports of goods,Free on board (FOB),Billions,USD,1900000000.0,2025,True,Medium,Increasing
Niger,Imports of goods,Imports of goods,Cost insurance freight (CIF),Billions,USD,2162000000.0,2016,False,Medium,No Data
Niger,Imports of goods,Imports of goods,Cost insurance freight (CIF),Billions,USD,2459000000.0,2017,False,Medium,Increasing
Niger,Imports of goods,Imports of goods,Cost insurance freight (CIF),Billions,USD,2875000000.0,2018,False,Medium,Increasing
Niger,Imports of goods,Imports of goods,Cost insurance freight (CIF),Billions,USD,2931000000.0,2019,False,Medium,Increasing
Niger,Imports of goods,Imports of goods,Cost insurance freight (CIF),Billions,USD,3109000000.0,2020,False,Medium,Increasing
Niger,Imports of goods,Imports of goods,Cost insurance freight (CIF),Billions,USD,3557000000.0,2021,False,Medium,Increasing
Niger,Imports of goods,Imports of goods,Cost insurance freight (CIF),Billions,USD,3923000000.0,2022,False,Medium,Increasing
Niger,Imports of goods,Imports of goods,Cost insurance freight (CIF),Billions,USD,3262000000.0,2023,False,Medium,Decreasing
Niger,Imports of goods,Imports of goods,Cost insurance freight (CIF),Billions,USD,2526000000.0,2024,False,Medium,Decreasing
Niger,Imports of goods,Imports of goods,Cost insurance freight (CIF),Billions,USD,2700000000.0,2025,False,Medium,Increasing
Nigeria,Exports of goods,Exports of goods,Free on board (FOB),Units,USD,33303000000.0,2016,True,High,No Data
Nigeria,Exports of goods,Exports of goods,Free on board (FOB),Units,USD,44468000000.0,2017,True,High,Increasing
Nigeria,Exports of goods,Exports of goods,Free on board (FOB),Units,USD,60546000000.0,2018,True,High,Increasing
Nigeria,Exports of goods,Exports of goods,Free on board (FOB),Units,USD,62531000000.0,2019,True,High,Increasing
Nigeria,Exports of goods,Exports of goods,Free on board (FOB),Units,USD,35634000000.0,2020,True,High,Decreasing
Nigeria,Exports of goods,Exports of goods,Free on board (FOB),Units,USD,46871000000.0,2021,True,High,Increasing
Nigeria,Exports of goods,Exports of goods,Free on board (FOB),Units,USD,63076000000.0,2022,True,High,Increasing
Nigeria,Exports of goods,Exports of goods,Free on board (FOB),Units,USD,55183000000.0,2023,True,High,Decreasing
Nigeria,Exports of goods,Exports of goods,Free on board (FOB),Units,USD,53319000000.0,2024,True,High,Decreasing
Nigeria,Exports of goods,Exports of goods,Free on board (FOB),Units,USD,55468000000.0,2025,True,High,Increasing
Nigeria,"Exports of goods, Volume index",Exports of goods,Free on board (FOB),Units,Not Applicable,66.81270536692224,2016,True,Low,No Data
Nigeria,"Exports of goods, Volume index",Exports of goods,Free on board (FOB),Units,Not Applicable,73.73493975903615,2017,True,Low,Increasing
Nigeria,"Exports of goods, Volume index",Exports of goods,Free on board (FOB),Units,Not Applicable,80.15334063526835,2018,True,Low,Increasing
Nigeria,"Exports of goods, Volume index",Exports of goods,Free on board (FOB),Units,Not Applicable,92.5739320920044,2019,True,Low,Increasing
Nigeria,"Exports of goods, Volume index",Exports of goods,Free on board (FOB),Units,Not Applicable,71.80722891566265,2020,True,Low,Decreasing
Nigeria,"Exports of goods, Volume index",Exports of goods,Free on board (FOB),Units,Not Applicable,55.42168674698795,2021,True,Low,Decreasing
Nigeria,"Exports of goods, Volume index",Exports of goods,Free on board (FOB),Units,Not Applicable,50.88718510405258,2022,True,Low,Decreasing
Nigeria,"Exports of goods, Volume index",Exports of goods,Free on board (FOB),Units,Not Applicable,54.91785323110625,2023,True,Low,Increasing
Nigeria,"Exports of goods, Volume index",Exports of goods,Free on board (FOB),Units,Not Applicable,53.75684556407448,2024,True,Low,Decreasing
Nigeria,"Exports of goods, Volume index",Exports of goods,Free on board (FOB),Units,Not Applicable,60.02190580503834,2025,True,Low,Increasing
Nigeria,Imports of goods,Imports of goods,Cost insurance freight (CIF),Units,USD,35532000000.0,2016,False,High,No Data
Nigeria,Imports of goods,Imports of goods,Cost insurance freight (CIF),Units,USD,31272000000.0,2017,False,High,Decreasing
Nigeria,Imports of goods,Imports of goods,Cost insurance freight (CIF),Units,USD,43008000000.0,2018,False,High,Increasing
Nigeria,Imports of goods,Imports of goods,Cost insurance freight (CIF),Units,USD,55257000000.0,2019,False,High,Increasing
Nigeria,Imports of goods,Imports of goods,Cost insurance freight (CIF),Units,USD,35740000000.0,2020,False,High,Decreasing
Nigeria,Imports of goods,Imports of goods,Cost insurance freight (CIF),Units,USD,51880000000.0,2021,False,High,Increasing
Nigeria,Imports of goods,Imports of goods,Cost insurance freight (CIF),Units,USD,60351000000.0,2022,False,High,Increasing
Nigeria,Imports of goods,Imports of goods,Cost insurance freight (CIF),Units,USD,49428000000.0,2023,False,High,Decreasing
Nigeria,Imports of goods,Imports of goods,Cost insurance freight (CIF),Units,USD,41263000000.0,2024,False,High,Decreasing
Nigeria,Imports of goods,Imports of goods,Cost insurance freight (CIF),Units,USD,41451000000.0,2025,False,High,Increasing
Nigeria,"Imports of goods, Volume index",Imports of goods,Cost insurance freight (CIF),Units,Not Applicable,86.99041398925525,2016,False,Low,No Data
Nigeria,"Imports of goods, Volume index",Imports of goods,Cost insurance freight (CIF),Units,Not Applicable,72.75887496049721,2017,False,Low,Decreasing
Nigeria,"Imports of goods, Volume index",Imports of goods,Cost insurance freight (CIF),Units,Not Applicable,94.00610976509007,2018,False,Low,Increasing
Nigeria,"Imports of goods, Volume index",Imports of goods,Cost insurance freight (CIF),Units,Not Applicable,124.5549352154219,2019,False,Low,Increasing
Nigeria,"Imports of goods, Volume index",Imports of goods,Cost insurance freight (CIF),Units,Not Applicable,83.41936163488887,2020,False,Low,Decreasing
Nigeria,"Imports of goods, Volume index",Imports of goods,Cost insurance freight (CIF),Units,Not Applicable,103.9292109975772,2021,False,Low,Increasing
Nigeria,"Imports of goods, Volume index",Imports of goods,Cost insurance freight (CIF),Units,Not Applicable,101.3167597176867,2022,False,Low,Decreasing
Nigeria,"Imports of goods, Volume index",Imports of goods,Cost insurance freight (CIF),Units,Not Applicable,88.97082060465605,2023,False,Low,Decreasing
Nigeria,"Imports of goods, Volume index",Imports of goods,Cost insurance freight (CIF),Units,Not Applicable,78.33140208574738,2024,False,Low,Decreasing
Nigeria,"Imports of goods, Volume index",Imports of goods,Cost insurance freight (CIF),Units,Not Applicable,79.858843358264,2025,False,Low,Increasing
"North Macedonia, Republic of",Exports of goods,Exports of goods,Free on board (FOB),Thousands,USD,4791000000.0,2016,True,Medium,No Data
"North Macedonia, Republic of",Exports of goods,Exports of goods,Free on board (FOB),Thousands,USD,5668000000.0,2017,True,Medium,Increasing
"North Macedonia, Republic of",Exports of goods,Exports of goods,Free on board (FOB),Thousands,USD,6912000000.0,2018,True,Medium,Increasing
"North Macedonia, Republic of",Exports of goods,Exports of goods,Free on board (FOB),Thousands,USD,7189000000.0,2019,True,Medium,Increasing
"North Macedonia, Republic of",Exports of goods,Exports of goods,Free on board (FOB),Thousands,USD,6641000000.0,2020,True,Medium,Decreasing
"North Macedonia, Republic of",Exports of goods,Exports of goods,Free on board (FOB),Thousands,USD,8241000000.0,2021,True,Medium,Increasing
"North Macedonia, Republic of",Exports of goods,Exports of goods,Free on board (FOB),Thousands,USD,8727000000.0,2022,True,Medium,Increasing
"North Macedonia, Republic of",Exports of goods,Exports of goods,Free on board (FOB),Thousands,USD,8998000000.0,2023,True,Medium,Increasing
"North Macedonia, Republic of",Exports of goods,Exports of goods,Free on board (FOB),Thousands,USD,8421000000.0,2024,True,Medium,Decreasing
"North Macedonia, Republic of",Exports of goods,Exports of goods,Free on board (FOB),Thousands,USD,9054000000.0,2025,True,Medium,Increasing
"North Macedonia, Republic of","Exports of goods, Volume index",Exports of goods,Free on board (FOB),Units,Not Applicable,145.0365107558713,2016,True,Low,No Data
"North Macedonia, Republic of","Exports of goods, Volume index",Exports of goods,Free on board (FOB),Units,Not Applicable,165.5614762186698,2017,True,Medium,Increasing
"North Macedonia, Republic of","Exports of goods, Volume index",Exports of goods,Free on board (FOB),Units,Not Applicable,197.3751726860075,2018,True,Medium,Increasing
"North Macedonia, Republic of","Exports of goods, Volume index",Exports of goods,Free on board (FOB),Units,Not Applicable,208.091572922834,2019,True,Medium,Increasing
"North Macedonia, Republic of","Exports of goods, Volume index",Exports of goods,Free on board (FOB),Units,Not Applicable,189.1454509571739,2020,True,Medium,Decreasing
"North Macedonia, Republic of","Exports of goods, Volume index",Exports of goods,Free on board (FOB),Units,Not Applicable,215.6502861653839,2021,True,Medium,Increasing
"North Macedonia, Republic of","Exports of goods, Volume index",Exports of goods,Free on board (FOB),Units,Not Applicable,213.3214920071048,2022,True,Medium,Decreasing
"North Macedonia, Republic of","Exports of goods, Volume index",Exports of goods,Free on board (FOB),Units,Not Applicable,224.9851983422143,2023,True,Medium,Increasing
"North Macedonia, Republic of","Exports of goods, Volume index",Exports of goods,Free on board (FOB),Units,Not Applicable,207.5784487862641,2024,True,Medium,Decreasing
"North Macedonia, Republic of","Exports of goods, Volume index",Exports of goods,Free on board (FOB),Units,Not Applicable,219.8736925202289,2025,True,Medium,Increasing
"North Macedonia, Republic of",Imports of goods,Imports of goods,Cost insurance freight (CIF),Thousands,USD,6758000000.0,2016,False,Medium,No Data
"North Macedonia, Republic of",Imports of goods,Imports of goods,Cost insurance freight (CIF),Thousands,USD,7723000000.0,2017,False,Medium,Increasing
"North Macedonia, Republic of",Imports of goods,Imports of goods,Cost insurance freight (CIF),Thousands,USD,9049000000.0,2018,False,Medium,Increasing
"North Macedonia, Republic of",Imports of goods,Imports of goods,Cost insurance freight (CIF),Thousands,USD,9472000000.0,2019,False,High,Increasing
"North Macedonia, Republic of",Imports of goods,Imports of goods,Cost insurance freight (CIF),Thousands,USD,8714000000.0,2020,False,Medium,Decreasing
"North Macedonia, Republic of",Imports of goods,Imports of goods,Cost insurance freight (CIF),Thousands,USD,11396000000.0,2021,False,High,Increasing
"North Macedonia, Republic of",Imports of goods,Imports of goods,Cost insurance freight (CIF),Thousands,USD,12755000000.0,2022,False,High,Increasing
"North Macedonia, Republic of",Imports of goods,Imports of goods,Cost insurance freight (CIF),Thousands,USD,12056000000.0,2023,False,High,Decreasing
"North Macedonia, Republic of",Imports of goods,Imports of goods,Cost insurance freight (CIF),Thousands,USD,11966000000.0,2024,False,High,Decreasing
"North Macedonia, Republic of",Imports of goods,Imports of goods,Cost insurance freight (CIF),Thousands,USD,13059000000.0,2025,False,High,Increasing
"North Macedonia, Republic of","Imports of goods, Volume index",Imports of goods,Cost insurance freight (CIF),Units,Not Applicable,140.1424352961612,2016,False,Low,No Data
"North Macedonia, Republic of","Imports of goods, Volume index",Imports of goods,Cost insurance freight (CIF),Units,Not Applicable,151.6935904116727,2017,False,Low,Increasing
"North Macedonia, Republic of","Imports of goods, Volume index",Imports of goods,Cost insurance freight (CIF),Units,Not Applicable,170.7486538127497,2018,False,Medium,Increasing
"North Macedonia, Republic of","Imports of goods, Volume index",Imports of goods,Cost insurance freight (CIF),Units,Not Applicable,184.8011116901164,2019,False,Medium,Increasing
"North Macedonia, Republic of","Imports of goods, Volume index",Imports of goods,Cost insurance freight (CIF),Units,Not Applicable,173.6494702101789,2020,False,Medium,Decreasing
"North Macedonia, Republic of","Imports of goods, Volume index",Imports of goods,Cost insurance freight (CIF),Units,Not Applicable,187.7366684036825,2021,False,Medium,Increasing
"North Macedonia, Republic of","Imports of goods, Volume index",Imports of goods,Cost insurance freight (CIF),Units,Not Applicable,182.9772450929303,2022,False,Medium,Decreasing
"North Macedonia, Republic of","Imports of goods, Volume index",Imports of goods,Cost insurance freight (CIF),Units,Not Applicable,186.4860170227549,2023,False,Medium,Increasing
"North Macedonia, Republic of","Imports of goods, Volume index",Imports of goods,Cost insurance freight (CIF),Units,Not Applicable,190.2727114816745,2024,False,Medium,Increasing
"North Macedonia, Republic of","Imports of goods, Volume index",Imports of goods,Cost insurance freight (CIF),Units,Not Applicable,199.5310057321522,2025,False,Medium,Increasing
Norway,Exports of goods,Exports of goods,Free on board (FOB),Billions,USD,88410000000.0,2016,True,High,No Data
Norway,Exports of goods,Exports of goods,Free on board (FOB),Billions,USD,101054000000.0,2017,True,High,Increasing
Norway,Exports of goods,Exports of goods,Free on board (FOB),Billions,USD,121791000000.0,2018,True,High,Increasing
Norway,Exports of goods,Exports of goods,Free on board (FOB),Billions,USD,102799000000.0,2019,True,High,Decreasing
Norway,Exports of goods,Exports of goods,Free on board (FOB),Billions,USD,84460000000.0,2020,True,High,Decreasing
Norway,Exports of goods,Exports of goods,Free on board (FOB),Billions,USD,160106000000.0,2021,True,High,Increasing
Norway,Exports of goods,Exports of goods,Free on board (FOB),Billions,USD,250518000000.0,2022,True,High,Increasing
Norway,Exports of goods,Exports of goods,Free on board (FOB),Billions,USD,178608000000.0,2023,True,High,Decreasing
Norway,Exports of goods,Exports of goods,Free on board (FOB),Billions,USD,168145000000.0,2024,True,High,Decreasing
Norway,Exports of goods,Exports of goods,Free on board (FOB),Billions,USD,170968000000.0,2025,True,High,Increasing
Norway,"Exports of goods, Price deflator",Exports of goods,Free on board (FOB),Units,Not Applicable,96.04243853149208,2016,True,Low,No Data
Norway,"Exports of goods, Volume index",Exports of goods,Free on board (FOB),Units,Not Applicable,98.08051186350303,2016,True,Low,No Data
Norway,"Exports of goods, Volume index",Exports of goods,Free on board (FOB),Units,Not Applicable,101.9728072513996,2017,True,Low,Increasing
Norway,"Exports of goods, Volume index",Exports of goods,Free on board (FOB),Units,Not Applicable,100.9597440682484,2018,True,Low,Decreasing
Norway,"Exports of goods, Volume index",Exports of goods,Free on board (FOB),Units,Not Applicable,100.5065315915756,2019,True,Low,Decreasing
Norway,"Exports of goods, Volume index",Exports of goods,Free on board (FOB),Units,Not Applicable,106.0517195414556,2020,True,Low,Increasing
Norway,"Exports of goods, Volume index",Exports of goods,Free on board (FOB),Units,Not Applicable,114.3161823513729,2021,True,Low,Increasing
Norway,"Exports of goods, Volume index",Exports of goods,Free on board (FOB),Units,Not Applicable,114.476139696081,2022,True,Low,Increasing
Norway,"Exports of goods, Volume index",Exports of goods,Free on board (FOB),Units,Not Applicable,114.3161823513729,2023,True,Low,Decreasing
Norway,"Exports of goods, Volume index",Exports of goods,Free on board (FOB),Units,Not Applicable,117.1154358837643,2024,True,Low,Increasing
Norway,"Exports of goods, Volume index",Exports of goods,Free on board (FOB),Units,Not Applicable,119.3548387096774,2025,True,Low,Increasing
Norway,Imports of goods,Imports of goods,Cost insurance freight (CIF),Billions,USD,72109000000.0,2016,False,High,No Data
Norway,Imports of goods,Imports of goods,Cost insurance freight (CIF),Billions,USD,81250000000.0,2017,False,High,Increasing
Norway,Imports of goods,Imports of goods,Cost insurance freight (CIF),Billions,USD,86600000000.0,2018,False,High,Increasing
Norway,Imports of goods,Imports of goods,Cost insurance freight (CIF),Billions,USD,85319000000.0,2019,False,High,Decreasing
Norway,Imports of goods,Imports of goods,Cost insurance freight (CIF),Billions,USD,80448000000.0,2020,False,High,Decreasing
Norway,Imports of goods,Imports of goods,Cost insurance freight (CIF),Billions,USD,97763000000.0,2021,False,High,Increasing
Norway,Imports of goods,Imports of goods,Cost insurance freight (CIF),Billions,USD,105732000000.0,2022,False,High,Increasing
Norway,Imports of goods,Imports of goods,Cost insurance freight (CIF),Billions,USD,99530000000.0,2023,False,High,Decreasing
Norway,Imports of goods,Imports of goods,Cost insurance freight (CIF),Billions,USD,101199000000.0,2024,False,High,Increasing
Norway,Imports of goods,Imports of goods,Cost insurance freight (CIF),Billions,USD,107921000000.0,2025,False,High,Increasing
Norway,"Imports of goods, Price deflator",Imports of goods,Cost insurance freight (CIF),Units,Not Applicable,121.420228918477,2016,False,Low,No Data
Norway,"Imports of goods, Volume index",Imports of goods,Cost insurance freight (CIF),Units,Not Applicable,111.2412177985948,2016,False,Low,No Data
Norway,"Imports of goods, Volume index",Imports of goods,Cost insurance freight (CIF),Units,Not Applicable,118.4621389539422,2017,False,Low,Increasing
Norway,"Imports of goods, Volume index",Imports of goods,Cost insurance freight (CIF),Units,Not Applicable,119.6916471506635,2018,False,Low,Increasing
Norway,"Imports of goods, Volume index",Imports of goods,Cost insurance freight (CIF),Units,Not Applicable,120.1795472287276,2019,False,Low,Increasing
Norway,"Imports of goods, Volume index",Imports of goods,Cost insurance freight (CIF),Units,Not Applicable,116.0811865729899,2020,False,Low,Decreasing
Norway,"Imports of goods, Volume index",Imports of goods,Cost insurance freight (CIF),Units,Not Applicable,122.3263075722092,2021,False,Low,Increasing
Norway,"Imports of goods, Volume index",Imports of goods,Cost insurance freight (CIF),Units,Not Applicable,124.1803278688525,2022,False,Low,Increasing
Norway,"Imports of goods, Volume index",Imports of goods,Cost insurance freight (CIF),Units,Not Applicable,116.6666666666667,2023,False,Low,Decreasing
Norway,"Imports of goods, Volume index",Imports of goods,Cost insurance freight (CIF),Units,Not Applicable,120.9992193598751,2024,False,Low,Increasing
Norway,"Imports of goods, Volume index",Imports of goods,Cost insurance freight (CIF),Units,Not Applicable,124.3950039032006,2025,False,Low,Increasing
Oman,Exports of goods,Exports of goods,Free on board (FOB),Millions,USD,32407022106.63199,2017,True,High,No Data
Oman,Exports of goods,Exports of goods,Free on board (FOB),Millions,USD,41760979916.77503,2018,True,High,Increasing
Oman,Exports of goods,Exports of goods,Free on board (FOB),Millions,USD,38742083841.35241,2019,True,High,Decreasing
Oman,Exports of goods,Exports of goods,Free on board (FOB),Millions,USD,31806745133.94018,2020,True,High,Decreasing
Oman,Exports of goods,Exports of goods,Free on board (FOB),Millions,USD,43090866273.08192,2021,True,High,Increasing
Oman,Exports of goods,Exports of goods,Free on board (FOB),Millions,USD,65710901526.658,2022,True,High,Increasing
Oman,Exports of goods,Exports of goods,Free on board (FOB),Millions,USD,59547368314.69441,2023,True,High,Decreasing
Oman,Exports of goods,Exports of goods,Free on board (FOB),Millions,USD,65159862605.98179,2024,True,High,Increasing
Oman,Imports of goods,Imports of goods,Cost insurance freight (CIF),Millions,USD,27289726918.07542,2017,False,High,No Data
Oman,Imports of goods,Imports of goods,Cost insurance freight (CIF),Millions,USD,25770094806.241867,2018,False,High,Decreasing
Oman,Imports of goods,Imports of goods,Cost insurance freight (CIF),Millions,USD,23506550033.81015,2019,False,High,Decreasing
Oman,Imports of goods,Imports of goods,Cost insurance freight (CIF),Millions,USD,27929907903.77113,2020,False,High,Increasing
Oman,Imports of goods,Imports of goods,Cost insurance freight (CIF),Millions,USD,30918262527.95838,2021,False,High,Increasing
Oman,Imports of goods,Imports of goods,Cost insurance freight (CIF),Millions,USD,38573029843.953186,2022,False,High,Increasing
Oman,Imports of goods,Imports of goods,Cost insurance freight (CIF),Millions,USD,38776207339.401825,2023,False,High,Increasing
Oman,Imports of goods,Imports of goods,Cost insurance freight (CIF),Millions,USD,43466513342.00259,2024,False,High,Increasing
Pakistan,Exports of goods,Exports of goods,Free on board (FOB),Millions,USD,20355189980.81636,2016,True,High,No Data
Pakistan,Exports of goods,Exports of goods,Free on board (FOB),Millions,USD,21477012761.503212,2017,True,High,Increasing
Pakistan,Exports of goods,Exports of goods,Free on board (FOB),Millions,USD,23344411465.33587,2018,True,High,Increasing
Pakistan,Exports of goods,Exports of goods,Free on board (FOB),Millions,USD,23268398792.018177,2019,True,High,Decreasing
Pakistan,Exports of goods,Exports of goods,Free on board (FOB),Millions,USD,21951062818.63573,2020,True,High,Decreasing
Pakistan,"Exports of goods, Price deflator",Exports of goods,Free on board (FOB),Units,Not Applicable,131.2559066538163,2016,True,Low,No Data
Pakistan,"Exports of goods, Price deflator",Exports of goods,Free on board (FOB),Units,Not Applicable,106.7317537818109,2016,True,Low,Decreasing
Pakistan,"Exports of goods, Price deflator",Exports of goods,Free on board (FOB),Units,Not Applicable,132.3806271111901,2017,True,Low,Increasing
Pakistan,"Exports of goods, Price deflator",Exports of goods,Free on board (FOB),Units,Not Applicable,106.9460290791148,2017,True,Low,Decreasing
Pakistan,"Exports of goods, Price deflator",Exports of goods,Free on board (FOB),Units,Not Applicable,143.6428030054926,2018,True,Low,Increasing
Pakistan,"Exports of goods, Price deflator",Exports of goods,Free on board (FOB),Units,Not Applicable,100.4520591759864,2018,True,Low,Decreasing
Pakistan,"Exports of goods, Price deflator",Exports of goods,Free on board (FOB),Units,Not Applicable,155.0233459030046,2019,True,Low,Increasing
Pakistan,"Exports of goods, Price deflator",Exports of goods,Free on board (FOB),Units,Not Applicable,88.02559460836042,2019,True,Low,Decreasing
Pakistan,"Exports of goods, Volume index",Exports of goods,Free on board (FOB),Units,Not Applicable,100.1347103726987,2016,True,Low,No Data
Pakistan,"Exports of goods, Volume index",Exports of goods,Free on board (FOB),Units,Not Applicable,102.8513695554558,2017,True,Low,Increasing
Pakistan,"Exports of goods, Volume index",Exports of goods,Free on board (FOB),Units,Not Applicable,108.6663673102829,2018,True,Low,Increasing
Pakistan,"Exports of goods, Volume index",Exports of goods,Free on board (FOB),Units,Not Applicable,110.237988325101,2019,True,Low,Increasing
Pakistan,"Exports of goods, Volume index",Exports of goods,Free on board (FOB),Units,Not Applicable,102.1104625056129,2020,True,Low,Decreasing
Pakistan,Imports of goods,Imports of goods,Cost insurance freight (CIF),Millions,USD,46798639082.245445,2016,False,High,No Data
Pakistan,Imports of goods,Imports of goods,Cost insurance freight (CIF),Millions,USD,57211114268.831505,2017,False,High,Increasing
Pakistan,Imports of goods,Imports of goods,Cost insurance freight (CIF),Millions,USD,59865361110.3505,2018,False,High,Increasing
Pakistan,Imports of goods,Imports of goods,Cost insurance freight (CIF),Millions,USD,49931420574.32939,2019,False,High,Decreasing
Pakistan,Imports of goods,Imports of goods,Cost insurance freight (CIF),Millions,USD,45752589455.88082,2020,False,High,Decreasing
Pakistan,"Imports of goods, Price deflator",Imports of goods,Cost insurance freight (CIF),Units,Not Applicable,134.993029002112,2016,False,Low,No Data
Pakistan,"Imports of goods, Price deflator",Imports of goods,Cost insurance freight (CIF),Units,Not Applicable,109.7706236696461,2016,False,Low,Decreasing
Pakistan,"Imports of goods, Price deflator",Imports of goods,Cost insurance freight (CIF),Units,Not Applicable,134.6849246994188,2017,False,Low,Increasing
Pakistan,"Imports of goods, Price deflator",Imports of goods,Cost insurance freight (CIF),Units,Not Applicable,108.8075966079546,2017,False,Low,Decreasing
Pakistan,"Imports of goods, Price deflator",Imports of goods,Cost insurance freight (CIF),Units,Not Applicable,145.655756939939,2018,False,Low,Increasing
Pakistan,"Imports of goods, Price deflator",Imports of goods,Cost insurance freight (CIF),Units,Not Applicable,101.8597549568451,2018,False,Low,Decreasing
Pakistan,"Imports of goods, Price deflator",Imports of goods,Cost insurance freight (CIF),Units,Not Applicable,151.38329445219,2019,False,Low,Increasing
Pakistan,"Imports of goods, Price deflator",Imports of goods,Cost insurance freight (CIF),Units,Not Applicable,85.9586949972305,2019,False,Low,Decreasing
Pakistan,"Imports of goods, Volume index",Imports of goods,Cost insurance freight (CIF),Units,Not Applicable,154.906492960706,2016,False,Low,No Data
Pakistan,"Imports of goods, Volume index",Imports of goods,Cost insurance freight (CIF),Units,Not Applicable,174.5324648035302,2017,False,Medium,Increasing
Pakistan,"Imports of goods, Volume index",Imports of goods,Cost insurance freight (CIF),Units,Not Applicable,167.7663374658542,2018,False,Medium,Decreasing
Pakistan,"Imports of goods, Volume index",Imports of goods,Cost insurance freight (CIF),Units,Not Applicable,149.4851859634377,2019,False,Low,Decreasing
Pakistan,"Imports of goods, Volume index",Imports of goods,Cost insurance freight (CIF),Units,Not Applicable,147.6990964488338,2020,False,Low,Decreasing
"Palau, Republic of",Exports of goods,Exports of goods,Free on board (FOB),Millions,USD,7000000.0,2016,True,Medium,No Data
"Palau, Republic of",Exports of goods,Exports of goods,Free on board (FOB),Millions,USD,6000000.0,2017,True,Medium,Decreasing
"Palau, Republic of",Exports of goods,Exports of goods,Free on board (FOB),Millions,USD,4000000.0,2018,True,Medium,Decreasing
"Palau, Republic of",Exports of goods,Exports of goods,Free on board (FOB),Millions,USD,4000000.0,2019,True,Medium,No Data
"Palau, Republic of",Exports of goods,Exports of goods,Free on board (FOB),Millions,USD,7000000.0,2020,True,Medium,Increasing
"Palau, Republic of",Exports of goods,Exports of goods,Free on board (FOB),Millions,USD,2000000.0,2021,True,Medium,Decreasing
"Palau, Republic of",Exports of goods,Exports of goods,Free on board (FOB),Millions,USD,8000000.0,2022,True,Medium,Increasing
"Palau, Republic of",Exports of goods,Exports of goods,Free on board (FOB),Millions,USD,7000000.0,2023,True,Medium,Decreasing
"Palau, Republic of",Exports of goods,Exports of goods,Free on board (FOB),Millions,USD,3000000.0,2024,True,Medium,Decreasing
"Palau, Republic of",Exports of goods,Exports of goods,Free on board (FOB),Millions,USD,3000000.0,2025,True,Medium,No Data
"Palau, Republic of",Imports of goods,Imports of goods,Cost insurance freight (CIF),Millions,USD,154000000.0,2016,False,Medium,No Data
"Palau, Republic of",Imports of goods,Imports of goods,Cost insurance freight (CIF),Millions,USD,182000000.0,2017,False,Medium,Increasing
"Palau, Republic of",Imports of goods,Imports of goods,Cost insurance freight (CIF),Millions,USD,176000000.0,2018,False,Medium,Decreasing
"Palau, Republic of",Imports of goods,Imports of goods,Cost insurance freight (CIF),Millions,USD,193000000.0,2019,False,Medium,Increasing
"Palau, Republic of",Imports of goods,Imports of goods,Cost insurance freight (CIF),Millions,USD,149000000.0,2020,False,Medium,Decreasing
"Palau, Republic of",Imports of goods,Imports of goods,Cost insurance freight (CIF),Millions,USD,156000000.0,2021,False,Medium,Increasing
"Palau, Republic of",Imports of goods,Imports of goods,Cost insurance freight (CIF),Millions,USD,207000000.0,2022,False,Medium,Increasing
"Palau, Republic of",Imports of goods,Imports of goods,Cost insurance freight (CIF),Millions,USD,196000000.0,2023,False,Medium,Decreasing
"Palau, Republic of",Imports of goods,Imports of goods,Cost insurance freight (CIF),Millions,USD,138000000.0,2024,False,Medium,Decreasing
"Palau, Republic of",Imports of goods,Imports of goods,Cost insurance freight (CIF),Millions,USD,162000000.0,2025,False,Medium,Increasing
Panama,Exports of goods,Exports of goods,Free on board (FOB),Thousands,USD,636000000.0,2016,True,Medium,No Data
Panama,Exports of goods,Exports of goods,Free on board (FOB),Thousands,USD,660000000.0,2017,True,Medium,Increasing
Panama,Exports of goods,Exports of goods,Free on board (FOB),Thousands,USD,673000000.0,2018,True,Medium,Increasing
Panama,Exports of goods,Exports of goods,Free on board (FOB),Thousands,USD,1504000000.0,2019,True,Medium,Increasing
Panama,Exports of goods,Exports of goods,Free on board (FOB),Thousands,USD,1726000000.0,2020,True,Medium,Increasing
Panama,Exports of goods,Exports of goods,Free on board (FOB),Thousands,USD,3558000000.0,2021,True,Medium,Increasing
Panama,Exports of goods,Exports of goods,Free on board (FOB),Thousands,USD,3652000000.0,2022,True,Medium,Increasing
Panama,Exports of goods,Exports of goods,Free on board (FOB),Thousands,USD,3367000000.0,2023,True,Medium,Decreasing
Panama,Exports of goods,Exports of goods,Free on board (FOB),Thousands,USD,965000000.0,2024,True,Medium,Decreasing
Panama,Exports of goods,Exports of goods,Free on board (FOB),Thousands,USD,1323000000.0,2025,True,Medium,Increasing
Panama,"Exports of goods, Volume index",Exports of goods,Free on board (FOB),Units,Not Applicable,97.9156327543424,2016,True,Low,No Data
Panama,"Exports of goods, Volume index",Exports of goods,Free on board (FOB),Units,Not Applicable,97.81637717121586,2017,True,Low,Decreasing
Panama,"Exports of goods, Volume index",Exports of goods,Free on board (FOB),Units,Not Applicable,96.07940446650122,2018,True,Low,Decreasing
Panama,"Exports of goods, Volume index",Exports of goods,Free on board (FOB),Units,Not Applicable,219.6029776674938,2019,True,Medium,Increasing
Panama,"Exports of goods, Volume index",Exports of goods,Free on board (FOB),Units,Not Applicable,253.4491315136476,2020,True,Medium,Increasing
Panama,"Exports of goods, Volume index",Exports of goods,Free on board (FOB),Units,Not Applicable,472.2084367245657,2021,True,Medium,Increasing
Panama,"Exports of goods, Volume index",Exports of goods,Free on board (FOB),Units,Not Applicable,478.0148883374689,2022,True,Medium,Increasing
Panama,"Exports of goods, Volume index",Exports of goods,Free on board (FOB),Units,Not Applicable,452.7543424317617,2023,True,Medium,Decreasing
Panama,"Exports of goods, Volume index",Exports of goods,Free on board (FOB),Units,Not Applicable,123.6724565756824,2024,True,Low,Decreasing
Panama,"Exports of goods, Volume index",Exports of goods,Free on board (FOB),Units,Not Applicable,169.5781637717121,2025,True,Medium,Increasing
Panama,Imports of goods,Imports of goods,Cost insurance freight (CIF),Thousands,USD,11697000000.0,2016,False,High,No Data
Panama,Imports of goods,Imports of goods,Cost insurance freight (CIF),Thousands,USD,12724000000.0,2017,False,High,Increasing
Panama,Imports of goods,Imports of goods,Cost insurance freight (CIF),Thousands,USD,13232000000.0,2018,False,High,Increasing
Panama,Imports of goods,Imports of goods,Cost insurance freight (CIF),Thousands,USD,12836000000.0,2019,False,High,Decreasing
Panama,Imports of goods,Imports of goods,Cost insurance freight (CIF),Thousands,USD,8077000000.0,2020,False,Medium,Decreasing
Panama,Imports of goods,Imports of goods,Cost insurance freight (CIF),Thousands,USD,11558000000.0,2021,False,High,Increasing
Panama,Imports of goods,Imports of goods,Cost insurance freight (CIF),Thousands,USD,15230000000.0,2022,False,High,Increasing
Panama,Imports of goods,Imports of goods,Cost insurance freight (CIF),Thousands,USD,14527000000.0,2023,False,High,Decreasing
Panama,Imports of goods,Imports of goods,Cost insurance freight (CIF),Thousands,USD,13991000000.0,2024,False,High,Decreasing
Panama,Imports of goods,Imports of goods,Cost insurance freight (CIF),Thousands,USD,14156000000.0,2025,False,High,Increasing
Panama,"Imports of goods, Volume index",Imports of goods,Cost insurance freight (CIF),Units,Not Applicable,146.5631651433579,2016,False,Low,No Data
Panama,"Imports of goods, Volume index",Imports of goods,Cost insurance freight (CIF),Units,Not Applicable,151.0704895455114,2017,False,Low,Increasing
Panama,"Imports of goods, Volume index",Imports of goods,Cost insurance freight (CIF),Units,Not Applicable,147.4646300237886,2018,False,Low,Decreasing
Panama,"Imports of goods, Volume index",Imports of goods,Cost insurance freight (CIF),Units,Not Applicable,146.1625140853887,2019,False,Low,Decreasing
Panama,"Imports of goods, Volume index",Imports of goods,Cost insurance freight (CIF),Units,Not Applicable,97.20796293977712,2020,False,Low,Decreasing
Panama,"Imports of goods, Volume index",Imports of goods,Cost insurance freight (CIF),Units,Not Applicable,119.4941780393139,2021,False,Low,Increasing
Panama,"Imports of goods, Volume index",Imports of goods,Cost insurance freight (CIF),Units,Not Applicable,133.5920871416051,2022,False,Low,Increasing
Panama,"Imports of goods, Volume index",Imports of goods,Cost insurance freight (CIF),Units,Not Applicable,135.8707900338049,2023,False,Low,Increasing
Panama,"Imports of goods, Volume index",Imports of goods,Cost insurance freight (CIF),Units,Not Applicable,133.2915988481282,2024,False,Low,Decreasing
Panama,"Imports of goods, Volume index",Imports of goods,Cost insurance freight (CIF),Units,Not Applicable,137.9241267058971,2025,False,Low,Increasing
Papua New Guinea,Exports of goods,Exports of goods,Free on board (FOB),Millions,USD,8194000000.0,2016,True,Medium,No Data
Papua New Guinea,Exports of goods,Exports of goods,Free on board (FOB),Millions,USD,9952000000.0,2017,True,High,Increasing
Papua New Guinea,Exports of goods,Exports of goods,Free on board (FOB),Millions,USD,10524000000.0,2018,True,High,Increasing
Papua New Guinea,Exports of goods,Exports of goods,Free on board (FOB),Millions,USD,10946000000.0,2019,True,High,Increasing
Papua New Guinea,Exports of goods,Exports of goods,Free on board (FOB),Millions,USD,9077000000.0,2020,True,Medium,Decreasing
Papua New Guinea,Exports of goods,Exports of goods,Free on board (FOB),Millions,USD,10842000000.0,2021,True,High,Increasing
Papua New Guinea,Exports of goods,Exports of goods,Free on board (FOB),Millions,USD,14614000000.0,2022,True,High,Increasing
Papua New Guinea,Exports of goods,Exports of goods,Free on board (FOB),Millions,USD,12831000000.0,2023,True,High,Decreasing
Papua New Guinea,Exports of goods,Exports of goods,Free on board (FOB),Millions,USD,13975000000.0,2024,True,High,Increasing
Papua New Guinea,Exports of goods,Exports of goods,Free on board (FOB),Millions,USD,15541000000.0,2025,True,High,Increasing
Papua New Guinea,"Exports of goods, Price deflator",Exports of goods,Free on board (FOB),Units,Not Applicable,87.08714572640035,2016,True,Low,No Data
Papua New Guinea,Imports of goods,Imports of goods,Cost insurance freight (CIF),Millions,USD,2068000000.0,2016,False,Medium,No Data
Papua New Guinea,Imports of goods,Imports of goods,Cost insurance freight (CIF),Millions,USD,3059000000.0,2017,False,Medium,Increasing
Papua New Guinea,Imports of goods,Imports of goods,Cost insurance freight (CIF),Millions,USD,3519000000.0,2018,False,Medium,Increasing
Papua New Guinea,Imports of goods,Imports of goods,Cost insurance freight (CIF),Millions,USD,4127000000.0,2019,False,Medium,Increasing
Papua New Guinea,Imports of goods,Imports of goods,Cost insurance freight (CIF),Millions,USD,3591000000.0,2020,False,Medium,Decreasing
Papua New Guinea,Imports of goods,Imports of goods,Cost insurance freight (CIF),Millions,USD,4368000000.0,2021,False,Medium,Increasing
Papua New Guinea,Imports of goods,Imports of goods,Cost insurance freight (CIF),Millions,USD,5879000000.0,2022,False,Medium,Increasing
Papua New Guinea,Imports of goods,Imports of goods,Cost insurance freight (CIF),Millions,USD,5409000000.0,2023,False,Medium,Decreasing
Papua New Guinea,Imports of goods,Imports of goods,Cost insurance freight (CIF),Millions,USD,5019000000.0,2024,False,Medium,Decreasing
Papua New Guinea,Imports of goods,Imports of goods,Cost insurance freight (CIF),Millions,USD,4620000000.0,2025,False,Medium,Decreasing
Paraguay,Exports of goods,Exports of goods,Free on board (FOB),Thousands,USD,8494000000.0,2016,True,Medium,No Data
Paraguay,Exports of goods,Exports of goods,Free on board (FOB),Thousands,USD,8680000000.0,2017,True,Medium,Increasing
Paraguay,Exports of goods,Exports of goods,Free on board (FOB),Thousands,USD,9041000000.0,2018,True,Medium,Increasing
Paraguay,Exports of goods,Exports of goods,Free on board (FOB),Thousands,USD,7968000000.0,2019,True,Medium,Decreasing
Paraguay,Exports of goods,Exports of goods,Free on board (FOB),Thousands,USD,8517000000.0,2020,True,Medium,Increasing
Paraguay,Exports of goods,Exports of goods,Free on board (FOB),Thousands,USD,10548000000.0,2021,True,High,Increasing
Paraguay,Exports of goods,Exports of goods,Free on board (FOB),Thousands,USD,9956000000.0,2022,True,High,Decreasing
Paraguay,Exports of goods,Exports of goods,Free on board (FOB),Thousands,USD,11891000000.0,2023,True,High,Increasing
Paraguay,Exports of goods,Exports of goods,Free on board (FOB),Thousands,USD,10881000000.0,2024,True,High,Decreasing
Paraguay,Exports of goods,Exports of goods,Free on board (FOB),Thousands,USD,11082000000.0,2025,True,High,Increasing
Paraguay,"Exports of goods, Volume index",Exports of goods,Free on board (FOB),Units,Not Applicable,139.5167427701674,2016,True,Low,No Data
Paraguay,"Exports of goods, Volume index",Exports of goods,Free on board (FOB),Units,Not Applicable,134.1324200913242,2017,True,Low,Decreasing
Paraguay,"Exports of goods, Volume index",Exports of goods,Free on board (FOB),Units,Not Applicable,127.8919330289193,2018,True,Low,Decreasing
Paraguay,"Exports of goods, Volume index",Exports of goods,Free on board (FOB),Units,Not Applicable,116.761796042618,2019,True,Low,Decreasing
Paraguay,"Exports of goods, Volume index",Exports of goods,Free on board (FOB),Units,Not Applicable,120.7572298325723,2020,True,Low,Increasing
Paraguay,"Exports of goods, Volume index",Exports of goods,Free on board (FOB),Units,Not Applicable,97.4124809741248,2021,True,Low,Decreasing
Paraguay,"Exports of goods, Volume index",Exports of goods,Free on board (FOB),Units,Not Applicable,67.27549467275495,2022,True,Low,Decreasing
Paraguay,"Exports of goods, Volume index",Exports of goods,Free on board (FOB),Units,Not Applicable,94.44444444444444,2023,True,Low,Increasing
Paraguay,"Exports of goods, Volume index",Exports of goods,Free on board (FOB),Units,Not Applicable,94.33028919330287,2024,True,Low,Decreasing
Paraguay,"Exports of goods, Volume index",Exports of goods,Free on board (FOB),Units,Not Applicable,94.4254185692542,2025,True,Low,Increasing
Paraguay,Import price index,Imports of goods,Cost insurance freight (CIF),Units,Not Applicable,128.3535448589336,2016,False,Low,No Data
Paraguay,Import price index,Imports of goods,Cost insurance freight (CIF),Units,Not Applicable,128.3357894923741,2017,False,Low,Decreasing
Paraguay,Import price index,Imports of goods,Cost insurance freight (CIF),Units,Not Applicable,131.4607340068535,2018,False,Low,Increasing
Paraguay,Imports of goods,Imports of goods,Cost insurance freight (CIF),Thousands,USD,9752000000.0,2016,False,High,No Data
Paraguay,Imports of goods,Imports of goods,Cost insurance freight (CIF),Thousands,USD,11873000000.0,2017,False,High,Increasing
Paraguay,Imports of goods,Imports of goods,Cost insurance freight (CIF),Thousands,USD,13336000000.0,2018,False,High,Increasing
Paraguay,Imports of goods,Imports of goods,Cost insurance freight (CIF),Thousands,USD,12543000000.0,2019,False,High,Decreasing
Paraguay,Imports of goods,Imports of goods,Cost insurance freight (CIF),Thousands,USD,10219000000.0,2020,False,High,Decreasing
Paraguay,Imports of goods,Imports of goods,Cost insurance freight (CIF),Thousands,USD,13560000000.0,2021,False,High,Increasing
Paraguay,Imports of goods,Imports of goods,Cost insurance freight (CIF),Thousands,USD,15853000000.0,2022,False,High,Increasing
Paraguay,Imports of goods,Imports of goods,Cost insurance freight (CIF),Thousands,USD,16104000000.0,2023,False,High,Increasing
Paraguay,Imports of goods,Imports of goods,Cost insurance freight (CIF),Thousands,USD,17210000000.0,2024,False,High,Increasing
Paraguay,Imports of goods,Imports of goods,Cost insurance freight (CIF),Thousands,USD,19130000000.0,2025,False,High,Increasing
Paraguay,"Imports of goods, Volume index",Imports of goods,Cost insurance freight (CIF),Units,Not Applicable,107.6469742705189,2016,False,Low,No Data
Paraguay,"Imports of goods, Volume index",Imports of goods,Cost insurance freight (CIF),Units,Not Applicable,126.0097743280149,2017,False,Low,Increasing
Paraguay,"Imports of goods, Volume index",Imports of goods,Cost insurance freight (CIF),Units,Not Applicable,134.785108523789,2018,False,Low,Increasing
Paraguay,"Imports of goods, Volume index",Imports of goods,Cost insurance freight (CIF),Units,Not Applicable,130.3076038522352,2019,False,Low,Decreasing
Paraguay,"Imports of goods, Volume index",Imports of goods,Cost insurance freight (CIF),Units,Not Applicable,109.4293517320684,2020,False,Low,Decreasing
Paraguay,"Imports of goods, Volume index",Imports of goods,Cost insurance freight (CIF),Units,Not Applicable,127.2890613770303,2021,False,Low,Increasing
Paraguay,"Imports of goods, Volume index",Imports of goods,Cost insurance freight (CIF),Units,Not Applicable,131.7521920367975,2022,False,Low,Increasing
Paraguay,"Imports of goods, Volume index",Imports of goods,Cost insurance freight (CIF),Units,Not Applicable,138.3570504527814,2023,False,Low,Increasing
Paraguay,"Imports of goods, Volume index",Imports of goods,Cost insurance freight (CIF),Units,Not Applicable,151.458962196349,2024,False,Low,Increasing
Paraguay,"Imports of goods, Volume index",Imports of goods,Cost insurance freight (CIF),Units,Not Applicable,166.1563892482392,2025,False,Medium,Increasing
Peru,Exports of goods,Exports of goods,Free on board (FOB),Millions,USD,36516000000.0,2016,True,High,No Data
Peru,Exports of goods,Exports of goods,Free on board (FOB),Millions,USD,43455000000.0,2017,True,High,Increasing
Peru,Exports of goods,Exports of goods,Free on board (FOB),Millions,USD,48019000000.0,2018,True,High,Increasing
Peru,Exports of goods,Exports of goods,Free on board (FOB),Millions,USD,46445000000.0,2019,True,High,Decreasing
Peru,Exports of goods,Exports of goods,Free on board (FOB),Millions,USD,39599000000.0,2020,True,High,Decreasing
Peru,Exports of goods,Exports of goods,Free on board (FOB),Millions,USD,59648000000.0,2021,True,High,Increasing
Peru,Exports of goods,Exports of goods,Free on board (FOB),Millions,USD,62910000000.0,2022,True,High,Increasing
Peru,Exports of goods,Exports of goods,Free on board (FOB),Millions,USD,64714000000.0,2023,True,High,Increasing
Peru,Exports of goods,Exports of goods,Free on board (FOB),Millions,USD,74713000000.0,2024,True,High,Increasing
Peru,Exports of goods,Exports of goods,Free on board (FOB),Millions,USD,82693000000.0,2025,True,High,Increasing
Peru,"Exports of goods, Volume index",Exports of goods,Free on board (FOB),Units,Not Applicable,117.5288499801035,2016,True,Low,No Data
Peru,"Exports of goods, Volume index",Exports of goods,Free on board (FOB),Units,Not Applicable,125.4476721050537,2017,True,Low,Increasing
Peru,"Exports of goods, Volume index",Exports of goods,Free on board (FOB),Units,Not Applicable,133.625149224035,2018,True,Low,Increasing
Peru,"Exports of goods, Volume index",Exports of goods,Free on board (FOB),Units,Not Applicable,134.4011142061281,2019,True,Low,Increasing
Peru,"Exports of goods, Volume index",Exports of goods,Free on board (FOB),Units,Not Applicable,109.3115797851174,2020,True,Low,Decreasing
Peru,"Exports of goods, Volume index",Exports of goods,Free on board (FOB),Units,Not Applicable,129.9044966175885,2021,True,Low,Increasing
Peru,"Exports of goods, Volume index",Exports of goods,Free on board (FOB),Units,Not Applicable,128.5515320334262,2022,True,Low,Decreasing
Peru,"Exports of goods, Volume index",Exports of goods,Free on board (FOB),Units,Not Applicable,136.8682849184242,2023,True,Low,Increasing
Peru,"Exports of goods, Volume index",Exports of goods,Free on board (FOB),Units,Not Applicable,146.458416235575,2024,True,Low,Increasing
Peru,"Exports of goods, Volume index",Exports of goods,Free on board (FOB),Units,Not Applicable,148.8857938718663,2025,True,Low,Increasing
Peru,Imports of goods,Imports of goods,Cost insurance freight (CIF),Millions,USD,36253000000.0,2016,False,High,No Data
Peru,Imports of goods,Imports of goods,Cost insurance freight (CIF),Millions,USD,39885000000.0,2017,False,High,Increasing
Peru,Imports of goods,Imports of goods,Cost insurance freight (CIF),Millions,USD,43261000000.0,2018,False,High,Increasing
Peru,Imports of goods,Imports of goods,Cost insurance freight (CIF),Millions,USD,42283000000.0,2019,False,High,Decreasing
Peru,Imports of goods,Imports of goods,Cost insurance freight (CIF),Millions,USD,36142000000.0,2020,False,High,Decreasing
Peru,Imports of goods,Imports of goods,Cost insurance freight (CIF),Millions,USD,50892000000.0,2021,False,High,Increasing
Peru,Imports of goods,Imports of goods,Cost insurance freight (CIF),Millions,USD,60980000000.0,2022,False,High,Increasing
Peru,Imports of goods,Imports of goods,Cost insurance freight (CIF),Millions,USD,52395000000.0,2023,False,High,Decreasing
Peru,Imports of goods,Imports of goods,Cost insurance freight (CIF),Millions,USD,55200000000.0,2024,False,High,Increasing
Peru,Imports of goods,Imports of goods,Cost insurance freight (CIF),Millions,USD,60632000000.0,2025,False,High,Increasing
Peru,"Imports of goods, Volume index",Imports of goods,Cost insurance freight (CIF),Units,Not Applicable,129.7390874242612,2016,False,Low,No Data
Peru,"Imports of goods, Volume index",Imports of goods,Cost insurance freight (CIF),Units,Not Applicable,137.4799060220106,2017,False,Low,Increasing
Peru,"Imports of goods, Volume index",Imports of goods,Cost insurance freight (CIF),Units,Not Applicable,141.2266600717201,2018,False,Low,Increasing
Peru,"Imports of goods, Volume index",Imports of goods,Cost insurance freight (CIF),Units,Not Applicable,141.9438605168789,2019,False,Low,Increasing
Peru,"Imports of goods, Volume index",Imports of goods,Cost insurance freight (CIF),Units,Not Applicable,124.5455669593174,2020,False,Low,Decreasing
Peru,"Imports of goods, Volume index",Imports of goods,Cost insurance freight (CIF),Units,Not Applicable,151.8239149251886,2021,False,Low,Increasing
Peru,"Imports of goods, Volume index",Imports of goods,Cost insurance freight (CIF),Units,Not Applicable,161.4813898850006,2022,False,Low,Increasing
Peru,"Imports of goods, Volume index",Imports of goods,Cost insurance freight (CIF),Units,Not Applicable,145.5545937925065,2023,False,Low,Decreasing
Peru,"Imports of goods, Volume index",Imports of goods,Cost insurance freight (CIF),Units,Not Applicable,157.8582910844565,2024,False,Low,Increasing
Peru,"Imports of goods, Volume index",Imports of goods,Cost insurance freight (CIF),Units,Not Applicable,173.5501422035365,2025,False,Medium,Increasing
Philippines,Exports of goods,Exports of goods,Free on board (FOB),Millions,USD,57406074543.21604,2016,True,High,No Data
Philippines,Exports of goods,Exports of goods,Free on board (FOB),Millions,USD,68712710512.651596,2017,True,High,Increasing
Philippines,Exports of goods,Exports of goods,Free on board (FOB),Millions,USD,69307438300.66362,2018,True,High,Increasing
Philippines,Exports of goods,Exports of goods,Free on board (FOB),Millions,USD,70927001764.27309,2019,True,High,Increasing
Philippines,Exports of goods,Exports of goods,Free on board (FOB),Millions,USD,65214540870.75705,2020,True,High,Decreasing
Philippines,Exports of goods,Exports of goods,Free on board (FOB),Millions,USD,74653210068.2576,2021,True,High,Increasing
Philippines,Exports of goods,Exports of goods,Free on board (FOB),Millions,USD,78836903333.20012,2022,True,High,Increasing
Philippines,Exports of goods,Exports of goods,Free on board (FOB),Millions,USD,73528000000.0,2023,True,High,Decreasing
Philippines,Exports of goods,Exports of goods,Free on board (FOB),Millions,USD,72982000000.0,2024,True,High,Decreasing
Philippines,Exports of goods,Exports of goods,Free on board (FOB),Millions,USD,83758000000.0,2025,True,High,Increasing
Philippines,"Exports of goods, Volume index",Exports of goods,Free on board (FOB),Units,Not Applicable,115.3159992408427,2016,True,Low,No Data
Philippines,"Exports of goods, Volume index",Exports of goods,Free on board (FOB),Units,Not Applicable,136.8001518314671,2017,True,Low,Increasing
Philippines,"Exports of goods, Volume index",Exports of goods,Free on board (FOB),Units,Not Applicable,132.7386600873031,2018,True,Low,Decreasing
Philippines,"Exports of goods, Volume index",Exports of goods,Free on board (FOB),Units,Not Applicable,142.1901689125071,2019,True,Low,Increasing
Philippines,"Exports of goods, Volume index",Exports of goods,Free on board (FOB),Units,Not Applicable,127.1778326058076,2020,True,Low,Decreasing
Philippines,"Exports of goods, Volume index",Exports of goods,Free on board (FOB),Units,Not Applicable,140.0265705067375,2021,True,Low,Increasing
Philippines,"Exports of goods, Volume index",Exports of goods,Free on board (FOB),Units,Not Applicable,143.3478838489277,2022,True,Low,Increasing
Philippines,"Exports of goods, Volume index",Exports of goods,Free on board (FOB),Units,Not Applicable,136.5154678307079,2023,True,Low,Decreasing
Philippines,"Exports of goods, Volume index",Exports of goods,Free on board (FOB),Units,Not Applicable,134.788384892769,2024,True,Low,Decreasing
Philippines,"Exports of goods, Volume index",Exports of goods,Free on board (FOB),Units,Not Applicable,155.0009489466692,2025,True,Low,Increasing
Philippines,Imports of goods,Imports of goods,Free on board (FOB),Millions,USD,84108039046.71901,2016,False,High,No Data
Philippines,Imports of goods,Imports of goods,Cost insurance freight (CIF),Millions,USD,89435103741.17053,2016,False,High,Increasing
Philippines,Imports of goods,Imports of goods,Free on board (FOB),Millions,USD,96093239708.18802,2017,False,High,Increasing
Philippines,Imports of goods,Imports of goods,Cost insurance freight (CIF),Millions,USD,101900757697.0887,2017,False,High,Increasing
Philippines,Imports of goods,Imports of goods,Free on board (FOB),Millions,USD,112840830595.92,2018,False,High,Increasing
Philippines,Imports of goods,Imports of goods,Cost insurance freight (CIF),Millions,USD,119329140217.3906,2018,False,High,Increasing
Philippines,Imports of goods,Imports of goods,Free on board (FOB),Millions,USD,111593077338.05011,2019,False,High,Decreasing
Philippines,Imports of goods,Imports of goods,Cost insurance freight (CIF),Millions,USD,117374269261.51671,2019,False,High,Increasing
Philippines,Imports of goods,Imports of goods,Free on board (FOB),Millions,USD,89811528741.64024,2020,False,High,Decreasing
Philippines,Imports of goods,Imports of goods,Cost insurance freight (CIF),Millions,USD,95161259094.17046,2020,False,High,Increasing
Philippines,Imports of goods,Imports of goods,Free on board (FOB),Millions,USD,116882955349.6388,2021,False,High,Increasing
Philippines,Imports of goods,Imports of goods,Cost insurance freight (CIF),Millions,USD,123486246456.7129,2021,False,High,Increasing
Philippines,Imports of goods,Imports of goods,Free on board (FOB),Millions,USD,137155002458.0092,2022,False,High,Increasing
Philippines,Imports of goods,Imports of goods,Cost insurance freight (CIF),Millions,USD,145060091588.8895,2022,False,High,Increasing
Philippines,Imports of goods,Imports of goods,Cost insurance freight (CIF),Millions,USD,133805000000.0,2023,False,High,Decreasing
Philippines,Imports of goods,Imports of goods,Cost insurance freight (CIF),Millions,USD,134881000000.0,2024,False,High,Increasing
Philippines,Imports of goods,Imports of goods,Cost insurance freight (CIF),Millions,USD,141730000000.0,2025,False,High,Increasing
Philippines,"Imports of goods, Volume index",Imports of goods,Cost insurance freight (CIF),Units,Not Applicable,164.480278927871,2016,False,Low,No Data
Philippines,"Imports of goods, Volume index",Imports of goods,Cost insurance freight (CIF),Units,Not Applicable,187.753323164088,2017,False,Medium,Increasing
Philippines,"Imports of goods, Volume index",Imports of goods,Cost insurance freight (CIF),Units,Not Applicable,204.1185443451733,2018,False,Medium,Increasing
Philippines,"Imports of goods, Volume index",Imports of goods,Cost insurance freight (CIF),Units,Not Applicable,205.4260187404663,2019,False,Medium,Increasing
Philippines,"Imports of goods, Volume index",Imports of goods,Cost insurance freight (CIF),Units,Not Applicable,167.5092612769667,2020,False,Medium,Decreasing
Philippines,"Imports of goods, Volume index",Imports of goods,Cost insurance freight (CIF),Units,Not Applicable,203.5737633471345,2021,False,Medium,Increasing
Philippines,"Imports of goods, Volume index",Imports of goods,Cost insurance freight (CIF),Units,Not Applicable,212.2902593157551,2022,False,Medium,Increasing
Philippines,"Imports of goods, Volume index",Imports of goods,Cost insurance freight (CIF),Units,Not Applicable,206.2540858574853,2023,False,Medium,Decreasing
Philippines,"Imports of goods, Volume index",Imports of goods,Cost insurance freight (CIF),Units,Not Applicable,211.5275659185008,2024,False,Medium,Increasing
Philippines,"Imports of goods, Volume index",Imports of goods,Cost insurance freight (CIF),Units,Not Applicable,223.0115493571584,2025,False,Medium,Increasing
"Poland, Republic of",Exports of goods,Exports of goods,Free on board (FOB),Billions,USD,203816000000.0,2016,True,High,No Data
"Poland, Republic of",Exports of goods,Exports of goods,Free on board (FOB),Billions,USD,234363000000.0,2017,True,High,Increasing
"Poland, Republic of",Exports of goods,Exports of goods,Free on board (FOB),Billions,USD,263571000000.00003,2018,True,High,Increasing
"Poland, Republic of",Exports of goods,Exports of goods,Free on board (FOB),Billions,USD,266595000000.00003,2019,True,High,Increasing
"Poland, Republic of",Exports of goods,Exports of goods,Free on board (FOB),Billions,USD,273836000000.0,2020,True,High,Increasing
"Poland, Republic of",Exports of goods,Exports of goods,Free on board (FOB),Billions,USD,340634000000.0,2021,True,High,Increasing
"Poland, Republic of",Exports of goods,Exports of goods,Free on board (FOB),Billions,USD,360541000000.0,2022,True,High,Increasing
"Poland, Republic of",Exports of goods,Exports of goods,Free on board (FOB),Billions,USD,381517000000.0,2023,True,High,Increasing
"Poland, Republic of",Exports of goods,Exports of goods,Free on board (FOB),Billions,USD,382847000000.0,2024,True,High,Increasing
"Poland, Republic of",Exports of goods,Exports of goods,Free on board (FOB),Billions,USD,413897000000.0,2025,True,High,Increasing
"Poland, Republic of","Exports of goods, Price deflator",Exports of goods,Free on board (FOB),Units,Not Applicable,114.3347475514573,2016,True,Low,No Data
"Poland, Republic of","Exports of goods, Price deflator",Exports of goods,Free on board (FOB),Units,Not Applicable,115.9389461679949,2017,True,Low,Increasing
"Poland, Republic of","Exports of goods, Price deflator",Exports of goods,Free on board (FOB),Units,Not Applicable,117.8563906682353,2018,True,Low,Increasing
"Poland, Republic of","Exports of goods, Price deflator",Exports of goods,Free on board (FOB),Units,Not Applicable,121.5204182776054,2019,True,Low,Increasing
"Poland, Republic of","Exports of goods, Price deflator",Exports of goods,Free on board (FOB),Units,Not Applicable,124.7857693077175,2020,True,Low,Increasing
"Poland, Republic of","Exports of goods, Volume index",Exports of goods,Free on board (FOB),Units,Not Applicable,138.2637676559276,2016,True,Low,No Data
"Poland, Republic of","Exports of goods, Volume index",Exports of goods,Free on board (FOB),Units,Not Applicable,147.2623393112204,2017,True,Low,Increasing
"Poland, Republic of","Exports of goods, Volume index",Exports of goods,Free on board (FOB),Units,Not Applicable,154.4516743374068,2018,True,Low,Increasing
"Poland, Republic of","Exports of goods, Volume index",Exports of goods,Free on board (FOB),Units,Not Applicable,158.9430249166799,2019,True,Low,Increasing
"Poland, Republic of","Exports of goods, Volume index",Exports of goods,Free on board (FOB),Units,Not Applicable,81.91292387451725,2020,True,Low,Decreasing
"Poland, Republic of","Exports of goods, Volume index",Exports of goods,Free on board (FOB),Units,Not Applicable,132.1906575675819,2021,True,Low,Increasing
"Poland, Republic of","Exports of goods, Volume index",Exports of goods,Free on board (FOB),Units,Not Applicable,172.7186160926837,2022,True,Medium,Increasing
"Poland, Republic of","Exports of goods, Volume index",Exports of goods,Free on board (FOB),Units,Not Applicable,169.9888906522774,2023,True,Medium,Decreasing
"Poland, Republic of","Exports of goods, Volume index",Exports of goods,Free on board (FOB),Units,Not Applicable,168.1796540231709,2024,True,Medium,Decreasing
"Poland, Republic of","Exports of goods, Volume index",Exports of goods,Free on board (FOB),Units,Not Applicable,169.7825741945723,2025,True,Medium,Increasing
"Poland, Republic of",Imports of goods,Imports of goods,Cost insurance freight (CIF),Billions,USD,199505000000.0,2016,False,High,No Data
"Poland, Republic of",Imports of goods,Imports of goods,Cost insurance freight (CIF),Billions,USD,233811000000.0,2017,False,High,Increasing
"Poland, Republic of",Imports of goods,Imports of goods,Cost insurance freight (CIF),Billions,USD,268959000000.0,2018,False,High,Increasing
"Poland, Republic of",Imports of goods,Imports of goods,Cost insurance freight (CIF),Billions,USD,265279999999.99997,2019,False,High,Decreasing
"Poland, Republic of",Imports of goods,Imports of goods,Cost insurance freight (CIF),Billions,USD,261625999999.99997,2020,False,High,Decreasing
"Poland, Republic of",Imports of goods,Imports of goods,Cost insurance freight (CIF),Billions,USD,342077000000.0,2021,False,High,Increasing
"Poland, Republic of",Imports of goods,Imports of goods,Cost insurance freight (CIF),Billions,USD,381186000000.0,2022,False,High,Increasing
"Poland, Republic of",Imports of goods,Imports of goods,Cost insurance freight (CIF),Billions,USD,370077000000.0,2023,False,High,Decreasing
"Poland, Republic of",Imports of goods,Imports of goods,Cost insurance freight (CIF),Billions,USD,382257000000.0,2024,False,High,Increasing
"Poland, Republic of",Imports of goods,Imports of goods,Cost insurance freight (CIF),Billions,USD,420914000000.0,2025,False,High,Increasing
"Poland, Republic of","Imports of goods, Price deflator",Imports of goods,Cost insurance freight (CIF),Units,Not Applicable,110.0895712827474,2016,False,Low,No Data
"Poland, Republic of","Imports of goods, Price deflator",Imports of goods,Cost insurance freight (CIF),Units,Not Applicable,111.5614799821073,2017,False,Low,Increasing
"Poland, Republic of","Imports of goods, Price deflator",Imports of goods,Cost insurance freight (CIF),Units,Not Applicable,114.781280261957,2018,False,Low,Increasing
"Poland, Republic of","Imports of goods, Price deflator",Imports of goods,Cost insurance freight (CIF),Units,Not Applicable,117.0075421697389,2019,False,Low,Increasing
"Poland, Republic of","Imports of goods, Price deflator",Imports of goods,Cost insurance freight (CIF),Units,Not Applicable,116.2439895319459,2020,False,Low,Decreasing
"Poland, Republic of","Imports of goods, Volume index",Imports of goods,Cost insurance freight (CIF),Units,Not Applicable,115.0249269382843,2016,False,Low,No Data
"Poland, Republic of","Imports of goods, Volume index",Imports of goods,Cost insurance freight (CIF),Units,Not Applicable,122.864019253911,2017,False,Low,Increasing
"Poland, Republic of","Imports of goods, Volume index",Imports of goods,Cost insurance freight (CIF),Units,Not Applicable,129.8435619735259,2018,False,Low,Increasing
"Poland, Republic of","Imports of goods, Volume index",Imports of goods,Cost insurance freight (CIF),Units,Not Applicable,131.4423242221076,2019,False,Low,Increasing
"Poland, Republic of","Imports of goods, Volume index",Imports of goods,Cost insurance freight (CIF),Units,Not Applicable,89.39315798521575,2020,False,Low,Decreasing
"Poland, Republic of","Imports of goods, Volume index",Imports of goods,Cost insurance freight (CIF),Units,Not Applicable,125.6145779611484,2021,False,Low,Increasing
"Poland, Republic of","Imports of goods, Volume index",Imports of goods,Cost insurance freight (CIF),Units,Not Applicable,149.3037648272305,2022,False,Low,Increasing
"Poland, Republic of","Imports of goods, Volume index",Imports of goods,Cost insurance freight (CIF),Units,Not Applicable,141.0692796974385,2023,False,Low,Decreasing
"Poland, Republic of","Imports of goods, Volume index",Imports of goods,Cost insurance freight (CIF),Units,Not Applicable,144.2152312188413,2024,False,Low,Increasing
"Poland, Republic of","Imports of goods, Volume index",Imports of goods,Cost insurance freight (CIF),Units,Not Applicable,149.338146811071,2025,False,Low,Increasing
Portugal,Exports of goods,Exports of goods,Free on board (FOB),Millions,USD,55374000000.0,2016,True,High,No Data
Portugal,Exports of goods,Exports of goods,Free on board (FOB),Millions,USD,62128000000.0,2017,True,High,Increasing
Portugal,Exports of goods,Exports of goods,Free on board (FOB),Millions,USD,68360000000.0,2018,True,High,Increasing
Portugal,Exports of goods,Exports of goods,Free on board (FOB),Millions,USD,67064000000.0,2019,True,High,Decreasing
Portugal,Exports of goods,Exports of goods,Free on board (FOB),Millions,USD,61495000000.0,2020,True,High,Decreasing
Portugal,Exports of goods,Exports of goods,Free on board (FOB),Millions,USD,75229000000.0,2021,True,High,Increasing
Portugal,Exports of goods,Exports of goods,Free on board (FOB),Millions,USD,82464000000.0,2022,True,High,Increasing
Portugal,Exports of goods,Exports of goods,Free on board (FOB),Millions,USD,83621000000.0,2023,True,High,Increasing
Portugal,Exports of goods,Exports of goods,Free on board (FOB),Millions,USD,85368000000.0,2024,True,High,Increasing
Portugal,Exports of goods,Exports of goods,Free on board (FOB),Millions,USD,89486000000.0,2025,True,High,Increasing
Portugal,"Exports of goods, Volume index",Exports of goods,Free on board (FOB),Units,Not Applicable,119.3675889328063,2016,True,Low,No Data
Portugal,"Exports of goods, Volume index",Exports of goods,Free on board (FOB),Units,Not Applicable,125.1104394326901,2017,True,Low,Increasing
Portugal,"Exports of goods, Volume index",Exports of goods,Free on board (FOB),Units,Not Applicable,126.7844687282027,2018,True,Low,Increasing
Portugal,"Exports of goods, Volume index",Exports of goods,Free on board (FOB),Units,Not Applicable,129.2257614508254,2019,True,Low,Increasing
Portugal,"Exports of goods, Volume index",Exports of goods,Free on board (FOB),Units,Not Applicable,117.2983027202976,2020,True,Low,Decreasing
Portugal,"Exports of goods, Volume index",Exports of goods,Free on board (FOB),Units,Not Applicable,126.6914671006743,2021,True,Low,Increasing
Portugal,"Exports of goods, Volume index",Exports of goods,Free on board (FOB),Units,Not Applicable,130.504533829342,2022,True,Low,Increasing
Portugal,"Exports of goods, Volume index",Exports of goods,Free on board (FOB),Units,Not Applicable,128.3654963961869,2023,True,Low,Decreasing
Portugal,"Exports of goods, Volume index",Exports of goods,Free on board (FOB),Units,Not Applicable,130.4580330155778,2024,True,Low,Increasing
Portugal,"Exports of goods, Volume index",Exports of goods,Free on board (FOB),Units,Not Applicable,134.2710997442455,2025,True,Low,Increasing
Portugal,Imports of goods,Imports of goods,Cost insurance freight (CIF),Millions,USD,67953000000.0,2016,False,High,No Data
Portugal,Imports of goods,Imports of goods,Cost insurance freight (CIF),Millions,USD,78765000000.0,2017,False,High,Increasing
Portugal,Imports of goods,Imports of goods,Cost insurance freight (CIF),Millions,USD,89060000000.0,2018,False,High,Increasing
Portugal,Imports of goods,Imports of goods,Cost insurance freight (CIF),Millions,USD,89539000000.0,2019,False,High,Increasing
Portugal,Imports of goods,Imports of goods,Cost insurance freight (CIF),Millions,USD,77894000000.0,2020,False,High,Decreasing
Portugal,Imports of goods,Imports of goods,Cost insurance freight (CIF),Millions,USD,98201000000.0,2021,False,High,Increasing
Portugal,Imports of goods,Imports of goods,Cost insurance freight (CIF),Millions,USD,115158000000.0,2022,False,High,Increasing
Portugal,Imports of goods,Imports of goods,Cost insurance freight (CIF),Millions,USD,113683000000.0,2023,False,High,Decreasing
Portugal,Imports of goods,Imports of goods,Cost insurance freight (CIF),Millions,USD,116023000000.0,2024,False,High,Increasing
Portugal,Imports of goods,Imports of goods,Cost insurance freight (CIF),Millions,USD,126067000000.0,2025,False,High,Increasing
Portugal,"Imports of goods, Volume index",Imports of goods,Cost insurance freight (CIF),Units,Not Applicable,101.7603086568604,2016,False,Low,No Data
Portugal,"Imports of goods, Volume index",Imports of goods,Cost insurance freight (CIF),Units,Not Applicable,108.2228116710875,2017,False,Low,Increasing
Portugal,"Imports of goods, Volume index",Imports of goods,Cost insurance freight (CIF),Units,Not Applicable,112.2015915119363,2018,False,Low,Increasing
Portugal,"Imports of goods, Volume index",Imports of goods,Cost insurance freight (CIF),Units,Not Applicable,117.2654931275621,2019,False,Low,Increasing
Portugal,"Imports of goods, Volume index",Imports of goods,Cost insurance freight (CIF),Units,Not Applicable,101.0127803231251,2020,False,Low,Decreasing
Portugal,"Imports of goods, Volume index",Imports of goods,Cost insurance freight (CIF),Units,Not Applicable,111.1405835543767,2021,False,Low,Increasing
Portugal,"Imports of goods, Volume index",Imports of goods,Cost insurance freight (CIF),Units,Not Applicable,119.1704846877261,2022,False,Low,Increasing
Portugal,"Imports of goods, Volume index",Imports of goods,Cost insurance freight (CIF),Units,Not Applicable,117.9406800096455,2023,False,Low,Decreasing
Portugal,"Imports of goods, Volume index",Imports of goods,Cost insurance freight (CIF),Units,Not Applicable,121.8471183988425,2024,False,Low,Increasing
Portugal,"Imports of goods, Volume index",Imports of goods,Cost insurance freight (CIF),Units,Not Applicable,126.5734265734266,2025,False,Low,Increasing
Qatar,Exports of goods,Exports of goods,Free on board (FOB),Millions,USD,57308686813.18681,2016,True,High,No Data
Qatar,Exports of goods,Exports of goods,Free on board (FOB),Millions,USD,67498178571.42858,2017,True,High,Increasing
Qatar,Exports of goods,Exports of goods,Free on board (FOB),Millions,USD,84294096153.84616,2018,True,High,Increasing
Qatar,Exports of goods,Exports of goods,Free on board (FOB),Millions,USD,72934945054.94504,2019,True,High,Decreasing
Qatar,Exports of goods,Exports of goods,Free on board (FOB),Millions,USD,51504148351.648346,2020,True,High,Decreasing
Qatar,Exports of goods,Exports of goods,Free on board (FOB),Millions,USD,87361075233.38873,2021,True,High,Increasing
Qatar,Exports of goods,Exports of goods,Free on board (FOB),Millions,USD,131067746528.21289,2022,True,High,Increasing
Qatar,Exports of goods,Exports of goods,Free on board (FOB),Millions,USD,97756227279.73488,2023,True,High,Decreasing
Qatar,Exports of goods,Exports of goods,Free on board (FOB),Millions,USD,95044251694.23021,2024,True,High,Decreasing
Qatar,Exports of goods,Exports of goods,Free on board (FOB),Millions,USD,90037032512.9508,2025,True,High,Decreasing
Qatar,Imports of goods,Imports of goods,Cost insurance freight (CIF),Millions,USD,32060096153.84615,2016,False,High,No Data
Qatar,Imports of goods,Imports of goods,Cost insurance freight (CIF),Millions,USD,29896387362.63736,2017,False,High,Decreasing
Qatar,Imports of goods,Imports of goods,Cost insurance freight (CIF),Millions,USD,31695945054.94505,2018,False,High,Increasing
Qatar,Imports of goods,Imports of goods,Cost insurance freight (CIF),Millions,USD,29178063186.81318,2019,False,High,Decreasing
Qatar,Imports of goods,Imports of goods,Cost insurance freight (CIF),Millions,USD,25834887362.63736,2020,False,High,Decreasing
Qatar,Imports of goods,Imports of goods,Cost insurance freight (CIF),Millions,USD,28068906431.57637,2021,False,High,Increasing
Qatar,Imports of goods,Imports of goods,Cost insurance freight (CIF),Millions,USD,33479010708.552204,2022,False,High,Increasing
Qatar,Imports of goods,Imports of goods,Cost insurance freight (CIF),Millions,USD,31416539734.19781,2023,False,High,Decreasing
Qatar,Imports of goods,Imports of goods,Cost insurance freight (CIF),Millions,USD,35802044848.701645,2024,False,High,Increasing
Qatar,Imports of goods,Imports of goods,Cost insurance freight (CIF),Millions,USD,38058717501.9849,2025,False,High,Increasing
Romania,Exports of goods,Exports of goods,Free on board (FOB),Millions,USD,63534000000.0,2016,True,High,No Data
Romania,Exports of goods,Exports of goods,Free on board (FOB),Millions,USD,70763000000.0,2017,True,High,Increasing
Romania,Exports of goods,Exports of goods,Free on board (FOB),Millions,USD,79661000000.0,2018,True,High,Increasing
Romania,Exports of goods,Exports of goods,Free on board (FOB),Millions,USD,76872000000.0,2019,True,High,Decreasing
Romania,Exports of goods,Exports of goods,Free on board (FOB),Millions,USD,70718000000.0,2020,True,High,Decreasing
Romania,Exports of goods,Exports of goods,Free on board (FOB),Millions,USD,87387000000.0,2021,True,High,Increasing
Romania,Exports of goods,Exports of goods,Free on board (FOB),Millions,USD,96699000000.0,2022,True,High,Increasing
Romania,Exports of goods,Exports of goods,Free on board (FOB),Millions,USD,100607000000.0,2023,True,High,Increasing
Romania,Exports of goods,Exports of goods,Free on board (FOB),Millions,USD,100290000000.0,2024,True,High,Decreasing
Romania,Exports of goods,Exports of goods,Free on board (FOB),Millions,USD,109136000000.0,2025,True,High,Increasing
Romania,"Exports of goods, Volume index",Exports of goods,Free on board (FOB),Units,Not Applicable,135.131195335277,2016,True,Low,No Data
Romania,"Exports of goods, Volume index",Exports of goods,Free on board (FOB),Units,Not Applicable,142.8717201166181,2017,True,Low,Increasing
Romania,"Exports of goods, Volume index",Exports of goods,Free on board (FOB),Units,Not Applicable,144.2128279883382,2018,True,Low,Increasing
Romania,"Exports of goods, Volume index",Exports of goods,Free on board (FOB),Units,Not Applicable,142.930029154519,2019,True,Low,Decreasing
Romania,"Exports of goods, Volume index",Exports of goods,Free on board (FOB),Units,Not Applicable,128.0174927113703,2020,True,Low,Decreasing
Romania,"Exports of goods, Volume index",Exports of goods,Free on board (FOB),Units,Not Applicable,137.2448979591837,2021,True,Low,Increasing
Romania,"Exports of goods, Volume index",Exports of goods,Free on board (FOB),Units,Not Applicable,148.0758017492711,2022,True,Low,Increasing
Romania,"Exports of goods, Volume index",Exports of goods,Free on board (FOB),Units,Not Applicable,149.3440233236152,2023,True,Low,Increasing
Romania,"Exports of goods, Volume index",Exports of goods,Free on board (FOB),Units,Not Applicable,149.5918367346939,2024,True,Low,Increasing
Romania,"Exports of goods, Volume index",Exports of goods,Free on board (FOB),Units,Not Applicable,154.8833819241983,2025,True,Low,Increasing
Romania,Imports of goods,Imports of goods,Cost insurance freight (CIF),Millions,USD,74560000000.0,2016,False,High,No Data
Romania,Imports of goods,Imports of goods,Cost insurance freight (CIF),Millions,USD,85486000000.0,2017,False,High,Increasing
Romania,Imports of goods,Imports of goods,Cost insurance freight (CIF),Millions,USD,97747000000.0,2018,False,High,Increasing
Romania,Imports of goods,Imports of goods,Cost insurance freight (CIF),Millions,USD,96545000000.0,2019,False,High,Decreasing
Romania,Imports of goods,Imports of goods,Cost insurance freight (CIF),Millions,USD,92131000000.0,2020,False,High,Decreasing
Romania,Imports of goods,Imports of goods,Cost insurance freight (CIF),Millions,USD,116201000000.0,2021,False,High,Increasing
Romania,Imports of goods,Imports of goods,Cost insurance freight (CIF),Millions,USD,132469000000.0,2022,False,High,Increasing
Romania,Imports of goods,Imports of goods,Cost insurance freight (CIF),Millions,USD,131930000000.0,2023,False,High,Decreasing
Romania,Imports of goods,Imports of goods,Cost insurance freight (CIF),Millions,USD,136473000000.0,2024,False,High,Increasing
Romania,Imports of goods,Imports of goods,Cost insurance freight (CIF),Millions,USD,146036000000.0,2025,False,High,Increasing
Romania,"Imports of goods, Volume index",Imports of goods,Cost insurance freight (CIF),Units,Not Applicable,121.1898395721925,2016,False,Low,No Data
Romania,"Imports of goods, Volume index",Imports of goods,Cost insurance freight (CIF),Units,Not Applicable,127.2727272727273,2017,False,Low,Increasing
Romania,"Imports of goods, Volume index",Imports of goods,Cost insurance freight (CIF),Units,Not Applicable,128.6764705882353,2018,False,Low,Increasing
Romania,"Imports of goods, Volume index",Imports of goods,Cost insurance freight (CIF),Units,Not Applicable,129.8295454545455,2019,False,Low,Increasing
Romania,"Imports of goods, Volume index",Imports of goods,Cost insurance freight (CIF),Units,Not Applicable,121.7747326203209,2020,False,Low,Decreasing
Romania,"Imports of goods, Volume index",Imports of goods,Cost insurance freight (CIF),Units,Not Applicable,131.1330213903743,2021,False,Low,Increasing
Romania,"Imports of goods, Volume index",Imports of goods,Cost insurance freight (CIF),Units,Not Applicable,144.8195187165775,2022,False,Low,Increasing
Romania,"Imports of goods, Volume index",Imports of goods,Cost insurance freight (CIF),Units,Not Applicable,140.5080213903743,2023,False,Low,Decreasing
Romania,"Imports of goods, Volume index",Imports of goods,Cost insurance freight (CIF),Units,Not Applicable,144.6858288770054,2024,False,Low,Increasing
Romania,"Imports of goods, Volume index",Imports of goods,Cost insurance freight (CIF),Units,Not Applicable,146.3235294117647,2025,False,Low,Increasing
Russian Federation,Exports of goods,Exports of goods,Free on board (FOB),Millions,USD,281710000000.0,2016,True,High,No Data
Russian Federation,Exports of goods,Exports of goods,Free on board (FOB),Millions,USD,352943000000.0,2017,True,High,Increasing
Russian Federation,Exports of goods,Exports of goods,Free on board (FOB),Millions,USD,443914000000.0,2018,True,High,Increasing
Russian Federation,Exports of goods,Exports of goods,Free on board (FOB),Millions,USD,419721000000.0,2019,True,High,Decreasing
Russian Federation,Exports of goods,Exports of goods,Free on board (FOB),Millions,USD,333530000000.0,2020,True,High,Decreasing
Russian Federation,Exports of goods,Exports of goods,Free on board (FOB),Millions,USD,494161000000.0,2021,True,High,Increasing
Russian Federation,Exports of goods,Exports of goods,Free on board (FOB),Millions,USD,592075000000.0,2022,True,High,Increasing
Russian Federation,Exports of goods,Exports of goods,Free on board (FOB),Millions,USD,424749000000.0,2023,True,High,Decreasing
Russian Federation,Exports of goods,Exports of goods,Free on board (FOB),Millions,USD,433634000000.0,2024,True,High,Increasing
Russian Federation,Exports of goods,Exports of goods,Free on board (FOB),Millions,USD,422074000000.0,2025,True,High,Decreasing
Russian Federation,"Exports of goods, Volume index",Exports of goods,Free on board (FOB),Units,Not Applicable,56.32093419930461,2016,True,Low,No Data
Russian Federation,"Exports of goods, Volume index",Exports of goods,Free on board (FOB),Units,Not Applicable,70.8915567801614,2017,True,Low,Increasing
Russian Federation,"Exports of goods, Volume index",Exports of goods,Free on board (FOB),Units,Not Applicable,89.40497277438827,2018,True,Low,Increasing
Russian Federation,"Exports of goods, Volume index",Exports of goods,Free on board (FOB),Units,Not Applicable,84.37549852311528,2019,True,Low,Decreasing
Russian Federation,"Exports of goods, Volume index",Exports of goods,Free on board (FOB),Units,Not Applicable,66.69493456962712,2020,True,Low,Decreasing
Russian Federation,"Exports of goods, Volume index",Exports of goods,Free on board (FOB),Units,Not Applicable,98.41543436879032,2021,True,Low,Increasing
Russian Federation,"Exports of goods, Volume index",Exports of goods,Free on board (FOB),Units,Not Applicable,105.0580594371187,2022,True,Low,Increasing
Russian Federation,"Exports of goods, Volume index",Exports of goods,Free on board (FOB),Units,Not Applicable,91.55678016138556,2023,True,Low,Decreasing
Russian Federation,"Exports of goods, Volume index",Exports of goods,Free on board (FOB),Units,Not Applicable,97.48081086400315,2024,True,Low,Increasing
Russian Federation,"Exports of goods, Volume index",Exports of goods,Free on board (FOB),Units,Not Applicable,98.0712458177524,2025,True,Low,Increasing
Russian Federation,Imports of goods,Imports of goods,Cost insurance freight (CIF),Millions,USD,191493000000.0,2016,False,High,No Data
Russian Federation,Imports of goods,Imports of goods,Free on board (FOB),Millions,USD,191493000000.0,2016,False,High,No Data
Russian Federation,Imports of goods,Imports of goods,Cost insurance freight (CIF),Millions,USD,238384000000.0,2017,False,High,Increasing
Russian Federation,Imports of goods,Imports of goods,Free on board (FOB),Millions,USD,238384000000.0,2017,False,High,No Data
Russian Federation,Imports of goods,Imports of goods,Cost insurance freight (CIF),Millions,USD,248856000000.0,2018,False,High,Increasing
Russian Federation,Imports of goods,Imports of goods,Free on board (FOB),Millions,USD,248856000000.0,2018,False,High,No Data
Russian Federation,Imports of goods,Imports of goods,Cost insurance freight (CIF),Millions,USD,253876000000.0,2019,False,High,Increasing
Russian Federation,Imports of goods,Imports of goods,Free on board (FOB),Millions,USD,253876000000.0,2019,False,High,No Data
Russian Federation,Imports of goods,Imports of goods,Cost insurance freight (CIF),Millions,USD,240088000000.0,2020,False,High,Decreasing
Russian Federation,Imports of goods,Imports of goods,Free on board (FOB),Millions,USD,240088000000.0,2020,False,High,No Data
Russian Federation,Imports of goods,Imports of goods,Cost insurance freight (CIF),Millions,USD,301046000000.0,2021,False,High,Increasing
Russian Federation,Imports of goods,Imports of goods,Free on board (FOB),Millions,USD,301046000000.0,2021,False,High,No Data
Russian Federation,Imports of goods,Imports of goods,Cost insurance freight (CIF),Millions,USD,276511000000.0,2022,False,High,Decreasing
Russian Federation,Imports of goods,Imports of goods,Free on board (FOB),Millions,USD,276511000000.0,2022,False,High,No Data
Russian Federation,Imports of goods,Imports of goods,Cost insurance freight (CIF),Millions,USD,303086000000.0,2023,False,High,Increasing
Russian Federation,Imports of goods,Imports of goods,Free on board (FOB),Millions,USD,303086000000.0,2023,False,High,No Data
Russian Federation,Imports of goods,Imports of goods,Cost insurance freight (CIF),Millions,USD,301550000000.0,2024,False,High,Decreasing
Russian Federation,Imports of goods,Imports of goods,Free on board (FOB),Millions,USD,301550000000.0,2024,False,High,No Data
Russian Federation,Imports of goods,Imports of goods,Cost insurance freight (CIF),Millions,USD,302710000000.0,2025,False,High,Increasing
Russian Federation,Imports of goods,Imports of goods,Free on board (FOB),Millions,USD,304976000000.0,2025,False,High,Increasing
Russian Federation,"Imports of goods, Volume index",Imports of goods,Cost insurance freight (CIF),Units,Not Applicable,38.21985300056537,2016,False,Low,No Data
Russian Federation,"Imports of goods, Volume index",Imports of goods,Cost insurance freight (CIF),Units,Not Applicable,47.8313544947904,2017,False,Low,Increasing
Russian Federation,"Imports of goods, Volume index",Imports of goods,Cost insurance freight (CIF),Units,Not Applicable,50.99345771747032,2018,False,Low,Increasing
Russian Federation,"Imports of goods, Volume index",Imports of goods,Cost insurance freight (CIF),Units,Not Applicable,54.4590099923307,2019,False,Low,Increasing
Russian Federation,"Imports of goods, Volume index",Imports of goods,Cost insurance freight (CIF),Units,Not Applicable,48.92743400619617,2020,False,Low,Decreasing
Russian Federation,"Imports of goods, Volume index",Imports of goods,Cost insurance freight (CIF),Units,Not Applicable,61.36116849197974,2021,False,Low,Increasing
Russian Federation,"Imports of goods, Volume index",Imports of goods,Cost insurance freight (CIF),Units,Not Applicable,94.39059849769808,2022,False,Low,Increasing
Russian Federation,"Imports of goods, Volume index",Imports of goods,Cost insurance freight (CIF),Units,Not Applicable,103.5134480251999,2023,False,Low,Increasing
Russian Federation,"Imports of goods, Volume index",Imports of goods,Cost insurance freight (CIF),Units,Not Applicable,101.9626847589048,2024,False,Low,Decreasing
Russian Federation,"Imports of goods, Volume index",Imports of goods,Cost insurance freight (CIF),Units,Not Applicable,100.8359583232372,2025,False,Low,Decreasing
Rwanda,Exports of goods,Exports of goods,Free on board (FOB),Millions,USD,668762580.5113324,2017,True,Medium,No Data
Rwanda,Exports of goods,Exports of goods,Free on board (FOB),Millions,USD,695507521.2308533,2018,True,Medium,Increasing
Rwanda,Exports of goods,Exports of goods,Free on board (FOB),Millions,USD,784204849.3139905,2019,True,Medium,Increasing
Rwanda,Exports of goods,Exports of goods,Free on board (FOB),Millions,USD,1098641992.037651,2020,True,Medium,Increasing
Rwanda,Exports of goods,Exports of goods,Free on board (FOB),Millions,USD,1011956956.259181,2021,True,Medium,Decreasing
Rwanda,Exports of goods,Exports of goods,Free on board (FOB),Millions,USD,1322533628.272947,2022,True,Medium,Increasing
Rwanda,Exports of goods,Exports of goods,Free on board (FOB),Millions,USD,1674039819.5933568,2023,True,Medium,Increasing
Rwanda,Exports of goods,Exports of goods,Free on board (FOB),Millions,USD,2313588903.843971,2024,True,Medium,Increasing
Rwanda,Exports of goods,Exports of goods,Free on board (FOB),Millions,USD,1574386236.3207712,2025,True,Medium,Decreasing
Rwanda,Imports of goods,Imports of goods,Cost insurance freight (CIF),Millions,USD,2946433267.4449177,2017,False,Medium,No Data
Rwanda,Imports of goods,Imports of goods,Cost insurance freight (CIF),Millions,USD,2955373334.962243,2018,False,Medium,Increasing
Rwanda,Imports of goods,Imports of goods,Cost insurance freight (CIF),Millions,USD,3139557748.758177,2019,False,Medium,Increasing
Rwanda,Imports of goods,Imports of goods,Cost insurance freight (CIF),Millions,USD,3530694423.333579,2020,False,Medium,Increasing
Rwanda,Imports of goods,Imports of goods,Cost insurance freight (CIF),Millions,USD,3851882762.974085,2021,False,Medium,Increasing
Rwanda,Imports of goods,Imports of goods,Cost insurance freight (CIF),Millions,USD,5144996580.825725,2022,False,Medium,Increasing
Rwanda,Imports of goods,Imports of goods,Cost insurance freight (CIF),Millions,USD,6108466356.439166,2023,False,Medium,Increasing
Rwanda,Imports of goods,Imports of goods,Cost insurance freight (CIF),Millions,USD,6345145956.791204,2024,False,Medium,Increasing
Rwanda,Imports of goods,Imports of goods,Cost insurance freight (CIF),Millions,USD,5509155699.512995,2025,False,Medium,Decreasing
Samoa,Exports of goods,Exports of goods,Free on board (FOB),Thousands,USD,56174976.197310254,2016,True,Medium,No Data
Samoa,Exports of goods,Exports of goods,Free on board (FOB),Thousands,USD,44073868.17291534,2017,True,Medium,Decreasing
Samoa,Exports of goods,Exports of goods,Free on board (FOB),Thousands,USD,45993446.87036766,2018,True,Medium,Increasing
Samoa,Exports of goods,Exports of goods,Free on board (FOB),Thousands,USD,49062439.64914097,2019,True,Medium,Increasing
Samoa,Exports of goods,Exports of goods,Free on board (FOB),Thousands,USD,37236369.68152368,2020,True,Medium,Decreasing
Samoa,Exports of goods,Exports of goods,Free on board (FOB),Thousands,USD,28825262.87445654,2021,True,Medium,Decreasing
Samoa,Exports of goods,Exports of goods,Free on board (FOB),Thousands,USD,41580005.74574684,2022,True,Medium,Increasing
Samoa,Exports of goods,Exports of goods,Free on board (FOB),Thousands,USD,42456848.3482402,2023,True,Medium,Increasing
Samoa,Exports of goods,Exports of goods,Free on board (FOB),Thousands,USD,41831955.4263354,2024,True,Medium,Decreasing
Samoa,Exports of goods,Exports of goods,Free on board (FOB),Thousands,USD,25749838.6700681,2025,True,Medium,Decreasing
Samoa,Imports of goods,Imports of goods,Cost insurance freight (CIF),Thousands,USD,350490445.5897628,2016,False,Medium,No Data
Samoa,Imports of goods,Imports of goods,Cost insurance freight (CIF),Thousands,USD,352799284.6720099,2017,False,Medium,Increasing
Samoa,Imports of goods,Imports of goods,Cost insurance freight (CIF),Thousands,USD,362755148.3738451,2018,False,Medium,Increasing
Samoa,Imports of goods,Imports of goods,Cost insurance freight (CIF),Thousands,USD,389005514.7694472,2019,False,Medium,Increasing
Samoa,Imports of goods,Imports of goods,Cost insurance freight (CIF),Thousands,USD,311570137.89601934,2020,False,Medium,Decreasing
Samoa,Imports of goods,Imports of goods,Cost insurance freight (CIF),Thousands,USD,367887805.19316995,2021,False,Medium,Increasing
Samoa,Imports of goods,Imports of goods,Cost insurance freight (CIF),Thousands,USD,439989287.2715346,2022,False,Medium,Increasing
Samoa,Imports of goods,Imports of goods,Cost insurance freight (CIF),Thousands,USD,468075823.7924403,2023,False,Medium,Increasing
Samoa,Imports of goods,Imports of goods,Cost insurance freight (CIF),Thousands,USD,482980976.864424,2024,False,Medium,Increasing
Samoa,Imports of goods,Imports of goods,Cost insurance freight (CIF),Thousands,USD,480132197.86295635,2025,False,Medium,Decreasing
"San Marino, Republic of",Exports of goods,Exports of goods,Free on board (FOB),Millions,USD,2417761682.4093227,2016,True,Medium,No Data
"San Marino, Republic of",Exports of goods,Exports of goods,Free on board (FOB),Millions,USD,2454610910.9036436,2017,True,Medium,Increasing
"San Marino, Republic of",Exports of goods,Exports of goods,Free on board (FOB),Millions,USD,2717790836.895524,2018,True,Medium,Increasing
"San Marino, Republic of",Exports of goods,Exports of goods,Free on board (FOB),Millions,USD,2713206946.937931,2019,True,Medium,Decreasing
"San Marino, Republic of",Exports of goods,Exports of goods,Free on board (FOB),Millions,USD,2496635351.791695,2020,True,Medium,Decreasing
"San Marino, Republic of",Exports of goods,Exports of goods,Free on board (FOB),Millions,USD,3196806290.82423,2021,True,Medium,Increasing
"San Marino, Republic of",Exports of goods,Exports of goods,Free on board (FOB),Millions,USD,3540560773.330144,2022,True,Medium,Increasing
"San Marino, Republic of",Exports of goods,Exports of goods,Free on board (FOB),Millions,USD,3702144176.371206,2023,True,Medium,Increasing
"San Marino, Republic of",Exports of goods,Exports of goods,Free on board (FOB),Millions,USD,3696337795.1732903,2024,True,Medium,Decreasing
"San Marino, Republic of",Exports of goods,Exports of goods,Free on board (FOB),Millions,USD,4012976765.5366983,2025,True,Medium,Increasing
"San Marino, Republic of",Imports of goods,Imports of goods,Cost insurance freight (CIF),Millions,USD,1907195744.5111558,2016,False,Medium,No Data
"San Marino, Republic of",Imports of goods,Imports of goods,Cost insurance freight (CIF),Millions,USD,1960469543.454207,2017,False,Medium,Increasing
"San Marino, Republic of",Imports of goods,Imports of goods,Cost insurance freight (CIF),Millions,USD,2089016118.802248,2018,False,Medium,Increasing
"San Marino, Republic of",Imports of goods,Imports of goods,Cost insurance freight (CIF),Millions,USD,2004909163.1737518,2019,False,Medium,Decreasing
"San Marino, Republic of",Imports of goods,Imports of goods,Cost insurance freight (CIF),Millions,USD,1879733971.666871,2020,False,Medium,Decreasing
"San Marino, Republic of",Imports of goods,Imports of goods,Cost insurance freight (CIF),Millions,USD,2497085382.1419044,2021,False,Medium,Increasing
"San Marino, Republic of",Imports of goods,Imports of goods,Cost insurance freight (CIF),Millions,USD,2768015866.812036,2022,False,Medium,Increasing
"San Marino, Republic of",Imports of goods,Imports of goods,Cost insurance freight (CIF),Millions,USD,2674643710.21321,2023,False,Medium,Decreasing
"San Marino, Republic of",Imports of goods,Imports of goods,Cost insurance freight (CIF),Millions,USD,2594300339.658666,2024,False,Medium,Decreasing
"San Marino, Republic of",Imports of goods,Imports of goods,Cost insurance freight (CIF),Millions,USD,2677787783.326739,2025,False,Medium,Increasing
Saudi Arabia,Exports of goods,Exports of goods,Free on board (FOB),Millions,USD,183579471830.9334,2016,True,High,No Data
Saudi Arabia,Exports of goods,Exports of goods,Free on board (FOB),Millions,USD,221835010088.0,2017,True,High,Increasing
Saudi Arabia,Exports of goods,Exports of goods,Free on board (FOB),Millions,USD,294373462930.9333,2018,True,High,Increasing
Saudi Arabia,Exports of goods,Exports of goods,Free on board (FOB),Millions,USD,261534308008.2666,2019,True,High,Decreasing
Saudi Arabia,Exports of goods,Exports of goods,Free on board (FOB),Millions,USD,173853856716.0,2020,True,High,Decreasing
Saudi Arabia,Exports of goods,Exports of goods,Free on board (FOB),Millions,USD,276179093526.39996,2021,True,High,Increasing
Saudi Arabia,Exports of goods,Exports of goods,Free on board (FOB),Millions,USD,411184230120.5333,2022,True,High,Increasing
Saudi Arabia,Exports of goods,Exports of goods,Free on board (FOB),Millions,USD,320018434729.6,2023,True,High,Decreasing
Saudi Arabia,Exports of goods,Exports of goods,Free on board (FOB),Millions,USD,305499394994.39996,2024,True,High,Decreasing
Saudi Arabia,Exports of goods,Exports of goods,Free on board (FOB),Millions,USD,311992318375.19995,2025,True,High,Increasing
Saudi Arabia,Imports of goods,Imports of goods,Cost insurance freight (CIF),Millions,USD,140169590081.0667,2016,False,High,No Data
Saudi Arabia,Imports of goods,Imports of goods,Cost insurance freight (CIF),Millions,USD,134519097796.53328,2017,False,High,Decreasing
Saudi Arabia,Imports of goods,Imports of goods,Cost insurance freight (CIF),Millions,USD,137064717386.40001,2018,False,High,Increasing
Saudi Arabia,Imports of goods,Imports of goods,Cost insurance freight (CIF),Millions,USD,144334712968.0,2019,False,High,Increasing
Saudi Arabia,Imports of goods,Imports of goods,Cost insurance freight (CIF),Millions,USD,137997491805.33328,2020,False,High,Decreasing
Saudi Arabia,Imports of goods,Imports of goods,Cost insurance freight (CIF),Millions,USD,152849372624.5333,2021,False,High,Increasing
Saudi Arabia,Imports of goods,Imports of goods,Cost insurance freight (CIF),Millions,USD,189876799671.4667,2022,False,High,Increasing
Saudi Arabia,Imports of goods,Imports of goods,Cost insurance freight (CIF),Millions,USD,206939802279.2001,2023,False,High,Increasing
Saudi Arabia,Imports of goods,Imports of goods,Cost insurance freight (CIF),Millions,USD,232806274861.06668,2024,False,High,Increasing
Saudi Arabia,Imports of goods,Imports of goods,Cost insurance freight (CIF),Millions,USD,253286709998.93332,2025,False,High,Increasing
Senegal,Exports of goods,Exports of goods,Free on board (FOB),Millions,USD,2621902272.390953,2016,True,Medium,No Data
Senegal,Exports of goods,Exports of goods,Free on board (FOB),Millions,USD,2998887377.487329,2017,True,Medium,Increasing
Senegal,Exports of goods,Exports of goods,Free on board (FOB),Millions,USD,3623336797.7005053,2018,True,Medium,Increasing
Senegal,Exports of goods,Exports of goods,Free on board (FOB),Millions,USD,4179234269.530485,2019,True,Medium,Increasing
Senegal,Exports of goods,Exports of goods,Free on board (FOB),Millions,USD,3927965296.628838,2020,True,Medium,Decreasing
Senegal,Exports of goods,Exports of goods,Free on board (FOB),Millions,USD,5194857127.092696,2021,True,Medium,Increasing
Senegal,Exports of goods,Exports of goods,Free on board (FOB),Millions,USD,5709543961.191312,2022,True,Medium,Increasing
Senegal,Exports of goods,Exports of goods,Free on board (FOB),Millions,USD,5316166328.304361,2023,True,Medium,Decreasing
Senegal,Exports of goods,Exports of goods,Free on board (FOB),Millions,USD,6443142587.38946,2024,True,Medium,Increasing
Senegal,Exports of goods,Exports of goods,Free on board (FOB),Millions,USD,10239376038.32842,2025,True,High,Increasing
Senegal,Imports of goods,Imports of goods,Cost insurance freight (CIF),Millions,USD,5434456232.952575,2016,False,Medium,No Data
Senegal,Imports of goods,Imports of goods,Cost insurance freight (CIF),Millions,USD,6743863772.777482,2017,False,Medium,Increasing
Senegal,Imports of goods,Imports of goods,Cost insurance freight (CIF),Millions,USD,8073704553.702767,2018,False,Medium,Increasing
Senegal,Imports of goods,Imports of goods,Cost insurance freight (CIF),Millions,USD,8145009780.882319,2019,False,Medium,Increasing
Senegal,Imports of goods,Imports of goods,Cost insurance freight (CIF),Millions,USD,7812731326.674104,2020,False,Medium,Decreasing
Senegal,Imports of goods,Imports of goods,Cost insurance freight (CIF),Millions,USD,9677420036.86944,2021,False,High,Increasing
Senegal,Imports of goods,Imports of goods,Cost insurance freight (CIF),Millions,USD,12064389841.084631,2022,False,High,Increasing
Senegal,Imports of goods,Imports of goods,Cost insurance freight (CIF),Millions,USD,11886025929.40797,2023,False,High,Decreasing
Senegal,Imports of goods,Imports of goods,Cost insurance freight (CIF),Millions,USD,11808976121.75119,2024,False,High,Decreasing
Senegal,Imports of goods,Imports of goods,Cost insurance freight (CIF),Millions,USD,12521027012.13209,2025,False,High,Increasing
"Serbia, Republic of",Exports of goods,Exports of goods,Free on board (FOB),Millions,USD,14873000000.0,2016,True,High,No Data
"Serbia, Republic of",Exports of goods,Exports of goods,Free on board (FOB),Millions,USD,16992000000.0,2017,True,High,Increasing
"Serbia, Republic of",Exports of goods,Exports of goods,Free on board (FOB),Millions,USD,19229000000.0,2018,True,High,Increasing
"Serbia, Republic of",Exports of goods,Exports of goods,Free on board (FOB),Millions,USD,19631000000.0,2019,True,High,Increasing
"Serbia, Republic of",Exports of goods,Exports of goods,Free on board (FOB),Millions,USD,19498000000.0,2020,True,High,Decreasing
"Serbia, Republic of",Exports of goods,Exports of goods,Free on board (FOB),Millions,USD,25565000000.0,2021,True,High,Increasing
"Serbia, Republic of",Exports of goods,Exports of goods,Free on board (FOB),Millions,USD,29056000000.0,2022,True,High,Increasing
"Serbia, Republic of",Exports of goods,Exports of goods,Free on board (FOB),Millions,USD,30933000000.0,2023,True,High,Increasing
"Serbia, Republic of",Exports of goods,Exports of goods,Free on board (FOB),Millions,USD,31587000000.0,2024,True,High,Increasing
"Serbia, Republic of",Exports of goods,Exports of goods,Free on board (FOB),Millions,USD,37313000000.0,2025,True,High,Increasing
"Serbia, Republic of","Exports of goods, Volume index",Exports of goods,Free on board (FOB),Units,Not Applicable,159.2306718967481,2016,True,Low,No Data
"Serbia, Republic of","Exports of goods, Volume index",Exports of goods,Free on board (FOB),Units,Not Applicable,175.540933822599,2017,True,Medium,Increasing
"Serbia, Republic of","Exports of goods, Volume index",Exports of goods,Free on board (FOB),Units,Not Applicable,191.7499683664431,2018,True,Medium,Increasing
"Serbia, Republic of","Exports of goods, Volume index",Exports of goods,Free on board (FOB),Units,Not Applicable,199.6710110084778,2019,True,Medium,Increasing
"Serbia, Republic of","Exports of goods, Volume index",Exports of goods,Free on board (FOB),Units,Not Applicable,195.6978362647096,2020,True,Medium,Decreasing
"Serbia, Republic of","Exports of goods, Volume index",Exports of goods,Free on board (FOB),Units,Not Applicable,226.5974946222953,2021,True,Medium,Increasing
"Serbia, Republic of","Exports of goods, Volume index",Exports of goods,Free on board (FOB),Units,Not Applicable,240.1999240794635,2022,True,Medium,Increasing
"Serbia, Republic of","Exports of goods, Volume index",Exports of goods,Free on board (FOB),Units,Not Applicable,262.1283057066936,2023,True,Medium,Increasing
"Serbia, Republic of","Exports of goods, Volume index",Exports of goods,Free on board (FOB),Units,Not Applicable,268.6195115778818,2024,True,Medium,Increasing
"Serbia, Republic of","Exports of goods, Volume index",Exports of goods,Free on board (FOB),Units,Not Applicable,306.845501708212,2025,True,Medium,Increasing
"Serbia, Republic of",Imports of goods,Imports of goods,Cost insurance freight (CIF),Millions,USD,19246000000.0,2016,False,High,No Data
"Serbia, Republic of",Imports of goods,Imports of goods,Cost insurance freight (CIF),Millions,USD,21946000000.0,2017,False,High,Increasing
"Serbia, Republic of",Imports of goods,Imports of goods,Cost insurance freight (CIF),Millions,USD,25883000000.0,2018,False,High,Increasing
"Serbia, Republic of",Imports of goods,Imports of goods,Cost insurance freight (CIF),Millions,USD,26731000000.0,2019,False,High,Increasing
"Serbia, Republic of",Imports of goods,Imports of goods,Cost insurance freight (CIF),Millions,USD,26233000000.0,2020,False,High,Decreasing
"Serbia, Republic of",Imports of goods,Imports of goods,Cost insurance freight (CIF),Millions,USD,33797000000.0,2021,False,High,Increasing
"Serbia, Republic of",Imports of goods,Imports of goods,Cost insurance freight (CIF),Millions,USD,41150000000.0,2022,False,High,Increasing
"Serbia, Republic of",Imports of goods,Imports of goods,Cost insurance freight (CIF),Millions,USD,39835000000.0,2023,False,High,Decreasing
"Serbia, Republic of",Imports of goods,Imports of goods,Cost insurance freight (CIF),Millions,USD,42247000000.0,2024,False,High,Increasing
"Serbia, Republic of",Imports of goods,Imports of goods,Cost insurance freight (CIF),Millions,USD,47226000000.0,2025,False,High,Increasing
"Serbia, Republic of","Imports of goods, Volume index",Imports of goods,Cost insurance freight (CIF),Units,Not Applicable,128.3591527031299,2016,False,Low,No Data
"Serbia, Republic of","Imports of goods, Volume index",Imports of goods,Cost insurance freight (CIF),Units,Not Applicable,138.3970913689535,2017,False,Low,Increasing
"Serbia, Republic of","Imports of goods, Volume index",Imports of goods,Cost insurance freight (CIF),Units,Not Applicable,155.1059121087575,2018,False,Low,Increasing
"Serbia, Republic of","Imports of goods, Volume index",Imports of goods,Cost insurance freight (CIF),Units,Not Applicable,165.3177363262725,2019,False,Medium,Increasing
"Serbia, Republic of","Imports of goods, Volume index",Imports of goods,Cost insurance freight (CIF),Units,Not Applicable,164.4325007903889,2020,False,Low,Decreasing
"Serbia, Republic of","Imports of goods, Volume index",Imports of goods,Cost insurance freight (CIF),Units,Not Applicable,181.1729370850458,2021,False,Medium,Increasing
"Serbia, Republic of","Imports of goods, Volume index",Imports of goods,Cost insurance freight (CIF),Units,Not Applicable,197.5181789440405,2022,False,Medium,Increasing
"Serbia, Republic of","Imports of goods, Volume index",Imports of goods,Cost insurance freight (CIF),Units,Not Applicable,208.4887764780272,2023,False,Medium,Increasing
"Serbia, Republic of","Imports of goods, Volume index",Imports of goods,Cost insurance freight (CIF),Units,Not Applicable,223.1900094846665,2024,False,Medium,Increasing
"Serbia, Republic of","Imports of goods, Volume index",Imports of goods,Cost insurance freight (CIF),Units,Not Applicable,244.4830856781537,2025,False,Medium,Increasing
Seychelles,Exports of goods,Exports of goods,Free on board (FOB),Millions,USD,460000000.0,2016,True,Medium,No Data
Seychelles,Exports of goods,Exports of goods,Free on board (FOB),Millions,USD,547000000.0,2017,True,Medium,Increasing
Seychelles,Exports of goods,Exports of goods,Free on board (FOB),Millions,USD,569000000.0,2018,True,Medium,Increasing
Seychelles,Exports of goods,Exports of goods,Free on board (FOB),Millions,USD,518000000.0,2019,True,Medium,Decreasing
Seychelles,Exports of goods,Exports of goods,Free on board (FOB),Millions,USD,432000000.0,2020,True,Medium,Decreasing
Seychelles,Exports of goods,Exports of goods,Free on board (FOB),Millions,USD,464000000.0,2021,True,Medium,Increasing
Seychelles,Exports of goods,Exports of goods,Free on board (FOB),Millions,USD,537000000.0,2022,True,Medium,Increasing
Seychelles,Exports of goods,Exports of goods,Free on board (FOB),Millions,USD,541000000.0,2023,True,Medium,Increasing
Seychelles,Exports of goods,Exports of goods,Free on board (FOB),Millions,USD,557000000.0,2024,True,Medium,Increasing
Seychelles,Exports of goods,Exports of goods,Free on board (FOB),Millions,USD,550000000.0,2025,True,Medium,Decreasing
Seychelles,Imports of goods,Imports of goods,Cost insurance freight (CIF),Millions,USD,1040000000.0,2016,False,Medium,No Data
Seychelles,Imports of goods,Imports of goods,Cost insurance freight (CIF),Millions,USD,1302000000.0,2017,False,Medium,Increasing
Seychelles,Imports of goods,Imports of goods,Cost insurance freight (CIF),Millions,USD,1271000000.0,2018,False,Medium,Decreasing
Seychelles,Imports of goods,Imports of goods,Cost insurance freight (CIF),Millions,USD,1167000000.0,2019,False,Medium,Decreasing
Seychelles,Imports of goods,Imports of goods,Cost insurance freight (CIF),Millions,USD,1004000000.0,2020,False,Medium,Decreasing
Seychelles,Imports of goods,Imports of goods,Cost insurance freight (CIF),Millions,USD,1133000000.0,2021,False,Medium,Increasing
Seychelles,Imports of goods,Imports of goods,Cost insurance freight (CIF),Millions,USD,1364000000.0,2022,False,Medium,Increasing
Seychelles,Imports of goods,Imports of goods,Cost insurance freight (CIF),Millions,USD,1451000000.0,2023,False,Medium,Increasing
Seychelles,Imports of goods,Imports of goods,Cost insurance freight (CIF),Millions,USD,1446000000.0,2024,False,Medium,Decreasing
Seychelles,Imports of goods,Imports of goods,Cost insurance freight (CIF),Millions,USD,1520000000.0,2025,False,Medium,Increasing
Sierra Leone,Exports of goods,Exports of goods,Free on board (FOB),Millions,USD,624000000.0,2016,True,Medium,No Data
Sierra Leone,Exports of goods,Exports of goods,Free on board (FOB),Millions,USD,567000000.0,2017,True,Medium,Decreasing
Sierra Leone,Exports of goods,Exports of goods,Free on board (FOB),Millions,USD,554000000.0,2018,True,Medium,Decreasing
Sierra Leone,Exports of goods,Exports of goods,Free on board (FOB),Millions,USD,635000000.0,2019,True,Medium,Increasing
Sierra Leone,Exports of goods,Exports of goods,Free on board (FOB),Millions,USD,423000000.0,2020,True,Medium,Decreasing
Sierra Leone,Exports of goods,Exports of goods,Free on board (FOB),Millions,USD,697000000.0,2021,True,Medium,Increasing
Sierra Leone,Exports of goods,Exports of goods,Free on board (FOB),Millions,USD,1059000000.0,2022,True,Medium,Increasing
Sierra Leone,Exports of goods,Exports of goods,Free on board (FOB),Millions,USD,1328000000.0,2023,True,Medium,Increasing
Sierra Leone,Exports of goods,Exports of goods,Free on board (FOB),Millions,USD,1437000000.0,2024,True,Medium,Increasing
Sierra Leone,Exports of goods,Exports of goods,Free on board (FOB),Millions,USD,1534000000.0,2025,True,Medium,Increasing
Sierra Leone,Imports of goods,Imports of goods,Cost insurance freight (CIF),Millions,USD,1068000000.0,2016,False,Medium,No Data
Sierra Leone,Imports of goods,Imports of goods,Cost insurance freight (CIF),Millions,USD,1301000000.0,2017,False,Medium,Increasing
Sierra Leone,Imports of goods,Imports of goods,Cost insurance freight (CIF),Millions,USD,1354000000.0,2018,False,Medium,Increasing
Sierra Leone,Imports of goods,Imports of goods,Cost insurance freight (CIF),Millions,USD,1502000000.0,2019,False,Medium,Increasing
Sierra Leone,Imports of goods,Imports of goods,Cost insurance freight (CIF),Millions,USD,2146000000.0,2020,False,Medium,Increasing
Sierra Leone,Imports of goods,Imports of goods,Cost insurance freight (CIF),Millions,USD,1803000000.0,2021,False,Medium,Decreasing
Sierra Leone,Imports of goods,Imports of goods,Cost insurance freight (CIF),Millions,USD,1966000000.0,2022,False,Medium,Increasing
Sierra Leone,Imports of goods,Imports of goods,Cost insurance freight (CIF),Millions,USD,1922000000.0,2023,False,Medium,Decreasing
Sierra Leone,Imports of goods,Imports of goods,Cost insurance freight (CIF),Millions,USD,2049000000.0,2024,False,Medium,Increasing
Sierra Leone,Imports of goods,Imports of goods,Cost insurance freight (CIF),Millions,USD,1893000000.0,2025,False,Medium,Decreasing
Singapore,Exports of goods,Exports of goods,Free on board (FOB),Millions,USD,338081959535.7403,2016,True,High,No Data
Singapore,Exports of goods,Exports of goods,Free on board (FOB),Millions,USD,373236667619.0104,2017,True,High,Increasing
Singapore,Exports of goods,Exports of goods,Free on board (FOB),Millions,USD,411759474304.4522,2018,True,High,Increasing
Singapore,Exports of goods,Exports of goods,Free on board (FOB),Millions,USD,390340987457.9366,2019,True,High,Decreasing
Singapore,Exports of goods,Exports of goods,Free on board (FOB),Millions,USD,357952717305.9403,2020,True,High,Decreasing
Singapore,Exports of goods,Exports of goods,Free on board (FOB),Millions,USD,406040986093.7436,2021,True,High,Increasing
Singapore,Exports of goods,Exports of goods,Free on board (FOB),Millions,USD,475243795062.4873,2022,True,High,Increasing
Singapore,Exports of goods,Exports of goods,Free on board (FOB),Millions,USD,422354455414.8727,2023,True,High,Decreasing
Singapore,Exports of goods,Exports of goods,Free on board (FOB),Millions,USD,488781780631.6187,2024,True,High,Increasing
Singapore,Exports of goods,Exports of goods,Free on board (FOB),Millions,USD,566872000000.0,2025,True,High,Increasing
Singapore,"Exports of goods, Volume index",Exports of goods,Free on board (FOB),Units,Not Applicable,114.2293845362592,2016,True,Low,No Data
Singapore,"Exports of goods, Volume index",Exports of goods,Free on board (FOB),Units,Not Applicable,120.7954740270873,2017,True,Low,Increasing
Singapore,"Exports of goods, Volume index",Exports of goods,Free on board (FOB),Units,Not Applicable,125.2528715926624,2018,True,Low,Increasing
Singapore,"Exports of goods, Volume index",Exports of goods,Free on board (FOB),Units,Not Applicable,121.3269329675981,2019,True,Low,Decreasing
Singapore,"Exports of goods, Volume index",Exports of goods,Free on board (FOB),Units,Not Applicable,125.064289387965,2020,True,Low,Increasing
Singapore,"Exports of goods, Volume index",Exports of goods,Free on board (FOB),Units,Not Applicable,135.8477627292988,2021,True,Low,Increasing
Singapore,"Exports of goods, Volume index",Exports of goods,Free on board (FOB),Units,Not Applicable,139.6022629864564,2022,True,Low,Increasing
Singapore,"Exports of goods, Volume index",Exports of goods,Free on board (FOB),Units,Not Applicable,131.8532487570718,2023,True,Low,Decreasing
Singapore,"Exports of goods, Volume index",Exports of goods,Free on board (FOB),Units,Not Applicable,146.0483456197497,2024,True,Low,Increasing
Singapore,"Exports of goods, Volume index",Exports of goods,Free on board (FOB),Units,Not Applicable,167.5467169552546,2025,True,Medium,Increasing
Singapore,Imports of goods,Imports of goods,Cost insurance freight (CIF),Millions,USD,291908307931.6585,2016,False,High,No Data
Singapore,Imports of goods,Imports of goods,Cost insurance freight (CIF),Millions,USD,327688779047.31573,2017,False,High,Increasing
Singapore,Imports of goods,Imports of goods,Cost insurance freight (CIF),Millions,USD,370503679740.9217,2018,False,High,Increasing
Singapore,Imports of goods,Imports of goods,Cost insurance freight (CIF),Millions,USD,358983650303.33276,2019,False,High,Decreasing
Singapore,Imports of goods,Imports of goods,Cost insurance freight (CIF),Millions,USD,345297227897.4004,2020,False,High,Decreasing
Singapore,Imports of goods,Imports of goods,Cost insurance freight (CIF),Millions,USD,456805056283.8062,2021,False,High,Increasing
Singapore,Imports of goods,Imports of goods,Cost insurance freight (CIF),Millions,USD,514873675927.2489,2022,False,High,Increasing
Singapore,Imports of goods,Imports of goods,Cost insurance freight (CIF),Millions,USD,475305493781.944,2023,False,High,Decreasing
Singapore,Imports of goods,Imports of goods,Cost insurance freight (CIF),Millions,USD,475612118148.5107,2024,False,High,Increasing
Singapore,Imports of goods,Imports of goods,Cost insurance freight (CIF),Millions,USD,505838000000.0,2025,False,High,Increasing
Singapore,"Imports of goods, Volume index",Imports of goods,Cost insurance freight (CIF),Units,Not Applicable,113.9588918677391,2016,False,Low,No Data
Singapore,"Imports of goods, Volume index",Imports of goods,Cost insurance freight (CIF),Units,Not Applicable,120.6255585344057,2017,False,Low,Increasing
Singapore,"Imports of goods, Volume index",Imports of goods,Cost insurance freight (CIF),Units,Not Applicable,126.2913315460232,2018,False,Low,Increasing
Singapore,"Imports of goods, Volume index",Imports of goods,Cost insurance freight (CIF),Units,Not Applicable,124.5576407506702,2019,False,Low,Decreasing
Singapore,"Imports of goods, Volume index",Imports of goods,Cost insurance freight (CIF),Units,Not Applicable,122.3949955317248,2020,False,Low,Decreasing
Singapore,"Imports of goods, Volume index",Imports of goods,Cost insurance freight (CIF),Units,Not Applicable,133.3512064343164,2021,False,Low,Increasing
Singapore,"Imports of goods, Volume index",Imports of goods,Cost insurance freight (CIF),Units,Not Applicable,143.1277926720286,2022,False,Low,Increasing
Singapore,"Imports of goods, Volume index",Imports of goods,Cost insurance freight (CIF),Units,Not Applicable,129.3297587131367,2023,False,Low,Decreasing
Singapore,"Imports of goods, Volume index",Imports of goods,Cost insurance freight (CIF),Units,Not Applicable,145.5049151027703,2024,False,Low,Increasing
Singapore,"Imports of goods, Volume index",Imports of goods,Cost insurance freight (CIF),Units,Not Applicable,163.4137622877569,2025,False,Low,Increasing
Slovak Republic,Exports of goods,Exports of goods,Free on board (FOB),Millions,USD,77059000000.0,2016,True,High,No Data
Slovak Republic,Exports of goods,Exports of goods,Free on board (FOB),Millions,USD,83414000000.0,2017,True,High,Increasing
Slovak Republic,Exports of goods,Exports of goods,Free on board (FOB),Millions,USD,93425000000.0,2018,True,High,Increasing
Slovak Republic,Exports of goods,Exports of goods,Free on board (FOB),Millions,USD,89508000000.0,2019,True,High,Decreasing
Slovak Republic,Exports of goods,Exports of goods,Free on board (FOB),Millions,USD,86639000000.0,2020,True,High,Decreasing
Slovak Republic,Exports of goods,Exports of goods,Free on board (FOB),Millions,USD,103892000000.0,2021,True,High,Increasing
Slovak Republic,Exports of goods,Exports of goods,Free on board (FOB),Millions,USD,108385000000.0,2022,True,High,Increasing
Slovak Republic,Exports of goods,Exports of goods,Free on board (FOB),Millions,USD,117496000000.0,2023,True,High,Increasing
Slovak Republic,Exports of goods,Exports of goods,Free on board (FOB),Millions,USD,115794000000.0,2024,True,High,Decreasing
Slovak Republic,Exports of goods,Exports of goods,Free on board (FOB),Millions,USD,125599000000.0,2025,True,High,Increasing
Slovak Republic,"Exports of goods, Volume index",Exports of goods,Free on board (FOB),Units,Not Applicable,135.9080459770115,2016,True,Low,No Data
Slovak Republic,"Exports of goods, Volume index",Exports of goods,Free on board (FOB),Units,Not Applicable,137.2988505747126,2017,True,Low,Increasing
Slovak Republic,"Exports of goods, Volume index",Exports of goods,Free on board (FOB),Units,Not Applicable,141.0459770114942,2018,True,Low,Increasing
Slovak Republic,"Exports of goods, Volume index",Exports of goods,Free on board (FOB),Units,Not Applicable,134.8275862068965,2019,True,Low,Decreasing
Slovak Republic,"Exports of goods, Volume index",Exports of goods,Free on board (FOB),Units,Not Applicable,125.0344827586207,2020,True,Low,Decreasing
Slovak Republic,"Exports of goods, Volume index",Exports of goods,Free on board (FOB),Units,Not Applicable,133.632183908046,2021,True,Low,Increasing
Slovak Republic,"Exports of goods, Volume index",Exports of goods,Free on board (FOB),Units,Not Applicable,136.1724137931034,2022,True,Low,Increasing
Slovak Republic,"Exports of goods, Volume index",Exports of goods,Free on board (FOB),Units,Not Applicable,139.2643678160919,2023,True,Low,Increasing
Slovak Republic,"Exports of goods, Volume index",Exports of goods,Free on board (FOB),Units,Not Applicable,135.6436781609195,2024,True,Low,Decreasing
Slovak Republic,"Exports of goods, Volume index",Exports of goods,Free on board (FOB),Units,Not Applicable,141.2758620689655,2025,True,Low,Increasing
Slovak Republic,Import price index,Imports of goods,Cost insurance freight (CIF),Units,Not Applicable,89.43551709929956,2016,False,Low,No Data
Slovak Republic,Import price index,Imports of goods,Cost insurance freight (CIF),Units,Not Applicable,91.536876802637,2017,False,Low,Increasing
Slovak Republic,Import price index,Imports of goods,Cost insurance freight (CIF),Units,Not Applicable,95.48413679439636,2018,False,Low,Increasing
Slovak Republic,Import price index,Imports of goods,Cost insurance freight (CIF),Units,Not Applicable,93.16028018129376,2019,False,Low,Decreasing
Slovak Republic,Import price index,Imports of goods,Cost insurance freight (CIF),Units,Not Applicable,89.6580140090647,2020,False,Low,Decreasing
Slovak Republic,Import price index,Imports of goods,Cost insurance freight (CIF),Units,Not Applicable,98.89575607746184,2021,False,Low,Increasing
Slovak Republic,Import price index,Imports of goods,Cost insurance freight (CIF),Units,Not Applicable,119.7033374536465,2022,False,Low,Increasing
Slovak Republic,Import price index,Imports of goods,Cost insurance freight (CIF),Units,Not Applicable,113.8195302843016,2023,False,Low,Decreasing
Slovak Republic,Import price index,Imports of goods,Cost insurance freight (CIF),Units,Not Applicable,108.6773794808405,2024,False,Low,Decreasing
Slovak Republic,Import price index,Imports of goods,Cost insurance freight (CIF),Units,Not Applicable,107.9274824886691,2025,False,Low,Decreasing
Slovak Republic,Imports of goods,Imports of goods,Cost insurance freight (CIF),Millions,USD,74678000000.0,2016,False,High,No Data
Slovak Republic,Imports of goods,Imports of goods,Cost insurance freight (CIF),Millions,USD,81616000000.0,2017,False,High,Increasing
Slovak Republic,Imports of goods,Imports of goods,Cost insurance freight (CIF),Millions,USD,92901000000.0,2018,False,High,Increasing
Slovak Republic,Imports of goods,Imports of goods,Cost insurance freight (CIF),Millions,USD,90001000000.0,2019,False,High,Decreasing
Slovak Republic,Imports of goods,Imports of goods,Cost insurance freight (CIF),Millions,USD,84395000000.0,2020,False,High,Decreasing
Slovak Republic,Imports of goods,Imports of goods,Cost insurance freight (CIF),Millions,USD,103891000000.0,2021,False,High,Increasing
Slovak Republic,Imports of goods,Imports of goods,Cost insurance freight (CIF),Millions,USD,112467000000.0,2022,False,High,Increasing
Slovak Republic,Imports of goods,Imports of goods,Cost insurance freight (CIF),Millions,USD,113523000000.0,2023,False,High,Increasing
Slovak Republic,Imports of goods,Imports of goods,Cost insurance freight (CIF),Millions,USD,113804000000.0,2024,False,High,Increasing
Slovak Republic,Imports of goods,Imports of goods,Cost insurance freight (CIF),Millions,USD,122640000000.0,2025,False,High,Increasing
Slovak Republic,"Imports of goods, Volume index",Imports of goods,Cost insurance freight (CIF),Units,Not Applicable,123.6054517352817,2016,False,Low,No Data
Slovak Republic,"Imports of goods, Volume index",Imports of goods,Cost insurance freight (CIF),Units,Not Applicable,126.2189124631165,2017,False,Low,Increasing
Slovak Republic,"Imports of goods, Volume index",Imports of goods,Cost insurance freight (CIF),Units,Not Applicable,131.4177321905297,2018,False,Low,Increasing
Slovak Republic,"Imports of goods, Volume index",Imports of goods,Cost insurance freight (CIF),Units,Not Applicable,125.0526907404805,2019,False,Low,Decreasing
Slovak Republic,"Imports of goods, Volume index",Imports of goods,Cost insurance freight (CIF),Units,Not Applicable,114.5847969650133,2020,False,Low,Decreasing
Slovak Republic,"Imports of goods, Volume index",Imports of goods,Cost insurance freight (CIF),Units,Not Applicable,120.5564142194745,2021,False,Low,Increasing
Slovak Republic,"Imports of goods, Volume index",Imports of goods,Cost insurance freight (CIF),Units,Not Applicable,121.4135169312913,2022,False,Low,Increasing
Slovak Republic,"Imports of goods, Volume index",Imports of goods,Cost insurance freight (CIF),Units,Not Applicable,119.1934803990445,2023,False,Low,Decreasing
Slovak Republic,"Imports of goods, Volume index",Imports of goods,Cost insurance freight (CIF),Units,Not Applicable,118.8562596599691,2024,False,Low,Decreasing
Slovak Republic,"Imports of goods, Volume index",Imports of goods,Cost insurance freight (CIF),Units,Not Applicable,123.2682309962063,2025,False,Low,Increasing
"Slovenia, Republic of",Export price index (EPI),Exports of goods,Free on board (FOB),Units,Not Applicable,104.3393965031021,2016,True,Low,No Data
"Slovenia, Republic of",Export price index (EPI),Exports of goods,Free on board (FOB),Units,Not Applicable,107.4256204173716,2017,True,Low,Increasing
"Slovenia, Republic of",Export price index (EPI),Exports of goods,Free on board (FOB),Units,Not Applicable,109.8077058657643,2018,True,Low,Increasing
"Slovenia, Republic of",Export price index (EPI),Exports of goods,Free on board (FOB),Units,Not Applicable,109.2727721376198,2019,True,Low,Decreasing
"Slovenia, Republic of",Export price index (EPI),Exports of goods,Free on board (FOB),Units,Not Applicable,107.9808234630569,2020,True,Low,Decreasing
"Slovenia, Republic of",Export price index (EPI),Exports of goods,Free on board (FOB),Units,Not Applicable,113.3768683023125,2021,True,Low,Increasing
"Slovenia, Republic of",Exports of goods,Exports of goods,Free on board (FOB),Thousands,USD,32918000000.0,2016,True,High,No Data
"Slovenia, Republic of",Exports of goods,Exports of goods,Free on board (FOB),Thousands,USD,38441000000.0,2017,True,High,Increasing
"Slovenia, Republic of",Exports of goods,Exports of goods,Free on board (FOB),Thousands,USD,44202000000.0,2018,True,High,Increasing
"Slovenia, Republic of",Exports of goods,Exports of goods,Free on board (FOB),Thousands,USD,44944000000.0,2019,True,High,Increasing
"Slovenia, Republic of",Exports of goods,Exports of goods,Free on board (FOB),Thousands,USD,44833000000.0,2020,True,High,Decreasing
"Slovenia, Republic of",Exports of goods,Exports of goods,Free on board (FOB),Thousands,USD,57351000000.0,2021,True,High,Increasing
"Slovenia, Republic of",Exports of goods,Exports of goods,Free on board (FOB),Thousands,USD,69715000000.0,2022,True,High,Increasing
"Slovenia, Republic of",Exports of goods,Exports of goods,Free on board (FOB),Thousands,USD,73045000000.0,2023,True,High,Increasing
"Slovenia, Republic of",Exports of goods,Exports of goods,Free on board (FOB),Thousands,USD,78906000000.0,2024,True,High,Increasing
"Slovenia, Republic of",Exports of goods,Exports of goods,Free on board (FOB),Thousands,USD,96710000000.0,2025,True,High,Increasing
"Slovenia, Republic of","Exports of goods, Volume index",Exports of goods,Free on board (FOB),Units,Not Applicable,127.1144278606965,2016,True,Low,No Data
"Slovenia, Republic of","Exports of goods, Volume index",Exports of goods,Free on board (FOB),Units,Not Applicable,138.2196162046908,2017,True,Low,Increasing
"Slovenia, Republic of","Exports of goods, Volume index",Exports of goods,Free on board (FOB),Units,Not Applicable,147.3525230987918,2018,True,Low,Increasing
"Slovenia, Republic of","Exports of goods, Volume index",Exports of goods,Free on board (FOB),Units,Not Applicable,153.7668798862829,2019,True,Low,Increasing
"Slovenia, Republic of","Exports of goods, Volume index",Exports of goods,Free on board (FOB),Units,Not Applicable,149.2892679459844,2020,True,Low,Decreasing
"Slovenia, Republic of","Exports of goods, Volume index",Exports of goods,Free on board (FOB),Units,Not Applicable,164.7299218194741,2021,True,Medium,Increasing
"Slovenia, Republic of","Exports of goods, Volume index",Exports of goods,Free on board (FOB),Units,Not Applicable,173.0987917555082,2022,True,Medium,Increasing
"Slovenia, Republic of","Exports of goods, Volume index",Exports of goods,Free on board (FOB),Units,Not Applicable,171.8905472636816,2023,True,Medium,Decreasing
"Slovenia, Republic of","Exports of goods, Volume index",Exports of goods,Free on board (FOB),Units,Not Applicable,179.3532338308458,2024,True,Medium,Increasing
"Slovenia, Republic of","Exports of goods, Volume index",Exports of goods,Free on board (FOB),Units,Not Applicable,195.2914001421464,2025,True,Medium,Increasing
"Slovenia, Republic of",Import price index,Imports of goods,Cost insurance freight (CIF),Units,Not Applicable,103.47406751304,2016,False,Low,No Data
"Slovenia, Republic of",Import price index,Imports of goods,Cost insurance freight (CIF),Units,Not Applicable,106.9776596791655,2017,False,Low,Increasing
"Slovenia, Republic of",Import price index,Imports of goods,Cost insurance freight (CIF),Units,Not Applicable,109.6250369058164,2018,False,Low,Increasing
"Slovenia, Republic of",Import price index,Imports of goods,Cost insurance freight (CIF),Units,Not Applicable,108.9951776399961,2019,False,Low,Decreasing
"Slovenia, Republic of",Import price index,Imports of goods,Cost insurance freight (CIF),Units,Not Applicable,105.1963389430174,2020,False,Low,Decreasing
"Slovenia, Republic of",Import price index,Imports of goods,Cost insurance freight (CIF),Units,Not Applicable,118.1084538923335,2021,False,Low,Increasing
"Slovenia, Republic of",Import price index,Imports of goods,Cost insurance freight (CIF),Units,Not Applicable,146.1863989764788,2022,False,Low,Increasing
"Slovenia, Republic of",Import price index,Imports of goods,Cost insurance freight (CIF),Units,Not Applicable,144.6019092608996,2023,False,Low,Decreasing
"Slovenia, Republic of",Import price index,Imports of goods,Cost insurance freight (CIF),Units,Not Applicable,141.1475248499163,2024,False,Low,Decreasing
"Slovenia, Republic of",Import price index,Imports of goods,Cost insurance freight (CIF),Units,Not Applicable,139.6417675425646,2025,False,Low,Decreasing
"Slovenia, Republic of",Imports of goods,Imports of goods,Cost insurance freight (CIF),Thousands,USD,30536000000.0,2016,False,High,No Data
"Slovenia, Republic of",Imports of goods,Imports of goods,Cost insurance freight (CIF),Thousands,USD,36079000000.0,2017,False,High,Increasing
"Slovenia, Republic of",Imports of goods,Imports of goods,Cost insurance freight (CIF),Thousands,USD,42268000000.0,2018,False,High,Increasing
"Slovenia, Republic of",Imports of goods,Imports of goods,Cost insurance freight (CIF),Thousands,USD,44008000000.0,2019,False,High,Increasing
"Slovenia, Republic of",Imports of goods,Imports of goods,Cost insurance freight (CIF),Thousands,USD,42226000000.0,2020,False,High,Decreasing
"Slovenia, Republic of",Imports of goods,Imports of goods,Cost insurance freight (CIF),Thousands,USD,57561000000.0,2021,False,High,Increasing
"Slovenia, Republic of",Imports of goods,Imports of goods,Cost insurance freight (CIF),Thousands,USD,69762000000.0,2022,False,High,Increasing
"Slovenia, Republic of",Imports of goods,Imports of goods,Cost insurance freight (CIF),Thousands,USD,71634000000.0,2023,False,High,Increasing
"Slovenia, Republic of",Imports of goods,Imports of goods,Cost insurance freight (CIF),Thousands,USD,84454000000.0,2024,False,High,Increasing
"Slovenia, Republic of",Imports of goods,Imports of goods,Cost insurance freight (CIF),Thousands,USD,92573000000.0,2025,False,High,Increasing
"Slovenia, Republic of","Imports of goods, Volume index",Imports of goods,Cost insurance freight (CIF),Units,Not Applicable,115.9480323856148,2016,False,Low,No Data
"Slovenia, Republic of","Imports of goods, Volume index",Imports of goods,Cost insurance freight (CIF),Units,Not Applicable,126.5110148747882,2017,False,Low,Increasing
"Slovenia, Republic of","Imports of goods, Volume index",Imports of goods,Cost insurance freight (CIF),Units,Not Applicable,135.3040858595368,2018,False,Low,Increasing
"Slovenia, Republic of","Imports of goods, Volume index",Imports of goods,Cost insurance freight (CIF),Units,Not Applicable,145.4340048954999,2019,False,Low,Increasing
"Slovenia, Republic of","Imports of goods, Volume index",Imports of goods,Cost insurance freight (CIF),Units,Not Applicable,141.8565241950668,2020,False,Low,Decreasing
"Slovenia, Republic of","Imports of goods, Volume index",Imports of goods,Cost insurance freight (CIF),Units,Not Applicable,156.1476181510073,2021,False,Low,Increasing
"Slovenia, Republic of","Imports of goods, Volume index",Imports of goods,Cost insurance freight (CIF),Units,Not Applicable,165.4867256637168,2022,False,Medium,Increasing
"Slovenia, Republic of","Imports of goods, Volume index",Imports of goods,Cost insurance freight (CIF),Units,Not Applicable,174.0161928073809,2023,False,Medium,Increasing
"Slovenia, Republic of","Imports of goods, Volume index",Imports of goods,Cost insurance freight (CIF),Units,Not Applicable,204.6695537563547,2024,False,Medium,Increasing
"Slovenia, Republic of","Imports of goods, Volume index",Imports of goods,Cost insurance freight (CIF),Units,Not Applicable,205.3285633590661,2025,False,Medium,Increasing
Solomon Islands,Exports of goods,Exports of goods,Free on board (FOB),Millions,USD,437000000.0,2016,True,Medium,No Data
Solomon Islands,Exports of goods,Exports of goods,Free on board (FOB),Millions,USD,500000000.0,2017,True,Medium,Increasing
Solomon Islands,Exports of goods,Exports of goods,Free on board (FOB),Millions,USD,569000000.0,2018,True,Medium,Increasing
Solomon Islands,Exports of goods,Exports of goods,Free on board (FOB),Millions,USD,461000000.0,2019,True,Medium,Decreasing
Solomon Islands,Exports of goods,Exports of goods,Free on board (FOB),Millions,USD,379000000.0,2020,True,Medium,Decreasing
Solomon Islands,Exports of goods,Exports of goods,Free on board (FOB),Millions,USD,371000000.0,2021,True,Medium,Decreasing
Solomon Islands,Exports of goods,Exports of goods,Free on board (FOB),Millions,USD,340000000.0,2022,True,Medium,Decreasing
Solomon Islands,Exports of goods,Exports of goods,Free on board (FOB),Millions,USD,431000000.0,2023,True,Medium,Increasing
Solomon Islands,Exports of goods,Exports of goods,Free on board (FOB),Millions,USD,507000000.0,2024,True,Medium,Increasing
Solomon Islands,Exports of goods,Exports of goods,Free on board (FOB),Millions,USD,677000000.0,2025,True,Medium,Increasing
Solomon Islands,Imports of goods,Imports of goods,Cost insurance freight (CIF),Millions,USD,454000000.0,2016,False,Medium,No Data
Solomon Islands,Imports of goods,Imports of goods,Cost insurance freight (CIF),Millions,USD,572000000.0,2017,False,Medium,Increasing
Solomon Islands,Imports of goods,Imports of goods,Cost insurance freight (CIF),Millions,USD,601000000.0,2018,False,Medium,Increasing
Solomon Islands,Imports of goods,Imports of goods,Cost insurance freight (CIF),Millions,USD,590000000.0,2019,False,Medium,Decreasing
Solomon Islands,Imports of goods,Imports of goods,Cost insurance freight (CIF),Millions,USD,453000000.0,2020,False,Medium,Decreasing
Solomon Islands,Imports of goods,Imports of goods,Cost insurance freight (CIF),Millions,USD,526000000.0,2021,False,Medium,Increasing
Solomon Islands,Imports of goods,Imports of goods,Cost insurance freight (CIF),Millions,USD,613000000.0,2022,False,Medium,Increasing
Solomon Islands,Imports of goods,Imports of goods,Cost insurance freight (CIF),Millions,USD,707000000.0,2023,False,Medium,Increasing
Solomon Islands,Imports of goods,Imports of goods,Cost insurance freight (CIF),Millions,USD,739000000.0,2024,False,Medium,Increasing
Solomon Islands,Imports of goods,Imports of goods,Cost insurance freight (CIF),Millions,USD,790000000.0,2025,False,Medium,Increasing
South Africa,Export price index (EPI),Exports of goods,Free on board (FOB),Units,Not Applicable,145.623275645849,2016,True,Low,No Data
South Africa,Export price index (EPI),Exports of goods,Free on board (FOB),Units,Not Applicable,144.6450965638325,2017,True,Low,Decreasing
South Africa,Export price index (EPI),Exports of goods,Free on board (FOB),Units,Not Applicable,142.5382493102583,2018,True,Low,Decreasing
South Africa,Export price index (EPI),Exports of goods,Free on board (FOB),Units,Not Applicable,144.3942814145975,2019,True,Low,Increasing
South Africa,Export price index (EPI),Exports of goods,Free on board (FOB),Units,Not Applicable,156.0571858540256,2020,True,Low,Increasing
South Africa,Exports of goods,Exports of goods,Free on board (FOB),Billions,USD,76215000000.0,2016,True,High,No Data
South Africa,Exports of goods,Exports of goods,Free on board (FOB),Billions,USD,88946000000.0,2017,True,High,Increasing
South Africa,Exports of goods,Exports of goods,Free on board (FOB),Billions,USD,93971000000.0,2018,True,High,Increasing
South Africa,Exports of goods,Exports of goods,Free on board (FOB),Billions,USD,90015000000.0,2019,True,High,Decreasing
South Africa,Exports of goods,Exports of goods,Free on board (FOB),Billions,USD,85836000000.0,2020,True,High,Decreasing
South Africa,Exports of goods,Exports of goods,Free on board (FOB),Billions,USD,123571000000.0,2021,True,High,Increasing
South Africa,Exports of goods,Exports of goods,Free on board (FOB),Billions,USD,124221000000.0,2022,True,High,Increasing
South Africa,Exports of goods,Exports of goods,Free on board (FOB),Billions,USD,112222000000.0,2023,True,High,Decreasing
South Africa,Exports of goods,Exports of goods,Free on board (FOB),Billions,USD,111420000000.0,2024,True,High,Decreasing
South Africa,Exports of goods,Exports of goods,Free on board (FOB),Billions,USD,116381000000.0,2025,True,High,Increasing
South Africa,"Exports of goods, Volume index",Exports of goods,Free on board (FOB),Units,Not Applicable,99.88066825775655,2016,True,Low,No Data
South Africa,"Exports of goods, Volume index",Exports of goods,Free on board (FOB),Units,Not Applicable,107.7963404932379,2017,True,Low,Increasing
South Africa,"Exports of goods, Volume index",Exports of goods,Free on board (FOB),Units,Not Applicable,109.4470962609387,2018,True,Low,Increasing
South Africa,"Exports of goods, Volume index",Exports of goods,Free on board (FOB),Units,Not Applicable,107.9156722354813,2019,True,Low,Decreasing
South Africa,"Exports of goods, Volume index",Exports of goods,Free on board (FOB),Units,Not Applicable,100.7358790771679,2020,True,Low,Decreasing
South Africa,"Exports of goods, Volume index",Exports of goods,Free on board (FOB),Units,Not Applicable,119.4709626093874,2021,True,Low,Increasing
South Africa,"Exports of goods, Volume index",Exports of goods,Free on board (FOB),Units,Not Applicable,108.1941129673827,2022,True,Low,Decreasing
South Africa,"Exports of goods, Volume index",Exports of goods,Free on board (FOB),Units,Not Applicable,105.3500397772474,2023,True,Low,Decreasing
South Africa,"Exports of goods, Volume index",Exports of goods,Free on board (FOB),Units,Not Applicable,105.0119331742243,2024,True,Low,Decreasing
South Africa,"Exports of goods, Volume index",Exports of goods,Free on board (FOB),Units,Not Applicable,106.2450278440732,2025,True,Low,Increasing
South Africa,Import price index,Imports of goods,Cost insurance freight (CIF),Units,Not Applicable,136.0503930225045,2016,False,Low,No Data
South Africa,Import price index,Imports of goods,Cost insurance freight (CIF),Units,Not Applicable,126.0794659201034,2017,False,Low,Decreasing
South Africa,Import price index,Imports of goods,Cost insurance freight (CIF),Units,Not Applicable,122.5368795089911,2018,False,Low,Decreasing
South Africa,Import price index,Imports of goods,Cost insurance freight (CIF),Units,Not Applicable,114.7948745558308,2019,False,Low,Decreasing
South Africa,Import price index,Imports of goods,Cost insurance freight (CIF),Units,Not Applicable,111.4568752018951,2020,False,Low,Decreasing
South Africa,Imports of goods,Imports of goods,Cost insurance freight (CIF),Billions,USD,91692000000.0,2016,False,High,No Data
South Africa,Imports of goods,Imports of goods,Free on board (FOB),Billions,USD,75102000000.0,2016,False,High,Decreasing
South Africa,Imports of goods,Imports of goods,Cost insurance freight (CIF),Billions,USD,101576000000.0,2017,False,High,Increasing
South Africa,Imports of goods,Imports of goods,Free on board (FOB),Billions,USD,83196000000.0,2017,False,High,Decreasing
South Africa,Imports of goods,Imports of goods,Cost insurance freight (CIF),Billions,USD,113971000000.0,2018,False,High,Increasing
South Africa,Imports of goods,Imports of goods,Free on board (FOB),Billions,USD,93349000000.0,2018,False,High,Decreasing
South Africa,Imports of goods,Imports of goods,Cost insurance freight (CIF),Billions,USD,107539000000.0,2019,False,High,Increasing
South Africa,Imports of goods,Imports of goods,Free on board (FOB),Billions,USD,88082000000.0,2019,False,High,Decreasing
South Africa,Imports of goods,Imports of goods,Cost insurance freight (CIF),Billions,USD,84062000000.0,2020,False,High,Decreasing
South Africa,Imports of goods,Imports of goods,Free on board (FOB),Billions,USD,68852000000.0,2020,False,High,Decreasing
South Africa,Imports of goods,Imports of goods,Cost insurance freight (CIF),Billions,USD,113989000000.0,2021,False,High,Increasing
South Africa,Imports of goods,Imports of goods,Free on board (FOB),Billions,USD,93364000000.0,2021,False,High,Decreasing
South Africa,Imports of goods,Imports of goods,Cost insurance freight (CIF),Billions,USD,136207000000.0,2022,False,High,Increasing
South Africa,Imports of goods,Imports of goods,Free on board (FOB),Billions,USD,109247000000.0,2022,False,High,Decreasing
South Africa,Imports of goods,Imports of goods,Cost insurance freight (CIF),Billions,USD,130745000000.0,2023,False,High,Increasing
South Africa,Imports of goods,Imports of goods,Free on board (FOB),Billions,USD,105409000000.0,2023,False,High,Decreasing
South Africa,Imports of goods,Imports of goods,Cost insurance freight (CIF),Billions,USD,123470000000.0,2024,False,High,Increasing
South Africa,Imports of goods,Imports of goods,Free on board (FOB),Billions,USD,100632000000.0,2024,False,High,Decreasing
South Africa,Imports of goods,Imports of goods,Cost insurance freight (CIF),Billions,USD,128080000000.00002,2025,False,High,Increasing
South Africa,Imports of goods,Imports of goods,Free on board (FOB),Billions,USD,105134000000.0,2025,False,High,Decreasing
South Africa,"Imports of goods, Volume index",Imports of goods,Cost insurance freight (CIF),Units,Not Applicable,102.2749558737007,2016,False,Low,No Data
South Africa,"Imports of goods, Volume index",Imports of goods,Cost insurance freight (CIF),Units,Not Applicable,107.4524416552265,2017,False,Low,Increasing
South Africa,"Imports of goods, Volume index",Imports of goods,Cost insurance freight (CIF),Units,Not Applicable,113.9046871935674,2018,False,Low,Increasing
South Africa,"Imports of goods, Volume index",Imports of goods,Cost insurance freight (CIF),Units,Not Applicable,111.2374975485389,2019,False,Low,Decreasing
South Africa,"Imports of goods, Volume index",Imports of goods,Cost insurance freight (CIF),Units,Not Applicable,90.40988429103744,2020,False,Low,Decreasing
South Africa,"Imports of goods, Volume index",Imports of goods,Cost insurance freight (CIF),Units,Not Applicable,104.5891351245342,2021,False,Low,Increasing
South Africa,"Imports of goods, Volume index",Imports of goods,Cost insurance freight (CIF),Units,Not Applicable,109.1586585605021,2022,False,Low,Increasing
South Africa,"Imports of goods, Volume index",Imports of goods,Cost insurance freight (CIF),Units,Not Applicable,111.2178858599725,2023,False,Low,Increasing
South Africa,"Imports of goods, Volume index",Imports of goods,Cost insurance freight (CIF),Units,Not Applicable,107.2171013924299,2024,False,Low,Decreasing
South Africa,"Imports of goods, Volume index",Imports of goods,Cost insurance freight (CIF),Units,Not Applicable,111.2178858599725,2025,False,Low,Increasing
Spain,Exports of goods,Exports of goods,Free on board (FOB),Thousands,USD,289981000000.0,2016,True,High,No Data
Spain,Exports of goods,Exports of goods,Free on board (FOB),Thousands,USD,319531000000.0,2017,True,High,Increasing
Spain,Exports of goods,Exports of goods,Free on board (FOB),Thousands,USD,346753000000.0,2018,True,High,Increasing
Spain,Exports of goods,Exports of goods,Free on board (FOB),Thousands,USD,334016000000.0,2019,True,High,Decreasing
Spain,Exports of goods,Exports of goods,Free on board (FOB),Thousands,USD,308317000000.0,2020,True,High,Decreasing
Spain,Exports of goods,Exports of goods,Free on board (FOB),Thousands,USD,379969000000.0,2021,True,High,Increasing
Spain,Exports of goods,Exports of goods,Free on board (FOB),Thousands,USD,415460000000.0,2022,True,High,Increasing
Spain,Exports of goods,Exports of goods,Free on board (FOB),Thousands,USD,422486000000.0,2023,True,High,Increasing
Spain,Exports of goods,Exports of goods,Free on board (FOB),Thousands,USD,428504000000.0,2024,True,High,Increasing
Spain,Exports of goods,Exports of goods,Free on board (FOB),Thousands,USD,445106000000.0,2025,True,High,Increasing
Spain,"Exports of goods, Price deflator",Exports of goods,Free on board (FOB),Units,Not Applicable,104.8057507471126,2016,True,Low,No Data
Spain,"Exports of goods, Price deflator",Exports of goods,Free on board (FOB),Units,Not Applicable,105.4922865681286,2017,True,Low,Increasing
Spain,"Exports of goods, Volume index",Exports of goods,Free on board (FOB),Units,Not Applicable,126.9965477560414,2016,True,Low,No Data
Spain,"Exports of goods, Volume index",Exports of goods,Free on board (FOB),Units,Not Applicable,129.0678941311853,2017,True,Low,Increasing
Spain,"Exports of goods, Volume index",Exports of goods,Free on board (FOB),Units,Not Applicable,129.1599539700805,2018,True,Low,Increasing
Spain,"Exports of goods, Volume index",Exports of goods,Free on board (FOB),Units,Not Applicable,128.2163406214039,2019,True,Low,Decreasing
Spain,"Exports of goods, Volume index",Exports of goods,Free on board (FOB),Units,Not Applicable,114.361334867664,2020,True,Low,Decreasing
Spain,"Exports of goods, Volume index",Exports of goods,Free on board (FOB),Units,Not Applicable,123.7284234752589,2021,True,Low,Increasing
Spain,"Exports of goods, Volume index",Exports of goods,Free on board (FOB),Units,Not Applicable,125.7077100115075,2022,True,Low,Increasing
Spain,"Exports of goods, Volume index",Exports of goods,Free on board (FOB),Units,Not Applicable,121.2428078250863,2023,True,Low,Decreasing
Spain,"Exports of goods, Volume index",Exports of goods,Free on board (FOB),Units,Not Applicable,123.1530494821634,2024,True,Low,Increasing
Spain,"Exports of goods, Volume index",Exports of goods,Free on board (FOB),Units,Not Applicable,121.5880322209436,2025,True,Low,Decreasing
Spain,Import price index,Imports of goods,Cost insurance freight (CIF),Units,Not Applicable,100.6254738438211,2016,False,Low,No Data
Spain,Import price index,Imports of goods,Cost insurance freight (CIF),Units,Not Applicable,105.8093252463988,2017,False,Low,Increasing
Spain,Import price index,Imports of goods,Cost insurance freight (CIF),Units,Not Applicable,109.5716451857468,2018,False,Low,Increasing
Spain,Import price index,Imports of goods,Cost insurance freight (CIF),Units,Not Applicable,109.8749052312358,2019,False,Low,Increasing
Spain,Import price index,Imports of goods,Cost insurance freight (CIF),Units,Not Applicable,102.6156178923427,2020,False,Low,Decreasing
Spain,Import price index,Imports of goods,Cost insurance freight (CIF),Units,Not Applicable,113.7130401819561,2021,False,Low,Increasing
Spain,Import price index,Imports of goods,Cost insurance freight (CIF),Units,Not Applicable,142.4469294920394,2022,False,Low,Increasing
Spain,Import price index,Imports of goods,Cost insurance freight (CIF),Units,Not Applicable,136.8745261561789,2023,False,Low,Decreasing
Spain,Import price index,Imports of goods,Cost insurance freight (CIF),Units,Not Applicable,136.1068991660349,2024,False,Low,Decreasing
Spain,Import price index,Imports of goods,Cost insurance freight (CIF),Units,Not Applicable,134.7232752084914,2025,False,Low,Decreasing
Spain,Imports of goods,Imports of goods,Cost insurance freight (CIF),Thousands,USD,310921000000.0,2016,False,High,No Data
Spain,Imports of goods,Imports of goods,Cost insurance freight (CIF),Thousands,USD,351980000000.0,2017,False,High,Increasing
Spain,Imports of goods,Imports of goods,Cost insurance freight (CIF),Thousands,USD,390561000000.0,2018,False,High,Increasing
Spain,Imports of goods,Imports of goods,Cost insurance freight (CIF),Thousands,USD,372750000000.0,2019,False,High,Decreasing
Spain,Imports of goods,Imports of goods,Cost insurance freight (CIF),Thousands,USD,326193000000.0,2020,False,High,Decreasing
Spain,Imports of goods,Imports of goods,Cost insurance freight (CIF),Thousands,USD,419701000000.0,2021,False,High,Increasing
Spain,Imports of goods,Imports of goods,Cost insurance freight (CIF),Thousands,USD,494260000000.0,2022,False,High,Increasing
Spain,Imports of goods,Imports of goods,Cost insurance freight (CIF),Thousands,USD,469877000000.0,2023,False,High,Decreasing
Spain,Imports of goods,Imports of goods,Cost insurance freight (CIF),Thousands,USD,479332000000.0,2024,False,High,Increasing
Spain,Imports of goods,Imports of goods,Cost insurance freight (CIF),Thousands,USD,513316000000.0,2025,False,High,Increasing
Spain,"Imports of goods, Price deflator",Imports of goods,Cost insurance freight (CIF),Units,Not Applicable,100.7450947926154,2016,False,Low,No Data
Spain,"Imports of goods, Price deflator",Imports of goods,Cost insurance freight (CIF),Units,Not Applicable,105.4060766619754,2017,False,Low,Increasing
Spain,"Imports of goods, Volume index",Imports of goods,Cost insurance freight (CIF),Units,Not Applicable,96.4245810055866,2016,False,Low,No Data
Spain,"Imports of goods, Volume index",Imports of goods,Cost insurance freight (CIF),Units,Not Applicable,99.18994413407822,2017,False,Low,Increasing
Spain,"Imports of goods, Volume index",Imports of goods,Cost insurance freight (CIF),Units,Not Applicable,99.35754189944136,2018,False,Low,Increasing
Spain,"Imports of goods, Volume index",Imports of goods,Cost insurance freight (CIF),Units,Not Applicable,98.18435754189944,2019,False,Low,Decreasing
Spain,"Imports of goods, Volume index",Imports of goods,Cost insurance freight (CIF),Units,Not Applicable,84.86033519553072,2020,False,Low,Decreasing
Spain,"Imports of goods, Volume index",Imports of goods,Cost insurance freight (CIF),Units,Not Applicable,91.70391061452514,2021,False,Low,Increasing
Spain,"Imports of goods, Volume index",Imports of goods,Cost insurance freight (CIF),Units,Not Applicable,96.87150837988828,2022,False,Low,Increasing
Spain,"Imports of goods, Volume index",Imports of goods,Cost insurance freight (CIF),Units,Not Applicable,88.49162011173185,2023,False,Low,Decreasing
Spain,"Imports of goods, Volume index",Imports of goods,Cost insurance freight (CIF),Units,Not Applicable,89.21787709497207,2024,False,Low,Increasing
Spain,"Imports of goods, Volume index",Imports of goods,Cost insurance freight (CIF),Units,Not Applicable,90.9217877094972,2025,False,Low,Increasing
Sri Lanka,Exports of goods,Exports of goods,Free on board (FOB),Millions,USD,10310000000.0,2016,True,High,No Data
Sri Lanka,Exports of goods,Exports of goods,Free on board (FOB),Millions,USD,11360000000.0,2017,True,High,Increasing
Sri Lanka,Exports of goods,Exports of goods,Free on board (FOB),Millions,USD,11890000000.0,2018,True,High,Increasing
Sri Lanka,Exports of goods,Exports of goods,Free on board (FOB),Millions,USD,11940000000.0,2019,True,High,Increasing
Sri Lanka,Exports of goods,Exports of goods,Free on board (FOB),Millions,USD,10047000000.0,2020,True,High,Decreasing
Sri Lanka,Exports of goods,Exports of goods,Free on board (FOB),Millions,USD,12498000000.0,2021,True,High,Increasing
Sri Lanka,Exports of goods,Exports of goods,Free on board (FOB),Millions,USD,13107000000.0,2022,True,High,Increasing
Sri Lanka,Exports of goods,Exports of goods,Free on board (FOB),Millions,USD,11911000000.0,2023,True,High,Decreasing
Sri Lanka,Exports of goods,Exports of goods,Free on board (FOB),Millions,USD,12773000000.0,2024,True,High,Increasing
Sri Lanka,Exports of goods,Exports of goods,Free on board (FOB),Millions,USD,13581000000.0,2025,True,High,Increasing
Sri Lanka,"Exports of goods, Volume index",Exports of goods,Free on board (FOB),Units,Not Applicable,102.9438001784121,2016,True,Low,No Data
Sri Lanka,"Exports of goods, Volume index",Exports of goods,Free on board (FOB),Units,Not Applicable,110.7493309545049,2017,True,Low,Increasing
Sri Lanka,"Exports of goods, Volume index",Exports of goods,Free on board (FOB),Units,Not Applicable,117.707404103479,2018,True,Low,Increasing
Sri Lanka,"Exports of goods, Volume index",Exports of goods,Free on board (FOB),Units,Not Applicable,121.2756467439786,2019,True,Low,Increasing
Sri Lanka,"Exports of goods, Volume index",Exports of goods,Free on board (FOB),Units,Not Applicable,101.5611061552186,2020,True,Low,Decreasing
Sri Lanka,"Exports of goods, Volume index",Exports of goods,Free on board (FOB),Units,Not Applicable,119.9598572702944,2021,True,Low,Increasing
Sri Lanka,"Exports of goods, Volume index",Exports of goods,Free on board (FOB),Units,Not Applicable,115.3880463871543,2022,True,Low,Decreasing
Sri Lanka,"Exports of goods, Volume index",Exports of goods,Free on board (FOB),Units,Not Applicable,104.5272078501338,2023,True,Low,Decreasing
Sri Lanka,"Exports of goods, Volume index",Exports of goods,Free on board (FOB),Units,Not Applicable,111.7305976806423,2024,True,Low,Increasing
Sri Lanka,"Exports of goods, Volume index",Exports of goods,Free on board (FOB),Units,Not Applicable,117.9527207850134,2025,True,Low,Increasing
Sri Lanka,Imports of goods,Imports of goods,Cost insurance freight (CIF),Millions,USD,19184000000.0,2016,False,High,No Data
Sri Lanka,Imports of goods,Imports of goods,Cost insurance freight (CIF),Millions,USD,20980000000.0,2017,False,High,Increasing
Sri Lanka,Imports of goods,Imports of goods,Cost insurance freight (CIF),Millions,USD,22233000000.0,2018,False,High,Increasing
Sri Lanka,Imports of goods,Imports of goods,Cost insurance freight (CIF),Millions,USD,19937000000.0,2019,False,High,Decreasing
Sri Lanka,Imports of goods,Imports of goods,Cost insurance freight (CIF),Millions,USD,16056000000.0,2020,False,High,Decreasing
Sri Lanka,Imports of goods,Imports of goods,Cost insurance freight (CIF),Millions,USD,20638000000.0,2021,False,High,Increasing
Sri Lanka,Imports of goods,Imports of goods,Cost insurance freight (CIF),Millions,USD,18291000000.0,2022,False,High,Decreasing
Sri Lanka,Imports of goods,Imports of goods,Cost insurance freight (CIF),Millions,USD,16812000000.0,2023,False,High,Decreasing
Sri Lanka,Imports of goods,Imports of goods,Cost insurance freight (CIF),Millions,USD,18842000000.0,2024,False,High,Increasing
Sri Lanka,Imports of goods,Imports of goods,Cost insurance freight (CIF),Millions,USD,21480000000.0,2025,False,High,Increasing
Sri Lanka,"Imports of goods, Volume index",Imports of goods,Cost insurance freight (CIF),Units,Not Applicable,151.696065128901,2016,False,Low,No Data
Sri Lanka,"Imports of goods, Volume index",Imports of goods,Cost insurance freight (CIF),Units,Not Applicable,158.4027912386121,2017,False,Low,Increasing
Sri Lanka,"Imports of goods, Volume index",Imports of goods,Cost insurance freight (CIF),Units,Not Applicable,160.3023841829812,2018,False,Low,Increasing
Sri Lanka,"Imports of goods, Volume index",Imports of goods,Cost insurance freight (CIF),Units,Not Applicable,148.0519480519481,2019,False,Low,Decreasing
Sri Lanka,"Imports of goods, Volume index",Imports of goods,Cost insurance freight (CIF),Units,Not Applicable,122.0197712735026,2020,False,Low,Decreasing
Sri Lanka,"Imports of goods, Volume index",Imports of goods,Cost insurance freight (CIF),Units,Not Applicable,133.4754797441365,2021,False,Low,Increasing
Sri Lanka,"Imports of goods, Volume index",Imports of goods,Cost insurance freight (CIF),Units,Not Applicable,101.8026749370033,2022,False,Low,Decreasing
Sri Lanka,"Imports of goods, Volume index",Imports of goods,Cost insurance freight (CIF),Units,Not Applicable,99.43787555727856,2023,False,Low,Decreasing
Sri Lanka,"Imports of goods, Volume index",Imports of goods,Cost insurance freight (CIF),Units,Not Applicable,114.3438650901338,2024,False,Low,Increasing
Sri Lanka,"Imports of goods, Volume index",Imports of goods,Cost insurance freight (CIF),Units,Not Applicable,130.8780771467339,2025,False,Low,Increasing
St. Kitts and Nevis,Exports of goods,Exports of goods,Free on board (FOB),Millions,USD,51000000.0,2016,True,Medium,No Data
St. Kitts and Nevis,Exports of goods,Exports of goods,Free on board (FOB),Millions,USD,50000000.0,2017,True,Medium,Decreasing
St. Kitts and Nevis,Exports of goods,Exports of goods,Free on board (FOB),Millions,USD,54000000.0,2018,True,Medium,Increasing
St. Kitts and Nevis,Exports of goods,Exports of goods,Free on board (FOB),Millions,USD,58000000.0,2019,True,Medium,Increasing
St. Kitts and Nevis,Exports of goods,Exports of goods,Free on board (FOB),Millions,USD,52000000.0,2020,True,Medium,Decreasing
St. Kitts and Nevis,Exports of goods,Exports of goods,Free on board (FOB),Millions,USD,50000000.0,2021,True,Medium,Decreasing
St. Kitts and Nevis,Exports of goods,Exports of goods,Free on board (FOB),Millions,USD,29000000.0,2022,True,Medium,Decreasing
St. Kitts and Nevis,Exports of goods,Exports of goods,Free on board (FOB),Millions,USD,25000000.0,2023,True,Medium,Decreasing
St. Kitts and Nevis,Exports of goods,Exports of goods,Free on board (FOB),Millions,USD,31000000.0,2024,True,Medium,Increasing
St. Kitts and Nevis,Exports of goods,Exports of goods,Free on board (FOB),Millions,USD,34000000.0,2025,True,Medium,Increasing
St. Kitts and Nevis,Imports of goods,Imports of goods,Cost insurance freight (CIF),Millions,USD,333000000.0,2016,False,Medium,No Data
St. Kitts and Nevis,Imports of goods,Imports of goods,Cost insurance freight (CIF),Millions,USD,309000000.0,2017,False,Medium,Decreasing
St. Kitts and Nevis,Imports of goods,Imports of goods,Cost insurance freight (CIF),Millions,USD,335000000.0,2018,False,Medium,Increasing
St. Kitts and Nevis,Imports of goods,Imports of goods,Cost insurance freight (CIF),Millions,USD,338000000.0,2019,False,Medium,Increasing
St. Kitts and Nevis,Imports of goods,Imports of goods,Cost insurance freight (CIF),Millions,USD,271000000.0,2020,False,Medium,Decreasing
St. Kitts and Nevis,Imports of goods,Imports of goods,Cost insurance freight (CIF),Millions,USD,260000000.0,2021,False,Medium,Decreasing
St. Kitts and Nevis,Imports of goods,Imports of goods,Cost insurance freight (CIF),Millions,USD,326000000.0,2022,False,Medium,Increasing
St. Kitts and Nevis,Imports of goods,Imports of goods,Cost insurance freight (CIF),Millions,USD,333000000.0,2023,False,Medium,Increasing
St. Kitts and Nevis,Imports of goods,Imports of goods,Cost insurance freight (CIF),Millions,USD,368000000.0,2024,False,Medium,Increasing
St. Kitts and Nevis,Imports of goods,Imports of goods,Cost insurance freight (CIF),Millions,USD,410000000.0,2025,False,Medium,Increasing
St. Lucia,Exports of goods,Exports of goods,Free on board (FOB),Millions,USD,120000000.0,2016,True,Medium,No Data
St. Lucia,Exports of goods,Exports of goods,Free on board (FOB),Millions,USD,127000000.0,2017,True,Medium,Increasing
St. Lucia,Exports of goods,Exports of goods,Free on board (FOB),Millions,USD,62000000.0,2018,True,Medium,Decreasing
St. Lucia,Exports of goods,Exports of goods,Free on board (FOB),Millions,USD,82000000.0,2019,True,Medium,Increasing
St. Lucia,Exports of goods,Exports of goods,Free on board (FOB),Millions,USD,55000000.0,2020,True,Medium,Decreasing
St. Lucia,Exports of goods,Exports of goods,Free on board (FOB),Millions,USD,59000000.0,2021,True,Medium,Increasing
St. Lucia,Exports of goods,Exports of goods,Free on board (FOB),Millions,USD,79000000.0,2022,True,Medium,Increasing
St. Lucia,Exports of goods,Exports of goods,Free on board (FOB),Millions,USD,80000000.0,2023,True,Medium,Increasing
St. Lucia,Exports of goods,Exports of goods,Free on board (FOB),Millions,USD,92000000.0,2024,True,Medium,Increasing
St. Lucia,Exports of goods,Exports of goods,Free on board (FOB),Millions,USD,85000000.0,2025,True,Medium,Decreasing
St. Lucia,Imports of goods,Imports of goods,Cost insurance freight (CIF),Millions,USD,655000000.0,2016,False,Medium,No Data
St. Lucia,Imports of goods,Imports of goods,Cost insurance freight (CIF),Millions,USD,655000000.0,2017,False,Medium,No Data
St. Lucia,Imports of goods,Imports of goods,Cost insurance freight (CIF),Millions,USD,659000000.0,2018,False,Medium,Increasing
St. Lucia,Imports of goods,Imports of goods,Cost insurance freight (CIF),Millions,USD,598000000.0,2019,False,Medium,Decreasing
St. Lucia,Imports of goods,Imports of goods,Cost insurance freight (CIF),Millions,USD,504000000.0,2020,False,Medium,Decreasing
St. Lucia,Imports of goods,Imports of goods,Cost insurance freight (CIF),Millions,USD,602000000.0,2021,False,Medium,Increasing
St. Lucia,Imports of goods,Imports of goods,Cost insurance freight (CIF),Millions,USD,834000000.0,2022,False,Medium,Increasing
St. Lucia,Imports of goods,Imports of goods,Cost insurance freight (CIF),Millions,USD,900000000.0,2023,False,Medium,Increasing
St. Lucia,Imports of goods,Imports of goods,Cost insurance freight (CIF),Millions,USD,964000000.0,2024,False,Medium,Increasing
St. Lucia,Imports of goods,Imports of goods,Cost insurance freight (CIF),Millions,USD,1009000000.0,2025,False,Medium,Increasing
St. Vincent and the Grenadines,Exports of goods,Exports of goods,Free on board (FOB),Millions,USD,47000000.0,2016,True,Medium,No Data
St. Vincent and the Grenadines,Exports of goods,Exports of goods,Free on board (FOB),Millions,USD,42000000.0,2017,True,Medium,Decreasing
St. Vincent and the Grenadines,Exports of goods,Exports of goods,Free on board (FOB),Millions,USD,44000000.0,2018,True,Medium,Increasing
St. Vincent and the Grenadines,Exports of goods,Exports of goods,Free on board (FOB),Millions,USD,39000000.0,2019,True,Medium,Decreasing
St. Vincent and the Grenadines,Exports of goods,Exports of goods,Free on board (FOB),Millions,USD,55000000.0,2020,True,Medium,Increasing
St. Vincent and the Grenadines,Exports of goods,Exports of goods,Free on board (FOB),Millions,USD,35000000.0,2021,True,Medium,Decreasing
St. Vincent and the Grenadines,Exports of goods,Exports of goods,Free on board (FOB),Millions,USD,46000000.0,2022,True,Medium,Increasing
St. Vincent and the Grenadines,Exports of goods,Exports of goods,Free on board (FOB),Millions,USD,41000000.0,2023,True,Medium,Decreasing
St. Vincent and the Grenadines,Exports of goods,Exports of goods,Free on board (FOB),Millions,USD,57000000.0,2024,True,Medium,Increasing
St. Vincent and the Grenadines,Exports of goods,Exports of goods,Free on board (FOB),Millions,USD,37000000.0,2025,True,Medium,Decreasing
St. Vincent and the Grenadines,Imports of goods,Imports of goods,Cost insurance freight (CIF),Millions,USD,335000000.0,2016,False,Medium,No Data
St. Vincent and the Grenadines,Imports of goods,Imports of goods,Cost insurance freight (CIF),Millions,USD,330000000.0,2017,False,Medium,Decreasing
St. Vincent and the Grenadines,Imports of goods,Imports of goods,Cost insurance freight (CIF),Millions,USD,354000000.0,2018,False,Medium,Increasing
St. Vincent and the Grenadines,Imports of goods,Imports of goods,Cost insurance freight (CIF),Millions,USD,335000000.0,2019,False,Medium,Decreasing
St. Vincent and the Grenadines,Imports of goods,Imports of goods,Cost insurance freight (CIF),Millions,USD,321000000.0,2020,False,Medium,Decreasing
St. Vincent and the Grenadines,Imports of goods,Imports of goods,Cost insurance freight (CIF),Millions,USD,373000000.0,2021,False,Medium,Increasing
St. Vincent and the Grenadines,Imports of goods,Imports of goods,Cost insurance freight (CIF),Millions,USD,438000000.0,2022,False,Medium,Increasing
St. Vincent and the Grenadines,Imports of goods,Imports of goods,Cost insurance freight (CIF),Millions,USD,456000000.0,2023,False,Medium,Increasing
St. Vincent and the Grenadines,Imports of goods,Imports of goods,Cost insurance freight (CIF),Millions,USD,506000000.0,2024,False,Medium,Increasing
St. Vincent and the Grenadines,Imports of goods,Imports of goods,Cost insurance freight (CIF),Millions,USD,509000000.0,2025,False,Medium,Increasing
Sudan,Exports of goods,Exports of goods,Free on board (FOB),Millions,USD,3094000000.0,2016,True,Medium,No Data
Sudan,Exports of goods,Exports of goods,Free on board (FOB),Millions,USD,4100000000.0,2017,True,Medium,Increasing
Sudan,Exports of goods,Exports of goods,Free on board (FOB),Millions,USD,3478000000.0,2018,True,Medium,Decreasing
Sudan,Exports of goods,Exports of goods,Free on board (FOB),Millions,USD,3735000000.0,2019,True,Medium,Increasing
Sudan,Exports of goods,Exports of goods,Free on board (FOB),Millions,USD,3803000000.0,2020,True,Medium,Increasing
Sudan,Exports of goods,Exports of goods,Free on board (FOB),Millions,USD,5027000000.0,2021,True,Medium,Increasing
Sudan,Exports of goods,Exports of goods,Free on board (FOB),Millions,USD,4357000000.0,2022,True,Medium,Decreasing
Sudan,Exports of goods,Exports of goods,Free on board (FOB),Millions,USD,3628000000.0,2023,True,Medium,Decreasing
Sudan,Exports of goods,Exports of goods,Free on board (FOB),Millions,USD,3134000000.0,2024,True,Medium,Decreasing
Sudan,Exports of goods,Exports of goods,Free on board (FOB),Millions,USD,2800000000.0,2025,True,Medium,Decreasing
Sudan,Imports of goods,Imports of goods,Cost insurance freight (CIF),Millions,USD,8311000000.0,2016,False,Medium,No Data
Sudan,Imports of goods,Imports of goods,Cost insurance freight (CIF),Millions,USD,9134000000.0,2017,False,Medium,Increasing
Sudan,Imports of goods,Imports of goods,Cost insurance freight (CIF),Millions,USD,7850000000.0,2018,False,Medium,Decreasing
Sudan,Imports of goods,Imports of goods,Cost insurance freight (CIF),Millions,USD,9291000000.0,2019,False,High,Increasing
Sudan,Imports of goods,Imports of goods,Cost insurance freight (CIF),Millions,USD,9838000000.0,2020,False,High,Increasing
Sudan,Imports of goods,Imports of goods,Cost insurance freight (CIF),Millions,USD,9894000000.0,2021,False,High,Increasing
Sudan,Imports of goods,Imports of goods,Cost insurance freight (CIF),Millions,USD,11095000000.0,2022,False,High,Increasing
Sudan,Imports of goods,Imports of goods,Cost insurance freight (CIF),Millions,USD,7317000000.0,2023,False,Medium,Decreasing
Sudan,Imports of goods,Imports of goods,Cost insurance freight (CIF),Millions,USD,4911000000.0,2024,False,Medium,Decreasing
Sudan,Imports of goods,Imports of goods,Cost insurance freight (CIF),Millions,USD,6200000000.0,2025,False,Medium,Increasing
Suriname,Exports of goods,Exports of goods,Free on board (FOB),Millions,USD,1439000000.0,2016,True,Medium,No Data
Suriname,Exports of goods,Exports of goods,Free on board (FOB),Millions,USD,1992000000.0,2017,True,Medium,Increasing
Suriname,Exports of goods,Exports of goods,Free on board (FOB),Millions,USD,2180000000.0,2018,True,Medium,Increasing
Suriname,Exports of goods,Exports of goods,Free on board (FOB),Millions,USD,2291000000.0,2021,True,Medium,Increasing
Suriname,Exports of goods,Exports of goods,Free on board (FOB),Millions,USD,2836000000.0,2022,True,Medium,Increasing
Suriname,Exports of goods,Exports of goods,Free on board (FOB),Millions,USD,2311000000.0,2023,True,Medium,Decreasing
Suriname,Exports of goods,Exports of goods,Free on board (FOB),Millions,USD,1484000000.0,2024,True,Medium,Decreasing
Suriname,Exports of goods,Exports of goods,Free on board (FOB),Millions,USD,2690000000.0,2025,True,Medium,Increasing
Suriname,Imports of goods,Imports of goods,Cost insurance freight (CIF),Millions,USD,1252000000.0,2016,False,Medium,No Data
Suriname,Imports of goods,Imports of goods,Cost insurance freight (CIF),Millions,USD,1280000000.0,2017,False,Medium,Increasing
Suriname,Imports of goods,Imports of goods,Cost insurance freight (CIF),Millions,USD,1527000000.0,2018,False,Medium,Increasing
Suriname,Imports of goods,Imports of goods,Cost insurance freight (CIF),Millions,USD,1711000000.0,2019,False,Medium,Increasing
Suriname,Imports of goods,Imports of goods,Cost insurance freight (CIF),Millions,USD,1533000000.0,2020,False,Medium,Decreasing
Suriname,Imports of goods,Imports of goods,Cost insurance freight (CIF),Millions,USD,1381000000.0,2021,False,Medium,Decreasing
Suriname,Imports of goods,Imports of goods,Cost insurance freight (CIF),Millions,USD,1803000000.0,2022,False,Medium,Increasing
Suriname,Imports of goods,Imports of goods,Cost insurance freight (CIF),Millions,USD,1697000000.0,2023,False,Medium,Decreasing
Suriname,Imports of goods,Imports of goods,Cost insurance freight (CIF),Millions,USD,1751000000.0,2024,False,Medium,Increasing
Suriname,Imports of goods,Imports of goods,Cost insurance freight (CIF),Millions,USD,2200000000.0,2025,False,Medium,Increasing
Sweden,Export price index (EPI),Exports of goods,Free on board (FOB),Units,Not Applicable,95.38461538461536,2016,True,Low,No Data
Sweden,Export price index (EPI),Exports of goods,Free on board (FOB),Units,Not Applicable,100.7692307692308,2017,True,Low,Increasing
Sweden,Export price index (EPI),Exports of goods,Free on board (FOB),Units,Not Applicable,108.6940966010734,2018,True,Low,Increasing
Sweden,Export price index (EPI),Exports of goods,Free on board (FOB),Units,Not Applicable,112.5581395348838,2019,True,Low,Increasing
Sweden,Export price index (EPI),Exports of goods,Free on board (FOB),Units,Not Applicable,107.3255813953488,2020,True,Low,Decreasing
Sweden,Export price index (EPI),Exports of goods,Free on board (FOB),Units,Not Applicable,117.9964221824687,2021,True,Low,Increasing
Sweden,Exports of goods,Exports of goods,Free on board (FOB),Millions,USD,139289000000.0,2016,True,High,No Data
Sweden,Exports of goods,Exports of goods,Free on board (FOB),Millions,USD,152921000000.0,2017,True,High,Increasing
Sweden,Exports of goods,Exports of goods,Free on board (FOB),Millions,USD,165967000000.0,2018,True,High,Increasing
Sweden,Exports of goods,Exports of goods,Free on board (FOB),Millions,USD,160575000000.0,2019,True,High,Decreasing
Sweden,Exports of goods,Exports of goods,Free on board (FOB),Millions,USD,155496000000.0,2020,True,High,Decreasing
Sweden,Exports of goods,Exports of goods,Free on board (FOB),Millions,USD,189522000000.0,2021,True,High,Increasing
Sweden,Exports of goods,Exports of goods,Free on board (FOB),Millions,USD,197736000000.0,2022,True,High,Increasing
Sweden,Exports of goods,Exports of goods,Free on board (FOB),Millions,USD,197469000000.0,2023,True,High,Decreasing
Sweden,Exports of goods,Exports of goods,Free on board (FOB),Millions,USD,195663000000.0,2024,True,High,Decreasing
Sweden,Exports of goods,Exports of goods,Free on board (FOB),Millions,USD,206844000000.0,2025,True,High,Increasing
Sweden,"Exports of goods, Volume index",Exports of goods,Free on board (FOB),Units,Not Applicable,99.00024384296512,2016,True,Low,No Data
Sweden,"Exports of goods, Volume index",Exports of goods,Free on board (FOB),Units,Not Applicable,102.145818093148,2017,True,Low,Increasing
Sweden,"Exports of goods, Volume index",Exports of goods,Free on board (FOB),Units,Not Applicable,103.2674957327482,2018,True,Low,Increasing
Sweden,"Exports of goods, Volume index",Exports of goods,Free on board (FOB),Units,Not Applicable,101.4386734942697,2019,True,Low,Decreasing
Sweden,"Exports of goods, Volume index",Exports of goods,Free on board (FOB),Units,Not Applicable,97.34211168007812,2020,True,Low,Decreasing
Sweden,Import price index,Imports of goods,Cost insurance freight (CIF),Units,Not Applicable,93.24146981627298,2016,False,Low,No Data
Sweden,Import price index,Imports of goods,Cost insurance freight (CIF),Units,Not Applicable,98.7814023247094,2017,False,Low,Increasing
Sweden,Import price index,Imports of goods,Cost insurance freight (CIF),Units,Not Applicable,107.2928383952006,2018,False,Low,Increasing
Sweden,Import price index,Imports of goods,Cost insurance freight (CIF),Units,Not Applicable,110.1237345331834,2019,False,Low,Increasing
Sweden,Import price index,Imports of goods,Cost insurance freight (CIF),Units,Not Applicable,104.2275965504312,2020,False,Low,Decreasing
Sweden,Import price index,Imports of goods,Cost insurance freight (CIF),Units,Not Applicable,112.4859392575928,2021,False,Low,Increasing
Sweden,Import price index,Imports of goods,Cost insurance freight (CIF),Units,Not Applicable,144.5350581177353,2022,False,Low,Increasing
Sweden,Import price index,Imports of goods,Cost insurance freight (CIF),Units,Not Applicable,147.3378327709036,2023,False,Low,Increasing
Sweden,Import price index,Imports of goods,Cost insurance freight (CIF),Units,Not Applicable,145.7911511061117,2024,False,Low,Decreasing
Sweden,Import price index,Imports of goods,Cost insurance freight (CIF),Units,Not Applicable,141.0011248593926,2025,False,Low,Decreasing
Sweden,Imports of goods,Imports of goods,Cost insurance freight (CIF),Millions,USD,141022000000.0,2016,False,High,No Data
Sweden,Imports of goods,Imports of goods,Cost insurance freight (CIF),Millions,USD,154216000000.0,2017,False,High,Increasing
Sweden,Imports of goods,Imports of goods,Cost insurance freight (CIF),Millions,USD,170604000000.0,2018,False,High,Increasing
Sweden,Imports of goods,Imports of goods,Cost insurance freight (CIF),Millions,USD,158971000000.0,2019,False,High,Decreasing
Sweden,Imports of goods,Imports of goods,Cost insurance freight (CIF),Millions,USD,149985000000.0,2020,False,High,Decreasing
Sweden,Imports of goods,Imports of goods,Cost insurance freight (CIF),Millions,USD,187108000000.0,2021,False,High,Increasing
Sweden,Imports of goods,Imports of goods,Cost insurance freight (CIF),Millions,USD,203086000000.0,2022,False,High,Increasing
Sweden,Imports of goods,Imports of goods,Cost insurance freight (CIF),Millions,USD,193139000000.0,2023,False,High,Decreasing
Sweden,Imports of goods,Imports of goods,Cost insurance freight (CIF),Millions,USD,189668000000.0,2024,False,High,Decreasing
Sweden,Imports of goods,Imports of goods,Cost insurance freight (CIF),Millions,USD,202275000000.0,2025,False,High,Increasing
Sweden,"Imports of goods, Volume index",Imports of goods,Cost insurance freight (CIF),Units,Not Applicable,101.7845041789022,2016,False,Low,No Data
Sweden,"Imports of goods, Volume index",Imports of goods,Cost insurance freight (CIF),Units,Not Applicable,101.7845041789022,2017,False,Low,No Data
Sweden,"Imports of goods, Volume index",Imports of goods,Cost insurance freight (CIF),Units,Not Applicable,104.698441382426,2018,False,Low,Increasing
Sweden,"Imports of goods, Volume index",Imports of goods,Cost insurance freight (CIF),Units,Not Applicable,101.3101423085611,2019,False,Low,Decreasing
Sweden,"Imports of goods, Volume index",Imports of goods,Cost insurance freight (CIF),Units,Not Applicable,94.55613282132369,2020,False,Low,Decreasing
Switzerland,Exports of goods,Exports of goods,Free on board (FOB),Millions,USD,302900000000.0,2016,True,High,No Data
Switzerland,Exports of goods,Exports of goods,Free on board (FOB),Millions,USD,299603000000.0,2017,True,High,Decreasing
Switzerland,Exports of goods,Exports of goods,Free on board (FOB),Millions,USD,310747000000.0,2018,True,High,Increasing
Switzerland,Exports of goods,Exports of goods,Free on board (FOB),Millions,USD,313933000000.0,2019,True,High,Increasing
Switzerland,Exports of goods,Exports of goods,Free on board (FOB),Millions,USD,319319000000.0,2020,True,High,Increasing
Switzerland,Exports of goods,Exports of goods,Free on board (FOB),Millions,USD,380192000000.0,2021,True,High,Increasing
Switzerland,Exports of goods,Exports of goods,Free on board (FOB),Millions,USD,400693000000.0,2022,True,High,Increasing
Switzerland,Exports of goods,Exports of goods,Free on board (FOB),Millions,USD,419982000000.0,2023,True,High,Increasing
Switzerland,Exports of goods,Exports of goods,Free on board (FOB),Millions,USD,447308000000.0,2024,True,High,Increasing
Switzerland,Exports of goods,Exports of goods,Free on board (FOB),Millions,USD,554126000000.0,2025,True,High,Increasing
Switzerland,"Exports of goods, Volume index",Exports of goods,Free on board (FOB),Units,Not Applicable,100.6112202575857,2016,True,Low,No Data
Switzerland,"Exports of goods, Volume index",Exports of goods,Free on board (FOB),Units,Not Applicable,103.6891508404279,2017,True,Low,Increasing
Switzerland,"Exports of goods, Volume index",Exports of goods,Free on board (FOB),Units,Not Applicable,108.6225714909408,2018,True,Low,Increasing
Switzerland,"Exports of goods, Volume index",Exports of goods,Free on board (FOB),Units,Not Applicable,107.4219602706833,2019,True,Low,Decreasing
Switzerland,"Exports of goods, Volume index",Exports of goods,Free on board (FOB),Units,Not Applicable,102.5540275049116,2020,True,Low,Decreasing
Switzerland,"Exports of goods, Volume index",Exports of goods,Free on board (FOB),Units,Not Applicable,115.5642872735211,2021,True,Low,Increasing
Switzerland,"Exports of goods, Volume index",Exports of goods,Free on board (FOB),Units,Not Applicable,116.0663610565379,2022,True,Low,Increasing
Switzerland,"Exports of goods, Volume index",Exports of goods,Free on board (FOB),Units,Not Applicable,114.0362366295569,2023,True,Low,Decreasing
Switzerland,"Exports of goods, Volume index",Exports of goods,Free on board (FOB),Units,Not Applicable,110.3252564942152,2024,True,Low,Decreasing
Switzerland,"Exports of goods, Volume index",Exports of goods,Free on board (FOB),Units,Not Applicable,106.1122025758568,2025,True,Low,Decreasing
Switzerland,Import price index,Imports of goods,Cost insurance freight (CIF),Units,Not Applicable,83.62937722032913,2016,False,Low,No Data
Switzerland,Import price index,Imports of goods,Cost insurance freight (CIF),Units,Not Applicable,85.96389472921042,2017,False,Low,Increasing
Switzerland,Import price index,Imports of goods,Cost insurance freight (CIF),Units,Not Applicable,90.01667512506344,2018,False,Low,Increasing
Switzerland,Import price index,Imports of goods,Cost insurance freight (CIF),Units,Not Applicable,87.84890886681647,2019,False,Low,Decreasing
Switzerland,Import price index,Imports of goods,Cost insurance freight (CIF),Units,Not Applicable,82.83187123903429,2020,False,Low,Decreasing
Switzerland,Import price index,Imports of goods,Cost insurance freight (CIF),Units,Not Applicable,87.00065250489376,2021,False,Low,Increasing
Switzerland,Import price index,Imports of goods,Cost insurance freight (CIF),Units,Not Applicable,94.99021242659315,2022,False,Low,Increasing
Switzerland,Import price index,Imports of goods,Cost insurance freight (CIF),Units,Not Applicable,92.56144421083158,2023,False,Low,Decreasing
Switzerland,Import price index,Imports of goods,Cost insurance freight (CIF),Units,Not Applicable,88.63191473936052,2024,False,Low,Decreasing
Switzerland,Import price index,Imports of goods,Cost insurance freight (CIF),Units,Not Applicable,86.471398535489,2025,False,Low,Decreasing
Switzerland,Imports of goods,Imports of goods,Cost insurance freight (CIF),Millions,USD,270128000000.0,2016,False,High,No Data
Switzerland,Imports of goods,Imports of goods,Cost insurance freight (CIF),Millions,USD,269835000000.0,2017,False,High,Decreasing
Switzerland,Imports of goods,Imports of goods,Cost insurance freight (CIF),Millions,USD,279527000000.0,2018,False,High,Increasing
Switzerland,Imports of goods,Imports of goods,Cost insurance freight (CIF),Millions,USD,277830000000.0,2019,False,High,Decreasing
Switzerland,Imports of goods,Imports of goods,Cost insurance freight (CIF),Millions,USD,291983000000.0,2020,False,High,Increasing
Switzerland,Imports of goods,Imports of goods,Cost insurance freight (CIF),Millions,USD,324071000000.0,2021,False,High,Increasing
Switzerland,Imports of goods,Imports of goods,Cost insurance freight (CIF),Millions,USD,357116000000.0,2022,False,High,Increasing
Switzerland,Imports of goods,Imports of goods,Cost insurance freight (CIF),Millions,USD,365613000000.0,2023,False,High,Increasing
Switzerland,Imports of goods,Imports of goods,Cost insurance freight (CIF),Millions,USD,371954000000.0,2024,False,High,Increasing
Switzerland,Imports of goods,Imports of goods,Cost insurance freight (CIF),Millions,USD,509811000000.0,2025,False,High,Increasing
Switzerland,"Imports of goods, Volume index",Imports of goods,Cost insurance freight (CIF),Units,Not Applicable,103.6736437419906,2016,False,Low,No Data
Switzerland,"Imports of goods, Volume index",Imports of goods,Cost insurance freight (CIF),Units,Not Applicable,107.2618539085861,2017,False,Low,Increasing
Switzerland,"Imports of goods, Volume index",Imports of goods,Cost insurance freight (CIF),Units,Not Applicable,114.6732165741136,2018,False,Low,Increasing
Switzerland,"Imports of goods, Volume index",Imports of goods,Cost insurance freight (CIF),Units,Not Applicable,116.1896625373772,2019,False,Low,Increasing
Switzerland,"Imports of goods, Volume index",Imports of goods,Cost insurance freight (CIF),Units,Not Applicable,99.7650576676634,2020,False,Low,Decreasing
Switzerland,"Imports of goods, Volume index",Imports of goods,Cost insurance freight (CIF),Units,Not Applicable,101.9222554463904,2021,False,Low,Increasing
Switzerland,"Imports of goods, Volume index",Imports of goods,Cost insurance freight (CIF),Units,Not Applicable,103.630926954293,2022,False,Low,Increasing
Switzerland,"Imports of goods, Volume index",Imports of goods,Cost insurance freight (CIF),Units,Not Applicable,101.7086715079026,2023,False,Low,Decreasing
Switzerland,"Imports of goods, Volume index",Imports of goods,Cost insurance freight (CIF),Units,Not Applicable,102.3707817172149,2024,False,Low,Increasing
Switzerland,"Imports of goods, Volume index",Imports of goods,Cost insurance freight (CIF),Units,Not Applicable,105.8094831268689,2025,False,Low,Increasing
Syrian Arab Republic,Exports of goods,Exports of goods,Free on board (FOB),Millions,USD,2377000000.0,2016,True,Medium,No Data
Syrian Arab Republic,Exports of goods,Exports of goods,Free on board (FOB),Millions,USD,2555000000.0,2017,True,Medium,Increasing
Syrian Arab Republic,Exports of goods,Exports of goods,Free on board (FOB),Millions,USD,2400000000.0,2018,True,Medium,Decreasing
Syrian Arab Republic,Exports of goods,Exports of goods,Free on board (FOB),Millions,USD,2609000000.0,2019,True,Medium,Increasing
Syrian Arab Republic,Exports of goods,Exports of goods,Free on board (FOB),Millions,USD,2727000000.0,2020,True,Medium,Increasing
Syrian Arab Republic,Exports of goods,Exports of goods,Free on board (FOB),Millions,USD,1823000000.0,2021,True,Medium,Decreasing
Syrian Arab Republic,Exports of goods,Exports of goods,Free on board (FOB),Millions,USD,1936000000.0,2022,True,Medium,Increasing
Syrian Arab Republic,Exports of goods,Exports of goods,Free on board (FOB),Millions,USD,3231000000.0,2023,True,Medium,Increasing
Syrian Arab Republic,Exports of goods,Exports of goods,Free on board (FOB),Millions,USD,3325000000.0,2024,True,Medium,Increasing
Syrian Arab Republic,Exports of goods,Exports of goods,Free on board (FOB),Millions,USD,3385000000.0,2025,True,Medium,Increasing
Syrian Arab Republic,Imports of goods,Imports of goods,Cost insurance freight (CIF),Millions,USD,4934000000.0,2016,False,Medium,No Data
Syrian Arab Republic,Imports of goods,Imports of goods,Cost insurance freight (CIF),Millions,USD,6153000000.0,2017,False,Medium,Increasing
Syrian Arab Republic,Imports of goods,Imports of goods,Cost insurance freight (CIF),Millions,USD,7164000000.0,2018,False,Medium,Increasing
Syrian Arab Republic,Imports of goods,Imports of goods,Cost insurance freight (CIF),Millions,USD,6833000000.0,2019,False,Medium,Decreasing
Syrian Arab Republic,Imports of goods,Imports of goods,Cost insurance freight (CIF),Millions,USD,5696000000.0,2020,False,Medium,Decreasing
Syrian Arab Republic,Imports of goods,Imports of goods,Cost insurance freight (CIF),Millions,USD,6320000000.0,2021,False,Medium,Increasing
Syrian Arab Republic,Imports of goods,Imports of goods,Cost insurance freight (CIF),Millions,USD,6708000000.0,2022,False,Medium,Increasing
Syrian Arab Republic,Imports of goods,Imports of goods,Cost insurance freight (CIF),Millions,USD,6001000000.0,2023,False,Medium,Decreasing
Syrian Arab Republic,Imports of goods,Imports of goods,Cost insurance freight (CIF),Millions,USD,6454000000.0,2024,False,Medium,Increasing
Syrian Arab Republic,Imports of goods,Imports of goods,Cost insurance freight (CIF),Millions,USD,7905000000.0,2025,False,Medium,Increasing
"São Tomé and Príncipe, Democratic Republic of",Exports of goods,Exports of goods,Free on board (FOB),Thousands,USD,14000000.0,2016,True,Medium,No Data
"São Tomé and Príncipe, Democratic Republic of",Exports of goods,Exports of goods,Free on board (FOB),Thousands,USD,15000000.0,2017,True,Medium,Increasing
"São Tomé and Príncipe, Democratic Republic of",Exports of goods,Exports of goods,Free on board (FOB),Thousands,USD,16000000.0,2018,True,Medium,Increasing
"São Tomé and Príncipe, Democratic Republic of",Exports of goods,Exports of goods,Free on board (FOB),Thousands,USD,13000000.0,2019,True,Medium,Decreasing
"São Tomé and Príncipe, Democratic Republic of",Exports of goods,Exports of goods,Free on board (FOB),Thousands,USD,14000000.0,2020,True,Medium,Increasing
"São Tomé and Príncipe, Democratic Republic of",Exports of goods,Exports of goods,Free on board (FOB),Thousands,USD,21000000.0,2021,True,Medium,Increasing
"São Tomé and Príncipe, Democratic Republic of",Exports of goods,Exports of goods,Free on board (FOB),Thousands,USD,22000000.0,2022,True,Medium,Increasing
"São Tomé and Príncipe, Democratic Republic of",Exports of goods,Exports of goods,Free on board (FOB),Thousands,USD,24000000.0,2023,True,Medium,Increasing
"São Tomé and Príncipe, Democratic Republic of",Exports of goods,Exports of goods,Free on board (FOB),Thousands,USD,29000000.0,2024,True,Medium,Increasing
"São Tomé and Príncipe, Democratic Republic of",Exports of goods,Exports of goods,Free on board (FOB),Thousands,USD,38000000.0,2025,True,Medium,Increasing
"São Tomé and Príncipe, Democratic Republic of",Imports of goods,Imports of goods,Cost insurance freight (CIF),Thousands,USD,139000000.0,2016,False,Medium,No Data
"São Tomé and Príncipe, Democratic Republic of",Imports of goods,Imports of goods,Cost insurance freight (CIF),Thousands,USD,147000000.0,2017,False,Medium,Increasing
"São Tomé and Príncipe, Democratic Republic of",Imports of goods,Imports of goods,Cost insurance freight (CIF),Thousands,USD,148000000.0,2018,False,Medium,Increasing
"São Tomé and Príncipe, Democratic Republic of",Imports of goods,Imports of goods,Cost insurance freight (CIF),Thousands,USD,148000000.0,2019,False,Medium,No Data
"São Tomé and Príncipe, Democratic Republic of",Imports of goods,Imports of goods,Cost insurance freight (CIF),Thousands,USD,138000000.0,2020,False,Medium,Decreasing
"São Tomé and Príncipe, Democratic Republic of",Imports of goods,Imports of goods,Cost insurance freight (CIF),Thousands,USD,166000000.0,2021,False,Medium,Increasing
"São Tomé and Príncipe, Democratic Republic of",Imports of goods,Imports of goods,Cost insurance freight (CIF),Thousands,USD,196000000.0,2022,False,Medium,Increasing
"São Tomé and Príncipe, Democratic Republic of",Imports of goods,Imports of goods,Cost insurance freight (CIF),Thousands,USD,184000000.0,2023,False,Medium,Decreasing
"São Tomé and Príncipe, Democratic Republic of",Imports of goods,Imports of goods,Cost insurance freight (CIF),Thousands,USD,153000000.0,2024,False,Medium,Decreasing
"São Tomé and Príncipe, Democratic Republic of",Imports of goods,Imports of goods,Cost insurance freight (CIF),Thousands,USD,183000000.0,2025,False,Medium,Increasing
Taiwan Province of China,Export price index (EPI),Exports of goods,Free on board (FOB),Units,Not Applicable,87.47694617980889,2016,True,Low,No Data
Taiwan Province of China,Export price index (EPI),Exports of goods,Free on board (FOB),Units,Not Applicable,91.38352080128884,2017,True,Low,Increasing
Taiwan Province of China,Export price index (EPI),Exports of goods,Free on board (FOB),Units,Not Applicable,93.59668753963808,2018,True,Low,Increasing
Taiwan Province of China,Exports of goods,Exports of goods,Free on board (FOB),Millions,USD,280321000000.0,2016,True,High,No Data
Taiwan Province of China,Exports of goods,Exports of goods,Free on board (FOB),Millions,USD,317250000000.0,2017,True,High,Increasing
Taiwan Province of China,Exports of goods,Exports of goods,Free on board (FOB),Millions,USD,335908000000.0,2018,True,High,Increasing
Taiwan Province of China,Exports of goods,Exports of goods,Free on board (FOB),Millions,USD,330622000000.0,2019,True,High,Decreasing
Taiwan Province of China,Exports of goods,Exports of goods,Free on board (FOB),Millions,USD,347193000000.0,2020,True,High,Increasing
Taiwan Province of China,Exports of goods,Exports of goods,Free on board (FOB),Millions,USD,447692000000.0,2021,True,High,Increasing
Taiwan Province of China,Exports of goods,Exports of goods,Free on board (FOB),Millions,USD,477777000000.0,2022,True,High,Increasing
Taiwan Province of China,Exports of goods,Exports of goods,Free on board (FOB),Millions,USD,432337000000.0,2023,True,High,Decreasing
Taiwan Province of China,Exports of goods,Exports of goods,Free on board (FOB),Millions,USD,474367000000.0,2024,True,High,Increasing
Taiwan Province of China,Exports of goods,Exports of goods,Free on board (FOB),Millions,USD,640974000000.0,2025,True,High,Increasing
Taiwan Province of China,"Exports of goods, Volume index",Exports of goods,Free on board (FOB),Units,Not Applicable,115.2634961439589,2016,True,Low,No Data
Taiwan Province of China,"Exports of goods, Volume index",Exports of goods,Free on board (FOB),Units,Not Applicable,124.8875321336761,2017,True,Low,Increasing
Taiwan Province of China,"Exports of goods, Volume index",Exports of goods,Free on board (FOB),Units,Not Applicable,129.1934447300771,2018,True,Low,Increasing
Taiwan Province of China,"Exports of goods, Volume index",Exports of goods,Free on board (FOB),Units,Not Applicable,134.2384318766067,2019,True,Low,Increasing
Taiwan Province of China,"Exports of goods, Volume index",Exports of goods,Free on board (FOB),Units,Not Applicable,145.0353470437018,2020,True,Low,Increasing
Taiwan Province of China,"Exports of goods, Volume index",Exports of goods,Free on board (FOB),Units,Not Applicable,166.098971722365,2021,True,Medium,Increasing
Taiwan Province of China,"Exports of goods, Volume index",Exports of goods,Free on board (FOB),Units,Not Applicable,168.396529562982,2022,True,Medium,Increasing
Taiwan Province of China,"Exports of goods, Volume index",Exports of goods,Free on board (FOB),Units,Not Applicable,162.7088688946015,2023,True,Low,Decreasing
Taiwan Province of China,"Exports of goods, Volume index",Exports of goods,Free on board (FOB),Units,Not Applicable,169.280205655527,2024,True,Medium,Increasing
Taiwan Province of China,"Exports of goods, Volume index",Exports of goods,Free on board (FOB),Units,Not Applicable,217.5289203084833,2025,True,Medium,Increasing
Taiwan Province of China,Import price index,Imports of goods,Cost insurance freight (CIF),Units,Not Applicable,81.94438753909395,2016,False,Low,No Data
Taiwan Province of China,Import price index,Imports of goods,Cost insurance freight (CIF),Units,Not Applicable,88.01846464812004,2017,False,Low,Increasing
Taiwan Province of China,Import price index,Imports of goods,Cost insurance freight (CIF),Units,Not Applicable,94.27554936425344,2018,False,Low,Increasing
Taiwan Province of China,Imports of goods,Imports of goods,Cost insurance freight (CIF),Millions,USD,230568000000.0,2016,False,High,No Data
Taiwan Province of China,Imports of goods,Imports of goods,Cost insurance freight (CIF),Millions,USD,259266000000.0,2017,False,High,Increasing
Taiwan Province of China,Imports of goods,Imports of goods,Cost insurance freight (CIF),Millions,USD,286331000000.0,2018,False,High,Increasing
Taiwan Province of China,Imports of goods,Imports of goods,Cost insurance freight (CIF),Millions,USD,287165000000.0,2019,False,High,Increasing
Taiwan Province of China,Imports of goods,Imports of goods,Cost insurance freight (CIF),Millions,USD,288053000000.0,2020,False,High,Increasing
Taiwan Province of China,Imports of goods,Imports of goods,Cost insurance freight (CIF),Millions,USD,382100000000.0,2021,False,High,Increasing
Taiwan Province of China,Imports of goods,Imports of goods,Cost insurance freight (CIF),Millions,USD,435836000000.0,2022,False,High,Increasing
Taiwan Province of China,Imports of goods,Imports of goods,Cost insurance freight (CIF),Millions,USD,358960000000.0,2023,False,High,Decreasing
Taiwan Province of China,Imports of goods,Imports of goods,Cost insurance freight (CIF),Millions,USD,401114000000.0,2024,False,High,Increasing
Taiwan Province of China,Imports of goods,Imports of goods,Cost insurance freight (CIF),Millions,USD,494301000000.0,2025,False,High,Increasing
Taiwan Province of China,"Imports of goods, Volume index",Imports of goods,Cost insurance freight (CIF),Units,Not Applicable,109.7360450021636,2016,False,Low,No Data
Taiwan Province of China,"Imports of goods, Volume index",Imports of goods,Cost insurance freight (CIF),Units,Not Applicable,115.0151449588923,2017,False,Low,Increasing
Taiwan Province of China,"Imports of goods, Volume index",Imports of goods,Cost insurance freight (CIF),Units,Not Applicable,118.5850281263522,2018,False,Low,Increasing
Taiwan Province of China,"Imports of goods, Volume index",Imports of goods,Cost insurance freight (CIF),Units,Not Applicable,123.8424924275206,2019,False,Low,Increasing
Taiwan Province of China,"Imports of goods, Volume index",Imports of goods,Cost insurance freight (CIF),Units,Not Applicable,132.258762440502,2020,False,Low,Increasing
Taiwan Province of China,"Imports of goods, Volume index",Imports of goods,Cost insurance freight (CIF),Units,Not Applicable,150.0649069666811,2021,False,Low,Increasing
Taiwan Province of China,"Imports of goods, Volume index",Imports of goods,Cost insurance freight (CIF),Units,Not Applicable,157.0315880571181,2022,False,Low,Increasing
Taiwan Province of China,"Imports of goods, Volume index",Imports of goods,Cost insurance freight (CIF),Units,Not Applicable,140.4370402423193,2023,False,Low,Decreasing
Taiwan Province of China,"Imports of goods, Volume index",Imports of goods,Cost insurance freight (CIF),Units,Not Applicable,154.045867589788,2024,False,Low,Increasing
Taiwan Province of China,"Imports of goods, Volume index",Imports of goods,Cost insurance freight (CIF),Units,Not Applicable,193.1631328429251,2025,False,Medium,Increasing
"Tajikistan, Republic of",Exports of goods,Exports of goods,Free on board (FOB),Millions,USD,899000000.0,2016,True,Medium,No Data
"Tajikistan, Republic of",Exports of goods,Exports of goods,Free on board (FOB),Millions,USD,1198000000.0,2017,True,Medium,Increasing
"Tajikistan, Republic of",Exports of goods,Exports of goods,Free on board (FOB),Millions,USD,1073000000.0,2018,True,Medium,Decreasing
"Tajikistan, Republic of",Exports of goods,Exports of goods,Free on board (FOB),Millions,USD,1174000000.0,2019,True,Medium,Increasing
"Tajikistan, Republic of",Exports of goods,Exports of goods,Free on board (FOB),Millions,USD,1407000000.0,2020,True,Medium,Increasing
"Tajikistan, Republic of",Exports of goods,Exports of goods,Free on board (FOB),Millions,USD,2150000000.0,2021,True,Medium,Increasing
"Tajikistan, Republic of",Exports of goods,Exports of goods,Free on board (FOB),Millions,USD,2142000000.0,2022,True,Medium,Decreasing
"Tajikistan, Republic of",Exports of goods,Exports of goods,Free on board (FOB),Millions,USD,2449000000.0,2023,True,Medium,Increasing
"Tajikistan, Republic of",Exports of goods,Exports of goods,Free on board (FOB),Millions,USD,1947000000.0,2024,True,Medium,Decreasing
"Tajikistan, Republic of",Exports of goods,Exports of goods,Free on board (FOB),Millions,USD,2489000000.0,2025,True,Medium,Increasing
"Tajikistan, Republic of",Imports of goods,Imports of goods,Cost insurance freight (CIF),Millions,USD,3031000000.0,2016,False,Medium,No Data
"Tajikistan, Republic of",Imports of goods,Imports of goods,Cost insurance freight (CIF),Millions,USD,2775000000.0,2017,False,Medium,Decreasing
"Tajikistan, Republic of",Imports of goods,Imports of goods,Cost insurance freight (CIF),Millions,USD,3151000000.0,2018,False,Medium,Increasing
"Tajikistan, Republic of",Imports of goods,Imports of goods,Cost insurance freight (CIF),Millions,USD,3349000000.0,2019,False,Medium,Increasing
"Tajikistan, Republic of",Imports of goods,Imports of goods,Cost insurance freight (CIF),Millions,USD,3151000000.0,2020,False,Medium,Decreasing
"Tajikistan, Republic of",Imports of goods,Imports of goods,Cost insurance freight (CIF),Millions,USD,4210000000.0,2021,False,Medium,Increasing
"Tajikistan, Republic of",Imports of goods,Imports of goods,Cost insurance freight (CIF),Millions,USD,5168000000.0,2022,False,Medium,Increasing
"Tajikistan, Republic of",Imports of goods,Imports of goods,Cost insurance freight (CIF),Millions,USD,5880000000.0,2023,False,Medium,Increasing
"Tajikistan, Republic of",Imports of goods,Imports of goods,Cost insurance freight (CIF),Millions,USD,7010000000.0,2024,False,Medium,Increasing
"Tajikistan, Republic of",Imports of goods,Imports of goods,Cost insurance freight (CIF),Millions,USD,8307000000.0,2025,False,Medium,Increasing
"Tanzania, United Republic of",Exports of goods,Exports of goods,Free on board (FOB),Millions,USD,4398321549.672728,2016,True,Medium,No Data
"Tanzania, United Republic of",Exports of goods,Exports of goods,Free on board (FOB),Millions,USD,4105800286.1717777,2017,True,Medium,Decreasing
"Tanzania, United Republic of",Exports of goods,Exports of goods,Free on board (FOB),Millions,USD,3909335060.6186566,2018,True,Medium,Decreasing
"Tanzania, United Republic of",Exports of goods,Exports of goods,Free on board (FOB),Millions,USD,5005000000.0,2019,True,Medium,Increasing
"Tanzania, United Republic of",Exports of goods,Exports of goods,Free on board (FOB),Millions,USD,6061000000.0,2020,True,Medium,Increasing
"Tanzania, United Republic of",Exports of goods,Exports of goods,Free on board (FOB),Millions,USD,6391000000.0,2021,True,Medium,Increasing
"Tanzania, United Republic of",Exports of goods,Exports of goods,Free on board (FOB),Millions,USD,6826000000.0,2022,True,Medium,Increasing
"Tanzania, United Republic of",Exports of goods,Exports of goods,Free on board (FOB),Millions,USD,7275000000.0,2023,True,Medium,Increasing
"Tanzania, United Republic of",Exports of goods,Exports of goods,Free on board (FOB),Millions,USD,8701000000.0,2024,True,Medium,Increasing
"Tanzania, United Republic of",Exports of goods,Exports of goods,Free on board (FOB),Millions,USD,9957000000.0,2025,True,High,Increasing
"Tanzania, United Republic of","Exports of goods, Volume index",Exports of goods,Free on board (FOB),Units,Not Applicable,129.4586577678902,2016,True,Low,No Data
"Tanzania, United Republic of","Exports of goods, Volume index",Exports of goods,Free on board (FOB),Units,Not Applicable,117.4823878383389,2017,True,Low,Decreasing
"Tanzania, United Republic of","Exports of goods, Volume index",Exports of goods,Free on board (FOB),Units,Not Applicable,113.4037819799777,2018,True,Low,Decreasing
"Tanzania, United Republic of","Exports of goods, Volume index",Exports of goods,Free on board (FOB),Units,Not Applicable,142.4175009269559,2019,True,Low,Increasing
"Tanzania, United Republic of","Exports of goods, Volume index",Exports of goods,Free on board (FOB),Units,Not Applicable,154.7830923248053,2020,True,Low,Increasing
"Tanzania, United Republic of","Exports of goods, Volume index",Exports of goods,Free on board (FOB),Units,Not Applicable,147.9236188357434,2021,True,Low,Decreasing
"Tanzania, United Republic of","Exports of goods, Volume index",Exports of goods,Free on board (FOB),Units,Not Applicable,152.0022246941046,2022,True,Low,Increasing
"Tanzania, United Republic of","Exports of goods, Volume index",Exports of goods,Free on board (FOB),Units,Not Applicable,158.7133852428624,2023,True,Low,Increasing
"Tanzania, United Republic of","Exports of goods, Volume index",Exports of goods,Free on board (FOB),Units,Not Applicable,173.7856878012607,2024,True,Medium,Increasing
"Tanzania, United Republic of","Exports of goods, Volume index",Exports of goods,Free on board (FOB),Units,Not Applicable,172.9885057471264,2025,True,Medium,Decreasing
"Tanzania, United Republic of",Imports of goods,Imports of goods,Cost insurance freight (CIF),Millions,USD,7888721450.5764675,2016,False,Medium,No Data
"Tanzania, United Republic of",Imports of goods,Imports of goods,Cost insurance freight (CIF),Millions,USD,7891702441.704665,2017,False,Medium,Increasing
"Tanzania, United Republic of",Imports of goods,Imports of goods,Cost insurance freight (CIF),Millions,USD,8521492781.444145,2018,False,Medium,Increasing
"Tanzania, United Republic of",Imports of goods,Imports of goods,Cost insurance freight (CIF),Millions,USD,9452000000.0,2019,False,High,Increasing
"Tanzania, United Republic of",Imports of goods,Imports of goods,Cost insurance freight (CIF),Millions,USD,8440000000.0,2020,False,Medium,Decreasing
"Tanzania, United Republic of",Imports of goods,Imports of goods,Cost insurance freight (CIF),Millions,USD,10024000000.0,2021,False,High,Increasing
"Tanzania, United Republic of",Imports of goods,Imports of goods,Cost insurance freight (CIF),Millions,USD,14218000000.0,2022,False,High,Increasing
"Tanzania, United Republic of",Imports of goods,Imports of goods,Cost insurance freight (CIF),Millions,USD,13730000000.0,2023,False,High,Decreasing
"Tanzania, United Republic of",Imports of goods,Imports of goods,Cost insurance freight (CIF),Millions,USD,14195000000.0,2024,False,High,Increasing
"Tanzania, United Republic of",Imports of goods,Imports of goods,Cost insurance freight (CIF),Millions,USD,14810000000.0,2025,False,High,Increasing
"Tanzania, United Republic of","Imports of goods, Volume index",Imports of goods,Cost insurance freight (CIF),Units,Not Applicable,135.4626708727655,2016,False,Low,No Data
"Tanzania, United Republic of","Imports of goods, Volume index",Imports of goods,Cost insurance freight (CIF),Units,Not Applicable,111.3301787592008,2017,False,Low,Decreasing
"Tanzania, United Republic of","Imports of goods, Volume index",Imports of goods,Cost insurance freight (CIF),Units,Not Applicable,116.8901156677182,2018,False,Low,Increasing
"Tanzania, United Republic of","Imports of goods, Volume index",Imports of goods,Cost insurance freight (CIF),Units,Not Applicable,124.8554153522608,2019,False,Low,Increasing
"Tanzania, United Republic of","Imports of goods, Volume index",Imports of goods,Cost insurance freight (CIF),Units,Not Applicable,113.0257623554154,2020,False,Low,Decreasing
"Tanzania, United Republic of","Imports of goods, Volume index",Imports of goods,Cost insurance freight (CIF),Units,Not Applicable,112.8943217665615,2021,False,Low,Decreasing
"Tanzania, United Republic of","Imports of goods, Volume index",Imports of goods,Cost insurance freight (CIF),Units,Not Applicable,140.4837013669821,2022,False,Low,Increasing
"Tanzania, United Republic of","Imports of goods, Volume index",Imports of goods,Cost insurance freight (CIF),Units,Not Applicable,143.6119873817035,2023,False,Low,Increasing
"Tanzania, United Republic of","Imports of goods, Volume index",Imports of goods,Cost insurance freight (CIF),Units,Not Applicable,152.8391167192429,2024,False,Low,Increasing
"Tanzania, United Republic of","Imports of goods, Volume index",Imports of goods,Cost insurance freight (CIF),Units,Not Applicable,158.7933753943218,2025,False,Low,Increasing
Thailand,Exports of goods,Exports of goods,Free on board (FOB),Billions,USD,215387000000.0,2016,True,High,No Data
Thailand,Exports of goods,Exports of goods,Free on board (FOB),Billions,USD,236635000000.0,2017,True,High,Increasing
Thailand,Exports of goods,Exports of goods,Free on board (FOB),Billions,USD,252955000000.0,2018,True,High,Increasing
Thailand,Exports of goods,Exports of goods,Free on board (FOB),Billions,USD,246269000000.0,2019,True,High,Decreasing
Thailand,Exports of goods,Exports of goods,Free on board (FOB),Billions,USD,231635000000.0,2020,True,High,Decreasing
Thailand,Exports of goods,Exports of goods,Free on board (FOB),Billions,USD,272005000000.0,2021,True,High,Increasing
Thailand,Exports of goods,Exports of goods,Free on board (FOB),Billions,USD,287424000000.0,2022,True,High,Increasing
Thailand,Exports of goods,Exports of goods,Free on board (FOB),Billions,USD,285072000000.0,2023,True,High,Decreasing
Thailand,Exports of goods,Exports of goods,Free on board (FOB),Billions,USD,300739000000.0,2024,True,High,Increasing
Thailand,Exports of goods,Exports of goods,Free on board (FOB),Billions,USD,339637000000.0,2025,True,High,Increasing
Thailand,"Exports of goods, Price deflator",Exports of goods,Free on board (FOB),Units,Not Applicable,111.1839018541365,2016,True,Low,No Data
Thailand,"Exports of goods, Price deflator",Exports of goods,Free on board (FOB),Units,Not Applicable,110.6999496064087,2017,True,Low,Decreasing
Thailand,"Exports of goods, Price deflator",Exports of goods,Free on board (FOB),Units,Not Applicable,109.0552070481519,2018,True,Low,Decreasing
Thailand,"Exports of goods, Volume index",Exports of goods,Free on board (FOB),Units,Not Applicable,110.9796999117387,2016,True,Low,No Data
Thailand,"Exports of goods, Volume index",Exports of goods,Free on board (FOB),Units,Not Applicable,117.2285966460724,2017,True,Low,Increasing
Thailand,"Exports of goods, Volume index",Exports of goods,Free on board (FOB),Units,Not Applicable,121.8711385701677,2018,True,Low,Increasing
Thailand,"Exports of goods, Volume index",Exports of goods,Free on board (FOB),Units,Not Applicable,117.3698146513681,2019,True,Low,Decreasing
Thailand,"Exports of goods, Volume index",Exports of goods,Free on board (FOB),Units,Not Applicable,110.5913503971756,2020,True,Low,Decreasing
Thailand,"Exports of goods, Volume index",Exports of goods,Free on board (FOB),Units,Not Applicable,115.2736938377479,2021,True,Low,Increasing
Thailand,"Exports of goods, Volume index",Exports of goods,Free on board (FOB),Units,Not Applicable,129.1791703442189,2022,True,Low,Increasing
Thailand,"Exports of goods, Volume index",Exports of goods,Free on board (FOB),Units,Not Applicable,125.7016769638129,2023,True,Low,Decreasing
Thailand,"Exports of goods, Volume index",Exports of goods,Free on board (FOB),Units,Not Applicable,131.315092674316,2024,True,Low,Increasing
Thailand,"Exports of goods, Volume index",Exports of goods,Free on board (FOB),Units,Not Applicable,147.0079435127979,2025,True,Low,Increasing
Thailand,Imports of goods,Imports of goods,Cost insurance freight (CIF),Billions,USD,194198000000.0,2016,False,High,No Data
Thailand,Imports of goods,Imports of goods,Cost insurance freight (CIF),Billions,USD,221520000000.0,2017,False,High,Increasing
Thailand,Imports of goods,Imports of goods,Cost insurance freight (CIF),Billions,USD,248202000000.0,2018,False,High,Increasing
Thailand,Imports of goods,Imports of goods,Cost insurance freight (CIF),Billions,USD,236260000000.0,2019,False,High,Decreasing
Thailand,Imports of goods,Imports of goods,Cost insurance freight (CIF),Billions,USD,206156000000.0,2020,False,High,Decreasing
Thailand,Imports of goods,Imports of goods,Cost insurance freight (CIF),Billions,USD,267341999999.99997,2021,False,High,Increasing
Thailand,Imports of goods,Imports of goods,Cost insurance freight (CIF),Billions,USD,301030000000.0,2022,False,High,Increasing
Thailand,Imports of goods,Imports of goods,Cost insurance freight (CIF),Billions,USD,288509000000.0,2023,False,High,Decreasing
Thailand,Imports of goods,Imports of goods,Cost insurance freight (CIF),Billions,USD,305524000000.0,2024,False,High,Increasing
Thailand,Imports of goods,Imports of goods,Cost insurance freight (CIF),Billions,USD,344944000000.0,2025,False,High,Increasing
Thailand,"Imports of goods, Price deflator",Imports of goods,Cost insurance freight (CIF),Units,Not Applicable,104.0006218109329,2016,False,Low,No Data
Thailand,"Imports of goods, Price deflator",Imports of goods,Cost insurance freight (CIF),Units,Not Applicable,105.4893103385212,2017,False,Low,Increasing
Thailand,"Imports of goods, Price deflator",Imports of goods,Cost insurance freight (CIF),Units,Not Applicable,106.1403829623804,2018,False,Low,Increasing
Thailand,"Imports of goods, Volume index",Imports of goods,Cost insurance freight (CIF),Units,Not Applicable,111.4593934459597,2016,False,Low,No Data
Thailand,"Imports of goods, Volume index",Imports of goods,Cost insurance freight (CIF),Units,Not Applicable,119.7231833910035,2017,False,Low,Increasing
Thailand,"Imports of goods, Volume index",Imports of goods,Cost insurance freight (CIF),Units,Not Applicable,128.8418481579483,2018,False,Low,Increasing
Thailand,"Imports of goods, Volume index",Imports of goods,Cost insurance freight (CIF),Units,Not Applicable,121.371870547527,2019,False,Low,Decreasing
Thailand,"Imports of goods, Volume index",Imports of goods,Cost insurance freight (CIF),Units,Not Applicable,108.6912273559943,2020,False,Low,Decreasing
Thailand,"Imports of goods, Volume index",Imports of goods,Cost insurance freight (CIF),Units,Not Applicable,115.8744203453513,2021,False,Low,Increasing
Thailand,"Imports of goods, Volume index",Imports of goods,Cost insurance freight (CIF),Units,Not Applicable,129.6153063301445,2022,False,Low,Increasing
Thailand,"Imports of goods, Volume index",Imports of goods,Cost insurance freight (CIF),Units,Not Applicable,124.4046407490332,2023,False,Low,Decreasing
Thailand,"Imports of goods, Volume index",Imports of goods,Cost insurance freight (CIF),Units,Not Applicable,130.3073478526359,2024,False,Low,Increasing
Thailand,"Imports of goods, Volume index",Imports of goods,Cost insurance freight (CIF),Units,Not Applicable,142.9879910441685,2025,False,Low,Increasing
"Timor-Leste, Democratic Republic of",Exports of goods,Exports of goods,Free on board (FOB),Thousands,USD,25274000.0,2016,True,Medium,No Data
"Timor-Leste, Democratic Republic of",Exports of goods,Exports of goods,Free on board (FOB),Thousands,USD,14068000.0,2017,True,Medium,Decreasing
"Timor-Leste, Democratic Republic of",Exports of goods,Exports of goods,Free on board (FOB),Thousands,USD,21484000.0,2018,True,Medium,Increasing
"Timor-Leste, Democratic Republic of",Imports of goods,Imports of goods,Free on board (FOB),Thousands,USD,506089000.0,2016,False,Medium,No Data
"Timor-Leste, Democratic Republic of",Imports of goods,Imports of goods,Free on board (FOB),Thousands,USD,578973000.0,2017,False,Medium,Increasing
"Timor-Leste, Democratic Republic of",Imports of goods,Imports of goods,Free on board (FOB),Thousands,USD,519818000.0,2018,False,Medium,Decreasing
Togo,Exports of goods,Exports of goods,Free on board (FOB),Millions,USD,849573861.150241,2016,True,Medium,No Data
Togo,Exports of goods,Exports of goods,Free on board (FOB),Millions,USD,867069579.285149,2017,True,Medium,Increasing
Togo,Exports of goods,Exports of goods,Free on board (FOB),Millions,USD,1080000000.0,2018,True,Medium,Increasing
Togo,Exports of goods,Exports of goods,Free on board (FOB),Millions,USD,1055000000.0,2019,True,Medium,Decreasing
Togo,Exports of goods,Exports of goods,Free on board (FOB),Millions,USD,1008000000.0,2020,True,Medium,Decreasing
Togo,Imports of goods,Imports of goods,Cost insurance freight (CIF),Millions,USD,1858070198.9271998,2016,False,Medium,No Data
Togo,Imports of goods,Imports of goods,Cost insurance freight (CIF),Millions,USD,1635602263.31686,2017,False,Medium,Decreasing
Togo,Imports of goods,Imports of goods,Cost insurance freight (CIF),Millions,USD,2116000000.0,2018,False,Medium,Increasing
Togo,Imports of goods,Imports of goods,Cost insurance freight (CIF),Millions,USD,2091000000.0,2019,False,Medium,Decreasing
Togo,Imports of goods,Imports of goods,Cost insurance freight (CIF),Millions,USD,2166000000.0,2020,False,Medium,Increasing
Tonga,Exports of goods,Exports of goods,Free on board (FOB),Millions,USD,21000000.0,2016,True,Medium,No Data
Tonga,Exports of goods,Exports of goods,Free on board (FOB),Millions,USD,19000000.0,2017,True,Medium,Decreasing
Tonga,Exports of goods,Exports of goods,Free on board (FOB),Millions,USD,13000000.0,2018,True,Medium,Decreasing
Tonga,Exports of goods,Exports of goods,Free on board (FOB),Millions,USD,20000000.0,2019,True,Medium,Increasing
Tonga,Exports of goods,Exports of goods,Free on board (FOB),Millions,USD,15000000.0,2020,True,Medium,Decreasing
Tonga,Exports of goods,Exports of goods,Free on board (FOB),Millions,USD,16000000.0,2021,True,Medium,Increasing
Tonga,Exports of goods,Exports of goods,Free on board (FOB),Millions,USD,13000000.0,2022,True,Medium,Decreasing
Tonga,Exports of goods,Exports of goods,Free on board (FOB),Millions,USD,10000000.0,2023,True,Medium,Decreasing
Tonga,Exports of goods,Exports of goods,Free on board (FOB),Millions,USD,9000000.0,2024,True,Medium,Decreasing
Tonga,Exports of goods,Exports of goods,Free on board (FOB),Millions,USD,13000000.0,2025,True,Medium,Increasing
Tonga,Imports of goods,Imports of goods,Cost insurance freight (CIF),Millions,USD,229000000.0,2016,False,Medium,No Data
Tonga,Imports of goods,Imports of goods,Cost insurance freight (CIF),Millions,USD,231000000.0,2017,False,Medium,Increasing
Tonga,Imports of goods,Imports of goods,Cost insurance freight (CIF),Millions,USD,230000000.0,2018,False,Medium,Decreasing
Tonga,Imports of goods,Imports of goods,Cost insurance freight (CIF),Millions,USD,238000000.0,2019,False,Medium,Increasing
Tonga,Imports of goods,Imports of goods,Cost insurance freight (CIF),Millions,USD,229000000.0,2020,False,Medium,Decreasing
Tonga,Imports of goods,Imports of goods,Cost insurance freight (CIF),Millions,USD,246000000.0,2021,False,Medium,Increasing
Tonga,Imports of goods,Imports of goods,Cost insurance freight (CIF),Millions,USD,268000000.0,2022,False,Medium,Increasing
Tonga,Imports of goods,Imports of goods,Cost insurance freight (CIF),Millions,USD,272000000.0,2023,False,Medium,Increasing
Tonga,Imports of goods,Imports of goods,Cost insurance freight (CIF),Millions,USD,295000000.0,2024,False,Medium,Increasing
Tonga,Imports of goods,Imports of goods,Cost insurance freight (CIF),Millions,USD,255000000.0,2025,False,Medium,Decreasing
Trinidad and Tobago,Exports of goods,Exports of goods,Free on board (FOB),Millions,USD,7633000000.0,2016,True,Medium,No Data
Trinidad and Tobago,Exports of goods,Exports of goods,Free on board (FOB),Millions,USD,8741000000.0,2017,True,Medium,Increasing
Trinidad and Tobago,Exports of goods,Exports of goods,Free on board (FOB),Millions,USD,10532000000.0,2018,True,High,Increasing
Trinidad and Tobago,Exports of goods,Exports of goods,Free on board (FOB),Millions,USD,7192000000.0,2019,True,Medium,Decreasing
Trinidad and Tobago,Exports of goods,Exports of goods,Free on board (FOB),Millions,USD,5519000000.0,2020,True,Medium,Decreasing
Trinidad and Tobago,Exports of goods,Exports of goods,Free on board (FOB),Millions,USD,8620000000.0,2021,True,Medium,Increasing
Trinidad and Tobago,Exports of goods,Exports of goods,Free on board (FOB),Millions,USD,13286000000.0,2022,True,High,Increasing
Trinidad and Tobago,Exports of goods,Exports of goods,Free on board (FOB),Millions,USD,7864000000.0,2023,True,Medium,Decreasing
Trinidad and Tobago,Exports of goods,Exports of goods,Free on board (FOB),Millions,USD,7899000000.0,2024,True,Medium,Increasing
Trinidad and Tobago,Exports of goods,Exports of goods,Free on board (FOB),Millions,USD,6816000000.0,2025,True,Medium,Decreasing
Trinidad and Tobago,Imports of goods,Imports of goods,Cost insurance freight (CIF),Millions,USD,8052000000.0,2016,False,Medium,No Data
Trinidad and Tobago,Imports of goods,Imports of goods,Cost insurance freight (CIF),Millions,USD,6893000000.0,2017,False,Medium,Decreasing
Trinidad and Tobago,Imports of goods,Imports of goods,Cost insurance freight (CIF),Millions,USD,7719000000.0,2018,False,Medium,Increasing
Trinidad and Tobago,Imports of goods,Imports of goods,Cost insurance freight (CIF),Millions,USD,6334000000.0,2019,False,Medium,Decreasing
Trinidad and Tobago,Imports of goods,Imports of goods,Cost insurance freight (CIF),Millions,USD,4876000000.0,2020,False,Medium,Decreasing
Trinidad and Tobago,Imports of goods,Imports of goods,Cost insurance freight (CIF),Millions,USD,5761000000.0,2021,False,Medium,Increasing
Trinidad and Tobago,Imports of goods,Imports of goods,Cost insurance freight (CIF),Millions,USD,6217000000.0,2022,False,Medium,Increasing
Trinidad and Tobago,Imports of goods,Imports of goods,Cost insurance freight (CIF),Millions,USD,9163000000.0,2023,False,Medium,Increasing
Trinidad and Tobago,Imports of goods,Imports of goods,Cost insurance freight (CIF),Millions,USD,7669000000.0,2024,False,Medium,Decreasing
Trinidad and Tobago,Imports of goods,Imports of goods,Cost insurance freight (CIF),Millions,USD,5797000000.0,2025,False,Medium,Decreasing
Tunisia,Exports of goods,Exports of goods,Free on board (FOB),Millions,USD,13572000000.0,2016,True,High,No Data
Tunisia,Exports of goods,Exports of goods,Free on board (FOB),Millions,USD,14203000000.0,2017,True,High,Increasing
Tunisia,Exports of goods,Exports of goods,Free on board (FOB),Millions,USD,15536000000.0,2018,True,High,Increasing
Tunisia,Exports of goods,Exports of goods,Free on board (FOB),Millions,USD,14933000000.0,2019,True,High,Decreasing
Tunisia,Exports of goods,Exports of goods,Free on board (FOB),Millions,USD,13798000000.0,2020,True,High,Decreasing
Tunisia,Exports of goods,Exports of goods,Free on board (FOB),Millions,USD,16677000000.0,2021,True,High,Increasing
Tunisia,Exports of goods,Exports of goods,Free on board (FOB),Millions,USD,18561000000.0,2022,True,High,Increasing
Tunisia,Exports of goods,Exports of goods,Free on board (FOB),Millions,USD,19986000000.0,2023,True,High,Increasing
Tunisia,Exports of goods,Exports of goods,Free on board (FOB),Millions,USD,19972000000.0,2024,True,High,Decreasing
Tunisia,Exports of goods,Exports of goods,Free on board (FOB),Millions,USD,21291000000.0,2025,True,High,Increasing
Tunisia,"Exports of goods, Volume index",Exports of goods,Free on board (FOB),Units,Not Applicable,84.78618421052632,2016,True,Low,No Data
Tunisia,"Exports of goods, Volume index",Exports of goods,Free on board (FOB),Units,Not Applicable,86.10197368421053,2017,True,Low,Increasing
Tunisia,"Exports of goods, Volume index",Exports of goods,Free on board (FOB),Units,Not Applicable,91.38569078947368,2018,True,Low,Increasing
Tunisia,"Exports of goods, Volume index",Exports of goods,Free on board (FOB),Units,Not Applicable,88.87746710526316,2019,True,Low,Decreasing
Tunisia,"Exports of goods, Volume index",Exports of goods,Free on board (FOB),Units,Not Applicable,79.56414473684211,2020,True,Low,Decreasing
Tunisia,"Exports of goods, Volume index",Exports of goods,Free on board (FOB),Units,Not Applicable,86.30756578947368,2021,True,Low,Increasing
Tunisia,"Exports of goods, Volume index",Exports of goods,Free on board (FOB),Units,Not Applicable,88.44572368421053,2022,True,Low,Increasing
Tunisia,"Exports of goods, Volume index",Exports of goods,Free on board (FOB),Units,Not Applicable,98.9514802631579,2023,True,Low,Increasing
Tunisia,"Exports of goods, Volume index",Exports of goods,Free on board (FOB),Units,Not Applicable,98.828125,2024,True,Low,Decreasing
Tunisia,"Exports of goods, Volume index",Exports of goods,Free on board (FOB),Units,Not Applicable,104.5847039473684,2025,True,Low,Increasing
Tunisia,Imports of goods,Imports of goods,Cost insurance freight (CIF),Millions,USD,19461000000.0,2016,False,High,No Data
Tunisia,Imports of goods,Imports of goods,Cost insurance freight (CIF),Millions,USD,20656000000.0,2017,False,High,Increasing
Tunisia,Imports of goods,Imports of goods,Cost insurance freight (CIF),Millions,USD,22698000000.0,2018,False,High,Increasing
Tunisia,Imports of goods,Imports of goods,Cost insurance freight (CIF),Millions,USD,21563000000.0,2019,False,High,Decreasing
Tunisia,Imports of goods,Imports of goods,Cost insurance freight (CIF),Millions,USD,18359000000.0,2020,False,High,Decreasing
Tunisia,Imports of goods,Imports of goods,Cost insurance freight (CIF),Millions,USD,22468000000.0,2021,False,High,Increasing
Tunisia,Imports of goods,Imports of goods,Cost insurance freight (CIF),Millions,USD,26656000000.0,2022,False,High,Increasing
Tunisia,Imports of goods,Imports of goods,Cost insurance freight (CIF),Millions,USD,25485000000.0,2023,False,High,Decreasing
Tunisia,Imports of goods,Imports of goods,Cost insurance freight (CIF),Millions,USD,26070000000.0,2024,False,High,Increasing
Tunisia,Imports of goods,Imports of goods,Cost insurance freight (CIF),Millions,USD,28592000000.0,2025,False,High,Increasing
Tunisia,"Imports of goods, Volume index",Imports of goods,Cost insurance freight (CIF),Units,Not Applicable,94.5749135263062,2016,False,Low,No Data
Tunisia,"Imports of goods, Volume index",Imports of goods,Cost insurance freight (CIF),Units,Not Applicable,95.57618787547788,2017,False,Low,Increasing
Tunisia,"Imports of goods, Volume index",Imports of goods,Cost insurance freight (CIF),Units,Not Applicable,100.4187147278354,2018,False,Low,Increasing
Tunisia,"Imports of goods, Volume index",Imports of goods,Cost insurance freight (CIF),Units,Not Applicable,98.197706171491,2019,False,Low,Decreasing
Tunisia,"Imports of goods, Volume index",Imports of goods,Cost insurance freight (CIF),Units,Not Applicable,84.56217003458949,2020,False,Low,Decreasing
Tunisia,"Imports of goods, Volume index",Imports of goods,Cost insurance freight (CIF),Units,Not Applicable,86.21882395776443,2021,False,Low,Increasing
Tunisia,"Imports of goods, Volume index",Imports of goods,Cost insurance freight (CIF),Units,Not Applicable,88.05752776260697,2022,False,Low,Increasing
Tunisia,"Imports of goods, Volume index",Imports of goods,Cost insurance freight (CIF),Units,Not Applicable,91.27981066812308,2023,False,Low,Increasing
Tunisia,"Imports of goods, Volume index",Imports of goods,Cost insurance freight (CIF),Units,Not Applicable,97.5059166211542,2024,False,Low,Increasing
Tunisia,"Imports of goods, Volume index",Imports of goods,Cost insurance freight (CIF),Units,Not Applicable,104.5148370653559,2025,False,Low,Increasing
Turkmenistan,Exports of goods,Exports of goods,Free on board (FOB),Millions,USD,6964000000.0,2016,True,Medium,No Data
Turkmenistan,Exports of goods,Exports of goods,Free on board (FOB),Millions,USD,7458000000.0,2017,True,Medium,Increasing
Turkmenistan,Exports of goods,Exports of goods,Free on board (FOB),Millions,USD,9706000000.0,2018,True,High,Increasing
Turkmenistan,Exports of goods,Exports of goods,Free on board (FOB),Millions,USD,10622000000.0,2019,True,High,Increasing
Turkmenistan,Exports of goods,Exports of goods,Free on board (FOB),Millions,USD,6477000000.0,2020,True,Medium,Decreasing
Turkmenistan,Exports of goods,Exports of goods,Free on board (FOB),Millions,USD,9445000000.0,2021,True,High,Increasing
Turkmenistan,Exports of goods,Exports of goods,Free on board (FOB),Millions,USD,13550000000.0,2022,True,High,Increasing
Turkmenistan,Exports of goods,Exports of goods,Free on board (FOB),Millions,USD,16164000000.0,2023,True,High,Increasing
Turkmenistan,Exports of goods,Exports of goods,Free on board (FOB),Millions,USD,14974000000.0,2024,True,High,Decreasing
Turkmenistan,Exports of goods,Exports of goods,Free on board (FOB),Millions,USD,15561000000.0,2025,True,High,Increasing
Turkmenistan,Imports of goods,Imports of goods,Cost insurance freight (CIF),Millions,USD,4994000000.0,2016,False,Medium,No Data
Turkmenistan,Imports of goods,Imports of goods,Cost insurance freight (CIF),Millions,USD,4571000000.0,2017,False,Medium,Decreasing
Turkmenistan,Imports of goods,Imports of goods,Cost insurance freight (CIF),Millions,USD,2379000000.0,2018,False,Medium,Decreasing
Turkmenistan,Imports of goods,Imports of goods,Cost insurance freight (CIF),Millions,USD,2988000000.0,2019,False,Medium,Increasing
Turkmenistan,Imports of goods,Imports of goods,Cost insurance freight (CIF),Millions,USD,3223000000.0,2020,False,Medium,Increasing
Turkmenistan,Imports of goods,Imports of goods,Cost insurance freight (CIF),Millions,USD,4147000000.0,2021,False,Medium,Increasing
Turkmenistan,Imports of goods,Imports of goods,Cost insurance freight (CIF),Millions,USD,3456000000.0,2022,False,Medium,Decreasing
Turkmenistan,Imports of goods,Imports of goods,Cost insurance freight (CIF),Millions,USD,4436000000.0,2023,False,Medium,Increasing
Turkmenistan,Imports of goods,Imports of goods,Cost insurance freight (CIF),Millions,USD,4419000000.0,2024,False,Medium,Decreasing
Turkmenistan,Imports of goods,Imports of goods,Cost insurance freight (CIF),Millions,USD,4761000000.0,2025,False,Medium,Increasing
Tuvalu,Exports of goods,Exports of goods,Free on board (FOB),Millions,USD,0.0,2016,True,Low,No Data
Tuvalu,Exports of goods,Exports of goods,Free on board (FOB),Millions,USD,0.0,2017,True,Low,No Data
Tuvalu,Exports of goods,Exports of goods,Free on board (FOB),Millions,USD,0.0,2018,True,Low,No Data
Tuvalu,Exports of goods,Exports of goods,Free on board (FOB),Millions,USD,0.0,2019,True,Low,No Data
Tuvalu,Exports of goods,Exports of goods,Free on board (FOB),Millions,USD,0.0,2020,True,Low,No Data
Tuvalu,Exports of goods,Exports of goods,Free on board (FOB),Millions,USD,0.0,2021,True,Low,No Data
Tuvalu,Exports of goods,Exports of goods,Free on board (FOB),Millions,USD,0.0,2022,True,Low,No Data
Tuvalu,Exports of goods,Exports of goods,Free on board (FOB),Millions,USD,0.0,2023,True,Low,No Data
Tuvalu,Exports of goods,Exports of goods,Free on board (FOB),Millions,USD,0.0,2024,True,Low,No Data
Tuvalu,Exports of goods,Exports of goods,Free on board (FOB),Millions,USD,0.0,2025,True,Low,No Data
Tuvalu,Imports of goods,Imports of goods,Cost insurance freight (CIF),Millions,USD,23000000.0,2016,False,Medium,No Data
Tuvalu,Imports of goods,Imports of goods,Cost insurance freight (CIF),Millions,USD,27000000.0,2017,False,Medium,Increasing
Tuvalu,Imports of goods,Imports of goods,Cost insurance freight (CIF),Millions,USD,25000000.0,2018,False,Medium,Decreasing
Tuvalu,Imports of goods,Imports of goods,Cost insurance freight (CIF),Millions,USD,33000000.0,2019,False,Medium,Increasing
Tuvalu,Imports of goods,Imports of goods,Cost insurance freight (CIF),Millions,USD,34000000.0,2020,False,Medium,Increasing
Tuvalu,Imports of goods,Imports of goods,Cost insurance freight (CIF),Millions,USD,34000000.0,2021,False,Medium,No Data
Tuvalu,Imports of goods,Imports of goods,Cost insurance freight (CIF),Millions,USD,34000000.0,2022,False,Medium,No Data
Tuvalu,Imports of goods,Imports of goods,Cost insurance freight (CIF),Millions,USD,43000000.0,2023,False,Medium,Increasing
Tuvalu,Imports of goods,Imports of goods,Cost insurance freight (CIF),Millions,USD,41000000.0,2024,False,Medium,Decreasing
Tuvalu,Imports of goods,Imports of goods,Cost insurance freight (CIF),Millions,USD,27000000.0,2025,False,Medium,Decreasing
"Türkiye, Republic of",Exports of goods,Exports of goods,Free on board (FOB),Billions,USD,149246000000.0,2016,True,High,No Data
"Türkiye, Republic of",Exports of goods,Exports of goods,Free on board (FOB),Billions,USD,164495000000.0,2017,True,High,Increasing
"Türkiye, Republic of",Exports of goods,Exports of goods,Free on board (FOB),Billions,USD,177169000000.0,2018,True,High,Increasing
"Türkiye, Republic of",Exports of goods,Exports of goods,Free on board (FOB),Billions,USD,180835000000.0,2019,True,High,Increasing
"Türkiye, Republic of",Exports of goods,Exports of goods,Free on board (FOB),Billions,USD,169637000000.0,2020,True,High,Decreasing
"Türkiye, Republic of",Exports of goods,Exports of goods,Free on board (FOB),Billions,USD,225215000000.0,2021,True,High,Increasing
"Türkiye, Republic of",Exports of goods,Exports of goods,Free on board (FOB),Billions,USD,254171000000.0,2022,True,High,Increasing
"Türkiye, Republic of",Exports of goods,Exports of goods,Free on board (FOB),Billions,USD,255628000000.0,2023,True,High,Increasing
"Türkiye, Republic of",Exports of goods,Exports of goods,Free on board (FOB),Billions,USD,261779999999.99997,2024,True,High,Increasing
"Türkiye, Republic of",Exports of goods,Exports of goods,Free on board (FOB),Billions,USD,273254000000.00003,2025,True,High,Increasing
"Türkiye, Republic of","Exports of goods, Volume index",Exports of goods,Free on board (FOB),Units,Not Applicable,136.0748323332157,2016,True,Low,No Data
"Türkiye, Republic of","Exports of goods, Volume index",Exports of goods,Free on board (FOB),Units,Not Applicable,147.3526297211437,2017,True,Low,Increasing
"Türkiye, Republic of","Exports of goods, Volume index",Exports of goods,Free on board (FOB),Units,Not Applicable,154.6593716907871,2018,True,Low,Increasing
"Türkiye, Republic of","Exports of goods, Volume index",Exports of goods,Free on board (FOB),Units,Not Applicable,164.7899752912107,2019,True,Medium,Increasing
"Türkiye, Republic of","Exports of goods, Volume index",Exports of goods,Free on board (FOB),Units,Not Applicable,156.2830921284857,2020,True,Low,Decreasing
"Türkiye, Republic of","Exports of goods, Volume index",Exports of goods,Free on board (FOB),Units,Not Applicable,189.5870102364984,2021,True,Medium,Increasing
"Türkiye, Republic of","Exports of goods, Volume index",Exports of goods,Free on board (FOB),Units,Not Applicable,195.958348040946,2022,True,Medium,Increasing
"Türkiye, Republic of","Exports of goods, Volume index",Exports of goods,Free on board (FOB),Units,Not Applicable,196.1524885280621,2023,True,Medium,Increasing
"Türkiye, Republic of","Exports of goods, Volume index",Exports of goods,Free on board (FOB),Units,Not Applicable,198.8175079421108,2024,True,Medium,Increasing
"Türkiye, Republic of","Exports of goods, Volume index",Exports of goods,Free on board (FOB),Units,Not Applicable,197.4232262619132,2025,True,Medium,Decreasing
"Türkiye, Republic of",Imports of goods,Imports of goods,Cost insurance freight (CIF),Billions,USD,202189000000.0,2016,False,High,No Data
"Türkiye, Republic of",Imports of goods,Imports of goods,Cost insurance freight (CIF),Billions,USD,238715000000.0,2017,False,High,Increasing
"Türkiye, Republic of",Imports of goods,Imports of goods,Cost insurance freight (CIF),Billions,USD,231152000000.0,2018,False,High,Decreasing
"Türkiye, Republic of",Imports of goods,Imports of goods,Cost insurance freight (CIF),Billions,USD,210344000000.0,2019,False,High,Decreasing
"Türkiye, Republic of",Imports of goods,Imports of goods,Cost insurance freight (CIF),Billions,USD,219517000000.0,2020,False,High,Increasing
"Türkiye, Republic of",Imports of goods,Imports of goods,Cost insurance freight (CIF),Billions,USD,271425000000.0,2021,False,High,Increasing
"Türkiye, Republic of",Imports of goods,Imports of goods,Cost insurance freight (CIF),Billions,USD,363712000000.0,2022,False,High,Increasing
"Türkiye, Republic of",Imports of goods,Imports of goods,Cost insurance freight (CIF),Billions,USD,361967000000.0,2023,False,High,Decreasing
"Türkiye, Republic of",Imports of goods,Imports of goods,Cost insurance freight (CIF),Billions,USD,344010000000.0,2024,False,High,Decreasing
"Türkiye, Republic of",Imports of goods,Imports of goods,Cost insurance freight (CIF),Billions,USD,365405000000.0,2025,False,High,Increasing
"Türkiye, Republic of","Imports of goods, Volume index",Imports of goods,Cost insurance freight (CIF),Units,Not Applicable,128.0082630401102,2016,False,Low,No Data
"Türkiye, Republic of","Imports of goods, Volume index",Imports of goods,Cost insurance freight (CIF),Units,Not Applicable,140.6093992081253,2017,False,Low,Increasing
"Türkiye, Republic of","Imports of goods, Volume index",Imports of goods,Cost insurance freight (CIF),Units,Not Applicable,127.7844723704596,2018,False,Low,Decreasing
"Türkiye, Republic of","Imports of goods, Volume index",Imports of goods,Cost insurance freight (CIF),Units,Not Applicable,121.3461869512825,2019,False,Low,Decreasing
"Türkiye, Republic of","Imports of goods, Volume index",Imports of goods,Cost insurance freight (CIF),Units,Not Applicable,134.3088311241177,2020,False,Low,Increasing
"Türkiye, Republic of","Imports of goods, Volume index",Imports of goods,Cost insurance freight (CIF),Units,Not Applicable,135.2212084696161,2021,False,Low,Increasing
"Türkiye, Republic of","Imports of goods, Volume index",Imports of goods,Cost insurance freight (CIF),Units,Not Applicable,142.5890859011878,2022,False,Low,Increasing
"Türkiye, Republic of","Imports of goods, Volume index",Imports of goods,Cost insurance freight (CIF),Units,Not Applicable,160.5267688070236,2023,False,Low,Increasing
"Türkiye, Republic of","Imports of goods, Volume index",Imports of goods,Cost insurance freight (CIF),Units,Not Applicable,151.5062833534171,2024,False,Low,Decreasing
"Türkiye, Republic of","Imports of goods, Volume index",Imports of goods,Cost insurance freight (CIF),Units,Not Applicable,158.4610087794801,2025,False,Low,Increasing
Uganda,Exports of goods,Exports of goods,Free on board (FOB),Millions,USD,2476844703.6919003,2016,True,Medium,No Data
Uganda,Exports of goods,Exports of goods,Free on board (FOB),Millions,USD,2913349241.86059,2017,True,Medium,Increasing
Uganda,Exports of goods,Exports of goods,Free on board (FOB),Millions,USD,3059061114.0675893,2018,True,Medium,Increasing
Uganda,Exports of goods,Exports of goods,Free on board (FOB),Millions,USD,3570128205.806713,2019,True,Medium,Increasing
Uganda,Exports of goods,Exports of goods,Free on board (FOB),Millions,USD,4176523996.2343473,2020,True,Medium,Increasing
Uganda,Exports of goods,Exports of goods,Free on board (FOB),Millions,USD,4003097134.692913,2021,True,Medium,Decreasing
Uganda,Exports of goods,Exports of goods,Free on board (FOB),Millions,USD,3566784891.312814,2022,True,Medium,Decreasing
Uganda,Exports of goods,Exports of goods,Free on board (FOB),Millions,USD,6331588608.688133,2023,True,Medium,Increasing
Uganda,Exports of goods,Exports of goods,Free on board (FOB),Millions,USD,8110753151.260168,2024,True,Medium,Increasing
Uganda,Exports of goods,Exports of goods,Free on board (FOB),Millions,USD,12844070519.847229,2025,True,High,Increasing
Uganda,Imports of goods,Imports of goods,Cost insurance freight (CIF),Millions,USD,4822233376.212563,2016,False,Medium,No Data
Uganda,Imports of goods,Imports of goods,Cost insurance freight (CIF),Millions,USD,5615919429.172761,2017,False,Medium,Increasing
Uganda,Imports of goods,Imports of goods,Cost insurance freight (CIF),Millions,USD,6732271776.471587,2018,False,Medium,Increasing
Uganda,Imports of goods,Imports of goods,Cost insurance freight (CIF),Millions,USD,7713875830.947982,2019,False,Medium,Increasing
Uganda,Imports of goods,Imports of goods,Cost insurance freight (CIF),Millions,USD,8303426192.591613,2020,False,Medium,Increasing
Uganda,Imports of goods,Imports of goods,Cost insurance freight (CIF),Millions,USD,9169002268.771713,2021,False,Medium,Increasing
Uganda,Imports of goods,Imports of goods,Cost insurance freight (CIF),Millions,USD,9763419579.486692,2022,False,High,Increasing
Uganda,Imports of goods,Imports of goods,Cost insurance freight (CIF),Millions,USD,11819783820.35562,2023,False,High,Increasing
Uganda,Imports of goods,Imports of goods,Cost insurance freight (CIF),Millions,USD,13953729738.23534,2024,False,High,Increasing
Uganda,Imports of goods,Imports of goods,Cost insurance freight (CIF),Millions,USD,18998551648.811058,2025,False,High,Increasing
Ukraine,Exports of goods,Exports of goods,Free on board (FOB),Millions,USD,36360000000.0,2016,True,High,No Data
Ukraine,Exports of goods,Exports of goods,Free on board (FOB),Millions,USD,43265000000.0,2017,True,High,Increasing
Ukraine,Exports of goods,Exports of goods,Free on board (FOB),Millions,USD,47336000000.0,2018,True,High,Increasing
Ukraine,Exports of goods,Exports of goods,Free on board (FOB),Millions,USD,50054000000.0,2019,True,High,Increasing
Ukraine,Exports of goods,Exports of goods,Free on board (FOB),Millions,USD,49192000000.0,2020,True,High,Decreasing
Ukraine,Exports of goods,Exports of goods,Free on board (FOB),Millions,USD,68073000000.0,2021,True,High,Increasing
Ukraine,Exports of goods,Exports of goods,Free on board (FOB),Millions,USD,44134000000.0,2022,True,High,Decreasing
Ukraine,Exports of goods,Exports of goods,Free on board (FOB),Millions,USD,37585000000.0,2023,True,High,Decreasing
Ukraine,Exports of goods,Exports of goods,Free on board (FOB),Millions,USD,41732000000.0,2024,True,High,Increasing
Ukraine,Exports of goods,Exports of goods,Free on board (FOB),Millions,USD,40368000000.0,2025,True,High,Decreasing
Ukraine,"Exports of goods, Price deflator",Exports of goods,Free on board (FOB),Units,Not Applicable,76.3558201058201,2016,True,Low,No Data
Ukraine,"Exports of goods, Price deflator",Exports of goods,Free on board (FOB),Units,Not Applicable,91.99735449735452,2017,True,Low,Increasing
Ukraine,"Exports of goods, Price deflator",Exports of goods,Free on board (FOB),Units,Not Applicable,88.71031746031747,2018,True,Low,Decreasing
Ukraine,"Exports of goods, Price deflator",Exports of goods,Free on board (FOB),Units,Not Applicable,79.431216931217,2019,True,Low,Decreasing
Ukraine,"Exports of goods, Price deflator",Exports of goods,Free on board (FOB),Units,Not Applicable,83.01587301587303,2020,True,Low,Increasing
Ukraine,"Exports of goods, Volume index",Exports of goods,Free on board (FOB),Units,Not Applicable,84.27152317880795,2016,True,Low,No Data
Ukraine,"Exports of goods, Volume index",Exports of goods,Free on board (FOB),Units,Not Applicable,94.70198675496688,2017,True,Low,Increasing
Ukraine,"Exports of goods, Volume index",Exports of goods,Free on board (FOB),Units,Not Applicable,98.62819299905392,2018,True,Low,Increasing
Ukraine,"Exports of goods, Volume index",Exports of goods,Free on board (FOB),Units,Not Applicable,104.3282876064333,2019,True,Low,Increasing
Ukraine,"Exports of goods, Volume index",Exports of goods,Free on board (FOB),Units,Not Applicable,89.09649952696309,2020,True,Low,Decreasing
Ukraine,"Exports of goods, Volume index",Exports of goods,Free on board (FOB),Units,Not Applicable,93.6455376852728,2021,True,Low,Increasing
Ukraine,"Exports of goods, Volume index",Exports of goods,Free on board (FOB),Units,Not Applicable,59.03500473036897,2022,True,Low,Decreasing
Ukraine,"Exports of goods, Volume index",Exports of goods,Free on board (FOB),Units,Not Applicable,57.21381267738884,2023,True,Low,Decreasing
Ukraine,"Exports of goods, Volume index",Exports of goods,Free on board (FOB),Units,Not Applicable,69.48912015137181,2024,True,Low,Increasing
Ukraine,"Exports of goods, Volume index",Exports of goods,Free on board (FOB),Units,Not Applicable,66.3197729422895,2025,True,Low,Decreasing
Ukraine,Imports of goods,Imports of goods,Cost insurance freight (CIF),Millions,USD,39252000000.0,2016,False,High,No Data
Ukraine,Imports of goods,Imports of goods,Cost insurance freight (CIF),Millions,USD,49608000000.0,2017,False,High,Increasing
Ukraine,Imports of goods,Imports of goods,Cost insurance freight (CIF),Millions,USD,57188000000.0,2018,False,High,Increasing
Ukraine,Imports of goods,Imports of goods,Cost insurance freight (CIF),Millions,USD,60800000000.0,2019,False,High,Increasing
Ukraine,Imports of goods,Imports of goods,Cost insurance freight (CIF),Millions,USD,54337000000.0,2020,False,High,Decreasing
Ukraine,Imports of goods,Imports of goods,Cost insurance freight (CIF),Millions,USD,72843000000.0,2021,False,High,Increasing
Ukraine,Imports of goods,Imports of goods,Cost insurance freight (CIF),Millions,USD,55294000000.0,2022,False,High,Decreasing
Ukraine,Imports of goods,Imports of goods,Cost insurance freight (CIF),Millions,USD,63765000000.0,2023,False,High,Increasing
Ukraine,Imports of goods,Imports of goods,Cost insurance freight (CIF),Millions,USD,70772000000.0,2024,False,High,Increasing
Ukraine,Imports of goods,Imports of goods,Cost insurance freight (CIF),Millions,USD,83573000000.0,2025,False,High,Increasing
Ukraine,"Imports of goods, Price deflator",Imports of goods,Cost insurance freight (CIF),Units,Not Applicable,81.56298490619271,2016,False,Low,No Data
Ukraine,"Imports of goods, Price deflator",Imports of goods,Cost insurance freight (CIF),Units,Not Applicable,96.45224996473408,2017,False,Low,Increasing
Ukraine,"Imports of goods, Price deflator",Imports of goods,Cost insurance freight (CIF),Units,Not Applicable,95.0627733107632,2018,False,Low,Decreasing
Ukraine,"Imports of goods, Price deflator",Imports of goods,Cost insurance freight (CIF),Units,Not Applicable,84.80039497813509,2019,False,Low,Decreasing
Ukraine,"Imports of goods, Price deflator",Imports of goods,Cost insurance freight (CIF),Units,Not Applicable,84.2925659472422,2020,False,Low,Decreasing
Ukraine,"Imports of goods, Volume index",Imports of goods,Cost insurance freight (CIF),Units,Not Applicable,72.55696202531645,2016,False,Low,No Data
Ukraine,"Imports of goods, Volume index",Imports of goods,Cost insurance freight (CIF),Units,Not Applicable,84.47257383966245,2017,False,Low,Increasing
Ukraine,"Imports of goods, Volume index",Imports of goods,Cost insurance freight (CIF),Units,Not Applicable,91.29113924050633,2018,False,Low,Increasing
Ukraine,"Imports of goods, Volume index",Imports of goods,Cost insurance freight (CIF),Units,Not Applicable,102.8016877637131,2019,False,Low,Increasing
Ukraine,"Imports of goods, Volume index",Imports of goods,Cost insurance freight (CIF),Units,Not Applicable,59.78621659634319,2020,False,Low,Decreasing
Ukraine,"Imports of goods, Volume index",Imports of goods,Cost insurance freight (CIF),Units,Not Applicable,85.5977496483825,2021,False,Low,Increasing
Ukraine,"Imports of goods, Volume index",Imports of goods,Cost insurance freight (CIF),Units,Not Applicable,68.62447257383965,2022,False,Low,Decreasing
Ukraine,"Imports of goods, Volume index",Imports of goods,Cost insurance freight (CIF),Units,Not Applicable,85.1139240506329,2023,False,Low,Increasing
Ukraine,"Imports of goods, Volume index",Imports of goods,Cost insurance freight (CIF),Units,Not Applicable,96.0168776371308,2024,False,Low,Increasing
Ukraine,"Imports of goods, Volume index",Imports of goods,Cost insurance freight (CIF),Units,Not Applicable,112.0337552742616,2025,False,Low,Increasing
United Arab Emirates,Exports of goods,Exports of goods,Free on board (FOB),Millions,USD,295031000000.0,2016,True,High,No Data
United Arab Emirates,Exports of goods,Exports of goods,Free on board (FOB),Millions,USD,313603000000.0,2017,True,High,Increasing
United Arab Emirates,Exports of goods,Exports of goods,Free on board (FOB),Millions,USD,387964000000.0,2018,True,High,Increasing
United Arab Emirates,Exports of goods,Exports of goods,Free on board (FOB),Millions,USD,389428000000.0,2019,True,High,Increasing
United Arab Emirates,Exports of goods,Exports of goods,Free on board (FOB),Millions,USD,335297000000.0,2020,True,High,Decreasing
United Arab Emirates,Exports of goods,Exports of goods,Free on board (FOB),Millions,USD,425160000000.0,2021,True,High,Increasing
United Arab Emirates,Exports of goods,Exports of goods,Free on board (FOB),Millions,USD,515621000000.0,2022,True,High,Increasing
United Arab Emirates,Exports of goods,Exports of goods,Free on board (FOB),Millions,USD,570245000000.0,2023,True,High,Increasing
United Arab Emirates,Exports of goods,Exports of goods,Free on board (FOB),Millions,USD,605580000000.0,2024,True,High,Increasing
United Arab Emirates,Exports of goods,Exports of goods,Free on board (FOB),Millions,USD,706671000000.0,2025,True,High,Increasing
United Arab Emirates,Imports of goods,Imports of goods,Cost insurance freight (CIF),Millions,USD,266576000000.0,2016,False,High,No Data
United Arab Emirates,Imports of goods,Imports of goods,Cost insurance freight (CIF),Millions,USD,257733000000.0,2017,False,High,Decreasing
United Arab Emirates,Imports of goods,Imports of goods,Cost insurance freight (CIF),Millions,USD,244688000000.0,2018,False,High,Decreasing
United Arab Emirates,Imports of goods,Imports of goods,Cost insurance freight (CIF),Millions,USD,288447000000.0,2019,False,High,Increasing
United Arab Emirates,Imports of goods,Imports of goods,Cost insurance freight (CIF),Millions,USD,246961000000.0,2020,False,High,Decreasing
United Arab Emirates,Imports of goods,Imports of goods,Cost insurance freight (CIF),Millions,USD,347529000000.0,2021,False,High,Increasing
United Arab Emirates,Imports of goods,Imports of goods,Cost insurance freight (CIF),Millions,USD,420493000000.0,2022,False,High,Increasing
United Arab Emirates,Imports of goods,Imports of goods,Cost insurance freight (CIF),Millions,USD,470536000000.0,2023,False,High,Increasing
United Arab Emirates,Imports of goods,Imports of goods,Cost insurance freight (CIF),Millions,USD,544100000000.0,2024,False,High,Increasing
United Arab Emirates,Imports of goods,Imports of goods,Cost insurance freight (CIF),Millions,USD,618875000000.0,2025,False,High,Increasing
United Kingdom,Export price index (EPI),Exports of goods,Free on board (FOB),Units,Not Applicable,96.19918210247776,2016,True,Low,No Data
United Kingdom,Export price index (EPI),Exports of goods,Free on board (FOB),Units,Not Applicable,101.0183626012349,2017,True,Low,Increasing
United Kingdom,Export price index (EPI),Exports of goods,Free on board (FOB),Units,Not Applicable,103.6003528185389,2018,True,Low,Increasing
United Kingdom,Exports of goods,Exports of goods,Free on board (FOB),Billions,USD,410856000000.0,2016,True,High,No Data
United Kingdom,Exports of goods,Exports of goods,Free on board (FOB),Billions,USD,440998000000.0,2017,True,High,Increasing
United Kingdom,Exports of goods,Exports of goods,Free on board (FOB),Billions,USD,486440000000.0,2018,True,High,Increasing
United Kingdom,Exports of goods,Exports of goods,Free on board (FOB),Billions,USD,460029000000.0,2019,True,High,Decreasing
United Kingdom,Exports of goods,Exports of goods,Free on board (FOB),Billions,USD,399713000000.0,2020,True,High,Decreasing
United Kingdom,Exports of goods,Exports of goods,Free on board (FOB),Billions,USD,472148000000.0,2021,True,High,Increasing
United Kingdom,Exports of goods,Exports of goods,Free on board (FOB),Billions,USD,546150999999.99994,2022,True,High,Increasing
United Kingdom,Exports of goods,Exports of goods,Free on board (FOB),Billions,USD,525015999999.99994,2023,True,High,Decreasing
United Kingdom,Exports of goods,Exports of goods,Free on board (FOB),Billions,USD,524284999999.99994,2024,True,High,Decreasing
United Kingdom,Exports of goods,Exports of goods,Free on board (FOB),Billions,USD,554983000000.0,2025,True,High,Increasing
United Kingdom,"Exports of goods, Volume index",Exports of goods,Free on board (FOB),Units,Not Applicable,113.5759424711266,2016,True,Low,No Data
United Kingdom,"Exports of goods, Volume index",Exports of goods,Free on board (FOB),Units,Not Applicable,120.7670516452386,2017,True,Low,Increasing
United Kingdom,"Exports of goods, Volume index",Exports of goods,Free on board (FOB),Units,Not Applicable,123.1858792765308,2018,True,Low,Increasing
United Kingdom,"Exports of goods, Volume index",Exports of goods,Free on board (FOB),Units,Not Applicable,125.9097842667248,2019,True,Low,Increasing
United Kingdom,"Exports of goods, Volume index",Exports of goods,Free on board (FOB),Units,Not Applicable,109.3484419263456,2020,True,Low,Decreasing
United Kingdom,"Exports of goods, Volume index",Exports of goods,Free on board (FOB),Units,Not Applicable,109.6971017650904,2021,True,Low,Increasing
United Kingdom,"Exports of goods, Volume index",Exports of goods,Free on board (FOB),Units,Not Applicable,124.7766397908041,2022,True,Low,Increasing
United Kingdom,"Exports of goods, Volume index",Exports of goods,Free on board (FOB),Units,Not Applicable,116.0601438221835,2023,True,Low,Decreasing
United Kingdom,"Exports of goods, Volume index",Exports of goods,Free on board (FOB),Units,Not Applicable,108.4332098496405,2024,True,Low,Decreasing
United Kingdom,"Exports of goods, Volume index",Exports of goods,Free on board (FOB),Units,Not Applicable,105.2734800610155,2025,True,Low,Decreasing
United Kingdom,Import price index,Imports of goods,Cost insurance freight (CIF),Units,Not Applicable,97.79843444227004,2016,False,Low,No Data
United Kingdom,Import price index,Imports of goods,Cost insurance freight (CIF),Units,Not Applicable,103.1474233529027,2017,False,Low,Increasing
United Kingdom,Import price index,Imports of goods,Cost insurance freight (CIF),Units,Not Applicable,106.2214611872146,2018,False,Low,Increasing
United Kingdom,Imports of goods,Imports of goods,Cost insurance freight (CIF),Billions,USD,636731000000.0,2016,False,High,No Data
United Kingdom,Imports of goods,Imports of goods,Cost insurance freight (CIF),Billions,USD,640995000000.0,2017,False,High,Increasing
United Kingdom,Imports of goods,Imports of goods,Cost insurance freight (CIF),Billions,USD,672450000000.0,2018,False,High,Increasing
United Kingdom,Imports of goods,Imports of goods,Cost insurance freight (CIF),Billions,USD,696208000000.0,2019,False,High,Increasing
United Kingdom,Imports of goods,Imports of goods,Cost insurance freight (CIF),Billions,USD,638328000000.0,2020,False,High,Decreasing
United Kingdom,Imports of goods,Imports of goods,Cost insurance freight (CIF),Billions,USD,695114000000.0,2021,False,High,Increasing
United Kingdom,Imports of goods,Imports of goods,Cost insurance freight (CIF),Billions,USD,823593000000.0,2022,False,High,Increasing
United Kingdom,Imports of goods,Imports of goods,Cost insurance freight (CIF),Billions,USD,791543000000.0,2023,False,High,Decreasing
United Kingdom,Imports of goods,Imports of goods,Cost insurance freight (CIF),Billions,USD,820195000000.0,2024,False,High,Increasing
United Kingdom,Imports of goods,Imports of goods,Cost insurance freight (CIF),Billions,USD,948978000000.0,2025,False,High,Increasing
United Kingdom,"Imports of goods, Volume index",Imports of goods,Cost insurance freight (CIF),Units,Not Applicable,121.9230769230769,2016,False,Low,No Data
United Kingdom,"Imports of goods, Volume index",Imports of goods,Cost insurance freight (CIF),Units,Not Applicable,124.508547008547,2017,False,Low,Increasing
United Kingdom,"Imports of goods, Volume index",Imports of goods,Cost insurance freight (CIF),Units,Not Applicable,125.5128205128205,2018,False,Low,Increasing
United Kingdom,"Imports of goods, Volume index",Imports of goods,Cost insurance freight (CIF),Units,Not Applicable,129.017094017094,2019,False,Low,Increasing
United Kingdom,"Imports of goods, Volume index",Imports of goods,Cost insurance freight (CIF),Units,Not Applicable,113.8247863247863,2020,False,Low,Decreasing
United Kingdom,"Imports of goods, Volume index",Imports of goods,Cost insurance freight (CIF),Units,Not Applicable,121.4529914529915,2021,False,Low,Increasing
United Kingdom,"Imports of goods, Volume index",Imports of goods,Cost insurance freight (CIF),Units,Not Applicable,132.3290598290598,2022,False,Low,Increasing
United Kingdom,"Imports of goods, Volume index",Imports of goods,Cost insurance freight (CIF),Units,Not Applicable,124.8931623931624,2023,False,Low,Decreasing
United Kingdom,"Imports of goods, Volume index",Imports of goods,Cost insurance freight (CIF),Units,Not Applicable,126.1752136752137,2024,False,Low,Increasing
United Kingdom,"Imports of goods, Volume index",Imports of goods,Cost insurance freight (CIF),Units,Not Applicable,132.457264957265,2025,False,Low,Increasing
United States,Export price index (EPI),Exports of goods,Free on board (FOB),Units,Not Applicable,97.4010152284264,2016,True,Low,No Data
United States,Export price index (EPI),Exports of goods,Free on board (FOB),Units,Not Applicable,99.74280879864634,2017,True,Low,Increasing
United States,Export price index (EPI),Exports of goods,Free on board (FOB),Units,Not Applicable,103.0998307952623,2018,True,Low,Increasing
United States,Export price index (EPI),Exports of goods,Free on board (FOB),Units,Not Applicable,102.2199661590524,2019,True,Low,Decreasing
United States,Export price index (EPI),Exports of goods,Free on board (FOB),Units,Not Applicable,99.37055837563452,2020,True,Low,Decreasing
United States,Export price index (EPI),Exports of goods,Free on board (FOB),Units,Not Applicable,113.2453468697123,2021,True,Low,Increasing
United States,Export price index (EPI),Exports of goods,Free on board (FOB),Units,Not Applicable,127.9458544839255,2022,True,Low,Increasing
United States,Export price index (EPI),Exports of goods,Free on board (FOB),Units,Not Applicable,121.0896785109983,2023,True,Low,Decreasing
United States,Export price index (EPI),Exports of goods,Free on board (FOB),Units,Not Applicable,120.6971235194585,2024,True,Low,Decreasing
United States,Exports of goods,Exports of goods,Free on board (FOB),Billions,USD,1451010000000.0,2016,True,High,No Data
United States,Exports of goods,Exports of goods,Free on board (FOB),Billions,USD,1546274000000.0,2017,True,High,Increasing
United States,Exports of goods,Exports of goods,Free on board (FOB),Billions,USD,1663982000000.0,2018,True,High,Increasing
United States,Exports of goods,Exports of goods,Free on board (FOB),Billions,USD,1643161000000.0,2019,True,High,Decreasing
United States,Exports of goods,Exports of goods,Free on board (FOB),Billions,USD,1424934000000.0,2020,True,High,Decreasing
United States,Exports of goods,Exports of goods,Free on board (FOB),Billions,USD,1754299000000.0,2021,True,High,Increasing
United States,Exports of goods,Exports of goods,Free on board (FOB),Billions,USD,2065157000000.0002,2022,True,High,Increasing
United States,Exports of goods,Exports of goods,Free on board (FOB),Billions,USD,2018059000000.0,2023,True,High,Decreasing
United States,Exports of goods,Exports of goods,Free on board (FOB),Billions,USD,2061688999999.9998,2024,True,High,Increasing
United States,Exports of goods,Exports of goods,Free on board (FOB),Billions,USD,2185183000000.0,2025,True,High,Increasing
United States,"Exports of goods, Volume index",Exports of goods,Free on board (FOB),Units,Not Applicable,116.5596419536875,2016,True,Low,No Data
United States,"Exports of goods, Volume index",Exports of goods,Free on board (FOB),Units,Not Applicable,121.2881883634948,2017,True,Low,Increasing
United States,"Exports of goods, Volume index",Exports of goods,Free on board (FOB),Units,Not Applicable,126.289161315431,2018,True,Low,Increasing
United States,"Exports of goods, Volume index",Exports of goods,Free on board (FOB),Units,Not Applicable,125.7832263086204,2019,True,Low,Decreasing
United States,"Exports of goods, Volume index",Exports of goods,Free on board (FOB),Units,Not Applicable,112.025685931115,2020,True,Low,Decreasing
United States,"Exports of goods, Volume index",Exports of goods,Free on board (FOB),Units,Not Applicable,121.1130570149835,2021,True,Low,Increasing
United States,"Exports of goods, Volume index",Exports of goods,Free on board (FOB),Units,Not Applicable,126.250243237984,2022,True,Low,Increasing
United States,"Exports of goods, Volume index",Exports of goods,Free on board (FOB),Units,Not Applicable,130.4533956022573,2023,True,Low,Increasing
United States,"Exports of goods, Volume index",Exports of goods,Free on board (FOB),Units,Not Applicable,133.6446779529091,2024,True,Low,Increasing
United States,"Exports of goods, Volume index",Exports of goods,Free on board (FOB),Units,Not Applicable,137.8283712784588,2025,True,Low,Increasing
United States,Import price index,Imports of goods,Cost insurance freight (CIF),Units,Not Applicable,94.48570489648378,2016,False,Low,No Data
United States,Import price index,Imports of goods,Cost insurance freight (CIF),Units,Not Applicable,97.22642129477494,2017,False,Low,Increasing
United States,Import price index,Imports of goods,Cost insurance freight (CIF),Units,Not Applicable,100.2694709168584,2018,False,Low,Increasing
United States,Import price index,Imports of goods,Cost insurance freight (CIF),Units,Not Applicable,98.9944134078213,2019,False,Low,Decreasing
United States,Import price index,Imports of goods,Cost insurance freight (CIF),Units,Not Applicable,96.52316792638852,2020,False,Low,Decreasing
United States,Import price index,Imports of goods,Cost insurance freight (CIF),Units,Not Applicable,105.0607952678278,2021,False,Low,Increasing
United States,Import price index,Imports of goods,Cost insurance freight (CIF),Units,Not Applicable,113.9533355241539,2022,False,Low,Increasing
United States,Import price index,Imports of goods,Cost insurance freight (CIF),Units,Not Applicable,110.4304962208347,2023,False,Low,Decreasing
United States,Import price index,Imports of goods,Cost insurance freight (CIF),Units,Not Applicable,111.2323365100231,2024,False,Low,Increasing
United States,Imports of goods,Imports of goods,Cost insurance freight (CIF),Billions,USD,2250152000000.0,2016,False,High,No Data
United States,Imports of goods,Imports of goods,Cost insurance freight (CIF),Billions,USD,2408475000000.0,2017,False,High,Increasing
United States,Imports of goods,Imports of goods,Cost insurance freight (CIF),Billions,USD,2614223000000.0,2018,False,High,Increasing
United States,Imports of goods,Imports of goods,Cost insurance freight (CIF),Billions,USD,2567445000000.0,2019,False,High,Decreasing
United States,Imports of goods,Imports of goods,Cost insurance freight (CIF),Billions,USD,2406934000000.0,2020,False,High,Decreasing
United States,Imports of goods,Imports of goods,Cost insurance freight (CIF),Billions,USD,2935315000000.0,2021,False,High,Increasing
United States,Imports of goods,Imports of goods,Cost insurance freight (CIF),Billions,USD,3371753000000.0,2022,False,High,Increasing
United States,Imports of goods,Imports of goods,Cost insurance freight (CIF),Billions,USD,3168238000000.0,2023,False,High,Decreasing
United States,Imports of goods,Imports of goods,Cost insurance freight (CIF),Billions,USD,3358246000000.0,2024,False,High,Increasing
United States,Imports of goods,Imports of goods,Cost insurance freight (CIF),Billions,USD,3506517000000.0,2025,False,High,Increasing
United States,"Imports of goods, Volume index",Imports of goods,Cost insurance freight (CIF),Units,Not Applicable,120.9750297265161,2016,False,Low,No Data
United States,"Imports of goods, Volume index",Imports of goods,Cost insurance freight (CIF),Units,Not Applicable,125.89774078478,2017,False,Low,Increasing
United States,"Imports of goods, Volume index",Imports of goods,Cost insurance freight (CIF),Units,Not Applicable,132.5089179548157,2018,False,Low,Increasing
United States,"Imports of goods, Volume index",Imports of goods,Cost insurance freight (CIF),Units,Not Applicable,131.8192627824019,2019,False,Low,Decreasing
United States,"Imports of goods, Volume index",Imports of goods,Cost insurance freight (CIF),Units,Not Applicable,126.6111771700357,2020,False,Low,Decreasing
United States,"Imports of goods, Volume index",Imports of goods,Cost insurance freight (CIF),Units,Not Applicable,141.7835909631391,2021,False,Low,Increasing
United States,"Imports of goods, Volume index",Imports of goods,Cost insurance freight (CIF),Units,Not Applicable,150.321046373365,2022,False,Low,Increasing
United States,"Imports of goods, Volume index",Imports of goods,Cost insurance freight (CIF),Units,Not Applicable,145.8026159334126,2023,False,Low,Decreasing
United States,"Imports of goods, Volume index",Imports of goods,Cost insurance freight (CIF),Units,Not Applicable,153.436385255648,2024,False,Low,Increasing
United States,"Imports of goods, Volume index",Imports of goods,Cost insurance freight (CIF),Units,Not Applicable,159.9048751486326,2025,False,Low,Increasing
Uruguay,Export price index (EPI),Exports of goods,Free on board (FOB),Units,Not Applicable,99.30142006413196,2016,True,Low,No Data
Uruguay,Exports of goods,Exports of goods,Free on board (FOB),Millions,USD,7042000000.0,2016,True,Medium,No Data
Uruguay,Exports of goods,Exports of goods,Free on board (FOB),Millions,USD,7888000000.0,2017,True,Medium,Increasing
Uruguay,Exports of goods,Exports of goods,Free on board (FOB),Millions,USD,7498000000.0,2018,True,Medium,Decreasing
Uruguay,Exports of goods,Exports of goods,Free on board (FOB),Millions,USD,7681000000.0,2019,True,Medium,Increasing
Uruguay,Exports of goods,Exports of goods,Free on board (FOB),Millions,USD,6865000000.0,2020,True,Medium,Decreasing
Uruguay,Exports of goods,Exports of goods,Free on board (FOB),Millions,USD,9534000000.0,2021,True,High,Increasing
Uruguay,Exports of goods,Exports of goods,Free on board (FOB),Millions,USD,11182000000.0,2022,True,High,Increasing
Uruguay,Exports of goods,Exports of goods,Free on board (FOB),Millions,USD,9220000000.0,2023,True,High,Decreasing
Uruguay,Exports of goods,Exports of goods,Free on board (FOB),Millions,USD,10254000000.0,2024,True,High,Increasing
Uruguay,Exports of goods,Exports of goods,Free on board (FOB),Millions,USD,11199000000.0,2025,True,High,Increasing
Uruguay,"Exports of goods, Volume index",Exports of goods,Free on board (FOB),Units,Not Applicable,104.1431520991053,2016,True,Low,No Data
Uruguay,"Exports of goods, Volume index",Exports of goods,Free on board (FOB),Units,Not Applicable,111.9476944253269,2017,True,Low,Increasing
Uruguay,"Exports of goods, Volume index",Exports of goods,Free on board (FOB),Units,Not Applicable,104.0605643496215,2018,True,Low,Decreasing
Uruguay,"Exports of goods, Volume index",Exports of goods,Free on board (FOB),Units,Not Applicable,104.5698554714384,2019,True,Low,Increasing
Uruguay,"Exports of goods, Volume index",Exports of goods,Free on board (FOB),Units,Not Applicable,92.18169304886442,2020,True,Low,Decreasing
Uruguay,"Exports of goods, Volume index",Exports of goods,Free on board (FOB),Units,Not Applicable,110.3647625602202,2021,True,Low,Increasing
Uruguay,"Exports of goods, Volume index",Exports of goods,Free on board (FOB),Units,Not Applicable,115.5127322780454,2022,True,Low,Increasing
Uruguay,"Exports of goods, Volume index",Exports of goods,Free on board (FOB),Units,Not Applicable,100.7432897453544,2023,True,Low,Decreasing
Uruguay,"Exports of goods, Volume index",Exports of goods,Free on board (FOB),Units,Not Applicable,110.1858224363386,2024,True,Low,Increasing
Uruguay,"Exports of goods, Volume index",Exports of goods,Free on board (FOB),Units,Not Applicable,120.3303509979353,2025,True,Low,Increasing
Uruguay,Import price index,Imports of goods,Cost insurance freight (CIF),Units,Not Applicable,82.1980018165304,2016,False,Low,No Data
Uruguay,Imports of goods,Imports of goods,Cost insurance freight (CIF),Millions,USD,8137000000.0,2016,False,Medium,No Data
Uruguay,Imports of goods,Imports of goods,Cost insurance freight (CIF),Millions,USD,8457000000.0,2017,False,Medium,Increasing
Uruguay,Imports of goods,Imports of goods,Cost insurance freight (CIF),Millions,USD,8893000000.0,2018,False,Medium,Increasing
Uruguay,Imports of goods,Imports of goods,Cost insurance freight (CIF),Millions,USD,8245000000.0,2019,False,Medium,Decreasing
Uruguay,Imports of goods,Imports of goods,Cost insurance freight (CIF),Millions,USD,7564000000.0,2020,False,Medium,Decreasing
Uruguay,Imports of goods,Imports of goods,Cost insurance freight (CIF),Millions,USD,10320000000.0,2021,False,High,Increasing
Uruguay,Imports of goods,Imports of goods,Cost insurance freight (CIF),Millions,USD,12974000000.0,2022,False,High,Increasing
Uruguay,Imports of goods,Imports of goods,Cost insurance freight (CIF),Millions,USD,12486000000.0,2023,False,High,Decreasing
Uruguay,Imports of goods,Imports of goods,Cost insurance freight (CIF),Millions,USD,12522000000.0,2024,False,High,Increasing
Uruguay,Imports of goods,Imports of goods,Cost insurance freight (CIF),Millions,USD,12950000000.0,2025,False,High,Increasing
Uruguay,"Imports of goods, Volume index",Imports of goods,Cost insurance freight (CIF),Units,Not Applicable,101.0383264620553,2016,False,Low,No Data
Uruguay,"Imports of goods, Volume index",Imports of goods,Cost insurance freight (CIF),Units,Not Applicable,100.6107802717972,2017,False,Low,Decreasing
Uruguay,"Imports of goods, Volume index",Imports of goods,Cost insurance freight (CIF),Units,Not Applicable,100.6871278057719,2018,False,Low,Increasing
Uruguay,"Imports of goods, Volume index",Imports of goods,Cost insurance freight (CIF),Units,Not Applicable,95.58711253626508,2019,False,Low,Decreasing
Uruguay,"Imports of goods, Volume index",Imports of goods,Cost insurance freight (CIF),Units,Not Applicable,90.71613986868223,2020,False,Low,Decreasing
Uruguay,"Imports of goods, Volume index",Imports of goods,Cost insurance freight (CIF),Units,Not Applicable,105.0847457627119,2021,False,Low,Increasing
Uruguay,"Imports of goods, Volume index",Imports of goods,Cost insurance freight (CIF),Units,Not Applicable,116.9491525423729,2022,False,Low,Increasing
Uruguay,"Imports of goods, Volume index",Imports of goods,Cost insurance freight (CIF),Units,Not Applicable,116.4299893113452,2023,False,Low,Decreasing
Uruguay,"Imports of goods, Volume index",Imports of goods,Cost insurance freight (CIF),Units,Not Applicable,118.3997556878913,2024,False,Low,Increasing
Uruguay,"Imports of goods, Volume index",Imports of goods,Cost insurance freight (CIF),Units,Not Applicable,121.1482669109788,2025,False,Low,Increasing
"Uzbekistan, Republic of",Export price index (EPI),Exports of goods,Free on board (FOB),Units,Not Applicable,454.718648066575,2016,True,Medium,No Data
"Uzbekistan, Republic of",Export price index (EPI),Exports of goods,Free on board (FOB),Units,Not Applicable,691.1243331391912,2017,True,Medium,Increasing
"Uzbekistan, Republic of",Export price index (EPI),Exports of goods,Free on board (FOB),Units,Not Applicable,995.5127034132444,2018,True,Medium,Increasing
"Uzbekistan, Republic of",Export price index (EPI),Exports of goods,Free on board (FOB),Units,Not Applicable,1262.748350234292,2019,True,Medium,Increasing
"Uzbekistan, Republic of",Export price index (EPI),Exports of goods,Free on board (FOB),Units,Not Applicable,1460.947339197591,2020,True,Medium,Increasing
"Uzbekistan, Republic of",Export price index (EPI),Exports of goods,Free on board (FOB),Units,Not Applicable,1662.453753998384,2021,True,Medium,Increasing
"Uzbekistan, Republic of",Export price index (EPI),Exports of goods,Free on board (FOB),Units,Not Applicable,1869.857652018134,2022,True,Medium,Increasing
"Uzbekistan, Republic of",Export price index (EPI),Exports of goods,Free on board (FOB),Units,Not Applicable,2025.466585431901,2023,True,Medium,Increasing
"Uzbekistan, Republic of",Export price index (EPI),Exports of goods,Free on board (FOB),Units,Not Applicable,2411.412110826373,2024,True,Medium,Increasing
"Uzbekistan, Republic of",Export price index (EPI),Exports of goods,Free on board (FOB),Units,Not Applicable,2910.122664233045,2025,True,Medium,Increasing
"Uzbekistan, Republic of",Exports of goods,Exports of goods,Free on board (FOB),Thousands,USD,8974000000.0,2016,True,Medium,No Data
"Uzbekistan, Republic of",Exports of goods,Exports of goods,Free on board (FOB),Thousands,USD,10079209857.33001,2017,True,High,Increasing
"Uzbekistan, Republic of",Exports of goods,Exports of goods,Free on board (FOB),Thousands,USD,10920699724.26,2018,True,High,Increasing
"Uzbekistan, Republic of",Exports of goods,Exports of goods,Free on board (FOB),Thousands,USD,14341496820.673,2019,True,High,Increasing
"Uzbekistan, Republic of",Exports of goods,Exports of goods,Free on board (FOB),Thousands,USD,13127102316.7939,2020,True,High,Decreasing
"Uzbekistan, Republic of",Exports of goods,Exports of goods,Free on board (FOB),Thousands,USD,15673347921.91572,2021,True,High,Increasing
"Uzbekistan, Republic of",Import price index,Imports of goods,Cost insurance freight (CIF),Units,Not Applicable,1144.699830424639,2016,False,Medium,No Data
"Uzbekistan, Republic of",Import price index,Imports of goods,Cost insurance freight (CIF),Units,Not Applicable,1867.666522735556,2017,False,Medium,Increasing
"Uzbekistan, Republic of",Import price index,Imports of goods,Cost insurance freight (CIF),Units,Not Applicable,2845.622333070308,2018,False,Medium,Increasing
"Uzbekistan, Republic of",Import price index,Imports of goods,Cost insurance freight (CIF),Units,Not Applicable,4010.059642270114,2019,False,Medium,Increasing
"Uzbekistan, Republic of",Import price index,Imports of goods,Cost insurance freight (CIF),Units,Not Applicable,4268.634632947564,2020,False,Medium,Increasing
"Uzbekistan, Republic of",Import price index,Imports of goods,Cost insurance freight (CIF),Units,Not Applicable,5231.77226460795,2021,False,Medium,Increasing
"Uzbekistan, Republic of",Import price index,Imports of goods,Cost insurance freight (CIF),Units,Not Applicable,6206.454341127338,2022,False,Medium,Increasing
"Uzbekistan, Republic of",Import price index,Imports of goods,Cost insurance freight (CIF),Units,Not Applicable,6859.450140523409,2023,False,Medium,Increasing
"Uzbekistan, Republic of",Import price index,Imports of goods,Cost insurance freight (CIF),Units,Not Applicable,7721.899535240386,2024,False,Medium,Increasing
"Uzbekistan, Republic of",Import price index,Imports of goods,Cost insurance freight (CIF),Units,Not Applicable,8486.929292085906,2025,False,Medium,Increasing
"Uzbekistan, Republic of",Imports of goods,Imports of goods,Cost insurance freight (CIF),Thousands,USD,11328400000.0,2016,False,High,No Data
"Uzbekistan, Republic of",Imports of goods,Imports of goods,Cost insurance freight (CIF),Thousands,USD,12035209289.87005,2017,False,High,Increasing
"Uzbekistan, Republic of",Imports of goods,Imports of goods,Cost insurance freight (CIF),Thousands,USD,17312259013.03007,2018,False,High,Increasing
"Uzbekistan, Republic of",Imports of goods,Imports of goods,Cost insurance freight (CIF),Thousands,USD,21854308238.15013,2019,False,High,Increasing
"Uzbekistan, Republic of",Imports of goods,Imports of goods,Cost insurance freight (CIF),Thousands,USD,19949486897.40001,2020,False,High,Decreasing
"Uzbekistan, Republic of",Imports of goods,Imports of goods,Cost insurance freight (CIF),Thousands,USD,24745420109.21655,2021,False,High,Increasing
Vanuatu,Exports of goods,Exports of goods,Free on board (FOB),Millions,USD,60519046.51995491,2017,True,Medium,No Data
Vanuatu,Exports of goods,Exports of goods,Free on board (FOB),Millions,USD,63029126.24078843,2018,True,Medium,Increasing
Vanuatu,Exports of goods,Exports of goods,Free on board (FOB),Millions,USD,48768147.50710423,2019,True,Medium,Decreasing
Vanuatu,Exports of goods,Exports of goods,Free on board (FOB),Millions,USD,46159563.86296228,2020,True,Medium,Decreasing
Vanuatu,Imports of goods,Imports of goods,Cost insurance freight (CIF),Millions,USD,370867597.5801707,2017,False,Medium,No Data
Vanuatu,Imports of goods,Imports of goods,Cost insurance freight (CIF),Millions,USD,350323824.544079,2018,False,Medium,Decreasing
Vanuatu,Imports of goods,Imports of goods,Cost insurance freight (CIF),Millions,USD,312866977.0523365,2019,False,Medium,Decreasing
Vanuatu,Imports of goods,Imports of goods,Cost insurance freight (CIF),Millions,USD,300642718.01623076,2020,False,Medium,Decreasing
"Venezuela, República Bolivariana de",Exports of goods,Exports of goods,Free on board (FOB),Billions,USD,26696000000.0,2016,True,High,No Data
"Venezuela, República Bolivariana de",Exports of goods,Exports of goods,Free on board (FOB),Billions,USD,31960000000.0,2017,True,High,Increasing
"Venezuela, República Bolivariana de",Exports of goods,Exports of goods,Free on board (FOB),Billions,USD,34440000000.0,2018,True,High,Increasing
"Venezuela, República Bolivariana de",Exports of goods,Exports of goods,Free on board (FOB),Billions,USD,17210000000.0,2019,True,High,Decreasing
"Venezuela, República Bolivariana de",Exports of goods,Exports of goods,Free on board (FOB),Billions,USD,5010000000.0,2020,True,Medium,Decreasing
"Venezuela, República Bolivariana de",Exports of goods,Exports of goods,Free on board (FOB),Billions,USD,3535000000.0,2021,True,Medium,Decreasing
"Venezuela, República Bolivariana de",Exports of goods,Exports of goods,Free on board (FOB),Billions,USD,4765000000.0,2022,True,Medium,Increasing
"Venezuela, República Bolivariana de",Exports of goods,Exports of goods,Free on board (FOB),Billions,USD,7815000000.0,2023,True,Medium,Increasing
"Venezuela, República Bolivariana de",Exports of goods,Exports of goods,Free on board (FOB),Billions,USD,14365000000.0,2024,True,High,Increasing
"Venezuela, República Bolivariana de",Exports of goods,Exports of goods,Free on board (FOB),Billions,USD,8600000000.0,2025,True,Medium,Decreasing
"Venezuela, República Bolivariana de","Exports of goods, Volume index",Exports of goods,Free on board (FOB),Units,Not Applicable,68.69754429592787,2016,True,Low,No Data
"Venezuela, República Bolivariana de","Exports of goods, Volume index",Exports of goods,Free on board (FOB),Units,Not Applicable,69.19490208268572,2017,True,Low,Increasing
"Venezuela, República Bolivariana de","Exports of goods, Volume index",Exports of goods,Free on board (FOB),Units,Not Applicable,59.93161330432078,2018,True,Low,Decreasing
"Venezuela, República Bolivariana de","Exports of goods, Volume index",Exports of goods,Free on board (FOB),Units,Not Applicable,32.51476530929437,2019,True,Low,Decreasing
"Venezuela, República Bolivariana de","Exports of goods, Volume index",Exports of goods,Free on board (FOB),Units,Not Applicable,12.24743549891203,2020,True,Low,Decreasing
"Venezuela, República Bolivariana de","Exports of goods, Volume index",Exports of goods,Free on board (FOB),Units,Not Applicable,5.968293441094186,2021,True,Low,Decreasing
"Venezuela, República Bolivariana de","Exports of goods, Volume index",Exports of goods,Free on board (FOB),Units,Not Applicable,6.092632887783648,2022,True,Low,Increasing
"Venezuela, República Bolivariana de","Exports of goods, Volume index",Exports of goods,Free on board (FOB),Units,Not Applicable,11.37705937208579,2023,True,Low,Increasing
"Venezuela, República Bolivariana de","Exports of goods, Volume index",Exports of goods,Free on board (FOB),Units,Not Applicable,21.32421510724277,2024,True,Low,Increasing
"Venezuela, República Bolivariana de","Exports of goods, Volume index",Exports of goods,Free on board (FOB),Units,Not Applicable,14.05035747590923,2025,True,Low,Decreasing
"Venezuela, República Bolivariana de",Import price index,Imports of goods,Cost insurance freight (CIF),Units,Not Applicable,3012.106253652412,2016,False,Medium,No Data
"Venezuela, República Bolivariana de",Imports of goods,Imports of goods,Cost insurance freight (CIF),Billions,USD,15540000000.0,2016,False,High,No Data
"Venezuela, República Bolivariana de",Imports of goods,Imports of goods,Cost insurance freight (CIF),Billions,USD,10570000000.0,2017,False,High,Decreasing
"Venezuela, República Bolivariana de",Imports of goods,Imports of goods,Cost insurance freight (CIF),Billions,USD,11710000000.0,2018,False,High,Increasing
"Venezuela, República Bolivariana de",Imports of goods,Imports of goods,Cost insurance freight (CIF),Billions,USD,5870000000.0,2019,False,Medium,Decreasing
"Venezuela, República Bolivariana de",Imports of goods,Imports of goods,Cost insurance freight (CIF),Billions,USD,6590000000.0,2020,False,Medium,Increasing
"Venezuela, República Bolivariana de",Imports of goods,Imports of goods,Cost insurance freight (CIF),Billions,USD,7695000000.0,2021,False,Medium,Increasing
"Venezuela, República Bolivariana de",Imports of goods,Imports of goods,Cost insurance freight (CIF),Billions,USD,10130000000.0,2022,False,High,Increasing
"Venezuela, República Bolivariana de",Imports of goods,Imports of goods,Cost insurance freight (CIF),Billions,USD,10940000000.0,2023,False,High,Increasing
"Venezuela, República Bolivariana de",Imports of goods,Imports of goods,Cost insurance freight (CIF),Billions,USD,14890000000.0,2024,False,High,Increasing
"Venezuela, República Bolivariana de",Imports of goods,Imports of goods,Cost insurance freight (CIF),Billions,USD,13805000000.0,2025,False,High,Decreasing
"Venezuela, República Bolivariana de","Imports of goods, Volume index",Imports of goods,Cost insurance freight (CIF),Units,Not Applicable,44.72843450479233,2016,False,Low,No Data
"Venezuela, República Bolivariana de","Imports of goods, Volume index",Imports of goods,Cost insurance freight (CIF),Units,Not Applicable,29.5947536573062,2017,False,Low,Decreasing
"Venezuela, República Bolivariana de","Imports of goods, Volume index",Imports of goods,Cost insurance freight (CIF),Units,Not Applicable,31.71346897595426,2018,False,Low,Increasing
"Venezuela, República Bolivariana de","Imports of goods, Volume index",Imports of goods,Cost insurance freight (CIF),Units,Not Applicable,15.99125609551034,2019,False,Low,Decreasing
"Venezuela, República Bolivariana de","Imports of goods, Volume index",Imports of goods,Cost insurance freight (CIF),Units,Not Applicable,17.89137380191693,2020,False,Low,Increasing
"Venezuela, República Bolivariana de","Imports of goods, Volume index",Imports of goods,Cost insurance freight (CIF),Units,Not Applicable,18.91710105935766,2021,False,Low,Increasing
"Venezuela, República Bolivariana de","Imports of goods, Volume index",Imports of goods,Cost insurance freight (CIF),Units,Not Applicable,22.90230368252901,2022,False,Low,Increasing
"Venezuela, República Bolivariana de","Imports of goods, Volume index",Imports of goods,Cost insurance freight (CIF),Units,Not Applicable,25.4918446275433,2023,False,Low,Increasing
"Venezuela, República Bolivariana de","Imports of goods, Volume index",Imports of goods,Cost insurance freight (CIF),Units,Not Applicable,34.89154195392635,2024,False,Low,Increasing
"Venezuela, República Bolivariana de","Imports of goods, Volume index",Imports of goods,Cost insurance freight (CIF),Units,Not Applicable,31.94888178913738,2025,False,Low,Decreasing
Vietnam,Exports of goods,Exports of goods,Free on board (FOB),Millions,USD,176581000000.0,2016,True,High,No Data
Vietnam,Exports of goods,Exports of goods,Free on board (FOB),Millions,USD,215013000000.0,2017,True,High,Increasing
Vietnam,Exports of goods,Exports of goods,Free on board (FOB),Millions,USD,243699000000.0,2018,True,High,Increasing
Vietnam,Exports of goods,Exports of goods,Free on board (FOB),Millions,USD,264268000000.0,2019,True,High,Increasing
Vietnam,Exports of goods,Exports of goods,Free on board (FOB),Millions,USD,282630000000.0,2020,True,High,Increasing
Vietnam,Exports of goods,Exports of goods,Free on board (FOB),Millions,USD,335975000000.0,2021,True,High,Increasing
Vietnam,Exports of goods,Exports of goods,Free on board (FOB),Millions,USD,371287000000.0,2022,True,High,Increasing
Vietnam,Exports of goods,Exports of goods,Free on board (FOB),Millions,USD,353781000000.0,2023,True,High,Decreasing
Vietnam,Exports of goods,Exports of goods,Free on board (FOB),Millions,USD,404824000000.0,2024,True,High,Increasing
Vietnam,Exports of goods,Exports of goods,Free on board (FOB),Millions,USD,472927000000.0,2025,True,High,Increasing
Vietnam,"Exports of goods, Volume index",Exports of goods,Free on board (FOB),Units,Not Applicable,243.8368860055607,2016,True,Medium,No Data
Vietnam,"Exports of goods, Volume index",Exports of goods,Free on board (FOB),Units,Not Applicable,294.3598570104594,2017,True,Medium,Increasing
Vietnam,"Exports of goods, Volume index",Exports of goods,Free on board (FOB),Units,Not Applicable,329.8027273930889,2018,True,Medium,Increasing
Vietnam,"Exports of goods, Volume index",Exports of goods,Free on board (FOB),Units,Not Applicable,364.7424864292334,2019,True,Medium,Increasing
Vietnam,"Exports of goods, Volume index",Exports of goods,Free on board (FOB),Units,Not Applicable,383.1987289818615,2020,True,Medium,Increasing
Vietnam,"Exports of goods, Volume index",Exports of goods,Free on board (FOB),Units,Not Applicable,432.4374420759963,2021,True,Medium,Increasing
Vietnam,"Exports of goods, Volume index",Exports of goods,Free on board (FOB),Units,Not Applicable,461.4325433602542,2022,True,Medium,Increasing
Vietnam,"Exports of goods, Volume index",Exports of goods,Free on board (FOB),Units,Not Applicable,444.9357871044618,2023,True,Medium,Decreasing
Vietnam,"Exports of goods, Volume index",Exports of goods,Free on board (FOB),Units,Not Applicable,508.9898053753476,2024,True,Medium,Increasing
Vietnam,"Exports of goods, Volume index",Exports of goods,Free on board (FOB),Units,Not Applicable,592.7446047927976,2025,True,Medium,Increasing
Vietnam,Imports of goods,Imports of goods,Cost insurance freight (CIF),Millions,USD,174805000000.0,2016,False,High,No Data
Vietnam,Imports of goods,Imports of goods,Cost insurance freight (CIF),Millions,USD,212920000000.0,2017,False,High,Increasing
Vietnam,Imports of goods,Imports of goods,Cost insurance freight (CIF),Millions,USD,236862000000.0,2018,False,High,Increasing
Vietnam,Imports of goods,Imports of goods,Cost insurance freight (CIF),Millions,USD,253392000000.0,2019,False,High,Increasing
Vietnam,Imports of goods,Imports of goods,Cost insurance freight (CIF),Millions,USD,262701000000.0,2020,False,High,Increasing
Vietnam,Imports of goods,Imports of goods,Cost insurance freight (CIF),Millions,USD,332456000000.0,2021,False,High,Increasing
Vietnam,Imports of goods,Imports of goods,Cost insurance freight (CIF),Millions,USD,359146000000.0,2022,False,High,Increasing
Vietnam,Imports of goods,Imports of goods,Cost insurance freight (CIF),Millions,USD,325776000000.0,2023,False,High,Decreasing
Vietnam,Imports of goods,Imports of goods,Cost insurance freight (CIF),Millions,USD,380515000000.0,2024,False,High,Increasing
Vietnam,Imports of goods,Imports of goods,Cost insurance freight (CIF),Millions,USD,453779000000.0,2025,False,High,Increasing
Vietnam,"Imports of goods, Volume index",Imports of goods,Cost insurance freight (CIF),Units,Not Applicable,217.5329520019895,2016,False,Medium,No Data
Vietnam,"Imports of goods, Volume index",Imports of goods,Cost insurance freight (CIF),Units,Not Applicable,255.7945784630689,2017,False,Medium,Increasing
Vietnam,"Imports of goods, Volume index",Imports of goods,Cost insurance freight (CIF),Units,Not Applicable,276.0507336483462,2018,False,Medium,Increasing
Vietnam,"Imports of goods, Volume index",Imports of goods,Cost insurance freight (CIF),Units,Not Applicable,307.3737876150211,2019,False,Medium,Increasing
Vietnam,"Imports of goods, Volume index",Imports of goods,Cost insurance freight (CIF),Units,Not Applicable,321.4001492166128,2020,False,Medium,Increasing
Vietnam,"Imports of goods, Volume index",Imports of goods,Cost insurance freight (CIF),Units,Not Applicable,360.5570753543894,2021,False,Medium,Increasing
Vietnam,"Imports of goods, Volume index",Imports of goods,Cost insurance freight (CIF),Units,Not Applicable,361.9497637403631,2022,False,Medium,Increasing
Vietnam,"Imports of goods, Volume index",Imports of goods,Cost insurance freight (CIF),Units,Not Applicable,343.148470529719,2023,False,Medium,Decreasing
Vietnam,"Imports of goods, Volume index",Imports of goods,Cost insurance freight (CIF),Units,Not Applicable,406.3417060432728,2024,False,Medium,Increasing
Vietnam,"Imports of goods, Volume index",Imports of goods,Cost insurance freight (CIF),Units,Not Applicable,489.915443919423,2025,False,Medium,Increasing
West Bank and Gaza,Exports of goods,Exports of goods,Free on board (FOB),Thousands,USD,926498977.420478,2016,True,Medium,No Data
West Bank and Gaza,Exports of goods,Exports of goods,Free on board (FOB),Thousands,USD,1064884138.7623879,2017,True,Medium,Increasing
West Bank and Gaza,Exports of goods,Exports of goods,Free on board (FOB),Thousands,USD,1155634049.694892,2018,True,Medium,Increasing
West Bank and Gaza,Exports of goods,Exports of goods,Free on board (FOB),Thousands,USD,1068200000.0,2019,True,Medium,Decreasing
West Bank and Gaza,Imports of goods,Imports of goods,Cost insurance freight (CIF),Thousands,USD,5363768016.5117035,2016,False,Medium,No Data
West Bank and Gaza,Imports of goods,Imports of goods,Cost insurance freight (CIF),Thousands,USD,5853849921.21428,2017,False,Medium,Increasing
West Bank and Gaza,Imports of goods,Imports of goods,Cost insurance freight (CIF),Thousands,USD,6539589522.189739,2018,False,Medium,Increasing
West Bank and Gaza,Imports of goods,Imports of goods,Cost insurance freight (CIF),Thousands,USD,5776100000.0,2019,False,Medium,Decreasing
"Yemen, Republic of",Exports of goods,Exports of goods,Free on board (FOB),Millions,USD,411000000.0,2016,True,Medium,No Data
"Yemen, Republic of",Exports of goods,Exports of goods,Free on board (FOB),Millions,USD,418000000.0,2017,True,Medium,Increasing
"Yemen, Republic of",Exports of goods,Exports of goods,Free on board (FOB),Millions,USD,570000000.0,2018,True,Medium,Increasing
"Yemen, Republic of",Exports of goods,Exports of goods,Free on board (FOB),Millions,USD,652000000.0,2019,True,Medium,Increasing
"Yemen, Republic of",Exports of goods,Exports of goods,Free on board (FOB),Millions,USD,404000000.0,2020,True,Medium,Decreasing
"Yemen, Republic of",Exports of goods,Exports of goods,Free on board (FOB),Millions,USD,662000000.0,2021,True,Medium,Increasing
"Yemen, Republic of",Exports of goods,Exports of goods,Free on board (FOB),Millions,USD,689000000.0,2022,True,Medium,Increasing
"Yemen, Republic of",Exports of goods,Exports of goods,Free on board (FOB),Millions,USD,249000000.0,2023,True,Medium,Decreasing
"Yemen, Republic of",Exports of goods,Exports of goods,Free on board (FOB),Millions,USD,229000000.0,2024,True,Medium,Decreasing
"Yemen, Republic of",Exports of goods,Exports of goods,Free on board (FOB),Millions,USD,196000000.0,2025,True,Medium,Decreasing
"Yemen, Republic of",Imports of goods,Imports of goods,Cost insurance freight (CIF),Millions,USD,3059000000.0,2016,False,Medium,No Data
"Yemen, Republic of",Imports of goods,Imports of goods,Cost insurance freight (CIF),Millions,USD,2859000000.0,2017,False,Medium,Decreasing
"Yemen, Republic of",Imports of goods,Imports of goods,Cost insurance freight (CIF),Millions,USD,3032000000.0,2018,False,Medium,Increasing
"Yemen, Republic of",Imports of goods,Imports of goods,Cost insurance freight (CIF),Millions,USD,4627000000.0,2019,False,Medium,Increasing
"Yemen, Republic of",Imports of goods,Imports of goods,Cost insurance freight (CIF),Millions,USD,4637000000.0,2020,False,Medium,Increasing
"Yemen, Republic of",Imports of goods,Imports of goods,Cost insurance freight (CIF),Millions,USD,5214000000.0,2021,False,Medium,Increasing
"Yemen, Republic of",Imports of goods,Imports of goods,Cost insurance freight (CIF),Millions,USD,5413000000.0,2022,False,Medium,Increasing
"Yemen, Republic of",Imports of goods,Imports of goods,Cost insurance freight (CIF),Millions,USD,4603000000.0,2023,False,Medium,Decreasing
"Yemen, Republic of",Imports of goods,Imports of goods,Cost insurance freight (CIF),Millions,USD,4430000000.0,2024,False,Medium,Decreasing
"Yemen, Republic of",Imports of goods,Imports of goods,Cost insurance freight (CIF),Millions,USD,4649000000.0,2025,False,Medium,Increasing
Zambia,Exports of goods,Exports of goods,Free on board (FOB),Millions,USD,6392514876.479285,2016,True,Medium,No Data
Zambia,Exports of goods,Exports of goods,Free on board (FOB),Millions,USD,8017734515.072801,2017,True,Medium,Increasing
Zambia,Exports of goods,Exports of goods,Free on board (FOB),Millions,USD,9077724067.69244,2018,True,Medium,Increasing
Zambia,Exports of goods,Exports of goods,Free on board (FOB),Millions,USD,7292795748.204388,2019,True,Medium,Decreasing
Zambia,Exports of goods,Exports of goods,Free on board (FOB),Millions,USD,7771944859.923572,2020,True,Medium,Increasing
Zambia,Exports of goods,Exports of goods,Free on board (FOB),Millions,USD,11118738776.46368,2021,True,High,Increasing
Zambia,Exports of goods,Exports of goods,Free on board (FOB),Millions,USD,11635509234.252329,2022,True,High,Increasing
Zambia,Exports of goods,Exports of goods,Free on board (FOB),Millions,USD,10485549545.518082,2023,True,High,Decreasing
Zambia,Imports of goods,Imports of goods,Cost insurance freight (CIF),Millions,USD,7309847315.472614,2016,False,Medium,No Data
Zambia,Imports of goods,Imports of goods,Cost insurance freight (CIF),Millions,USD,7997561209.049188,2017,False,Medium,Increasing
Zambia,Imports of goods,Imports of goods,Cost insurance freight (CIF),Millions,USD,9480842826.33388,2018,False,High,Increasing
Zambia,Imports of goods,Imports of goods,Cost insurance freight (CIF),Millions,USD,7222811507.554782,2019,False,Medium,Decreasing
Zambia,Imports of goods,Imports of goods,Cost insurance freight (CIF),Millions,USD,5308290952.796475,2020,False,Medium,Decreasing
Zambia,Imports of goods,Imports of goods,Cost insurance freight (CIF),Millions,USD,7076029592.344357,2021,False,Medium,Increasing
Zambia,Imports of goods,Imports of goods,Cost insurance freight (CIF),Millions,USD,9024360397.320944,2022,False,Medium,Increasing
Zambia,Imports of goods,Imports of goods,Cost insurance freight (CIF),Millions,USD,10166230609.0734,2023,False,High,Increasing
Zimbabwe,Exports of goods,Exports of goods,Free on board (FOB),Millions,USD,3335000000.0,2016,True,Medium,No Data
Zimbabwe,Exports of goods,Exports of goods,Free on board (FOB),Millions,USD,3481000000.0,2017,True,Medium,Increasing
Zimbabwe,Exports of goods,Exports of goods,Free on board (FOB),Millions,USD,4057000000.0,2018,True,Medium,Increasing
Zimbabwe,Exports of goods,Exports of goods,Free on board (FOB),Millions,USD,4269000000.0,2019,True,Medium,Increasing
Zimbabwe,Exports of goods,Exports of goods,Free on board (FOB),Millions,USD,4395000000.0,2020,True,Medium,Increasing
Zimbabwe,Exports of goods,Exports of goods,Free on board (FOB),Millions,USD,6036000000.0,2021,True,Medium,Increasing
Zimbabwe,Exports of goods,Exports of goods,Free on board (FOB),Millions,USD,6586000000.0,2022,True,Medium,Increasing
Zimbabwe,Exports of goods,Exports of goods,Free on board (FOB),Millions,USD,7225000000.0,2023,True,Medium,Increasing
Zimbabwe,Exports of goods,Exports of goods,Free on board (FOB),Millions,USD,7432000000.0,2024,True,Medium,Increasing
Zimbabwe,Exports of goods,Exports of goods,Free on board (FOB),Millions,USD,9707000000.0,2025,True,High,Increasing
Zimbabwe,Imports of goods,Imports of goods,Cost insurance freight (CIF),Millions,USD,5336000000.0,2016,False,Medium,No Data
Zimbabwe,Imports of goods,Imports of goods,Cost insurance freight (CIF),Millions,USD,5064000000.0,2017,False,Medium,Decreasing
Zimbabwe,Imports of goods,Imports of goods,Cost insurance freight (CIF),Millions,USD,6391000000.0,2018,False,Medium,Increasing
Zimbabwe,Imports of goods,Imports of goods,Cost insurance freight (CIF),Millions,USD,4817000000.0,2019,False,Medium,Decreasing
Zimbabwe,Imports of goods,Imports of goods,Cost insurance freight (CIF),Millions,USD,5643000000.0,2020,False,Medium,Increasing
Zimbabwe,Imports of goods,Imports of goods,Cost insurance freight (CIF),Millions,USD,7577000000.0,2021,False,Medium,Increasing
Zimbabwe,Imports of goods,Imports of goods,Cost insurance freight (CIF),Millions,USD,8653000000.0,2022,False,Medium,Increasing
Zimbabwe,Imports of goods,Imports of goods,Cost insurance freight (CIF),Millions,USD,9214000000.0,2023,False,High,Increasing
Zimbabwe,Imports of goods,Imports of goods,Cost insurance freight (CIF),Millions,USD,9499000000.0,2024,False,High,Increasing
Zimbabwe,Imports of goods,Imports of goods,Cost insurance freight (CIF),Millions,USD,10112000000.0,2025,False,High,Increasing
