COUNTRY,INDICATOR,TRADE_FLOW,VALUATION,SCALE,CURRENCY,VALUE,YEAR,IS_EXPORT,VALUE_CATEGORY,TREND
Albania,"Exports of goods, Volume index",Exports of goods,Free on board (FOB),Units,Not Applicable,144.2894184467218,2016,True,Low,No Data
Albania,"Exports of goods, Volume index",Exports of goods,Free on board (FOB),Units,Not Applicable,157.7108284973453,2017,True,Low,Increasing
Albania,"Exports of goods, Volume index",Exports of goods,Free on board (FOB),Units,Not Applicable,188.3442400296333,2018,True,Medium,Increasing
Albania,"Exports of goods, Volume index",Exports of goods,Free on board (FOB),Units,Not Applicable,183.1337202123719,2019,True,Medium,Decreasing
Albania,"Exports of goods, Volume index",Exports of goods,Free on board (FOB),Units,Not Applicable,170.1197678725768,2020,True,Medium,Decreasing
Albania,"Exports of goods, Volume index",Exports of goods,Free on board (FOB),Units,Not Applicable,212.6929250524756,2021,True,Medium,Increasing
Albania,"Exports of goods, Volume index",Exports of goods,Free on board (FOB),Units,Not Applicable,232.7941721200148,2022,True,Medium,Increasing
Albania,"Exports of goods, Volume index",Exports of goods,Free on board (FOB),Units,Not Applicable,250.7840474132609,2023,True,Medium,Increasing
Albania,"Exports of goods, Volume index",Exports of goods,Free on board (FOB),Units,Not Applicable,230.522286702062,2024,True,Medium,Decreasing
Albania,"Exports of goods, Volume index",Exports of goods,Free on board (FOB),Units,Not Applicable,244.1412520064205,2025,True,Medium,Increasing
Albania,"Imports of goods, Volume index",Imports of goods,Cost insurance freight (CIF),Units,Not Applicable,111.8703931203931,2016,False,Low,No Data
Albania,"Imports of goods, Volume index",Imports of goods,Cost insurance freight (CIF),Units,Not Applicable,122.5890663390663,2017,False,Low,Increasing
Albania,"Imports of goods, Volume index",Imports of goods,Cost insurance freight (CIF),Units,Not Applicable,131.8181818181818,2018,False,Low,Increasing
Albania,"Imports of goods, Volume index",Imports of goods,Cost insurance freight (CIF),Units,Not Applicable,134.1062653562654,2019,False,Low,Increasing
Albania,"Imports of goods, Volume index",Imports of goods,Cost insurance freight (CIF),Units,Not Applicable,127.0116707616708,2020,False,Low,Decreasing
Albania,"Imports of goods, Volume index",Imports of goods,Cost insurance freight (CIF),Units,Not Applicable,150.982800982801,2021,False,Low,Increasing
Albania,"Imports of goods, Volume index",Imports of goods,Cost insurance freight (CIF),Units,Not Applicable,147.6197788697789,2022,False,Low,Decreasing
Albania,"Imports of goods, Volume index",Imports of goods,Cost insurance freight (CIF),Units,Not Applicable,167.4293611793612,2023,False,Medium,Increasing
Albania,"Imports of goods, Volume index",Imports of goods,Cost insurance freight (CIF),Units,Not Applicable,189.4502457002457,2024,False,Medium,Increasing
Albania,"Imports of goods, Volume index",Imports of goods,Cost insurance freight (CIF),Units,Not Applicable,199.4932432432433,2025,False,Medium,Increasing
Algeria,"Exports of goods, Volume index",Exports of goods,Free on board (FOB),Units,Not Applicable,86.34978671541742,2016,True,Low,No Data
Algeria,"Exports of goods, Volume index",Exports of goods,Free on board (FOB),Units,Not Applicable,83.66849482023156,2017,True,Low,Decreasing
Algeria,"Exports of goods, Volume index",Exports of goods,Free on board (FOB),Units,Not Applicable,80.9262644728824,2018,True,Low,Decreasing
Algeria,"Exports of goods, Volume index",Exports of goods,Free on board (FOB),Units,Not Applicable,79.03717245581961,2019,True,Low,Decreasing
Algeria,"Exports of goods, Volume index",Exports of goods,Free on board (FOB),Units,Not Applicable,65.90493601462524,2020,True,Low,Decreasing
Algeria,"Exports of goods, Volume index",Exports of goods,Free on board (FOB),Units,Not Applicable,58.92748324192565,2021,True,Low,Decreasing
Algeria,"Exports of goods, Volume index",Exports of goods,Free on board (FOB),Units,Not Applicable,54.448507007922,2022,True,Low,Decreasing
Algeria,"Exports of goods, Volume index",Exports of goods,Free on board (FOB),Units,Not Applicable,77.42230347349177,2023,True,Low,Increasing
Algeria,"Exports of goods, Volume index",Exports of goods,Free on board (FOB),Units,Not Applicable,73.43083485679465,2024,True,Low,Decreasing
Algeria,"Exports of goods, Volume index",Exports of goods,Free on board (FOB),Units,Not Applicable,65.02132845825716,2025,True,Low,Decreasing
Algeria,"Imports of goods, Volume index",Imports of goods,Cost insurance freight (CIF),Units,Not Applicable,121.2886514489234,2016,False,Low,No Data
Algeria,"Imports of goods, Volume index",Imports of goods,Cost insurance freight (CIF),Units,Not Applicable,115.1691759753926,2017,False,Low,Decreasing
Algeria,"Imports of goods, Volume index",Imports of goods,Cost insurance freight (CIF),Units,Not Applicable,111.7856564675409,2018,False,Low,Decreasing
Algeria,"Imports of goods, Volume index",Imports of goods,Cost insurance freight (CIF),Units,Not Applicable,108.7259187307755,2019,False,Low,Decreasing
Algeria,"Imports of goods, Volume index",Imports of goods,Cost insurance freight (CIF),Units,Not Applicable,86.30403108305003,2020,False,Low,Decreasing
Algeria,"Imports of goods, Volume index",Imports of goods,Cost insurance freight (CIF),Units,Not Applicable,80.78355188602882,2021,False,Low,Decreasing
Algeria,"Imports of goods, Volume index",Imports of goods,Cost insurance freight (CIF),Units,Not Applicable,75.66779990286547,2022,False,Low,Decreasing
Algeria,"Imports of goods, Volume index",Imports of goods,Cost insurance freight (CIF),Units,Not Applicable,87.01635097943986,2023,False,Low,Increasing
Algeria,"Imports of goods, Volume index",Imports of goods,Cost insurance freight (CIF),Units,Not Applicable,94.4795208029788,2024,False,Low,Increasing
Algeria,"Imports of goods, Volume index",Imports of goods,Cost insurance freight (CIF),Units,Not Applicable,105.0509956289461,2025,False,Low,Increasing
Argentina,"Exports of goods, Volume index",Exports of goods,Free on board (FOB),Units,Not Applicable,89.81297254277756,2016,True,Low,No Data
Argentina,"Exports of goods, Volume index",Exports of goods,Free on board (FOB),Units,Not Applicable,89.71348985276562,2017,True,Low,Decreasing
Argentina,"Exports of goods, Volume index",Exports of goods,Free on board (FOB),Units,Not Applicable,89.47473139673697,2018,True,Low,Decreasing
Argentina,"Exports of goods, Volume index",Exports of goods,Free on board (FOB),Units,Not Applicable,100.2387584560287,2019,True,Low,Increasing
Argentina,"Exports of goods, Volume index",Exports of goods,Free on board (FOB),Units,Not Applicable,87.14683645045761,2020,True,Low,Decreasing
Argentina,"Exports of goods, Volume index",Exports of goods,Free on board (FOB),Units,Not Applicable,98.36848388380422,2021,True,Low,Increasing
Argentina,"Exports of goods, Volume index",Exports of goods,Free on board (FOB),Units,Not Applicable,96.43851969757262,2022,True,Low,Decreasing
Argentina,"Exports of goods, Volume index",Exports of goods,Free on board (FOB),Units,Not Applicable,80.52128929566256,2023,True,Low,Decreasing
Argentina,"Exports of goods, Volume index",Exports of goods,Free on board (FOB),Units,Not Applicable,101.6912057302029,2024,True,Low,Increasing
Argentina,"Exports of goods, Volume index",Exports of goods,Free on board (FOB),Units,Not Applicable,111.7986470354158,2025,True,Low,Increasing
Argentina,"Imports of goods, Volume index",Imports of goods,Cost insurance freight (CIF),Units,Not Applicable,111.6273197828557,2016,False,Low,No Data
Argentina,"Imports of goods, Volume index",Imports of goods,Cost insurance freight (CIF),Units,Not Applicable,128.0141396288347,2017,False,Low,Increasing
Argentina,"Imports of goods, Volume index",Imports of goods,Cost insurance freight (CIF),Units,Not Applicable,119.6692336826158,2018,False,Low,Decreasing
Argentina,"Imports of goods, Volume index",Imports of goods,Cost insurance freight (CIF),Units,Not Applicable,94.84913521020071,2019,False,Low,Decreasing
Argentina,"Imports of goods, Volume index",Imports of goods,Cost insurance freight (CIF),Units,Not Applicable,84.73677565963894,2020,False,Low,Decreasing
Argentina,"Imports of goods, Volume index",Imports of goods,Cost insurance freight (CIF),Units,Not Applicable,110.2007322307789,2021,False,Low,Increasing
Argentina,"Imports of goods, Volume index",Imports of goods,Cost insurance freight (CIF),Units,Not Applicable,121.9542986996591,2022,False,Low,Increasing
Argentina,"Imports of goods, Volume index",Imports of goods,Cost insurance freight (CIF),Units,Not Applicable,117.1947986365358,2023,False,Low,Decreasing
Argentina,"Imports of goods, Volume index",Imports of goods,Cost insurance freight (CIF),Units,Not Applicable,100.8332281277616,2024,False,Low,Decreasing
Argentina,"Imports of goods, Volume index",Imports of goods,Cost insurance freight (CIF),Units,Not Applicable,131.6247948491352,2025,False,Low,Increasing
"Armenia, Republic of","Exports of goods, Volume index",Exports of goods,Free on board (FOB),Units,Not Applicable,199.0193164933135,2016,True,Medium,No Data
"Armenia, Republic of","Exports of goods, Volume index",Exports of goods,Free on board (FOB),Units,Not Applicable,223.8632986627043,2017,True,Medium,Increasing
"Armenia, Republic of","Exports of goods, Volume index",Exports of goods,Free on board (FOB),Units,Not Applicable,229.6582466567608,2018,True,Medium,Increasing
"Armenia, Republic of","Exports of goods, Volume index",Exports of goods,Free on board (FOB),Units,Not Applicable,260.7726597325408,2019,True,Medium,Increasing
"Armenia, Republic of","Exports of goods, Volume index",Exports of goods,Free on board (FOB),Units,Not Applicable,243.5661218424963,2020,True,Medium,Decreasing
"Armenia, Republic of","Exports of goods, Volume index",Exports of goods,Free on board (FOB),Units,Not Applicable,232.927191679049,2021,True,Medium,Decreasing
"Armenia, Republic of","Exports of goods, Volume index",Exports of goods,Free on board (FOB),Units,Not Applicable,404.8439821693908,2022,True,Medium,Increasing
"Armenia, Republic of","Exports of goods, Volume index",Exports of goods,Free on board (FOB),Units,Not Applicable,647.4294205052005,2023,True,Medium,Increasing
"Armenia, Republic of","Exports of goods, Volume index",Exports of goods,Free on board (FOB),Units,Not Applicable,946.8053491827636,2024,True,Medium,Increasing
"Armenia, Republic of","Exports of goods, Volume index",Exports of goods,Free on board (FOB),Units,Not Applicable,498.3655274888558,2025,True,Medium,Decreasing
"Armenia, Republic of","Imports of goods, Volume index",Imports of goods,Cost insurance freight (CIF),Units,Not Applicable,91.44728860851632,2016,False,Low,No Data
"Armenia, Republic of","Imports of goods, Volume index",Imports of goods,Cost insurance freight (CIF),Units,Not Applicable,111.4400097052044,2017,False,Low,Increasing
"Armenia, Republic of","Imports of goods, Volume index",Imports of goods,Cost insurance freight (CIF),Units,Not Applicable,125.7430547130899,2018,False,Low,Increasing
"Armenia, Republic of","Imports of goods, Volume index",Imports of goods,Cost insurance freight (CIF),Units,Not Applicable,144.0009705204416,2019,False,Low,Increasing
"Armenia, Republic of","Imports of goods, Volume index",Imports of goods,Cost insurance freight (CIF),Units,Not Applicable,121.1816086376319,2020,False,Low,Decreasing
"Armenia, Republic of","Imports of goods, Volume index",Imports of goods,Cost insurance freight (CIF),Units,Not Applicable,116.0499818027417,2021,False,Low,Decreasing
"Armenia, Republic of","Imports of goods, Volume index",Imports of goods,Cost insurance freight (CIF),Units,Not Applicable,159.7840592017469,2022,False,Low,Increasing
"Armenia, Republic of","Imports of goods, Volume index",Imports of goods,Cost insurance freight (CIF),Units,Not Applicable,242.9091350236565,2023,False,Medium,Increasing
"Armenia, Republic of","Imports of goods, Volume index",Imports of goods,Cost insurance freight (CIF),Units,Not Applicable,324.7967972825428,2024,False,Medium,Increasing
"Armenia, Republic of","Imports of goods, Volume index",Imports of goods,Cost insurance freight (CIF),Units,Not Applicable,228.5454324881718,2025,False,Medium,Decreasing
Australia,Export price index (EPI),Exports of goods,Free on board (FOB),Units,Not Applicable,87.19597428012302,2016,True,Low,No Data
Australia,Export price index (EPI),Exports of goods,Free on board (FOB),Units,Not Applicable,101.928990774392,2017,True,Low,Increasing
Australia,Export price index (EPI),Exports of goods,Free on board (FOB),Units,Not Applicable,110.6513838412077,2018,True,Low,Increasing
Australia,Export price index (EPI),Exports of goods,Free on board (FOB),Units,Not Applicable,124.7134470226447,2019,True,Low,Increasing
Australia,Export price index (EPI),Exports of goods,Free on board (FOB),Units,Not Applicable,121.1070729661728,2020,True,Low,Decreasing
Australia,Export price index (EPI),Exports of goods,Free on board (FOB),Units,Not Applicable,155.2418227564999,2021,True,Low,Increasing
Australia,Export price index (EPI),Exports of goods,Free on board (FOB),Units,Not Applicable,203.7461559966453,2022,True,Medium,Increasing
Australia,Export price index (EPI),Exports of goods,Free on board (FOB),Units,Not Applicable,193.1786413195415,2023,True,Medium,Decreasing
Australia,Export price index (EPI),Exports of goods,Free on board (FOB),Units,Not Applicable,178.8929270338273,2024,True,Medium,Decreasing
Australia,"Exports of goods, Volume index",Exports of goods,Free on board (FOB),Units,Not Applicable,128.1789638932496,2016,True,Low,No Data
Australia,"Exports of goods, Volume index",Exports of goods,Free on board (FOB),Units,Not Applicable,128.394819466248,2017,True,Low,Increasing
Australia,"Exports of goods, Volume index",Exports of goods,Free on board (FOB),Units,Not Applicable,134.9882260596546,2018,True,Low,Increasing
Australia,"Exports of goods, Volume index",Exports of goods,Free on board (FOB),Units,Not Applicable,135.616169544741,2019,True,Low,Increasing
Australia,"Exports of goods, Volume index",Exports of goods,Free on board (FOB),Units,Not Applicable,129.9058084772371,2020,True,Low,Decreasing
Australia,"Exports of goods, Volume index",Exports of goods,Free on board (FOB),Units,Not Applicable,128.0808477237049,2021,True,Low,Decreasing
Australia,"Exports of goods, Volume index",Exports of goods,Free on board (FOB),Units,Not Applicable,126.3147566718995,2022,True,Low,Decreasing
Australia,"Exports of goods, Volume index",Exports of goods,Free on board (FOB),Units,Not Applicable,125.5298273155416,2023,True,Low,Decreasing
Australia,"Exports of goods, Volume index",Exports of goods,Free on board (FOB),Units,Not Applicable,125.4709576138148,2024,True,Low,Decreasing
Australia,"Exports of goods, Volume index",Exports of goods,Free on board (FOB),Units,Not Applicable,129.6114599686028,2025,True,Low,Increasing
Australia,Import price index,Imports of goods,Cost insurance freight (CIF),Units,Not Applicable,105.3275554422635,2016,False,Low,No Data
Australia,Import price index,Imports of goods,Cost insurance freight (CIF),Units,Not Applicable,105.6079530971195,2017,False,Low,Increasing
Australia,Import price index,Imports of goods,Cost insurance freight (CIF),Units,Not Applicable,112.515931684935,2018,False,Low,Increasing
Australia,Import price index,Imports of goods,Cost insurance freight (CIF),Units,Not Applicable,115.4728524088707,2019,False,Low,Increasing
Australia,Import price index,Imports of goods,Cost insurance freight (CIF),Units,Not Applicable,111.368850369615,2020,False,Low,Decreasing
Australia,Import price index,Imports of goods,Cost insurance freight (CIF),Units,Not Applicable,114.3512617894468,2021,False,Low,Increasing
Australia,Import price index,Imports of goods,Cost insurance freight (CIF),Units,Not Applicable,135.8399184297731,2022,False,Low,Increasing
Australia,Import price index,Imports of goods,Cost insurance freight (CIF),Units,Not Applicable,135.3301045118531,2023,False,Low,Decreasing
Australia,Import price index,Imports of goods,Cost insurance freight (CIF),Units,Not Applicable,134.4379301554932,2024,False,Low,Decreasing
Australia,"Imports of goods, Volume index",Imports of goods,Cost insurance freight (CIF),Units,Not Applicable,114.7402721870807,2016,False,Low,No Data
Australia,"Imports of goods, Volume index",Imports of goods,Cost insurance freight (CIF),Units,Not Applicable,129.7680659382787,2017,False,Low,Increasing
Australia,"Imports of goods, Volume index",Imports of goods,Cost insurance freight (CIF),Units,Not Applicable,128.3112900134177,2018,False,Low,Decreasing
Australia,"Imports of goods, Volume index",Imports of goods,Cost insurance freight (CIF),Units,Not Applicable,126.5094882116159,2019,False,Low,Decreasing
Australia,"Imports of goods, Volume index",Imports of goods,Cost insurance freight (CIF),Units,Not Applicable,125.493578685068,2020,False,Low,Decreasing
Australia,"Imports of goods, Volume index",Imports of goods,Cost insurance freight (CIF),Units,Not Applicable,137.0136093540349,2021,False,Low,Increasing
Australia,"Imports of goods, Volume index",Imports of goods,Cost insurance freight (CIF),Units,Not Applicable,145.7542649032011,2022,False,Low,Increasing
Australia,"Imports of goods, Volume index",Imports of goods,Cost insurance freight (CIF),Units,Not Applicable,145.2558941920644,2023,False,Low,Decreasing
Australia,"Imports of goods, Volume index",Imports of goods,Cost insurance freight (CIF),Units,Not Applicable,151.9072263753115,2024,False,Low,Increasing
Australia,"Imports of goods, Volume index",Imports of goods,Cost insurance freight (CIF),Units,Not Applicable,158.9610887483228,2025,False,Low,Increasing
Austria,Export price index (EPI),Exports of goods,Free on board (FOB),Units,Not Applicable,100.8365363064095,2016,True,Low,No Data
Austria,Export price index (EPI),Exports of goods,Free on board (FOB),Units,Not Applicable,102.5911856128082,2017,True,Low,Increasing
Austria,Export price index (EPI),Exports of goods,Free on board (FOB),Units,Not Applicable,104.3016840543716,2018,True,Low,Increasing
Austria,Export price index (EPI),Exports of goods,Free on board (FOB),Units,Not Applicable,103.2380136999316,2019,True,Low,Decreasing
Austria,Export price index (EPI),Exports of goods,Free on board (FOB),Units,Not Applicable,102.0104254724177,2020,True,Low,Decreasing
Austria,Export price index (EPI),Exports of goods,Free on board (FOB),Units,Not Applicable,104.4969560232823,2021,True,Low,Increasing
Austria,"Exports of goods, Price deflator",Exports of goods,Free on board (FOB),Units,Not Applicable,101.2476507907478,2016,True,Low,No Data
Austria,"Exports of goods, Price deflator",Exports of goods,Free on board (FOB),Units,Not Applicable,102.7678911705736,2017,True,Low,Increasing
Austria,"Exports of goods, Price deflator",Exports of goods,Free on board (FOB),Units,Not Applicable,104.6496008773517,2018,True,Low,Increasing
Austria,"Exports of goods, Price deflator",Exports of goods,Free on board (FOB),Units,Not Applicable,103.5729460285859,2019,True,Low,Decreasing
Austria,"Exports of goods, Price deflator",Exports of goods,Free on board (FOB),Units,Not Applicable,102.3419700974583,2020,True,Low,Decreasing
Austria,"Exports of goods, Volume index",Exports of goods,Free on board (FOB),Units,Not Applicable,104.721326577614,2016,True,Low,No Data
Austria,"Exports of goods, Volume index",Exports of goods,Free on board (FOB),Units,Not Applicable,109.1893136803316,2017,True,Low,Increasing
Austria,"Exports of goods, Volume index",Exports of goods,Free on board (FOB),Units,Not Applicable,110.525103638876,2018,True,Low,Increasing
Austria,"Exports of goods, Volume index",Exports of goods,Free on board (FOB),Units,Not Applicable,110.4790419161676,2019,True,Low,Decreasing
Austria,"Exports of goods, Volume index",Exports of goods,Free on board (FOB),Units,Not Applicable,101.843602493304,2020,True,Low,Decreasing
Austria,Import price index,Imports of goods,Cost insurance freight (CIF),Units,Not Applicable,100.7566830252762,2016,False,Low,No Data
Austria,Import price index,Imports of goods,Cost insurance freight (CIF),Units,Not Applicable,104.2144315054388,2017,False,Low,Increasing
Austria,Import price index,Imports of goods,Cost insurance freight (CIF),Units,Not Applicable,106.547710428816,2018,False,Low,Increasing
Austria,Import price index,Imports of goods,Cost insurance freight (CIF),Units,Not Applicable,106.2195324763584,2019,False,Low,Decreasing
Austria,Import price index,Imports of goods,Cost insurance freight (CIF),Units,Not Applicable,103.7169304833541,2020,False,Low,Decreasing
Austria,Import price index,Imports of goods,Cost insurance freight (CIF),Units,Not Applicable,109.594304535381,2021,False,Low,Increasing
Austria,"Imports of goods, Volume index",Imports of goods,Cost insurance freight (CIF),Units,Not Applicable,101.0249242953646,2016,False,Low,No Data
Austria,"Imports of goods, Volume index",Imports of goods,Cost insurance freight (CIF),Units,Not Applicable,104.1462846494293,2017,False,Low,Increasing
Austria,"Imports of goods, Volume index",Imports of goods,Cost insurance freight (CIF),Units,Not Applicable,104.425809457256,2018,False,Low,Increasing
Austria,"Imports of goods, Volume index",Imports of goods,Cost insurance freight (CIF),Units,Not Applicable,102.9350104821802,2019,False,Low,Decreasing
Austria,"Imports of goods, Volume index",Imports of goods,Cost insurance freight (CIF),Units,Not Applicable,96.31366336185091,2020,False,Low,Decreasing
"Bahrain, Kingdom of","Exports of goods, Volume index",Exports of goods,Free on board (FOB),Units,Not Applicable,120.9102348993289,2016,True,Low,No Data
"Bahrain, Kingdom of","Exports of goods, Volume index",Exports of goods,Free on board (FOB),Units,Not Applicable,127.1392617449664,2017,True,Low,Increasing
"Bahrain, Kingdom of","Exports of goods, Volume index",Exports of goods,Free on board (FOB),Units,Not Applicable,136.6820469798658,2018,True,Low,Increasing
"Bahrain, Kingdom of","Exports of goods, Volume index",Exports of goods,Free on board (FOB),Units,Not Applicable,143.3095637583893,2019,True,Low,Increasing
"Bahrain, Kingdom of","Exports of goods, Volume index",Exports of goods,Free on board (FOB),Units,Not Applicable,119.6728187919463,2020,True,Low,Decreasing
"Bahrain, Kingdom of","Exports of goods, Volume index",Exports of goods,Free on board (FOB),Units,Not Applicable,140.3942953020134,2021,True,Low,Increasing
"Bahrain, Kingdom of","Exports of goods, Volume index",Exports of goods,Free on board (FOB),Units,Not Applicable,158.2634228187919,2022,True,Low,Increasing
"Bahrain, Kingdom of","Exports of goods, Volume index",Exports of goods,Free on board (FOB),Units,Not Applicable,146.119966442953,2023,True,Low,Decreasing
"Bahrain, Kingdom of","Exports of goods, Volume index",Exports of goods,Free on board (FOB),Units,Not Applicable,146.119966442953,2024,True,Low,No Data
"Bahrain, Kingdom of","Exports of goods, Volume index",Exports of goods,Free on board (FOB),Units,Not Applicable,157.0260067114094,2025,True,Low,Increasing
"Bahrain, Kingdom of","Imports of goods, Volume index",Imports of goods,Cost insurance freight (CIF),Units,Not Applicable,126.5253050610122,2016,False,Low,No Data
"Bahrain, Kingdom of","Imports of goods, Volume index",Imports of goods,Cost insurance freight (CIF),Units,Not Applicable,132.3464692938588,2017,False,Low,Increasing
"Bahrain, Kingdom of","Imports of goods, Volume index",Imports of goods,Cost insurance freight (CIF),Units,Not Applicable,140.4280856171234,2018,False,Low,Increasing
"Bahrain, Kingdom of","Imports of goods, Volume index",Imports of goods,Cost insurance freight (CIF),Units,Not Applicable,127.005401080216,2019,False,Low,Decreasing
"Bahrain, Kingdom of","Imports of goods, Volume index",Imports of goods,Cost insurance freight (CIF),Units,Not Applicable,129.125825165033,2020,False,Low,Increasing
"Bahrain, Kingdom of","Imports of goods, Volume index",Imports of goods,Cost insurance freight (CIF),Units,Not Applicable,126.745349069814,2021,False,Low,Decreasing
"Bahrain, Kingdom of","Imports of goods, Volume index",Imports of goods,Cost insurance freight (CIF),Units,Not Applicable,128.5857171434287,2022,False,Low,Increasing
"Bahrain, Kingdom of","Imports of goods, Volume index",Imports of goods,Cost insurance freight (CIF),Units,Not Applicable,129.5859171834367,2023,False,Low,Increasing
"Bahrain, Kingdom of","Imports of goods, Volume index",Imports of goods,Cost insurance freight (CIF),Units,Not Applicable,129.9859971994399,2024,False,Low,Increasing
"Bahrain, Kingdom of","Imports of goods, Volume index",Imports of goods,Cost insurance freight (CIF),Units,Not Applicable,134.2868573714743,2025,False,Low,Increasing
"Belarus, Republic of","Exports of goods, Volume index",Exports of goods,Free on board (FOB),Units,Not Applicable,104.6189376443417,2016,True,Low,No Data
"Belarus, Republic of","Exports of goods, Volume index",Exports of goods,Free on board (FOB),Units,Not Applicable,122.1324095458044,2017,True,Low,Increasing
"Belarus, Republic of","Exports of goods, Volume index",Exports of goods,Free on board (FOB),Units,Not Applicable,131.2163202463433,2018,True,Low,Increasing
"Belarus, Republic of","Exports of goods, Volume index",Exports of goods,Free on board (FOB),Units,Not Applicable,131.5627405696689,2019,True,Low,Increasing
"Belarus, Republic of","Exports of goods, Volume index",Exports of goods,Free on board (FOB),Units,Not Applicable,120.6697459584295,2020,True,Low,Decreasing
"Belarus, Republic of","Imports of goods, Volume index",Imports of goods,Cost insurance freight (CIF),Units,Not Applicable,91.79667840966282,2016,False,Low,No Data
"Belarus, Republic of","Imports of goods, Volume index",Imports of goods,Cost insurance freight (CIF),Units,Not Applicable,104.8943130347257,2017,False,Low,Increasing
"Belarus, Republic of","Imports of goods, Volume index",Imports of goods,Cost insurance freight (CIF),Units,Not Applicable,107.7377956718672,2018,False,Low,Increasing
"Belarus, Republic of","Imports of goods, Volume index",Imports of goods,Cost insurance freight (CIF),Units,Not Applicable,116.155007549069,2019,False,Low,Increasing
"Belarus, Republic of","Imports of goods, Volume index",Imports of goods,Cost insurance freight (CIF),Units,Not Applicable,102.0130850528436,2020,False,Low,Decreasing
Belgium,"Exports of goods, Volume index",Exports of goods,Free on board (FOB),Units,Not Applicable,108.498023715415,2016,True,Low,No Data
Belgium,"Exports of goods, Volume index",Exports of goods,Free on board (FOB),Units,Not Applicable,110.5648880105402,2017,True,Low,Increasing
Belgium,"Exports of goods, Volume index",Exports of goods,Free on board (FOB),Units,Not Applicable,108.3662714097497,2018,True,Low,Decreasing
Belgium,"Exports of goods, Volume index",Exports of goods,Free on board (FOB),Units,Not Applicable,108.5474308300395,2019,True,Low,Increasing
Belgium,"Exports of goods, Volume index",Exports of goods,Free on board (FOB),Units,Not Applicable,100.090579710145,2020,True,Low,Decreasing
Belgium,"Exports of goods, Volume index",Exports of goods,Free on board (FOB),Units,Not Applicable,112.1459156785244,2021,True,Low,Increasing
Belgium,"Exports of goods, Volume index",Exports of goods,Free on board (FOB),Units,Not Applicable,114.5009881422925,2022,True,Low,Increasing
Belgium,"Exports of goods, Volume index",Exports of goods,Free on board (FOB),Units,Not Applicable,107.2134387351779,2023,True,Low,Decreasing
Belgium,"Exports of goods, Volume index",Exports of goods,Free on board (FOB),Units,Not Applicable,102.6926877470356,2024,True,Low,Decreasing
Belgium,"Exports of goods, Volume index",Exports of goods,Free on board (FOB),Units,Not Applicable,98.24604743083005,2025,True,Low,Decreasing
Belgium,"Imports of goods, Volume index",Imports of goods,Cost insurance freight (CIF),Units,Not Applicable,109.3610196674264,2016,False,Low,No Data
Belgium,"Imports of goods, Volume index",Imports of goods,Cost insurance freight (CIF),Units,Not Applicable,110.9225964379169,2017,False,Low,Increasing
Belgium,"Imports of goods, Volume index",Imports of goods,Cost insurance freight (CIF),Units,Not Applicable,109.0402633578121,2018,False,Low,Decreasing
Belgium,"Imports of goods, Volume index",Imports of goods,Cost insurance freight (CIF),Units,Not Applicable,106.1956613488648,2019,False,Low,Decreasing
Belgium,"Imports of goods, Volume index",Imports of goods,Cost insurance freight (CIF),Units,Not Applicable,97.81379252131347,2020,False,Low,Decreasing
Belgium,"Imports of goods, Volume index",Imports of goods,Cost insurance freight (CIF),Units,Not Applicable,109.4791930446528,2021,False,Low,Increasing
Belgium,"Imports of goods, Volume index",Imports of goods,Cost insurance freight (CIF),Units,Not Applicable,117.5740693846544,2022,False,Low,Increasing
Belgium,"Imports of goods, Volume index",Imports of goods,Cost insurance freight (CIF),Units,Not Applicable,112.5854646746012,2023,False,Low,Decreasing
Belgium,"Imports of goods, Volume index",Imports of goods,Cost insurance freight (CIF),Units,Not Applicable,103.5705241833376,2024,False,Low,Decreasing
Belgium,"Imports of goods, Volume index",Imports of goods,Cost insurance freight (CIF),Units,Not Applicable,99.29095973664224,2025,False,Low,Decreasing
Bolivia,"Exports of goods, Volume index",Exports of goods,Free on board (FOB),Units,Not Applicable,149.2478313385308,2016,True,Low,No Data
Bolivia,"Exports of goods, Volume index",Exports of goods,Free on board (FOB),Units,Not Applicable,144.108927198858,2017,True,Low,Decreasing
Bolivia,"Exports of goods, Volume index",Exports of goods,Free on board (FOB),Units,Not Applicable,154.3537937850006,2018,True,Low,Increasing
Bolivia,"Exports of goods, Volume index",Exports of goods,Free on board (FOB),Units,Not Applicable,168.7053914571209,2019,True,Medium,Increasing
Bolivia,"Exports of goods, Volume index",Exports of goods,Free on board (FOB),Units,Not Applicable,138.684528384759,2020,True,Low,Decreasing
Bolivia,"Exports of goods, Volume index",Exports of goods,Free on board (FOB),Units,Not Applicable,140.1449434500933,2021,True,Low,Increasing
Bolivia,"Exports of goods, Volume index",Exports of goods,Free on board (FOB),Units,Not Applicable,129.8232129131437,2022,True,Low,Decreasing
Bolivia,"Exports of goods, Volume index",Exports of goods,Free on board (FOB),Units,Not Applicable,123.1799714505326,2023,True,Low,Decreasing
Bolivia,"Exports of goods, Volume index",Exports of goods,Free on board (FOB),Units,Not Applicable,98.7152739650818,2024,True,Low,Decreasing
Bolivia,"Exports of goods, Volume index",Exports of goods,Free on board (FOB),Units,Not Applicable,88.90962995497969,2025,True,Low,Decreasing
Bolivia,"Imports of goods, Volume index",Imports of goods,Cost insurance freight (CIF),Units,Not Applicable,157.4018126888217,2016,False,Low,No Data
Bolivia,"Imports of goods, Volume index",Imports of goods,Cost insurance freight (CIF),Units,Not Applicable,167.1989641778161,2017,False,Medium,Increasing
Bolivia,"Imports of goods, Volume index",Imports of goods,Cost insurance freight (CIF),Units,Not Applicable,172.6370306430729,2018,False,Medium,Increasing
Bolivia,"Imports of goods, Volume index",Imports of goods,Cost insurance freight (CIF),Units,Not Applicable,171.687526974536,2019,False,Medium,Decreasing
Bolivia,"Imports of goods, Volume index",Imports of goods,Cost insurance freight (CIF),Units,Not Applicable,127.5140267587397,2020,False,Low,Decreasing
Bolivia,"Imports of goods, Volume index",Imports of goods,Cost insurance freight (CIF),Units,Not Applicable,146.7846353042728,2021,False,Low,Increasing
Bolivia,"Imports of goods, Volume index",Imports of goods,Cost insurance freight (CIF),Units,Not Applicable,168.3858437634872,2022,False,Medium,Increasing
Bolivia,"Imports of goods, Volume index",Imports of goods,Cost insurance freight (CIF),Units,Not Applicable,168.3750539490721,2023,False,Medium,Decreasing
Bolivia,"Imports of goods, Volume index",Imports of goods,Cost insurance freight (CIF),Units,Not Applicable,149.0828657747087,2024,False,Low,Decreasing
Bolivia,"Imports of goods, Volume index",Imports of goods,Cost insurance freight (CIF),Units,Not Applicable,150.6581786793267,2025,False,Low,Increasing
Brazil,Export price index (EPI),Exports of goods,Free on board (FOB),Units,Not Applicable,79.02093103053873,2016,True,Low,No Data
Brazil,Export price index (EPI),Exports of goods,Free on board (FOB),Units,Not Applicable,86.99016355941897,2017,True,Low,Increasing
Brazil,Export price index (EPI),Exports of goods,Free on board (FOB),Units,Not Applicable,91.49433832780508,2018,True,Low,Increasing
Brazil,"Exports of goods, Price deflator",Exports of goods,Free on board (FOB),Units,Not Applicable,74.25172770898536,2016,True,Low,No Data
Brazil,"Exports of goods, Price deflator",Exports of goods,Free on board (FOB),Units,Not Applicable,80.63707982189618,2017,True,Low,Increasing
Brazil,"Exports of goods, Price deflator",Exports of goods,Free on board (FOB),Units,Not Applicable,85.49577008969125,2018,True,Low,Increasing
Brazil,"Exports of goods, Price deflator",Exports of goods,Free on board (FOB),Units,Not Applicable,85.04740699686269,2019,True,Low,Decreasing
Brazil,"Exports of goods, Price deflator",Exports of goods,Free on board (FOB),Units,Not Applicable,78.3503700247608,2020,True,Low,Decreasing
Brazil,"Exports of goods, Price deflator",Exports of goods,Free on board (FOB),Units,Not Applicable,102.9468698164239,2021,True,Low,Increasing
Brazil,"Exports of goods, Volume index",Exports of goods,Free on board (FOB),Units,Not Applicable,114.602903501281,2016,True,Low,No Data
Brazil,"Exports of goods, Volume index",Exports of goods,Free on board (FOB),Units,Not Applicable,124.402220324509,2017,True,Low,Increasing
Brazil,"Exports of goods, Volume index",Exports of goods,Free on board (FOB),Units,Not Applicable,127.4765157984628,2018,True,Low,Increasing
Brazil,"Exports of goods, Volume index",Exports of goods,Free on board (FOB),Units,Not Applicable,126.3236549957301,2019,True,Low,Decreasing
Brazil,"Exports of goods, Volume index",Exports of goods,Free on board (FOB),Units,Not Applicable,296.6252469033226,2020,True,Medium,Increasing
Brazil,"Exports of goods, Volume index",Exports of goods,Free on board (FOB),Units,Not Applicable,258.5520929381294,2021,True,Medium,Decreasing
Brazil,"Exports of goods, Volume index",Exports of goods,Free on board (FOB),Units,Not Applicable,137.9163108454312,2022,True,Low,Decreasing
Brazil,"Exports of goods, Volume index",Exports of goods,Free on board (FOB),Units,Not Applicable,149.8719043552519,2023,True,Low,Increasing
Brazil,"Exports of goods, Volume index",Exports of goods,Free on board (FOB),Units,Not Applicable,164.8377455166524,2024,True,Medium,Increasing
Brazil,"Exports of goods, Volume index",Exports of goods,Free on board (FOB),Units,Not Applicable,174.6157130657558,2025,True,Medium,Increasing
Brazil,Import price index,Imports of goods,Cost insurance freight (CIF),Units,Not Applicable,89.68895034431773,2016,False,Low,No Data
Brazil,Import price index,Imports of goods,Cost insurance freight (CIF),Units,Not Applicable,93.32927179880348,2017,False,Low,Increasing
Brazil,Import price index,Imports of goods,Cost insurance freight (CIF),Units,Not Applicable,100.258067165916,2018,False,Low,Increasing
Brazil,"Imports of goods, Price deflator",Imports of goods,Cost insurance freight (CIF),Units,Not Applicable,74.91351938434914,2016,False,Low,No Data
Brazil,"Imports of goods, Price deflator",Imports of goods,Cost insurance freight (CIF),Units,Not Applicable,81.26216221912351,2017,False,Low,Increasing
Brazil,"Imports of goods, Price deflator",Imports of goods,Cost insurance freight (CIF),Units,Not Applicable,91.97737620942,2018,False,Low,Increasing
Brazil,"Imports of goods, Price deflator",Imports of goods,Cost insurance freight (CIF),Units,Not Applicable,90.92713102126208,2019,False,Low,Decreasing
Brazil,"Imports of goods, Price deflator",Imports of goods,Cost insurance freight (CIF),Units,Not Applicable,83.20419526568575,2020,False,Low,Decreasing
Brazil,"Imports of goods, Price deflator",Imports of goods,Cost insurance freight (CIF),Units,Not Applicable,94.72485470490766,2021,False,Low,Increasing
Brazil,"Imports of goods, Volume index",Imports of goods,Cost insurance freight (CIF),Units,Not Applicable,83.97676388720804,2016,False,Low,No Data
Brazil,"Imports of goods, Volume index",Imports of goods,Cost insurance freight (CIF),Units,Not Applicable,91.8310540965751,2017,False,Low,Increasing
Brazil,"Imports of goods, Volume index",Imports of goods,Cost insurance freight (CIF),Units,Not Applicable,100.4356771148493,2018,False,Low,Increasing
Brazil,"Imports of goods, Volume index",Imports of goods,Cost insurance freight (CIF),Units,Not Applicable,104.8408568316592,2019,False,Low,Increasing
Brazil,"Imports of goods, Volume index",Imports of goods,Cost insurance freight (CIF),Units,Not Applicable,78.79212948581174,2020,False,Low,Decreasing
Brazil,"Imports of goods, Volume index",Imports of goods,Cost insurance freight (CIF),Units,Not Applicable,102.9842206800398,2021,False,Low,Increasing
Brazil,"Imports of goods, Volume index",Imports of goods,Cost insurance freight (CIF),Units,Not Applicable,120.9125015127678,2022,False,Low,Increasing
Brazil,"Imports of goods, Volume index",Imports of goods,Cost insurance freight (CIF),Units,Not Applicable,117.6328210093187,2023,False,Low,Decreasing
Brazil,"Imports of goods, Volume index",Imports of goods,Cost insurance freight (CIF),Units,Not Applicable,145.9760377586833,2024,False,Low,Increasing
Brazil,"Imports of goods, Volume index",Imports of goods,Cost insurance freight (CIF),Units,Not Applicable,159.7845818709912,2025,False,Low,Increasing
Bulgaria,"Exports of goods, Volume index",Exports of goods,Free on board (FOB),Units,Not Applicable,143.515651874785,2016,True,Low,No Data
Bulgaria,"Exports of goods, Volume index",Exports of goods,Free on board (FOB),Units,Not Applicable,156.7251461988304,2017,True,Low,Increasing
Bulgaria,"Exports of goods, Volume index",Exports of goods,Free on board (FOB),Units,Not Applicable,156.9487444100447,2018,True,Low,Increasing
Bulgaria,"Exports of goods, Volume index",Exports of goods,Free on board (FOB),Units,Not Applicable,160.405916752666,2019,True,Low,Increasing
Bulgaria,"Exports of goods, Volume index",Exports of goods,Free on board (FOB),Units,Not Applicable,149.7592019263846,2020,True,Low,Decreasing
Bulgaria,"Exports of goods, Volume index",Exports of goods,Free on board (FOB),Units,Not Applicable,157.3787409700722,2021,True,Low,Increasing
Bulgaria,"Exports of goods, Volume index",Exports of goods,Free on board (FOB),Units,Not Applicable,174.06260749914,2022,True,Medium,Increasing
Bulgaria,"Exports of goods, Volume index",Exports of goods,Free on board (FOB),Units,Not Applicable,169.797041623667,2023,True,Medium,Decreasing
Bulgaria,"Exports of goods, Volume index",Exports of goods,Free on board (FOB),Units,Not Applicable,173.0650154798761,2024,True,Medium,Increasing
Bulgaria,"Exports of goods, Volume index",Exports of goods,Free on board (FOB),Units,Not Applicable,164.4306845545236,2025,True,Low,Decreasing
Bulgaria,"Imports of goods, Volume index",Imports of goods,Cost insurance freight (CIF),Units,Not Applicable,135.6417744402726,2016,False,Low,No Data
Bulgaria,"Imports of goods, Volume index",Imports of goods,Cost insurance freight (CIF),Units,Not Applicable,144.4305381727159,2017,False,Low,Increasing
Bulgaria,"Imports of goods, Volume index",Imports of goods,Cost insurance freight (CIF),Units,Not Applicable,145.4735085523571,2018,False,Low,Increasing
Bulgaria,"Imports of goods, Volume index",Imports of goods,Cost insurance freight (CIF),Units,Not Applicable,149.367264636351,2019,False,Low,Increasing
Bulgaria,"Imports of goods, Volume index",Imports of goods,Cost insurance freight (CIF),Units,Not Applicable,141.3850646641635,2020,False,Low,Decreasing
Bulgaria,"Imports of goods, Volume index",Imports of goods,Cost insurance freight (CIF),Units,Not Applicable,150.8830482547629,2021,False,Low,Increasing
Bulgaria,"Imports of goods, Volume index",Imports of goods,Cost insurance freight (CIF),Units,Not Applicable,167.612293144208,2022,False,Medium,Increasing
Bulgaria,"Imports of goods, Volume index",Imports of goods,Cost insurance freight (CIF),Units,Not Applicable,157.8222778473091,2023,False,Low,Decreasing
Bulgaria,"Imports of goods, Volume index",Imports of goods,Cost insurance freight (CIF),Units,Not Applicable,159.616186900292,2024,False,Low,Increasing
Bulgaria,"Imports of goods, Volume index",Imports of goods,Cost insurance freight (CIF),Units,Not Applicable,165.1926018634404,2025,False,Medium,Increasing
Canada,Export price index (EPI),Exports of goods,Free on board (FOB),Units,Not Applicable,98.35133189344847,2016,True,Low,No Data
Canada,Export price index (EPI),Exports of goods,Free on board (FOB),Units,Not Applicable,100.6191504679625,2017,True,Low,Increasing
Canada,Export price index (EPI),Exports of goods,Free on board (FOB),Units,Not Applicable,102.541396688265,2018,True,Low,Increasing
Canada,Export price index (EPI),Exports of goods,Free on board (FOB),Units,Not Applicable,100.8639308855292,2019,True,Low,Decreasing
Canada,Export price index (EPI),Exports of goods,Free on board (FOB),Units,Not Applicable,100.7991360691145,2020,True,Low,Decreasing
Canada,Export price index (EPI),Exports of goods,Free on board (FOB),Units,Not Applicable,114.4924406047516,2021,True,Low,Increasing
Canada,"Exports of goods, Volume index",Exports of goods,Free on board (FOB),Units,Not Applicable,127.7238403451996,2016,True,Low,No Data
Canada,"Exports of goods, Volume index",Exports of goods,Free on board (FOB),Units,Not Applicable,130.906148867314,2017,True,Low,Increasing
Canada,"Exports of goods, Volume index",Exports of goods,Free on board (FOB),Units,Not Applicable,133.6030204962244,2018,True,Low,Increasing
Canada,"Exports of goods, Volume index",Exports of goods,Free on board (FOB),Units,Not Applicable,135.5987055016182,2019,True,Low,Increasing
Canada,"Exports of goods, Volume index",Exports of goods,Free on board (FOB),Units,Not Applicable,125.5663430420713,2020,True,Low,Decreasing
Canada,"Exports of goods, Volume index",Exports of goods,Free on board (FOB),Units,Not Applicable,127.049622437972,2021,True,Low,Increasing
Canada,"Exports of goods, Volume index",Exports of goods,Free on board (FOB),Units,Not Applicable,130.393743257821,2022,True,Low,Increasing
Canada,"Exports of goods, Volume index",Exports of goods,Free on board (FOB),Units,Not Applicable,137.108953613808,2023,True,Low,Increasing
Canada,"Exports of goods, Volume index",Exports of goods,Free on board (FOB),Units,Not Applicable,138.646170442287,2024,True,Low,Increasing
Canada,"Exports of goods, Volume index",Exports of goods,Free on board (FOB),Units,Not Applicable,136.8662351672061,2025,True,Low,Decreasing
Canada,Import price index,Imports of goods,Cost insurance freight (CIF),Units,Not Applicable,98.9485375786746,2016,False,Low,No Data
Canada,Import price index,Imports of goods,Cost insurance freight (CIF),Units,Not Applicable,99.85190670122182,2017,False,Low,Increasing
Canada,Import price index,Imports of goods,Cost insurance freight (CIF),Units,Not Applicable,101.599407626805,2018,False,Low,Increasing
Canada,Import price index,Imports of goods,Cost insurance freight (CIF),Units,Not Applicable,102.1917808219178,2019,False,Low,Increasing
Canada,Import price index,Imports of goods,Cost insurance freight (CIF),Units,Not Applicable,102.2139948167346,2020,False,Low,Increasing
Canada,Import price index,Imports of goods,Cost insurance freight (CIF),Units,Not Applicable,110.1888189559423,2021,False,Low,Increasing
Canada,"Imports of goods, Volume index",Imports of goods,Cost insurance freight (CIF),Units,Not Applicable,115.765966949531,2016,False,Low,No Data
Canada,"Imports of goods, Volume index",Imports of goods,Cost insurance freight (CIF),Units,Not Applicable,121.8177757927646,2017,False,Low,Increasing
Canada,"Imports of goods, Volume index",Imports of goods,Cost insurance freight (CIF),Units,Not Applicable,125.9044216167932,2018,False,Low,Increasing
Canada,"Imports of goods, Volume index",Imports of goods,Cost insurance freight (CIF),Units,Not Applicable,125.1004912907548,2019,False,Low,Decreasing
Canada,"Imports of goods, Volume index",Imports of goods,Cost insurance freight (CIF),Units,Not Applicable,114.4037516748549,2020,False,Low,Decreasing
Canada,"Imports of goods, Volume index",Imports of goods,Cost insurance freight (CIF),Units,Not Applicable,124.8995087092452,2021,False,Low,Increasing
Canada,"Imports of goods, Volume index",Imports of goods,Cost insurance freight (CIF),Units,Not Applicable,133.1844573470299,2022,False,Low,Increasing
Canada,"Imports of goods, Volume index",Imports of goods,Cost insurance freight (CIF),Units,Not Applicable,132.402858418937,2023,False,Low,Decreasing
Canada,"Imports of goods, Volume index",Imports of goods,Cost insurance freight (CIF),Units,Not Applicable,132.0678874497544,2024,False,Low,Decreasing
Canada,"Imports of goods, Volume index",Imports of goods,Cost insurance freight (CIF),Units,Not Applicable,132.1125502456454,2025,False,Low,Increasing
Chile,"Exports of goods, Price deflator",Exports of goods,Free on board (FOB),Units,Not Applicable,77.50192132881118,2016,True,Low,No Data
Chile,"Exports of goods, Volume index",Exports of goods,Free on board (FOB),Units,Not Applicable,110.3218390804598,2016,True,Low,No Data
Chile,"Exports of goods, Volume index",Exports of goods,Free on board (FOB),Units,Not Applicable,108.5287356321839,2017,True,Low,Decreasing
Chile,"Exports of goods, Volume index",Exports of goods,Free on board (FOB),Units,Not Applicable,114.8505747126437,2018,True,Low,Increasing
Chile,"Exports of goods, Volume index",Exports of goods,Free on board (FOB),Units,Not Applicable,112.3448275862069,2019,True,Low,Decreasing
Chile,"Exports of goods, Volume index",Exports of goods,Free on board (FOB),Units,Not Applicable,115.5172413793103,2020,True,Low,Increasing
Chile,"Exports of goods, Volume index",Exports of goods,Free on board (FOB),Units,Not Applicable,114.2758620689655,2021,True,Low,Decreasing
Chile,"Exports of goods, Volume index",Exports of goods,Free on board (FOB),Units,Not Applicable,112.2298850574713,2022,True,Low,Decreasing
Chile,"Exports of goods, Volume index",Exports of goods,Free on board (FOB),Units,Not Applicable,110.8735632183908,2023,True,Low,Decreasing
Chile,"Exports of goods, Volume index",Exports of goods,Free on board (FOB),Units,Not Applicable,116.7586206896552,2024,True,Low,Increasing
Chile,"Exports of goods, Volume index",Exports of goods,Free on board (FOB),Units,Not Applicable,120.5287356321839,2025,True,Low,Increasing
Chile,"Imports of goods, Price deflator",Imports of goods,Cost insurance freight (CIF),Units,Not Applicable,88.27547720785589,2016,False,Low,No Data
Chile,"Imports of goods, Volume index",Imports of goods,Cost insurance freight (CIF),Units,Not Applicable,117.3172879366011,2016,False,Low,No Data
Chile,"Imports of goods, Volume index",Imports of goods,Cost insurance freight (CIF),Units,Not Applicable,123.1435280305254,2017,False,Low,Increasing
Chile,"Imports of goods, Volume index",Imports of goods,Cost insurance freight (CIF),Units,Not Applicable,133.7687114763722,2018,False,Low,Increasing
Chile,"Imports of goods, Volume index",Imports of goods,Cost insurance freight (CIF),Units,Not Applicable,130.8335779277957,2019,False,Low,Decreasing
Chile,"Imports of goods, Volume index",Imports of goods,Cost insurance freight (CIF),Units,Not Applicable,117.948341649545,2020,False,Low,Decreasing
Chile,"Imports of goods, Volume index",Imports of goods,Cost insurance freight (CIF),Units,Not Applicable,159.7886703845025,2021,False,Low,Increasing
Chile,"Imports of goods, Volume index",Imports of goods,Cost insurance freight (CIF),Units,Not Applicable,155.6501320810097,2022,False,Low,Decreasing
Chile,"Imports of goods, Volume index",Imports of goods,Cost insurance freight (CIF),Units,Not Applicable,136.3076019958908,2023,False,Low,Decreasing
Chile,"Imports of goods, Volume index",Imports of goods,Cost insurance freight (CIF),Units,Not Applicable,140.270032286469,2024,False,Low,Increasing
Chile,"Imports of goods, Volume index",Imports of goods,Cost insurance freight (CIF),Units,Not Applicable,156.8828881714118,2025,False,Low,Increasing
"China, People's Republic of",Export price index (EPI),Exports of goods,Free on board (FOB),Units,Not Applicable,97.52540874944764,2016,True,Low,No Data
"China, People's Republic of",Export price index (EPI),Exports of goods,Free on board (FOB),Units,Not Applicable,99.58020326999558,2017,True,Low,Increasing
"China, People's Republic of",Export price index (EPI),Exports of goods,Free on board (FOB),Units,Not Applicable,104.625128884961,2018,True,Low,Increasing
"China, People's Republic of",Export price index (EPI),Exports of goods,Free on board (FOB),Units,Not Applicable,103.3289144203859,2019,True,Low,Decreasing
"China, People's Republic of",Export price index (EPI),Exports of goods,Free on board (FOB),Units,Not Applicable,105.3984386507586,2020,True,Low,Increasing
"China, People's Republic of",Export price index (EPI),Exports of goods,Free on board (FOB),Units,Not Applicable,116.7992340550892,2021,True,Low,Increasing
"China, People's Republic of",Export price index (EPI),Exports of goods,Free on board (FOB),Units,Not Applicable,125.0405067020179,2022,True,Low,Increasing
"China, People's Republic of",Export price index (EPI),Exports of goods,Free on board (FOB),Units,Not Applicable,116.1879510973634,2023,True,Low,Decreasing
"China, People's Republic of",Export price index (EPI),Exports of goods,Free on board (FOB),Units,Not Applicable,107.6005302695537,2024,True,Low,Decreasing
"China, People's Republic of",Export price index (EPI),Exports of goods,Free on board (FOB),Units,Not Applicable,104.9933716305789,2025,True,Low,Decreasing
"China, People's Republic of","Exports of goods, Volume index",Exports of goods,Free on board (FOB),Units,Not Applicable,134.3554162936437,2016,True,Low,No Data
"China, People's Republic of","Exports of goods, Volume index",Exports of goods,Free on board (FOB),Units,Not Applicable,144.4382273948075,2017,True,Low,Increasing
"China, People's Republic of","Exports of goods, Volume index",Exports of goods,Free on board (FOB),Units,Not Applicable,150.6378692927484,2018,True,Low,Increasing
"China, People's Republic of","Exports of goods, Volume index",Exports of goods,Free on board (FOB),Units,Not Applicable,153.86078782453,2019,True,Low,Increasing
"China, People's Republic of","Exports of goods, Volume index",Exports of goods,Free on board (FOB),Units,Not Applicable,157.7439570277529,2020,True,Low,Increasing
"China, People's Republic of","Exports of goods, Volume index",Exports of goods,Free on board (FOB),Units,Not Applicable,184.6128021486124,2021,True,Medium,Increasing
"China, People's Republic of","Exports of goods, Volume index",Exports of goods,Free on board (FOB),Units,Not Applicable,181.7591763652641,2022,True,Medium,Decreasing
"China, People's Republic of","Exports of goods, Volume index",Exports of goods,Free on board (FOB),Units,Not Applicable,187.8804834377798,2023,True,Medium,Increasing
"China, People's Republic of","Exports of goods, Volume index",Exports of goods,Free on board (FOB),Units,Not Applicable,212.7461951656222,2024,True,Medium,Increasing
"China, People's Republic of","Exports of goods, Volume index",Exports of goods,Free on board (FOB),Units,Not Applicable,232.3522829006267,2025,True,Medium,Increasing
"China, People's Republic of",Import price index,Imports of goods,Cost insurance freight (CIF),Units,Not Applicable,91.7915309446254,2016,False,Low,No Data
"China, People's Republic of",Import price index,Imports of goods,Cost insurance freight (CIF),Units,Not Applicable,93.37676438653638,2017,False,Low,Increasing
"China, People's Republic of",Import price index,Imports of goods,Cost insurance freight (CIF),Units,Not Applicable,99.5656894679696,2018,False,Low,Increasing
"China, People's Republic of",Import price index,Imports of goods,Cost insurance freight (CIF),Units,Not Applicable,96.12015924719503,2019,False,Low,Decreasing
"China, People's Republic of",Import price index,Imports of goods,Cost insurance freight (CIF),Units,Not Applicable,96.39522258414767,2020,False,Low,Increasing
"China, People's Republic of",Import price index,Imports of goods,Cost insurance freight (CIF),Units,Not Applicable,108.0636988780312,2021,False,Low,Increasing
"China, People's Republic of",Import price index,Imports of goods,Cost insurance freight (CIF),Units,Not Applicable,112.3416576185306,2022,False,Low,Increasing
"China, People's Republic of",Import price index,Imports of goods,Cost insurance freight (CIF),Units,Not Applicable,107.2891784292435,2023,False,Low,Decreasing
"China, People's Republic of",Import price index,Imports of goods,Cost insurance freight (CIF),Units,Not Applicable,108.1577994933043,2024,False,Low,Increasing
"China, People's Republic of",Import price index,Imports of goods,Cost insurance freight (CIF),Units,Not Applicable,112.9641693811075,2025,False,Low,Increasing
"China, People's Republic of","Imports of goods, Volume index",Imports of goods,Cost insurance freight (CIF),Units,Not Applicable,131.9831223628692,2016,False,Low,No Data
"China, People's Republic of","Imports of goods, Volume index",Imports of goods,Cost insurance freight (CIF),Units,Not Applicable,143.4358047016275,2017,False,Low,Increasing
"China, People's Republic of","Imports of goods, Volume index",Imports of goods,Cost insurance freight (CIF),Units,Not Applicable,152.7185051235684,2018,False,Low,Increasing
"China, People's Republic of","Imports of goods, Volume index",Imports of goods,Cost insurance freight (CIF),Units,Not Applicable,152.5617842073538,2019,False,Low,Decreasing
"China, People's Republic of","Imports of goods, Volume index",Imports of goods,Cost insurance freight (CIF),Units,Not Applicable,158.9752863170585,2020,False,Low,Increasing
"China, People's Republic of","Imports of goods, Volume index",Imports of goods,Cost insurance freight (CIF),Units,Not Applicable,171.3200723327306,2021,False,Medium,Increasing
"China, People's Republic of","Imports of goods, Volume index",Imports of goods,Cost insurance freight (CIF),Units,Not Applicable,159.7950572634117,2022,False,Low,Decreasing
"China, People's Republic of","Imports of goods, Volume index",Imports of goods,Cost insurance freight (CIF),Units,Not Applicable,164.5569620253165,2023,False,Low,Increasing
"China, People's Republic of","Imports of goods, Volume index",Imports of goods,Cost insurance freight (CIF),Units,Not Applicable,167.209162145871,2024,False,Medium,Increasing
"China, People's Republic of","Imports of goods, Volume index",Imports of goods,Cost insurance freight (CIF),Units,Not Applicable,168.2700421940928,2025,False,Medium,Increasing
Colombia,"Exports of goods, Volume index",Exports of goods,Free on board (FOB),Units,Not Applicable,111.3746840365545,2016,True,Low,No Data
Colombia,"Exports of goods, Volume index",Exports of goods,Free on board (FOB),Units,Not Applicable,114.621816060665,2017,True,Low,Increasing
Colombia,"Exports of goods, Volume index",Exports of goods,Free on board (FOB),Units,Not Applicable,116.663426015944,2018,True,Low,Increasing
Colombia,"Exports of goods, Volume index",Exports of goods,Free on board (FOB),Units,Not Applicable,121.5438460042777,2019,True,Low,Increasing
Colombia,"Exports of goods, Volume index",Exports of goods,Free on board (FOB),Units,Not Applicable,105.0165273186856,2020,True,Low,Decreasing
Colombia,"Exports of goods, Volume index",Exports of goods,Free on board (FOB),Units,Not Applicable,98.26949251409684,2021,True,Low,Decreasing
Colombia,"Exports of goods, Volume index",Exports of goods,Free on board (FOB),Units,Not Applicable,105.3859615010694,2022,True,Low,Increasing
Colombia,"Exports of goods, Volume index",Exports of goods,Free on board (FOB),Units,Not Applicable,111.8607816449543,2023,True,Low,Increasing
Colombia,"Exports of goods, Volume index",Exports of goods,Free on board (FOB),Units,Not Applicable,111.2191328018666,2024,True,Low,Decreasing
Colombia,"Exports of goods, Volume index",Exports of goods,Free on board (FOB),Units,Not Applicable,111.3746840365545,2025,True,Low,Increasing
Colombia,"Imports of goods, Volume index",Imports of goods,Cost insurance freight (CIF),Units,Not Applicable,119.1028088355604,2016,False,Low,No Data
Colombia,"Imports of goods, Volume index",Imports of goods,Cost insurance freight (CIF),Units,Not Applicable,117.7392964275975,2017,False,Low,Decreasing
Colombia,"Imports of goods, Volume index",Imports of goods,Cost insurance freight (CIF),Units,Not Applicable,124.9386419416417,2018,False,Low,Increasing
Colombia,"Imports of goods, Volume index",Imports of goods,Cost insurance freight (CIF),Units,Not Applicable,131.3335151349877,2019,False,Low,Increasing
Colombia,"Imports of goods, Volume index",Imports of goods,Cost insurance freight (CIF),Units,Not Applicable,110.0899918189256,2020,False,Low,Decreasing
Colombia,"Imports of goods, Volume index",Imports of goods,Cost insurance freight (CIF),Units,Not Applicable,137.0739023725116,2021,False,Low,Increasing
Colombia,"Imports of goods, Volume index",Imports of goods,Cost insurance freight (CIF),Units,Not Applicable,157.131169893646,2022,False,Low,Increasing
Colombia,"Imports of goods, Volume index",Imports of goods,Cost insurance freight (CIF),Units,Not Applicable,132.9697300245432,2023,False,Low,Decreasing
Colombia,"Imports of goods, Volume index",Imports of goods,Cost insurance freight (CIF),Units,Not Applicable,139.5418598309245,2024,False,Low,Increasing
Colombia,"Imports of goods, Volume index",Imports of goods,Cost insurance freight (CIF),Units,Not Applicable,152.2634305972184,2025,False,Low,Increasing
Costa Rica,"Exports of goods, Price deflator",Exports of goods,Free on board (FOB),Units,Not Applicable,99.6097848036475,2016,True,Low,No Data
Costa Rica,"Exports of goods, Price deflator",Exports of goods,Free on board (FOB),Units,Not Applicable,100.4551168462808,2017,True,Low,Increasing
Costa Rica,"Exports of goods, Price deflator",Exports of goods,Free on board (FOB),Units,Not Applicable,100.8839095948032,2018,True,Low,Increasing
Costa Rica,"Exports of goods, Price deflator",Exports of goods,Free on board (FOB),Units,Not Applicable,99.87716701660918,2019,True,Low,Decreasing
Costa Rica,"Exports of goods, Price deflator",Exports of goods,Free on board (FOB),Units,Not Applicable,99.97849710675455,2020,True,Low,Increasing
Costa Rica,"Exports of goods, Volume index",Exports of goods,Free on board (FOB),Units,Not Applicable,136.1196069451272,2016,True,Low,No Data
Costa Rica,"Exports of goods, Volume index",Exports of goods,Free on board (FOB),Units,Not Applicable,144.5439424483698,2017,True,Low,Increasing
Costa Rica,"Exports of goods, Volume index",Exports of goods,Free on board (FOB),Units,Not Applicable,152.747514468652,2018,True,Low,Increasing
Costa Rica,"Exports of goods, Volume index",Exports of goods,Free on board (FOB),Units,Not Applicable,156.3767372793904,2019,True,Low,Increasing
Costa Rica,"Exports of goods, Volume index",Exports of goods,Free on board (FOB),Units,Not Applicable,158.8672971518489,2020,True,Low,Increasing
Costa Rica,"Imports of goods, Price deflator",Imports of goods,Cost insurance freight (CIF),Units,Not Applicable,94.7763101286184,2016,False,Low,No Data
Costa Rica,"Imports of goods, Price deflator",Imports of goods,Cost insurance freight (CIF),Units,Not Applicable,98.29887997924818,2017,False,Low,Increasing
Costa Rica,"Imports of goods, Price deflator",Imports of goods,Cost insurance freight (CIF),Units,Not Applicable,102.2886578515649,2018,False,Low,Increasing
Costa Rica,"Imports of goods, Price deflator",Imports of goods,Cost insurance freight (CIF),Units,Not Applicable,100.8125216977026,2019,False,Low,Decreasing
Costa Rica,"Imports of goods, Price deflator",Imports of goods,Cost insurance freight (CIF),Units,Not Applicable,97.64625841048704,2020,False,Low,Decreasing
Costa Rica,"Imports of goods, Volume index",Imports of goods,Cost insurance freight (CIF),Units,Not Applicable,138.9731009997061,2016,False,Low,No Data
Costa Rica,"Imports of goods, Volume index",Imports of goods,Cost insurance freight (CIF),Units,Not Applicable,140.0758671531612,2017,False,Low,Increasing
Costa Rica,"Imports of goods, Volume index",Imports of goods,Cost insurance freight (CIF),Units,Not Applicable,140.1206744455058,2018,False,Low,Increasing
Costa Rica,"Imports of goods, Volume index",Imports of goods,Cost insurance freight (CIF),Units,Not Applicable,137.5729998850045,2019,False,Low,Decreasing
Costa Rica,"Imports of goods, Volume index",Imports of goods,Cost insurance freight (CIF),Units,Not Applicable,128.3269535962285,2020,False,Low,Decreasing
"Croatia, Republic of","Exports of goods, Volume index",Exports of goods,Free on board (FOB),Units,Not Applicable,140.84973330881,2016,True,Low,No Data
"Croatia, Republic of","Exports of goods, Volume index",Exports of goods,Free on board (FOB),Units,Not Applicable,153.3566304947581,2017,True,Low,Increasing
"Croatia, Republic of","Exports of goods, Volume index",Exports of goods,Free on board (FOB),Units,Not Applicable,156.1890748574581,2018,True,Low,Increasing
"Croatia, Republic of","Exports of goods, Volume index",Exports of goods,Free on board (FOB),Units,Not Applicable,159.7756115504874,2019,True,Low,Increasing
"Croatia, Republic of","Exports of goods, Volume index",Exports of goods,Free on board (FOB),Units,Not Applicable,164.0058855986757,2020,True,Low,Increasing
"Croatia, Republic of","Exports of goods, Volume index",Exports of goods,Free on board (FOB),Units,Not Applicable,177.7266875114953,2021,True,Medium,Increasing
"Croatia, Republic of","Exports of goods, Volume index",Exports of goods,Free on board (FOB),Units,Not Applicable,180.7062718410888,2022,True,Medium,Increasing
"Croatia, Republic of","Exports of goods, Volume index",Exports of goods,Free on board (FOB),Units,Not Applicable,190.3623321684753,2023,True,Medium,Increasing
"Croatia, Republic of","Exports of goods, Volume index",Exports of goods,Free on board (FOB),Units,Not Applicable,200.9564097848078,2024,True,Medium,Increasing
"Croatia, Republic of","Exports of goods, Volume index",Exports of goods,Free on board (FOB),Units,Not Applicable,203.1635092882104,2025,True,Medium,Increasing
"Croatia, Republic of","Imports of goods, Volume index",Imports of goods,Cost insurance freight (CIF),Units,Not Applicable,131.0677271631718,2016,False,Low,No Data
"Croatia, Republic of","Imports of goods, Volume index",Imports of goods,Cost insurance freight (CIF),Units,Not Applicable,138.177874186551,2017,False,Low,Increasing
"Croatia, Republic of","Imports of goods, Volume index",Imports of goods,Cost insurance freight (CIF),Units,Not Applicable,145.0711014702338,2018,False,Low,Increasing
"Croatia, Republic of","Imports of goods, Volume index",Imports of goods,Cost insurance freight (CIF),Units,Not Applicable,151.7715112075199,2019,False,Low,Increasing
"Croatia, Republic of","Imports of goods, Volume index",Imports of goods,Cost insurance freight (CIF),Units,Not Applicable,145.7700650759219,2020,False,Low,Decreasing
"Croatia, Republic of","Imports of goods, Volume index",Imports of goods,Cost insurance freight (CIF),Units,Not Applicable,157.8934683056158,2021,False,Low,Increasing
"Croatia, Republic of","Imports of goods, Volume index",Imports of goods,Cost insurance freight (CIF),Units,Not Applicable,172.7163171848638,2022,False,Medium,Increasing
"Croatia, Republic of","Imports of goods, Volume index",Imports of goods,Cost insurance freight (CIF),Units,Not Applicable,176.8136900457942,2023,False,Medium,Increasing
"Croatia, Republic of","Imports of goods, Volume index",Imports of goods,Cost insurance freight (CIF),Units,Not Applicable,193.588816582309,2024,False,Medium,Increasing
"Croatia, Republic of","Imports of goods, Volume index",Imports of goods,Cost insurance freight (CIF),Units,Not Applicable,197.7825982164377,2025,False,Medium,Increasing
Cyprus,"Exports of goods, Volume index",Exports of goods,Free on board (FOB),Units,Not Applicable,345.175879396985,2016,True,Medium,No Data
Cyprus,"Exports of goods, Volume index",Exports of goods,Free on board (FOB),Units,Not Applicable,354.2713567839197,2017,True,Medium,Increasing
Cyprus,"Exports of goods, Volume index",Exports of goods,Free on board (FOB),Units,Not Applicable,488.8693467336685,2018,True,Medium,Increasing
Cyprus,"Exports of goods, Volume index",Exports of goods,Free on board (FOB),Units,Not Applicable,427.6633165829147,2019,True,Medium,Decreasing
Cyprus,"Exports of goods, Volume index",Exports of goods,Free on board (FOB),Units,Not Applicable,418.4422110552765,2020,True,Medium,Decreasing
Cyprus,"Exports of goods, Volume index",Exports of goods,Free on board (FOB),Units,Not Applicable,339.0515075376885,2021,True,Medium,Decreasing
Cyprus,"Exports of goods, Volume index",Exports of goods,Free on board (FOB),Units,Not Applicable,534.8492462311559,2022,True,Medium,Increasing
Cyprus,"Exports of goods, Volume index",Exports of goods,Free on board (FOB),Units,Not Applicable,643.1407035175881,2023,True,Medium,Increasing
Cyprus,"Exports of goods, Volume index",Exports of goods,Free on board (FOB),Units,Not Applicable,784.7738693467339,2024,True,Medium,Increasing
Cyprus,"Exports of goods, Volume index",Exports of goods,Free on board (FOB),Units,Not Applicable,883.8693467336686,2025,True,Medium,Increasing
Cyprus,"Imports of goods, Volume index",Imports of goods,Cost insurance freight (CIF),Units,Not Applicable,129.2836196062003,2016,False,Low,No Data
Cyprus,"Imports of goods, Volume index",Imports of goods,Cost insurance freight (CIF),Units,Not Applicable,138.1441139505656,2017,False,Low,Increasing
Cyprus,"Imports of goods, Volume index",Imports of goods,Cost insurance freight (CIF),Units,Not Applicable,148.7641390867197,2018,False,Low,Increasing
Cyprus,"Imports of goods, Volume index",Imports of goods,Cost insurance freight (CIF),Units,Not Applicable,138.6049434436531,2019,False,Low,Decreasing
Cyprus,"Imports of goods, Volume index",Imports of goods,Cost insurance freight (CIF),Units,Not Applicable,135.0439882697947,2020,False,Low,Decreasing
Cyprus,"Imports of goods, Volume index",Imports of goods,Cost insurance freight (CIF),Units,Not Applicable,464.5452171484431,2021,False,Medium,Increasing
Cyprus,"Imports of goods, Volume index",Imports of goods,Cost insurance freight (CIF),Units,Not Applicable,153.2677000418936,2022,False,Low,Decreasing
Cyprus,"Imports of goods, Volume index",Imports of goods,Cost insurance freight (CIF),Units,Not Applicable,177.5240888144114,2023,False,Medium,Increasing
Cyprus,"Imports of goods, Volume index",Imports of goods,Cost insurance freight (CIF),Units,Not Applicable,172.6015919564307,2024,False,Medium,Decreasing
Cyprus,"Imports of goods, Volume index",Imports of goods,Cost insurance freight (CIF),Units,Not Applicable,187.9555927943025,2025,False,Medium,Increasing
Czech Republic,Export price index (EPI),Exports of goods,Free on board (FOB),Units,Not Applicable,104.4091235632184,2016,True,Low,No Data
Czech Republic,Export price index (EPI),Exports of goods,Free on board (FOB),Units,Not Applicable,104.2834051724138,2017,True,Low,Decreasing
Czech Republic,Export price index (EPI),Exports of goods,Free on board (FOB),Units,Not Applicable,103.9421695402299,2018,True,Low,Decreasing
Czech Republic,Export price index (EPI),Exports of goods,Free on board (FOB),Units,Not Applicable,104.840158045977,2019,True,Low,Increasing
Czech Republic,Export price index (EPI),Exports of goods,Free on board (FOB),Units,Not Applicable,105.9536637931035,2020,True,Low,Increasing
Czech Republic,Export price index (EPI),Exports of goods,Free on board (FOB),Units,Not Applicable,112.0689655172414,2021,True,Low,Increasing
Czech Republic,"Exports of goods, Volume index",Exports of goods,Free on board (FOB),Units,Not Applicable,121.3653814054415,2016,True,Low,No Data
Czech Republic,"Exports of goods, Volume index",Exports of goods,Free on board (FOB),Units,Not Applicable,125.4214655316308,2017,True,Low,Increasing
Czech Republic,"Exports of goods, Volume index",Exports of goods,Free on board (FOB),Units,Not Applicable,126.2393590385578,2018,True,Low,Increasing
Czech Republic,"Exports of goods, Volume index",Exports of goods,Free on board (FOB),Units,Not Applicable,125.7052245034218,2019,True,Low,Decreasing
Czech Republic,"Exports of goods, Volume index",Exports of goods,Free on board (FOB),Units,Not Applicable,63.57870138541145,2020,True,Low,Decreasing
Czech Republic,"Exports of goods, Volume index",Exports of goods,Free on board (FOB),Units,Not Applicable,88.37700995938354,2021,True,Low,Increasing
Czech Republic,"Exports of goods, Volume index",Exports of goods,Free on board (FOB),Units,Not Applicable,128.375897179102,2022,True,Low,Increasing
Czech Republic,"Exports of goods, Volume index",Exports of goods,Free on board (FOB),Units,Not Applicable,124.9040227007177,2023,True,Low,Decreasing
Czech Republic,"Exports of goods, Volume index",Exports of goods,Free on board (FOB),Units,Not Applicable,124.6369554331497,2024,True,Low,Decreasing
Czech Republic,"Exports of goods, Volume index",Exports of goods,Free on board (FOB),Units,Not Applicable,126.2894341512268,2025,True,Low,Increasing
Czech Republic,Import price index,Imports of goods,Cost insurance freight (CIF),Units,Not Applicable,103.9743473940927,2016,False,Low,No Data
Czech Republic,Import price index,Imports of goods,Cost insurance freight (CIF),Units,Not Applicable,104.9318038117605,2017,False,Low,Increasing
Czech Republic,Import price index,Imports of goods,Cost insurance freight (CIF),Units,Not Applicable,104.2272604100804,2018,False,Low,Decreasing
Czech Republic,Import price index,Imports of goods,Cost insurance freight (CIF),Units,Not Applicable,110.3513684400687,2019,False,Low,Increasing
Czech Republic,Import price index,Imports of goods,Cost insurance freight (CIF),Units,Not Applicable,103.4143257158342,2020,False,Low,Decreasing
Czech Republic,Import price index,Imports of goods,Cost insurance freight (CIF),Units,Not Applicable,109.7552163309549,2021,False,Low,Increasing
Czech Republic,"Imports of goods, Volume index",Imports of goods,Cost insurance freight (CIF),Units,Not Applicable,107.1081182192293,2016,False,Low,No Data
Czech Republic,"Imports of goods, Volume index",Imports of goods,Cost insurance freight (CIF),Units,Not Applicable,112.1399176954733,2017,False,Low,Increasing
Czech Republic,"Imports of goods, Volume index",Imports of goods,Cost insurance freight (CIF),Units,Not Applicable,116.1054994388328,2018,False,Low,Increasing
Czech Republic,"Imports of goods, Volume index",Imports of goods,Cost insurance freight (CIF),Units,Not Applicable,114.0104751215862,2019,False,Low,Decreasing
Czech Republic,"Imports of goods, Volume index",Imports of goods,Cost insurance freight (CIF),Units,Not Applicable,72.59633370744481,2020,False,Low,Decreasing
Czech Republic,"Imports of goods, Volume index",Imports of goods,Cost insurance freight (CIF),Units,Not Applicable,94.44444444444444,2021,False,Low,Increasing
Czech Republic,"Imports of goods, Volume index",Imports of goods,Cost insurance freight (CIF),Units,Not Applicable,120.1833146277591,2022,False,Low,Increasing
Czech Republic,"Imports of goods, Volume index",Imports of goods,Cost insurance freight (CIF),Units,Not Applicable,113.7111859334082,2023,False,Low,Decreasing
Czech Republic,"Imports of goods, Volume index",Imports of goods,Cost insurance freight (CIF),Units,Not Applicable,113.393191170969,2024,False,Low,Decreasing
Czech Republic,"Imports of goods, Volume index",Imports of goods,Cost insurance freight (CIF),Units,Not Applicable,117.583239805462,2025,False,Low,Increasing
Denmark,"Exports of goods, Price deflator",Exports of goods,Free on board (FOB),Units,Not Applicable,102.7617043661231,2016,True,Low,No Data
Denmark,"Exports of goods, Price deflator",Exports of goods,Free on board (FOB),Units,Not Applicable,103.3228125547958,2017,True,Low,Increasing
Denmark,"Exports of goods, Price deflator",Exports of goods,Free on board (FOB),Units,Not Applicable,104.383657724005,2018,True,Low,Increasing
Denmark,"Exports of goods, Price deflator",Exports of goods,Free on board (FOB),Units,Not Applicable,108.0220936349291,2019,True,Low,Increasing
Denmark,"Exports of goods, Volume index",Exports of goods,Free on board (FOB),Units,Not Applicable,101.9641125121241,2016,True,Low,No Data
Denmark,"Exports of goods, Volume index",Exports of goods,Free on board (FOB),Units,Not Applicable,104.2192046556741,2017,True,Low,Increasing
Denmark,"Exports of goods, Volume index",Exports of goods,Free on board (FOB),Units,Not Applicable,105.1163918525703,2018,True,Low,Increasing
Denmark,"Exports of goods, Volume index",Exports of goods,Free on board (FOB),Units,Not Applicable,104.0737148399612,2019,True,Low,Decreasing
Denmark,"Exports of goods, Volume index",Exports of goods,Free on board (FOB),Units,Not Applicable,99.7090203685742,2020,True,Low,Decreasing
Denmark,"Exports of goods, Volume index",Exports of goods,Free on board (FOB),Units,Not Applicable,105.4316197866149,2021,True,Low,Increasing
Denmark,"Exports of goods, Volume index",Exports of goods,Free on board (FOB),Units,Not Applicable,105.0678952473327,2022,True,Low,Decreasing
Denmark,"Exports of goods, Volume index",Exports of goods,Free on board (FOB),Units,Not Applicable,105.0436469447139,2023,True,Low,Decreasing
Denmark,"Exports of goods, Volume index",Exports of goods,Free on board (FOB),Units,Not Applicable,109.4325897187197,2024,True,Low,Increasing
Denmark,"Exports of goods, Volume index",Exports of goods,Free on board (FOB),Units,Not Applicable,111.8089233753637,2025,True,Low,Increasing
Denmark,Import price index,Imports of goods,Cost insurance freight (CIF),Units,Not Applicable,104.1395568128242,2016,False,Low,No Data
Denmark,Import price index,Imports of goods,Cost insurance freight (CIF),Units,Not Applicable,105.6859971711457,2017,False,Low,Increasing
Denmark,Import price index,Imports of goods,Cost insurance freight (CIF),Units,Not Applicable,107.5907590759077,2018,False,Low,Increasing
Denmark,Import price index,Imports of goods,Cost insurance freight (CIF),Units,Not Applicable,107.7982083922678,2019,False,Low,Increasing
Denmark,Import price index,Imports of goods,Cost insurance freight (CIF),Units,Not Applicable,105.0825082508251,2020,False,Low,Decreasing
Denmark,Import price index,Imports of goods,Cost insurance freight (CIF),Units,Not Applicable,113.1447430457332,2021,False,Low,Increasing
Denmark,Import price index,Imports of goods,Cost insurance freight (CIF),Units,Not Applicable,134.1819896275342,2022,False,Low,Increasing
Denmark,Import price index,Imports of goods,Cost insurance freight (CIF),Units,Not Applicable,134.964639321075,2023,False,Low,Increasing
Denmark,Import price index,Imports of goods,Cost insurance freight (CIF),Units,Not Applicable,134.1254125412543,2024,False,Low,Decreasing
Denmark,Import price index,Imports of goods,Cost insurance freight (CIF),Units,Not Applicable,132.7675624705329,2025,False,Low,Decreasing
Denmark,"Imports of goods, Price deflator",Imports of goods,Cost insurance freight (CIF),Units,Not Applicable,100.8610017286336,2016,False,Low,No Data
Denmark,"Imports of goods, Price deflator",Imports of goods,Cost insurance freight (CIF),Units,Not Applicable,104.895793413612,2017,False,Low,Increasing
Denmark,"Imports of goods, Price deflator",Imports of goods,Cost insurance freight (CIF),Units,Not Applicable,107.4977505786527,2018,False,Low,Increasing
Denmark,"Imports of goods, Price deflator",Imports of goods,Cost insurance freight (CIF),Units,Not Applicable,108.85147153614,2019,False,Low,Increasing
Denmark,"Imports of goods, Volume index",Imports of goods,Cost insurance freight (CIF),Units,Not Applicable,104.1289023162134,2016,False,Low,No Data
Denmark,"Imports of goods, Volume index",Imports of goods,Cost insurance freight (CIF),Units,Not Applicable,106.4199395770392,2017,False,Low,Increasing
Denmark,"Imports of goods, Volume index",Imports of goods,Cost insurance freight (CIF),Units,Not Applicable,109.441087613293,2018,False,Low,Increasing
Denmark,"Imports of goods, Volume index",Imports of goods,Cost insurance freight (CIF),Units,Not Applicable,107.5528700906344,2019,False,Low,Decreasing
Denmark,"Imports of goods, Volume index",Imports of goods,Cost insurance freight (CIF),Units,Not Applicable,104.103726082578,2020,False,Low,Decreasing
Denmark,"Imports of goods, Volume index",Imports of goods,Cost insurance freight (CIF),Units,Not Applicable,112.4622356495468,2021,False,Low,Increasing
Denmark,"Imports of goods, Volume index",Imports of goods,Cost insurance freight (CIF),Units,Not Applicable,110.9768378650553,2022,False,Low,Decreasing
Denmark,"Imports of goods, Volume index",Imports of goods,Cost insurance freight (CIF),Units,Not Applicable,101.8882175226586,2023,False,Low,Decreasing
Denmark,"Imports of goods, Volume index",Imports of goods,Cost insurance freight (CIF),Units,Not Applicable,102.3665659617321,2024,False,Low,Increasing
Denmark,"Imports of goods, Volume index",Imports of goods,Cost insurance freight (CIF),Units,Not Applicable,105.9667673716012,2025,False,Low,Increasing
Dominican Republic,"Exports of goods, Volume index",Exports of goods,Free on board (FOB),Units,Not Applicable,145.2431289640592,2016,True,Low,No Data
Dominican Republic,"Exports of goods, Volume index",Exports of goods,Free on board (FOB),Units,Not Applicable,148.916490486258,2017,True,Low,Increasing
Dominican Republic,"Exports of goods, Volume index",Exports of goods,Free on board (FOB),Units,Not Applicable,152.5634249471459,2018,True,Low,Increasing
Dominican Republic,"Exports of goods, Volume index",Exports of goods,Free on board (FOB),Units,Not Applicable,160.7822410147992,2019,True,Low,Increasing
Dominican Republic,"Exports of goods, Volume index",Exports of goods,Free on board (FOB),Units,Not Applicable,138.3985200845666,2020,True,Low,Decreasing
Dominican Republic,"Exports of goods, Volume index",Exports of goods,Free on board (FOB),Units,Not Applicable,159.0644820295984,2021,True,Low,Increasing
Dominican Republic,"Exports of goods, Volume index",Exports of goods,Free on board (FOB),Units,Not Applicable,167.0190274841438,2022,True,Medium,Increasing
Dominican Republic,"Exports of goods, Volume index",Exports of goods,Free on board (FOB),Units,Not Applicable,152.9862579281184,2023,True,Low,Decreasing
Dominican Republic,"Exports of goods, Volume index",Exports of goods,Free on board (FOB),Units,Not Applicable,154.0961945031713,2024,True,Low,Increasing
Dominican Republic,"Exports of goods, Volume index",Exports of goods,Free on board (FOB),Units,Not Applicable,163.84778012685,2025,True,Low,Increasing
Dominican Republic,"Imports of goods, Volume index",Imports of goods,Cost insurance freight (CIF),Units,Not Applicable,119.5130947989672,2016,False,Low,No Data
Dominican Republic,"Imports of goods, Volume index",Imports of goods,Cost insurance freight (CIF),Units,Not Applicable,116.72814459609,2017,False,Low,Decreasing
Dominican Republic,"Imports of goods, Volume index",Imports of goods,Cost insurance freight (CIF),Units,Not Applicable,125.7838436001476,2018,False,Low,Increasing
Dominican Republic,"Imports of goods, Volume index",Imports of goods,Cost insurance freight (CIF),Units,Not Applicable,130.0811508668388,2019,False,Low,Increasing
Dominican Republic,"Imports of goods, Volume index",Imports of goods,Cost insurance freight (CIF),Units,Not Applicable,113.2792327554408,2020,False,Low,Decreasing
Dominican Republic,"Imports of goods, Volume index",Imports of goods,Cost insurance freight (CIF),Units,Not Applicable,136.7945407598672,2021,False,Low,Increasing
Dominican Republic,"Imports of goods, Volume index",Imports of goods,Cost insurance freight (CIF),Units,Not Applicable,149.07783105865,2022,False,Low,Increasing
Dominican Republic,"Imports of goods, Volume index",Imports of goods,Cost insurance freight (CIF),Units,Not Applicable,148.5983032091479,2023,False,Low,Decreasing
Dominican Republic,"Imports of goods, Volume index",Imports of goods,Cost insurance freight (CIF),Units,Not Applicable,156.0494282552564,2024,False,Low,Increasing
Dominican Republic,"Imports of goods, Volume index",Imports of goods,Cost insurance freight (CIF),Units,Not Applicable,153.5964588712652,2025,False,Low,Decreasing
Ecuador,"Exports of goods, Volume index",Exports of goods,Free on board (FOB),Units,Not Applicable,122.7974947807933,2016,True,Low,No Data
Ecuador,"Exports of goods, Volume index",Exports of goods,Free on board (FOB),Units,Not Applicable,130.8559498956159,2017,True,Low,Increasing
Ecuador,"Exports of goods, Volume index",Exports of goods,Free on board (FOB),Units,Not Applicable,134.0083507306889,2018,True,Low,Increasing
Ecuador,"Exports of goods, Volume index",Exports of goods,Free on board (FOB),Units,Not Applicable,149.3736951983299,2019,True,Low,Increasing
Ecuador,"Exports of goods, Volume index",Exports of goods,Free on board (FOB),Units,Not Applicable,151.8580375782881,2020,True,Low,Increasing
Ecuador,"Exports of goods, Volume index",Exports of goods,Free on board (FOB),Units,Not Applicable,161.6492693110647,2021,True,Low,Increasing
Ecuador,"Exports of goods, Volume index",Exports of goods,Free on board (FOB),Units,Not Applicable,169.1440501043841,2022,True,Medium,Increasing
Ecuador,"Exports of goods, Volume index",Exports of goods,Free on board (FOB),Units,Not Applicable,166.4300626304802,2023,True,Medium,Decreasing
Ecuador,"Exports of goods, Volume index",Exports of goods,Free on board (FOB),Units,Not Applicable,170.9185803757829,2024,True,Medium,Increasing
Ecuador,"Exports of goods, Volume index",Exports of goods,Free on board (FOB),Units,Not Applicable,193.3820459290188,2025,True,Medium,Increasing
Ecuador,"Imports of goods, Volume index",Imports of goods,Cost insurance freight (CIF),Units,Not Applicable,90.1625441696113,2016,False,Low,No Data
Ecuador,"Imports of goods, Volume index",Imports of goods,Cost insurance freight (CIF),Units,Not Applicable,104.2968197879859,2017,False,Low,Increasing
Ecuador,"Imports of goods, Volume index",Imports of goods,Cost insurance freight (CIF),Units,Not Applicable,113.7102473498233,2018,False,Low,Increasing
Ecuador,"Imports of goods, Volume index",Imports of goods,Cost insurance freight (CIF),Units,Not Applicable,114.0070671378092,2019,False,Low,Increasing
Ecuador,"Imports of goods, Volume index",Imports of goods,Cost insurance freight (CIF),Units,Not Applicable,94.60070671378092,2020,False,Low,Decreasing
Ecuador,"Imports of goods, Volume index",Imports of goods,Cost insurance freight (CIF),Units,Not Applicable,116.2402826855124,2021,False,Low,Increasing
Ecuador,"Imports of goods, Volume index",Imports of goods,Cost insurance freight (CIF),Units,Not Applicable,127.6749116607774,2022,False,Low,Increasing
Ecuador,"Imports of goods, Volume index",Imports of goods,Cost insurance freight (CIF),Units,Not Applicable,126.8409893992933,2023,False,Low,Decreasing
Ecuador,"Imports of goods, Volume index",Imports of goods,Cost insurance freight (CIF),Units,Not Applicable,125.0600706713781,2024,False,Low,Decreasing
Ecuador,"Imports of goods, Volume index",Imports of goods,Cost insurance freight (CIF),Units,Not Applicable,138.416961130742,2025,False,Low,Increasing
"Egypt, Arab Republic of","Exports of goods, Volume index",Exports of goods,Free on board (FOB),Units,Not Applicable,107.2676837725381,2016,True,Low,No Data
"Egypt, Arab Republic of","Exports of goods, Volume index",Exports of goods,Free on board (FOB),Units,Not Applicable,99.98613037447988,2017,True,Low,Decreasing
"Egypt, Arab Republic of","Exports of goods, Volume index",Exports of goods,Free on board (FOB),Units,Not Applicable,100.4022191400832,2018,True,Low,Increasing
"Egypt, Arab Republic of","Exports of goods, Volume index",Exports of goods,Free on board (FOB),Units,Not Applicable,110.2773925104022,2019,True,Low,Increasing
"Egypt, Arab Republic of","Exports of goods, Volume index",Exports of goods,Free on board (FOB),Units,Not Applicable,107.2676837725381,2020,True,Low,Decreasing
"Egypt, Arab Republic of","Exports of goods, Volume index",Exports of goods,Free on board (FOB),Units,Not Applicable,130.1803051317614,2021,True,Low,Increasing
"Egypt, Arab Republic of","Exports of goods, Volume index",Exports of goods,Free on board (FOB),Units,Not Applicable,131.2621359223301,2022,True,Low,Increasing
"Egypt, Arab Republic of","Exports of goods, Volume index",Exports of goods,Free on board (FOB),Units,Not Applicable,125.7004160887656,2023,True,Low,Decreasing
"Egypt, Arab Republic of","Exports of goods, Volume index",Exports of goods,Free on board (FOB),Units,Not Applicable,127.5173370319001,2024,True,Low,Increasing
"Egypt, Arab Republic of","Exports of goods, Volume index",Exports of goods,Free on board (FOB),Units,Not Applicable,151.3453536754508,2025,True,Low,Increasing
"Egypt, Arab Republic of","Imports of goods, Volume index",Imports of goods,Cost insurance freight (CIF),Units,Not Applicable,115.0568612585292,2016,False,Low,No Data
"Egypt, Arab Republic of","Imports of goods, Volume index",Imports of goods,Cost insurance freight (CIF),Units,Not Applicable,121.0462471569371,2017,False,Low,Increasing
"Egypt, Arab Republic of","Imports of goods, Volume index",Imports of goods,Cost insurance freight (CIF),Units,Not Applicable,134.2683851402578,2018,False,Low,Increasing
"Egypt, Arab Republic of","Imports of goods, Volume index",Imports of goods,Cost insurance freight (CIF),Units,Not Applicable,137.2100075815011,2019,False,Low,Increasing
"Egypt, Arab Republic of","Imports of goods, Volume index",Imports of goods,Cost insurance freight (CIF),Units,Not Applicable,118.5443517816528,2020,False,Low,Decreasing
"Egypt, Arab Republic of","Imports of goods, Volume index",Imports of goods,Cost insurance freight (CIF),Units,Not Applicable,123.6087945413192,2021,False,Low,Increasing
"Egypt, Arab Republic of","Imports of goods, Volume index",Imports of goods,Cost insurance freight (CIF),Units,Not Applicable,141.8498862774829,2022,False,Low,Increasing
"Egypt, Arab Republic of","Imports of goods, Volume index",Imports of goods,Cost insurance freight (CIF),Units,Not Applicable,132.1455648218347,2023,False,Low,Decreasing
"Egypt, Arab Republic of","Imports of goods, Volume index",Imports of goods,Cost insurance freight (CIF),Units,Not Applicable,140.9552691432904,2024,False,Low,Increasing
"Egypt, Arab Republic of","Imports of goods, Volume index",Imports of goods,Cost insurance freight (CIF),Units,Not Applicable,158.4685367702805,2025,False,Low,Increasing
El Salvador,Export price index (EPI),Exports of goods,Free on board (FOB),Units,Not Applicable,104.5127121863745,2016,True,Low,No Data
El Salvador,Export price index (EPI),Exports of goods,Free on board (FOB),Units,Not Applicable,104.344026868076,2017,True,Low,Decreasing
El Salvador,"Exports of goods, Volume index",Exports of goods,Free on board (FOB),Units,Not Applicable,114.168546237441,2016,True,Low,No Data
El Salvador,"Exports of goods, Volume index",Exports of goods,Free on board (FOB),Units,Not Applicable,119.9917982366209,2017,True,Low,Increasing
El Salvador,"Exports of goods, Volume index",Exports of goods,Free on board (FOB),Units,Not Applicable,121.5501332786549,2018,True,Low,Increasing
El Salvador,"Exports of goods, Volume index",Exports of goods,Free on board (FOB),Units,Not Applicable,121.980725856059,2019,True,Low,Increasing
El Salvador,"Exports of goods, Volume index",Exports of goods,Free on board (FOB),Units,Not Applicable,96.39122411318432,2020,True,Low,Decreasing
El Salvador,"Exports of goods, Volume index",Exports of goods,Free on board (FOB),Units,Not Applicable,118.7000205044084,2021,True,Low,Increasing
El Salvador,"Exports of goods, Volume index",Exports of goods,Free on board (FOB),Units,Not Applicable,122.1857699405372,2022,True,Low,Increasing
El Salvador,"Exports of goods, Volume index",Exports of goods,Free on board (FOB),Units,Not Applicable,110.0881689563256,2023,True,Low,Decreasing
El Salvador,"Exports of goods, Volume index",Exports of goods,Free on board (FOB),Units,Not Applicable,108.6733647734263,2024,True,Low,Decreasing
El Salvador,"Exports of goods, Volume index",Exports of goods,Free on board (FOB),Units,Not Applicable,108.4068074636047,2025,True,Low,Decreasing
El Salvador,Import price index,Imports of goods,Cost insurance freight (CIF),Units,Not Applicable,96.27968832585977,2016,False,Low,No Data
El Salvador,Import price index,Imports of goods,Cost insurance freight (CIF),Units,Not Applicable,98.22623086847052,2017,False,Low,Increasing
El Salvador,"Imports of goods, Volume index",Imports of goods,Cost insurance freight (CIF),Units,Not Applicable,124.5463006049325,2016,False,Low,No Data
El Salvador,"Imports of goods, Volume index",Imports of goods,Cost insurance freight (CIF),Units,Not Applicable,127.6872964169381,2017,False,Low,Increasing
El Salvador,"Imports of goods, Volume index",Imports of goods,Cost insurance freight (CIF),Units,Not Applicable,131.9218241042345,2018,False,Low,Increasing
El Salvador,"Imports of goods, Volume index",Imports of goods,Cost insurance freight (CIF),Units,Not Applicable,136.6682177757096,2019,False,Low,Increasing
El Salvador,"Imports of goods, Volume index",Imports of goods,Cost insurance freight (CIF),Units,Not Applicable,118.4039087947883,2020,False,Low,Decreasing
El Salvador,"Imports of goods, Volume index",Imports of goods,Cost insurance freight (CIF),Units,Not Applicable,151.5123313168916,2021,False,Low,Increasing
El Salvador,"Imports of goods, Volume index",Imports of goods,Cost insurance freight (CIF),Units,Not Applicable,155.2582596556538,2022,False,Low,Increasing
El Salvador,"Imports of goods, Volume index",Imports of goods,Cost insurance freight (CIF),Units,Not Applicable,149.5114006514658,2023,False,Low,Decreasing
El Salvador,"Imports of goods, Volume index",Imports of goods,Cost insurance freight (CIF),Units,Not Applicable,154.4671940437413,2024,False,Low,Increasing
El Salvador,"Imports of goods, Volume index",Imports of goods,Cost insurance freight (CIF),Units,Not Applicable,171.9404374127501,2025,False,Medium,Increasing
"Equatorial Guinea, Republic of","Exports of goods, Volume index",Exports of goods,Free on board (FOB),Units,Not Applicable,128.1789638932496,2016,True,Low,No Data
"Equatorial Guinea, Republic of","Exports of goods, Volume index",Exports of goods,Free on board (FOB),Units,Not Applicable,128.394819466248,2017,True,Low,Increasing
"Equatorial Guinea, Republic of","Exports of goods, Volume index",Exports of goods,Free on board (FOB),Units,Not Applicable,134.9882260596546,2018,True,Low,Increasing
"Equatorial Guinea, Republic of","Exports of goods, Volume index",Exports of goods,Free on board (FOB),Units,Not Applicable,135.596546310832,2019,True,Low,Increasing
"Equatorial Guinea, Republic of","Exports of goods, Volume index",Exports of goods,Free on board (FOB),Units,Not Applicable,130.0627943485086,2020,True,Low,Decreasing
"Equatorial Guinea, Republic of","Imports of goods, Volume index",Imports of goods,Cost insurance freight (CIF),Units,Not Applicable,114.7402721870807,2016,False,Low,No Data
"Equatorial Guinea, Republic of","Imports of goods, Volume index",Imports of goods,Cost insurance freight (CIF),Units,Not Applicable,129.7680659382787,2017,False,Low,Increasing
"Equatorial Guinea, Republic of","Imports of goods, Volume index",Imports of goods,Cost insurance freight (CIF),Units,Not Applicable,128.3112900134177,2018,False,Low,Decreasing
"Equatorial Guinea, Republic of","Imports of goods, Volume index",Imports of goods,Cost insurance freight (CIF),Units,Not Applicable,126.5094882116159,2019,False,Low,Decreasing
"Equatorial Guinea, Republic of","Imports of goods, Volume index",Imports of goods,Cost insurance freight (CIF),Units,Not Applicable,125.493578685068,2020,False,Low,Decreasing
"Estonia, Republic of",Export price index (EPI),Exports of goods,Free on board (FOB),Units,Not Applicable,102.9191666666666,2016,True,Low,No Data
"Estonia, Republic of",Export price index (EPI),Exports of goods,Free on board (FOB),Units,Not Applicable,108.565,2017,True,Low,Increasing
"Estonia, Republic of",Export price index (EPI),Exports of goods,Free on board (FOB),Units,Not Applicable,110.6683333333333,2018,True,Low,Increasing
"Estonia, Republic of",Export price index (EPI),Exports of goods,Free on board (FOB),Units,Not Applicable,110.1533333333334,2019,True,Low,Decreasing
"Estonia, Republic of",Export price index (EPI),Exports of goods,Free on board (FOB),Units,Not Applicable,104.5466666666667,2020,True,Low,Decreasing
"Estonia, Republic of",Export price index (EPI),Exports of goods,Free on board (FOB),Units,Not Applicable,117.3,2021,True,Low,Increasing
"Estonia, Republic of","Exports of goods, Volume index",Exports of goods,Free on board (FOB),Units,Not Applicable,121.2720573977118,2016,True,Low,No Data
"Estonia, Republic of","Exports of goods, Volume index",Exports of goods,Free on board (FOB),Units,Not Applicable,125.964708163661,2017,True,Low,Increasing
"Estonia, Republic of","Exports of goods, Volume index",Exports of goods,Free on board (FOB),Units,Not Applicable,134.5937560597246,2018,True,Low,Increasing
"Estonia, Republic of","Exports of goods, Volume index",Exports of goods,Free on board (FOB),Units,Not Applicable,133.2945510955982,2019,True,Low,Decreasing
"Estonia, Republic of","Exports of goods, Volume index",Exports of goods,Free on board (FOB),Units,Not Applicable,133.1200310257902,2020,True,Low,Decreasing
"Estonia, Republic of","Exports of goods, Volume index",Exports of goods,Free on board (FOB),Units,Not Applicable,148.3226682179562,2021,True,Low,Increasing
"Estonia, Republic of","Exports of goods, Volume index",Exports of goods,Free on board (FOB),Units,Not Applicable,144.3087066123715,2022,True,Low,Decreasing
"Estonia, Republic of","Exports of goods, Volume index",Exports of goods,Free on board (FOB),Units,Not Applicable,125.7126236183828,2023,True,Low,Decreasing
"Estonia, Republic of","Exports of goods, Volume index",Exports of goods,Free on board (FOB),Units,Not Applicable,120.0116346713205,2024,True,Low,Decreasing
"Estonia, Republic of","Exports of goods, Volume index",Exports of goods,Free on board (FOB),Units,Not Applicable,125.964708163661,2025,True,Low,Increasing
"Estonia, Republic of",Import price index,Imports of goods,Cost insurance freight (CIF),Units,Not Applicable,104.4421683130332,2016,False,Low,No Data
"Estonia, Republic of",Import price index,Imports of goods,Cost insurance freight (CIF),Units,Not Applicable,108.963560907372,2017,False,Low,Increasing
"Estonia, Republic of",Import price index,Imports of goods,Cost insurance freight (CIF),Units,Not Applicable,112.4546361627353,2018,False,Low,Increasing
"Estonia, Republic of",Import price index,Imports of goods,Cost insurance freight (CIF),Units,Not Applicable,112.7947409154069,2019,False,Low,Increasing
"Estonia, Republic of",Import price index,Imports of goods,Cost insurance freight (CIF),Units,Not Applicable,106.8929231484602,2020,False,Low,Decreasing
"Estonia, Republic of",Import price index,Imports of goods,Cost insurance freight (CIF),Units,Not Applicable,120.0169653691957,2021,False,Low,Increasing
"Estonia, Republic of",Import price index,Imports of goods,Cost insurance freight (CIF),Units,Not Applicable,149.8961681994831,2022,False,Low,Increasing
"Estonia, Republic of",Import price index,Imports of goods,Cost insurance freight (CIF),Units,Not Applicable,149.6060788516163,2023,False,Low,Decreasing
"Estonia, Republic of",Import price index,Imports of goods,Cost insurance freight (CIF),Units,Not Applicable,149.0259001558825,2024,False,Low,Decreasing
"Estonia, Republic of",Import price index,Imports of goods,Cost insurance freight (CIF),Units,Not Applicable,149.8661589566003,2025,False,Low,Increasing
"Estonia, Republic of","Imports of goods, Volume index",Imports of goods,Cost insurance freight (CIF),Units,Not Applicable,125.75723580884,2016,False,Low,No Data
"Estonia, Republic of","Imports of goods, Volume index",Imports of goods,Cost insurance freight (CIF),Units,Not Applicable,130.2669957370429,2017,False,Low,Increasing
"Estonia, Republic of","Imports of goods, Volume index",Imports of goods,Cost insurance freight (CIF),Units,Not Applicable,137.0428539376262,2018,False,Low,Increasing
"Estonia, Republic of","Imports of goods, Volume index",Imports of goods,Cost insurance freight (CIF),Units,Not Applicable,133.5876149876599,2019,False,Low,Decreasing
"Estonia, Republic of","Imports of goods, Volume index",Imports of goods,Cost insurance freight (CIF),Units,Not Applicable,130.379178819834,2020,False,Low,Decreasing
"Estonia, Republic of","Imports of goods, Volume index",Imports of goods,Cost insurance freight (CIF),Units,Not Applicable,146.1969934933812,2021,False,Low,Increasing
"Estonia, Republic of","Imports of goods, Volume index",Imports of goods,Cost insurance freight (CIF),Units,Not Applicable,146.0175005609154,2022,False,Low,Decreasing
"Estonia, Republic of","Imports of goods, Volume index",Imports of goods,Cost insurance freight (CIF),Units,Not Applicable,128.1579537805699,2023,False,Low,Decreasing
"Estonia, Republic of","Imports of goods, Volume index",Imports of goods,Cost insurance freight (CIF),Units,Not Applicable,125.2187570114427,2024,False,Low,Decreasing
"Estonia, Republic of","Imports of goods, Volume index",Imports of goods,Cost insurance freight (CIF),Units,Not Applicable,134.9338119811532,2025,False,Low,Increasing
Finland,Export price index (EPI),Exports of goods,Free on board (FOB),Units,Not Applicable,98.19166666666663,2016,True,Low,No Data
Finland,Export price index (EPI),Exports of goods,Free on board (FOB),Units,Not Applicable,102.8,2017,True,Low,Increasing
Finland,"Exports of goods, Volume index",Exports of goods,Free on board (FOB),Units,Not Applicable,96.73882485240372,2016,True,Low,No Data
Finland,"Exports of goods, Volume index",Exports of goods,Free on board (FOB),Units,Not Applicable,104.3857183019398,2017,True,Low,Increasing
Finland,"Exports of goods, Volume index",Exports of goods,Free on board (FOB),Units,Not Applicable,106.2131009277481,2018,True,Low,Increasing
Finland,"Exports of goods, Volume index",Exports of goods,Free on board (FOB),Units,Not Applicable,108.5184143941524,2019,True,Low,Increasing
Finland,"Exports of goods, Volume index",Exports of goods,Free on board (FOB),Units,Not Applicable,101.0402024177678,2020,True,Low,Decreasing
Finland,"Exports of goods, Volume index",Exports of goods,Free on board (FOB),Units,Not Applicable,104.9761034579702,2021,True,Low,Increasing
Finland,"Exports of goods, Volume index",Exports of goods,Free on board (FOB),Units,Not Applicable,102.5583356761316,2022,True,Low,Decreasing
Finland,"Exports of goods, Volume index",Exports of goods,Free on board (FOB),Units,Not Applicable,98.73488895136352,2023,True,Low,Decreasing
Finland,"Exports of goods, Volume index",Exports of goods,Free on board (FOB),Units,Not Applicable,94.68653359572674,2024,True,Low,Decreasing
Finland,"Exports of goods, Volume index",Exports of goods,Free on board (FOB),Units,Not Applicable,96.48580264267642,2025,True,Low,Increasing
Finland,Import price index,Imports of goods,Cost insurance freight (CIF),Units,Not Applicable,96.53164767528908,2016,False,Low,No Data
Finland,Import price index,Imports of goods,Cost insurance freight (CIF),Units,Not Applicable,100.9814522165849,2017,False,Low,Increasing
Finland,Import price index,Imports of goods,Cost insurance freight (CIF),Units,Not Applicable,105.4811611078766,2018,False,Low,Increasing
Finland,Import price index,Imports of goods,Cost insurance freight (CIF),Units,Not Applicable,105.2150045745654,2019,False,Low,Decreasing
Finland,Import price index,Imports of goods,Cost insurance freight (CIF),Units,Not Applicable,98.51950428345674,2020,False,Low,Decreasing
Finland,Import price index,Imports of goods,Cost insurance freight (CIF),Units,Not Applicable,111.8273309490145,2021,False,Low,Increasing
Finland,"Imports of goods, Volume index",Imports of goods,Cost insurance freight (CIF),Units,Not Applicable,103.3315705975674,2016,False,Low,No Data
Finland,"Imports of goods, Volume index",Imports of goods,Cost insurance freight (CIF),Units,Not Applicable,108.3024854574299,2017,False,Low,Increasing
Finland,"Imports of goods, Volume index",Imports of goods,Cost insurance freight (CIF),Units,Not Applicable,108.4082496033844,2018,False,Low,Increasing
Finland,"Imports of goods, Volume index",Imports of goods,Cost insurance freight (CIF),Units,Not Applicable,106.9275515600211,2019,False,Low,Decreasing
Finland,"Imports of goods, Volume index",Imports of goods,Cost insurance freight (CIF),Units,Not Applicable,101.9037546271814,2020,False,Low,Decreasing
Finland,"Imports of goods, Volume index",Imports of goods,Cost insurance freight (CIF),Units,Not Applicable,106.1078794288736,2021,False,Low,Increasing
Finland,"Imports of goods, Volume index",Imports of goods,Cost insurance freight (CIF),Units,Not Applicable,113.088313061872,2022,False,Low,Increasing
Finland,"Imports of goods, Volume index",Imports of goods,Cost insurance freight (CIF),Units,Not Applicable,96.50978318350079,2023,False,Low,Decreasing
Finland,"Imports of goods, Volume index",Imports of goods,Cost insurance freight (CIF),Units,Not Applicable,94.2622950819672,2024,False,Low,Decreasing
Finland,"Imports of goods, Volume index",Imports of goods,Cost insurance freight (CIF),Units,Not Applicable,92.38498149127444,2025,False,Low,Decreasing
France,Export price index (EPI),Exports of goods,Free on board (FOB),Units,Not Applicable,104.2836903075257,2016,True,Low,No Data
France,Export price index (EPI),Exports of goods,Free on board (FOB),Units,Not Applicable,105.4254521210101,2017,True,Low,Increasing
France,"Exports of goods, Volume index",Exports of goods,Free on board (FOB),Units,Not Applicable,98.96935177651211,2016,True,Low,No Data
France,"Exports of goods, Volume index",Exports of goods,Free on board (FOB),Units,Not Applicable,99.56604285326829,2017,True,Low,Increasing
France,"Exports of goods, Volume index",Exports of goods,Free on board (FOB),Units,Not Applicable,100.0,2018,True,Low,Increasing
France,"Exports of goods, Volume index",Exports of goods,Free on board (FOB),Units,Not Applicable,99.07784106319504,2019,True,Low,Decreasing
France,"Exports of goods, Volume index",Exports of goods,Free on board (FOB),Units,Not Applicable,80.63466232709523,2020,True,Low,Decreasing
France,"Exports of goods, Volume index",Exports of goods,Free on board (FOB),Units,Not Applicable,85.6522918361812,2021,True,Low,Increasing
France,"Exports of goods, Volume index",Exports of goods,Free on board (FOB),Units,Not Applicable,86.22186059126663,2022,True,Low,Increasing
France,"Exports of goods, Volume index",Exports of goods,Free on board (FOB),Units,Not Applicable,85.24545701112018,2023,True,Low,Decreasing
France,"Exports of goods, Volume index",Exports of goods,Free on board (FOB),Units,Not Applicable,82.07214537564418,2024,True,Low,Decreasing
France,"Exports of goods, Volume index",Exports of goods,Free on board (FOB),Units,Not Applicable,80.66178464876596,2025,True,Low,Decreasing
France,Import price index,Imports of goods,Cost insurance freight (CIF),Units,Not Applicable,94.66087099155258,2016,False,Low,No Data
France,Import price index,Imports of goods,Cost insurance freight (CIF),Units,Not Applicable,97.6543918641844,2017,False,Low,Increasing
France,Import price index,Imports of goods,Cost insurance freight (CIF),Units,Not Applicable,100.3608627901255,2018,False,Low,Increasing
France,Import price index,Imports of goods,Cost insurance freight (CIF),Units,Not Applicable,100.1394242598212,2019,False,Low,Decreasing
France,Import price index,Imports of goods,Cost insurance freight (CIF),Units,Not Applicable,96.09612072500616,2020,False,Low,Decreasing
France,Import price index,Imports of goods,Cost insurance freight (CIF),Units,Not Applicable,107.9225785286641,2021,False,Low,Increasing
France,"Imports of goods, Volume index",Imports of goods,Cost insurance freight (CIF),Units,Not Applicable,92.5786501747782,2016,False,Low,No Data
France,"Imports of goods, Volume index",Imports of goods,Cost insurance freight (CIF),Units,Not Applicable,92.76687281527293,2017,False,Low,Increasing
France,"Imports of goods, Volume index",Imports of goods,Cost insurance freight (CIF),Units,Not Applicable,92.39042753428345,2018,False,Low,Decreasing
France,"Imports of goods, Volume index",Imports of goods,Cost insurance freight (CIF),Units,Not Applicable,90.85775746168328,2019,False,Low,Decreasing
France,"Imports of goods, Volume index",Imports of goods,Cost insurance freight (CIF),Units,Not Applicable,78.0048400107556,2020,False,Low,Decreasing
France,"Imports of goods, Volume index",Imports of goods,Cost insurance freight (CIF),Units,Not Applicable,84.26996504436678,2021,False,Low,Increasing
France,"Imports of goods, Volume index",Imports of goods,Cost insurance freight (CIF),Units,Not Applicable,89.45953213229365,2022,False,Low,Increasing
France,"Imports of goods, Volume index",Imports of goods,Cost insurance freight (CIF),Units,Not Applicable,81.82307071793495,2023,False,Low,Decreasing
France,"Imports of goods, Volume index",Imports of goods,Cost insurance freight (CIF),Units,Not Applicable,76.44528098951334,2024,False,Low,Decreasing
France,"Imports of goods, Volume index",Imports of goods,Cost insurance freight (CIF),Units,Not Applicable,74.42860984135523,2025,False,Low,Decreasing
Germany,Export price index (EPI),Exports of goods,Free on board (FOB),Units,Not Applicable,104.0333333333333,2016,True,Low,No Data
Germany,Export price index (EPI),Exports of goods,Free on board (FOB),Units,Not Applicable,105.925,2017,True,Low,Increasing
Germany,"Exports of goods, Price deflator",Exports of goods,Free on board (FOB),Units,Not Applicable,109.4470431005679,2016,True,Low,No Data
Germany,"Exports of goods, Price deflator",Exports of goods,Free on board (FOB),Units,Not Applicable,111.8526561977948,2017,True,Low,Increasing
Germany,"Exports of goods, Volume index",Exports of goods,Free on board (FOB),Units,Not Applicable,104.2317266349853,2016,True,Low,No Data
Germany,"Exports of goods, Volume index",Exports of goods,Free on board (FOB),Units,Not Applicable,105.9968318624123,2017,True,Low,Increasing
Germany,"Exports of goods, Volume index",Exports of goods,Free on board (FOB),Units,Not Applicable,105.928943199819,2018,True,Low,Decreasing
Germany,"Exports of goods, Volume index",Exports of goods,Free on board (FOB),Units,Not Applicable,102.0140303236026,2019,True,Low,Decreasing
Germany,"Exports of goods, Volume index",Exports of goods,Free on board (FOB),Units,Not Applicable,90.92554876668927,2020,True,Low,Decreasing
Germany,"Exports of goods, Volume index",Exports of goods,Free on board (FOB),Units,Not Applicable,96.01719846119032,2021,True,Low,Increasing
Germany,"Exports of goods, Volume index",Exports of goods,Free on board (FOB),Units,Not Applicable,95.45145960624576,2022,True,Low,Decreasing
Germany,"Exports of goods, Volume index",Exports of goods,Free on board (FOB),Units,Not Applicable,92.305951572754,2023,True,Low,Decreasing
Germany,"Exports of goods, Volume index",Exports of goods,Free on board (FOB),Units,Not Applicable,90.20140303236026,2024,True,Low,Decreasing
Germany,"Exports of goods, Volume index",Exports of goods,Free on board (FOB),Units,Not Applicable,89.16044353926227,2025,True,Low,Decreasing
Germany,Import price index,Imports of goods,Cost insurance freight (CIF),Units,Not Applicable,97.06477732793525,2016,False,Low,No Data
Germany,Import price index,Imports of goods,Cost insurance freight (CIF),Units,Not Applicable,100.4232609495767,2017,False,Low,Increasing
Germany,Import price index,Imports of goods,Cost insurance freight (CIF),Units,Not Applicable,103.2664703717335,2018,False,Low,Increasing
Germany,Import price index,Imports of goods,Cost insurance freight (CIF),Units,Not Applicable,102.2175193227825,2019,False,Low,Decreasing
Germany,Import price index,Imports of goods,Cost insurance freight (CIF),Units,Not Applicable,97.45123297754876,2020,False,Low,Decreasing
Germany,Import price index,Imports of goods,Cost insurance freight (CIF),Units,Not Applicable,110.4343025395657,2021,False,Low,Increasing
Germany,Import price index,Imports of goods,Cost insurance freight (CIF),Units,Not Applicable,134.6613912403386,2022,False,Low,Increasing
Germany,Import price index,Imports of goods,Cost insurance freight (CIF),Units,Not Applicable,125.7177033492824,2023,False,Low,Decreasing
Germany,Import price index,Imports of goods,Cost insurance freight (CIF),Units,Not Applicable,123.8406330511593,2024,False,Low,Decreasing
Germany,Import price index,Imports of goods,Cost insurance freight (CIF),Units,Not Applicable,123.0861244019139,2025,False,Low,Decreasing
Germany,"Imports of goods, Price deflator",Imports of goods,Cost insurance freight (CIF),Units,Not Applicable,106.660545864285,2016,False,Low,No Data
Germany,"Imports of goods, Price deflator",Imports of goods,Cost insurance freight (CIF),Units,Not Applicable,111.434771721893,2017,False,Low,Increasing
Germany,"Imports of goods, Volume index",Imports of goods,Cost insurance freight (CIF),Units,Not Applicable,104.1920069504778,2016,False,Low,No Data
Germany,"Imports of goods, Volume index",Imports of goods,Cost insurance freight (CIF),Units,Not Applicable,106.1251086012163,2017,False,Low,Increasing
Germany,"Imports of goods, Volume index",Imports of goods,Cost insurance freight (CIF),Units,Not Applicable,107.3631624674196,2018,False,Low,Increasing
Germany,"Imports of goods, Volume index",Imports of goods,Cost insurance freight (CIF),Units,Not Applicable,105.4735013032146,2019,False,Low,Decreasing
Germany,"Imports of goods, Volume index",Imports of goods,Cost insurance freight (CIF),Units,Not Applicable,97.28496959165945,2020,False,Low,Decreasing
Germany,"Imports of goods, Volume index",Imports of goods,Cost insurance freight (CIF),Units,Not Applicable,102.2371850564726,2021,False,Low,Increasing
Germany,"Imports of goods, Volume index",Imports of goods,Cost insurance freight (CIF),Units,Not Applicable,107.8192875760209,2022,False,Low,Increasing
Germany,"Imports of goods, Volume index",Imports of goods,Cost insurance freight (CIF),Units,Not Applicable,100.629887054735,2023,False,Low,Decreasing
Germany,"Imports of goods, Volume index",Imports of goods,Cost insurance freight (CIF),Units,Not Applicable,96.26411815812337,2024,False,Low,Decreasing
Germany,"Imports of goods, Volume index",Imports of goods,Cost insurance freight (CIF),Units,Not Applicable,100.2606429192007,2025,False,Low,Increasing
Greece,Export price index (EPI),Exports of goods,Free on board (FOB),Units,Not Applicable,89.52977663777409,2016,True,Low,No Data
Greece,Export price index (EPI),Exports of goods,Free on board (FOB),Units,Not Applicable,97.64193761630182,2017,True,Low,Increasing
Greece,Export price index (EPI),Exports of goods,Free on board (FOB),Units,Not Applicable,105.1060857355979,2018,True,Low,Increasing
Greece,Export price index (EPI),Exports of goods,Free on board (FOB),Units,Not Applicable,104.4996350388974,2019,True,Low,Decreasing
Greece,"Exports of goods, Volume index",Exports of goods,Free on board (FOB),Units,Not Applicable,130.6859205776173,2016,True,Low,No Data
Greece,"Exports of goods, Volume index",Exports of goods,Free on board (FOB),Units,Not Applicable,134.2390271708151,2017,True,Low,Increasing
Greece,"Exports of goods, Volume index",Exports of goods,Free on board (FOB),Units,Not Applicable,144.6323389701691,2018,True,Low,Increasing
Greece,"Exports of goods, Volume index",Exports of goods,Free on board (FOB),Units,Not Applicable,146.4183925517765,2019,True,Low,Increasing
Greece,"Exports of goods, Volume index",Exports of goods,Free on board (FOB),Units,Not Applicable,148.8884666539996,2020,True,Low,Increasing
Greece,"Exports of goods, Volume index",Exports of goods,Free on board (FOB),Units,Not Applicable,160.0798023940718,2021,True,Low,Increasing
Greece,"Exports of goods, Volume index",Exports of goods,Free on board (FOB),Units,Not Applicable,163.708911267338,2022,True,Low,Increasing
Greece,"Exports of goods, Volume index",Exports of goods,Free on board (FOB),Units,Not Applicable,165.4569637089113,2023,True,Medium,Increasing
Greece,"Exports of goods, Volume index",Exports of goods,Free on board (FOB),Units,Not Applicable,164.848945468364,2024,True,Medium,Decreasing
Greece,"Exports of goods, Volume index",Exports of goods,Free on board (FOB),Units,Not Applicable,161.8468554056622,2025,True,Low,Decreasing
Greece,Import price index,Imports of goods,Cost insurance freight (CIF),Units,Not Applicable,91.54474634239028,2016,False,Low,No Data
Greece,Import price index,Imports of goods,Cost insurance freight (CIF),Units,Not Applicable,96.91240737222115,2017,False,Low,Increasing
Greece,Import price index,Imports of goods,Cost insurance freight (CIF),Units,Not Applicable,103.3631008930268,2018,False,Low,Increasing
Greece,Import price index,Imports of goods,Cost insurance freight (CIF),Units,Not Applicable,106.4601938058142,2019,False,Low,Increasing
Greece,Import price index,Imports of goods,Cost insurance freight (CIF),Units,Not Applicable,94.9838495154855,2020,False,Low,Decreasing
Greece,Import price index,Imports of goods,Cost insurance freight (CIF),Units,Not Applicable,114.0034201026031,2021,False,Low,Increasing
Greece,Import price index,Imports of goods,Cost insurance freight (CIF),Units,Not Applicable,145.5918677560328,2022,False,Low,Increasing
Greece,Import price index,Imports of goods,Cost insurance freight (CIF),Units,Not Applicable,127.6838305149155,2023,False,Low,Decreasing
Greece,Import price index,Imports of goods,Cost insurance freight (CIF),Units,Not Applicable,125.0997529925898,2024,False,Low,Decreasing
Greece,Import price index,Imports of goods,Cost insurance freight (CIF),Units,Not Applicable,121.6131483944519,2025,False,Low,Decreasing
Greece,"Imports of goods, Volume index",Imports of goods,Cost insurance freight (CIF),Units,Not Applicable,93.07462686567168,2016,False,Low,No Data
Greece,"Imports of goods, Volume index",Imports of goods,Cost insurance freight (CIF),Units,Not Applicable,94.53731343283584,2017,False,Low,Increasing
Greece,"Imports of goods, Volume index",Imports of goods,Cost insurance freight (CIF),Units,Not Applicable,99.64179104477616,2018,False,Low,Increasing
Greece,"Imports of goods, Volume index",Imports of goods,Cost insurance freight (CIF),Units,Not Applicable,101.8805970149254,2019,False,Low,Increasing
Greece,"Imports of goods, Volume index",Imports of goods,Cost insurance freight (CIF),Units,Not Applicable,97.43283582089556,2020,False,Low,Decreasing
Greece,"Imports of goods, Volume index",Imports of goods,Cost insurance freight (CIF),Units,Not Applicable,107.1940298507463,2021,False,Low,Increasing
Greece,"Imports of goods, Volume index",Imports of goods,Cost insurance freight (CIF),Units,Not Applicable,112.3582089552239,2022,False,Low,Increasing
Greece,"Imports of goods, Volume index",Imports of goods,Cost insurance freight (CIF),Units,Not Applicable,111.9701492537314,2023,False,Low,Decreasing
Greece,"Imports of goods, Volume index",Imports of goods,Cost insurance freight (CIF),Units,Not Applicable,117.1641791044776,2024,False,Low,Increasing
Greece,"Imports of goods, Volume index",Imports of goods,Cost insurance freight (CIF),Units,Not Applicable,113.223880597015,2025,False,Low,Decreasing
Guatemala,"Exports of goods, Volume index",Exports of goods,Free on board (FOB),Units,Not Applicable,126.2548262548263,2016,True,Low,No Data
Guatemala,"Exports of goods, Volume index",Exports of goods,Free on board (FOB),Units,Not Applicable,130.2016302016302,2017,True,Low,Increasing
Guatemala,"Exports of goods, Volume index",Exports of goods,Free on board (FOB),Units,Not Applicable,129.7940797940798,2018,True,Low,Decreasing
Guatemala,"Exports of goods, Volume index",Exports of goods,Free on board (FOB),Units,Not Applicable,139.7897897897898,2019,True,Low,Increasing
Guatemala,"Exports of goods, Volume index",Exports of goods,Free on board (FOB),Units,Not Applicable,138.1166881166881,2020,True,Low,Decreasing
Guatemala,"Exports of goods, Volume index",Exports of goods,Free on board (FOB),Units,Not Applicable,143.6078936078936,2021,True,Low,Increasing
Guatemala,"Exports of goods, Volume index",Exports of goods,Free on board (FOB),Units,Not Applicable,147.5332475332475,2022,True,Low,Increasing
Guatemala,"Exports of goods, Volume index",Exports of goods,Free on board (FOB),Units,Not Applicable,131.9390819390819,2023,True,Low,Decreasing
Guatemala,"Exports of goods, Volume index",Exports of goods,Free on board (FOB),Units,Not Applicable,131.0810810810811,2024,True,Low,Decreasing
Guatemala,"Exports of goods, Volume index",Exports of goods,Free on board (FOB),Units,Not Applicable,137.044187044187,2025,True,Low,Increasing
Guatemala,"Imports of goods, Volume index",Imports of goods,Cost insurance freight (CIF),Units,Not Applicable,131.6684841875682,2016,False,Low,No Data
Guatemala,"Imports of goods, Volume index",Imports of goods,Cost insurance freight (CIF),Units,Not Applicable,135.5507088331516,2017,False,Low,Increasing
Guatemala,"Imports of goods, Volume index",Imports of goods,Cost insurance freight (CIF),Units,Not Applicable,137.2082878953108,2018,False,Low,Increasing
Guatemala,"Imports of goods, Volume index",Imports of goods,Cost insurance freight (CIF),Units,Not Applicable,142.7044711014177,2019,False,Low,Increasing
Guatemala,"Imports of goods, Volume index",Imports of goods,Cost insurance freight (CIF),Units,Not Applicable,135.0054525627045,2020,False,Low,Decreasing
Guatemala,"Imports of goods, Volume index",Imports of goods,Cost insurance freight (CIF),Units,Not Applicable,168.2878953107961,2021,False,Medium,Increasing
Guatemala,"Imports of goods, Volume index",Imports of goods,Cost insurance freight (CIF),Units,Not Applicable,175.0272628135224,2022,False,Medium,Increasing
Guatemala,"Imports of goods, Volume index",Imports of goods,Cost insurance freight (CIF),Units,Not Applicable,174.32933478735,2023,False,Medium,Decreasing
Guatemala,"Imports of goods, Volume index",Imports of goods,Cost insurance freight (CIF),Units,Not Applicable,192.4100327153762,2024,False,Medium,Increasing
Guatemala,"Imports of goods, Volume index",Imports of goods,Cost insurance freight (CIF),Units,Not Applicable,203.6205016357688,2025,False,Medium,Increasing
"Hong Kong Special Administrative Region, People's Republic of China","Exports of goods, Price deflator",Exports of goods,Free on board (FOB),Units,Not Applicable,113.6150234741784,2016,True,Low,No Data
"Hong Kong Special Administrative Region, People's Republic of China","Exports of goods, Price deflator",Exports of goods,Free on board (FOB),Units,Not Applicable,115.6328039156928,2017,True,Low,Increasing
"Hong Kong Special Administrative Region, People's Republic of China","Exports of goods, Price deflator",Exports of goods,Free on board (FOB),Units,Not Applicable,118.4796723604035,2018,True,Low,Increasing
"Hong Kong Special Administrative Region, People's Republic of China","Exports of goods, Price deflator",Exports of goods,Free on board (FOB),Units,Not Applicable,119.8981120767156,2019,True,Low,Increasing
"Hong Kong Special Administrative Region, People's Republic of China","Exports of goods, Price deflator",Exports of goods,Free on board (FOB),Units,Not Applicable,119.1489361702128,2020,True,Low,Decreasing
"Hong Kong Special Administrative Region, People's Republic of China","Exports of goods, Volume index",Exports of goods,Free on board (FOB),Units,Not Applicable,106.2693280854653,2016,True,Low,No Data
"Hong Kong Special Administrative Region, People's Republic of China","Exports of goods, Volume index",Exports of goods,Free on board (FOB),Units,Not Applicable,112.8291631524693,2017,True,Low,Increasing
"Hong Kong Special Administrative Region, People's Republic of China","Exports of goods, Volume index",Exports of goods,Free on board (FOB),Units,Not Applicable,118.3675381876114,2018,True,Low,Increasing
"Hong Kong Special Administrative Region, People's Republic of China","Exports of goods, Volume index",Exports of goods,Free on board (FOB),Units,Not Applicable,112.4449442414019,2019,True,Low,Decreasing
"Hong Kong Special Administrative Region, People's Republic of China","Exports of goods, Volume index",Exports of goods,Free on board (FOB),Units,Not Applicable,111.6015368756443,2020,True,Low,Decreasing
"Hong Kong Special Administrative Region, People's Republic of China","Imports of goods, Price deflator",Imports of goods,Cost insurance freight (CIF),Units,Not Applicable,112.4937977572691,2016,False,Low,No Data
"Hong Kong Special Administrative Region, People's Republic of China","Imports of goods, Price deflator",Imports of goods,Cost insurance freight (CIF),Units,Not Applicable,114.6075220799841,2017,False,Low,Increasing
"Hong Kong Special Administrative Region, People's Republic of China","Imports of goods, Price deflator",Imports of goods,Cost insurance freight (CIF),Units,Not Applicable,117.5647514141113,2018,False,Low,Increasing
"Hong Kong Special Administrative Region, People's Republic of China","Imports of goods, Price deflator",Imports of goods,Cost insurance freight (CIF),Units,Not Applicable,119.0929840230227,2019,False,Low,Increasing
"Hong Kong Special Administrative Region, People's Republic of China","Imports of goods, Price deflator",Imports of goods,Cost insurance freight (CIF),Units,Not Applicable,118.2693261883497,2020,False,Low,Decreasing
"Hong Kong Special Administrative Region, People's Republic of China","Imports of goods, Volume index",Imports of goods,Cost insurance freight (CIF),Units,Not Applicable,108.8848852645553,2016,False,Low,No Data
"Hong Kong Special Administrative Region, People's Republic of China","Imports of goods, Volume index",Imports of goods,Cost insurance freight (CIF),Units,Not Applicable,116.2620898919022,2017,False,Low,Increasing
"Hong Kong Special Administrative Region, People's Republic of China","Imports of goods, Volume index",Imports of goods,Cost insurance freight (CIF),Units,Not Applicable,123.0893229660535,2018,False,Low,Increasing
"Hong Kong Special Administrative Region, People's Republic of China","Imports of goods, Volume index",Imports of goods,Cost insurance freight (CIF),Units,Not Applicable,113.7777356343637,2019,False,Low,Decreasing
"Hong Kong Special Administrative Region, People's Republic of China","Imports of goods, Volume index",Imports of goods,Cost insurance freight (CIF),Units,Not Applicable,110.8382325052152,2020,False,Low,Decreasing
Hungary,Export price index (EPI),Exports of goods,Free on board (FOB),Units,Not Applicable,106.1454628372087,2016,True,Low,No Data
Hungary,Export price index (EPI),Exports of goods,Free on board (FOB),Units,Not Applicable,106.7593005052246,2017,True,Low,Increasing
Hungary,Export price index (EPI),Exports of goods,Free on board (FOB),Units,Not Applicable,107.7197733164168,2018,True,Low,Increasing
Hungary,Export price index (EPI),Exports of goods,Free on board (FOB),Units,Not Applicable,108.1839184719772,2019,True,Low,Increasing
Hungary,"Exports of goods, Volume index",Exports of goods,Free on board (FOB),Units,Not Applicable,115.9010600706714,2016,True,Low,No Data
Hungary,"Exports of goods, Volume index",Exports of goods,Free on board (FOB),Units,Not Applicable,119.9646643109541,2017,True,Low,Increasing
Hungary,"Exports of goods, Volume index",Exports of goods,Free on board (FOB),Units,Not Applicable,122.4911660777385,2018,True,Low,Increasing
Hungary,"Exports of goods, Volume index",Exports of goods,Free on board (FOB),Units,Not Applicable,125.3886925795053,2019,True,Low,Increasing
Hungary,"Exports of goods, Volume index",Exports of goods,Free on board (FOB),Units,Not Applicable,118.8162544169611,2020,True,Low,Decreasing
Hungary,"Exports of goods, Volume index",Exports of goods,Free on board (FOB),Units,Not Applicable,123.7102473498233,2021,True,Low,Increasing
Hungary,"Exports of goods, Volume index",Exports of goods,Free on board (FOB),Units,Not Applicable,127.8268551236749,2022,True,Low,Increasing
Hungary,"Exports of goods, Volume index",Exports of goods,Free on board (FOB),Units,Not Applicable,127.7208480565371,2023,True,Low,Decreasing
Hungary,"Exports of goods, Volume index",Exports of goods,Free on board (FOB),Units,Not Applicable,125.6713780918728,2024,True,Low,Decreasing
Hungary,"Exports of goods, Volume index",Exports of goods,Free on board (FOB),Units,Not Applicable,126.7667844522968,2025,True,Low,Increasing
Hungary,Import price index,Imports of goods,Cost insurance freight (CIF),Units,Not Applicable,109.640672745807,2016,False,Low,No Data
Hungary,Import price index,Imports of goods,Cost insurance freight (CIF),Units,Not Applicable,110.3004888910639,2017,False,Low,Increasing
Hungary,Import price index,Imports of goods,Cost insurance freight (CIF),Units,Not Applicable,105.5931022848837,2018,False,Low,Decreasing
Hungary,Import price index,Imports of goods,Cost insurance freight (CIF),Units,Not Applicable,102.5461399806856,2019,False,Low,Decreasing
Hungary,"Imports of goods, Volume index",Imports of goods,Cost insurance freight (CIF),Units,Not Applicable,118.5734321779203,2016,False,Low,No Data
Hungary,"Imports of goods, Volume index",Imports of goods,Cost insurance freight (CIF),Units,Not Applicable,126.90843518333,2017,False,Low,Increasing
Hungary,"Imports of goods, Volume index",Imports of goods,Cost insurance freight (CIF),Units,Not Applicable,131.7571628932078,2018,False,Low,Increasing
Hungary,"Imports of goods, Volume index",Imports of goods,Cost insurance freight (CIF),Units,Not Applicable,136.7060709276698,2019,False,Low,Increasing
Hungary,"Imports of goods, Volume index",Imports of goods,Cost insurance freight (CIF),Units,Not Applicable,130.795431777199,2020,False,Low,Decreasing
Hungary,"Imports of goods, Volume index",Imports of goods,Cost insurance freight (CIF),Units,Not Applicable,136.9264676417552,2021,False,Low,Increasing
Hungary,"Imports of goods, Volume index",Imports of goods,Cost insurance freight (CIF),Units,Not Applicable,139.8517331196153,2022,False,Low,Increasing
Hungary,"Imports of goods, Volume index",Imports of goods,Cost insurance freight (CIF),Units,Not Applicable,133.8008415147265,2023,False,Low,Decreasing
Hungary,"Imports of goods, Volume index",Imports of goods,Cost insurance freight (CIF),Units,Not Applicable,127.1889400921659,2024,False,Low,Decreasing
Hungary,"Imports of goods, Volume index",Imports of goods,Cost insurance freight (CIF),Units,Not Applicable,129.9539170506912,2025,False,Low,Increasing
Iceland,"Exports of goods, Price deflator",Exports of goods,Free on board (FOB),Units,Not Applicable,89.06088039875058,2016,True,Low,No Data
Iceland,"Exports of goods, Price deflator",Exports of goods,Free on board (FOB),Units,Not Applicable,86.06348810819576,2017,True,Low,Decreasing
Iceland,"Exports of goods, Price deflator",Exports of goods,Free on board (FOB),Units,Not Applicable,95.95439488574928,2018,True,Low,Increasing
Iceland,"Exports of goods, Volume index",Exports of goods,Free on board (FOB),Units,Not Applicable,105.7149414734909,2016,True,Low,No Data
Iceland,"Exports of goods, Volume index",Exports of goods,Free on board (FOB),Units,Not Applicable,105.783796190039,2017,True,Low,Increasing
Iceland,"Exports of goods, Volume index",Exports of goods,Free on board (FOB),Units,Not Applicable,113.0364929997705,2018,True,Low,Increasing
Iceland,"Exports of goods, Volume index",Exports of goods,Free on board (FOB),Units,Not Applicable,114.3447326141841,2019,True,Low,Increasing
Iceland,"Exports of goods, Volume index",Exports of goods,Free on board (FOB),Units,Not Applicable,103.8558641266927,2020,True,Low,Decreasing
Iceland,"Exports of goods, Volume index",Exports of goods,Free on board (FOB),Units,Not Applicable,109.8003213220106,2021,True,Low,Increasing
Iceland,"Exports of goods, Volume index",Exports of goods,Free on board (FOB),Units,Not Applicable,122.7220564608676,2022,True,Low,Increasing
Iceland,"Exports of goods, Volume index",Exports of goods,Free on board (FOB),Units,Not Applicable,120.0367225154923,2023,True,Low,Decreasing
Iceland,"Exports of goods, Volume index",Exports of goods,Free on board (FOB),Units,Not Applicable,121.9187514344733,2024,True,Low,Increasing
Iceland,"Exports of goods, Volume index",Exports of goods,Free on board (FOB),Units,Not Applicable,121.6203809960982,2025,True,Low,Decreasing
Iceland,"Imports of goods, Price deflator",Imports of goods,Cost insurance freight (CIF),Units,Not Applicable,90.78424541590584,2016,False,Low,No Data
Iceland,"Imports of goods, Price deflator",Imports of goods,Cost insurance freight (CIF),Units,Not Applicable,88.37850924131207,2017,False,Low,Decreasing
Iceland,"Imports of goods, Price deflator",Imports of goods,Cost insurance freight (CIF),Units,Not Applicable,101.9438934280958,2018,False,Low,Increasing
Iceland,"Imports of goods, Volume index",Imports of goods,Cost insurance freight (CIF),Units,Not Applicable,160.1158038147139,2016,False,Low,No Data
Iceland,"Imports of goods, Volume index",Imports of goods,Cost insurance freight (CIF),Units,Not Applicable,186.0013623978202,2017,False,Medium,Increasing
Iceland,"Imports of goods, Volume index",Imports of goods,Cost insurance freight (CIF),Units,Not Applicable,195.5381471389646,2018,False,Medium,Increasing
Iceland,"Imports of goods, Volume index",Imports of goods,Cost insurance freight (CIF),Units,Not Applicable,172.8882833787466,2019,False,Medium,Decreasing
Iceland,"Imports of goods, Volume index",Imports of goods,Cost insurance freight (CIF),Units,Not Applicable,153.6784741144414,2020,False,Low,Decreasing
Iceland,"Imports of goods, Volume index",Imports of goods,Cost insurance freight (CIF),Units,Not Applicable,186.7506811989101,2021,False,Medium,Increasing
Iceland,"Imports of goods, Volume index",Imports of goods,Cost insurance freight (CIF),Units,Not Applicable,209.4686648501363,2022,False,Medium,Increasing
Iceland,"Imports of goods, Volume index",Imports of goods,Cost insurance freight (CIF),Units,Not Applicable,214.2711171662126,2023,False,Medium,Increasing
Iceland,"Imports of goods, Volume index",Imports of goods,Cost insurance freight (CIF),Units,Not Applicable,223.9441416893733,2024,False,Medium,Increasing
Iceland,"Imports of goods, Volume index",Imports of goods,Cost insurance freight (CIF),Units,Not Applicable,247.5476839237058,2025,False,Medium,Increasing
India,"Exports of goods, Volume index",Exports of goods,Free on board (FOB),Units,Not Applicable,113.7505780792354,2016,True,Low,No Data
India,"Exports of goods, Volume index",Exports of goods,Free on board (FOB),Units,Not Applicable,123.4931401264066,2017,True,Low,Increasing
India,"Exports of goods, Volume index",Exports of goods,Free on board (FOB),Units,Not Applicable,128.7806381994758,2018,True,Low,Increasing
India,"Exports of goods, Volume index",Exports of goods,Free on board (FOB),Units,Not Applicable,132.2645290581162,2019,True,Low,Increasing
India,"Exports of goods, Volume index",Exports of goods,Free on board (FOB),Units,Not Applicable,100.6016751809693,2020,True,Low,Decreasing
India,"Imports of goods, Price deflator",Imports of goods,Cost insurance freight (CIF),Units,Not Applicable,213.6668905305574,2016,False,Medium,No Data
India,"Imports of goods, Price deflator",Imports of goods,Cost insurance freight (CIF),Units,Not Applicable,202.035435831044,2017,False,Medium,Decreasing
India,"Imports of goods, Price deflator",Imports of goods,Cost insurance freight (CIF),Units,Not Applicable,221.2908692411628,2018,False,Medium,Increasing
India,"Imports of goods, Price deflator",Imports of goods,Cost insurance freight (CIF),Units,Not Applicable,129.5947969729128,2019,False,Low,Decreasing
India,"Imports of goods, Price deflator",Imports of goods,Cost insurance freight (CIF),Units,Not Applicable,39.97677231433588,2020,False,Low,Decreasing
India,"Imports of goods, Volume index",Imports of goods,Cost insurance freight (CIF),Units,Not Applicable,117.3170037026488,2016,False,Low,No Data
India,"Imports of goods, Volume index",Imports of goods,Cost insurance freight (CIF),Units,Not Applicable,135.7732839646824,2017,False,Low,Increasing
India,"Imports of goods, Volume index",Imports of goods,Cost insurance freight (CIF),Units,Not Applicable,145.0156650526915,2018,False,Low,Increasing
India,"Imports of goods, Volume index",Imports of goods,Cost insurance freight (CIF),Units,Not Applicable,145.4856166334377,2019,False,Low,Increasing
India,"Imports of goods, Volume index",Imports of goods,Cost insurance freight (CIF),Units,Not Applicable,121.1830345976638,2020,False,Low,Decreasing
Indonesia,Export price index (EPI),Exports of goods,Free on board (FOB),Units,Not Applicable,133.31,2016,True,Low,No Data
Indonesia,Export price index (EPI),Exports of goods,Free on board (FOB),Units,Not Applicable,144.6941666666667,2017,True,Low,Increasing
Indonesia,"Exports of goods, Volume index",Exports of goods,Free on board (FOB),Units,Not Applicable,105.7378659854588,2016,True,Low,No Data
Indonesia,"Exports of goods, Volume index",Exports of goods,Free on board (FOB),Units,Not Applicable,112.5957948516408,2017,True,Low,Increasing
Indonesia,"Exports of goods, Volume index",Exports of goods,Free on board (FOB),Units,Not Applicable,119.8074277854195,2018,True,Low,Increasing
Indonesia,"Exports of goods, Volume index",Exports of goods,Free on board (FOB),Units,Not Applicable,122.1261544507762,2019,True,Low,Increasing
Indonesia,"Exports of goods, Volume index",Exports of goods,Free on board (FOB),Units,Not Applicable,116.407938691295,2020,True,Low,Decreasing
Indonesia,"Exports of goods, Volume index",Exports of goods,Free on board (FOB),Units,Not Applicable,126.1741010021615,2021,True,Low,Increasing
Indonesia,"Exports of goods, Volume index",Exports of goods,Free on board (FOB),Units,Not Applicable,131.3028099823148,2022,True,Low,Increasing
Indonesia,"Exports of goods, Volume index",Exports of goods,Free on board (FOB),Units,Not Applicable,142.2676360778149,2023,True,Low,Increasing
Indonesia,"Exports of goods, Volume index",Exports of goods,Free on board (FOB),Units,Not Applicable,144.6846138730595,2024,True,Low,Increasing
Indonesia,"Exports of goods, Volume index",Exports of goods,Free on board (FOB),Units,Not Applicable,148.5360581646689,2025,True,Low,Increasing
Indonesia,Import price index,Imports of goods,Cost insurance freight (CIF),Units,Not Applicable,128.1033333333333,2016,False,Low,No Data
Indonesia,Import price index,Imports of goods,Cost insurance freight (CIF),Units,Not Applicable,135.0,2017,False,Low,Increasing
Indonesia,"Imports of goods, Volume index",Imports of goods,Cost insurance freight (CIF),Units,Not Applicable,113.4193548387097,2016,False,Low,No Data
Indonesia,"Imports of goods, Volume index",Imports of goods,Cost insurance freight (CIF),Units,Not Applicable,124.258064516129,2017,False,Low,Increasing
Indonesia,"Imports of goods, Volume index",Imports of goods,Cost insurance freight (CIF),Units,Not Applicable,141.1981566820277,2018,False,Low,Increasing
Indonesia,"Imports of goods, Volume index",Imports of goods,Cost insurance freight (CIF),Units,Not Applicable,132.7004608294931,2019,False,Low,Decreasing
Indonesia,"Imports of goods, Volume index",Imports of goods,Cost insurance freight (CIF),Units,Not Applicable,112.5714285714286,2020,False,Low,Decreasing
Indonesia,"Imports of goods, Volume index",Imports of goods,Cost insurance freight (CIF),Units,Not Applicable,132.5714285714286,2021,False,Low,Increasing
Indonesia,"Imports of goods, Volume index",Imports of goods,Cost insurance freight (CIF),Units,Not Applicable,140.2396313364055,2022,False,Low,Increasing
Indonesia,"Imports of goods, Volume index",Imports of goods,Cost insurance freight (CIF),Units,Not Applicable,138.5069124423963,2023,False,Low,Decreasing
Indonesia,"Imports of goods, Volume index",Imports of goods,Cost insurance freight (CIF),Units,Not Applicable,148.5161290322581,2024,False,Low,Increasing
Indonesia,"Imports of goods, Volume index",Imports of goods,Cost insurance freight (CIF),Units,Not Applicable,154.4884792626728,2025,False,Low,Increasing
"Iran, Islamic Republic of","Exports of goods, Volume index",Exports of goods,Free on board (FOB),Units,Not Applicable,100.57346252719,2016,True,Low,No Data
"Iran, Islamic Republic of","Exports of goods, Volume index",Exports of goods,Free on board (FOB),Units,Not Applicable,112.3195570496342,2017,True,Low,Increasing
"Iran, Islamic Republic of","Exports of goods, Volume index",Exports of goods,Free on board (FOB),Units,Not Applicable,104.9436424757762,2018,True,Low,Decreasing
"Iran, Islamic Republic of","Exports of goods, Volume index",Exports of goods,Free on board (FOB),Units,Not Applicable,71.86078702788214,2019,True,Low,Decreasing
"Iran, Islamic Republic of","Exports of goods, Volume index",Exports of goods,Free on board (FOB),Units,Not Applicable,56.99031046074748,2020,True,Low,Decreasing
"Iran, Islamic Republic of","Exports of goods, Volume index",Exports of goods,Free on board (FOB),Units,Not Applicable,67.8070001977457,2021,True,Low,Increasing
"Iran, Islamic Republic of","Exports of goods, Volume index",Exports of goods,Free on board (FOB),Units,Not Applicable,76.8242040735614,2022,True,Low,Increasing
"Iran, Islamic Republic of","Exports of goods, Volume index",Exports of goods,Free on board (FOB),Units,Not Applicable,85.58433854063674,2023,True,Low,Increasing
"Iran, Islamic Republic of","Exports of goods, Volume index",Exports of goods,Free on board (FOB),Units,Not Applicable,101.0282776349614,2024,True,Low,Increasing
"Iran, Islamic Republic of","Exports of goods, Volume index",Exports of goods,Free on board (FOB),Units,Not Applicable,103.3616768835278,2025,True,Low,Increasing
"Iran, Islamic Republic of","Imports of goods, Volume index",Imports of goods,Cost insurance freight (CIF),Units,Not Applicable,69.69583176868194,2016,False,Low,No Data
"Iran, Islamic Republic of","Imports of goods, Volume index",Imports of goods,Cost insurance freight (CIF),Units,Not Applicable,77.86331205407436,2017,False,Low,Increasing
"Iran, Islamic Republic of","Imports of goods, Volume index",Imports of goods,Cost insurance freight (CIF),Units,Not Applicable,75.5914382275629,2018,False,Low,Decreasing
"Iran, Islamic Republic of","Imports of goods, Volume index",Imports of goods,Cost insurance freight (CIF),Units,Not Applicable,65.133308298911,2019,False,Low,Decreasing
"Iran, Islamic Republic of","Imports of goods, Volume index",Imports of goods,Cost insurance freight (CIF),Units,Not Applicable,59.63199399173864,2020,False,Low,Decreasing
"Iran, Islamic Republic of","Imports of goods, Volume index",Imports of goods,Cost insurance freight (CIF),Units,Not Applicable,66.54149455501314,2021,False,Low,Increasing
"Iran, Islamic Republic of","Imports of goods, Volume index",Imports of goods,Cost insurance freight (CIF),Units,Not Applicable,72.85016898235074,2022,False,Low,Increasing
"Iran, Islamic Republic of","Imports of goods, Volume index",Imports of goods,Cost insurance freight (CIF),Units,Not Applicable,84.90424333458506,2023,False,Low,Increasing
"Iran, Islamic Republic of","Imports of goods, Volume index",Imports of goods,Cost insurance freight (CIF),Units,Not Applicable,91.75741644761548,2024,False,Low,Increasing
"Iran, Islamic Republic of","Imports of goods, Volume index",Imports of goods,Cost insurance freight (CIF),Units,Not Applicable,86.68794592564777,2025,False,Low,Decreasing
Ireland,Export price index (EPI),Exports of goods,Free on board (FOB),Units,Not Applicable,102.7247729355887,2016,True,Low,No Data
Ireland,"Exports of goods, Price deflator",Exports of goods,Free on board (FOB),Units,Not Applicable,99.35838680109995,2016,True,Low,No Data
Ireland,"Exports of goods, Volume index",Exports of goods,Free on board (FOB),Units,Not Applicable,117.5570469798658,2016,True,Low,No Data
Ireland,"Exports of goods, Volume index",Exports of goods,Free on board (FOB),Units,Not Applicable,122.5234899328859,2017,True,Low,Increasing
Ireland,"Exports of goods, Volume index",Exports of goods,Free on board (FOB),Units,Not Applicable,144.2147651006712,2018,True,Low,Increasing
Ireland,"Exports of goods, Volume index",Exports of goods,Free on board (FOB),Units,Not Applicable,154.7114093959732,2019,True,Low,Increasing
Ireland,"Exports of goods, Volume index",Exports of goods,Free on board (FOB),Units,Not Applicable,165.3691275167786,2020,True,Medium,Increasing
Ireland,"Exports of goods, Volume index",Exports of goods,Free on board (FOB),Units,Not Applicable,169.3154362416108,2021,True,Medium,Increasing
Ireland,"Exports of goods, Volume index",Exports of goods,Free on board (FOB),Units,Not Applicable,194.6040268456376,2022,True,Medium,Increasing
Ireland,"Exports of goods, Volume index",Exports of goods,Free on board (FOB),Units,Not Applicable,190.255033557047,2023,True,Medium,Decreasing
Ireland,"Exports of goods, Volume index",Exports of goods,Free on board (FOB),Units,Not Applicable,206.6040268456376,2024,True,Medium,Increasing
Ireland,"Exports of goods, Volume index",Exports of goods,Free on board (FOB),Units,Not Applicable,217.6644295302014,2025,True,Medium,Increasing
Ireland,Import price index,Imports of goods,Cost insurance freight (CIF),Units,Not Applicable,93.2594567572071,2016,False,Low,No Data
Ireland,"Imports of goods, Price deflator",Imports of goods,Cost insurance freight (CIF),Units,Not Applicable,96.04232627895345,2016,False,Low,No Data
Ireland,"Imports of goods, Volume index",Imports of goods,Cost insurance freight (CIF),Units,Not Applicable,117.7025707777416,2016,False,Low,No Data
Ireland,"Imports of goods, Volume index",Imports of goods,Cost insurance freight (CIF),Units,Not Applicable,122.9742922225838,2017,False,Low,Increasing
Ireland,"Imports of goods, Volume index",Imports of goods,Cost insurance freight (CIF),Units,Not Applicable,132.0533680442564,2018,False,Low,Increasing
Ireland,"Imports of goods, Volume index",Imports of goods,Cost insurance freight (CIF),Units,Not Applicable,126.6514806378132,2019,False,Low,Decreasing
Ireland,"Imports of goods, Volume index",Imports of goods,Cost insurance freight (CIF),Units,Not Applicable,119.2645623169541,2020,False,Low,Decreasing
Ireland,"Imports of goods, Volume index",Imports of goods,Cost insurance freight (CIF),Units,Not Applicable,125.8704848682069,2021,False,Low,Increasing
Ireland,"Imports of goods, Volume index",Imports of goods,Cost insurance freight (CIF),Units,Not Applicable,144.1913439635535,2022,False,Low,Increasing
Ireland,"Imports of goods, Volume index",Imports of goods,Cost insurance freight (CIF),Units,Not Applicable,141.8483566547348,2023,False,Low,Decreasing
Ireland,"Imports of goods, Volume index",Imports of goods,Cost insurance freight (CIF),Units,Not Applicable,133.5828180930686,2024,False,Low,Decreasing
Ireland,"Imports of goods, Volume index",Imports of goods,Cost insurance freight (CIF),Units,Not Applicable,137.6179629027009,2025,False,Low,Increasing
Israel,"Exports of goods, Volume index",Exports of goods,Free on board (FOB),Units,Not Applicable,100.3289473684211,2016,True,Low,No Data
Israel,"Exports of goods, Volume index",Exports of goods,Free on board (FOB),Units,Not Applicable,97.86184210526316,2017,True,Low,Decreasing
Israel,"Exports of goods, Volume index",Exports of goods,Free on board (FOB),Units,Not Applicable,97.43890977443608,2018,True,Low,Decreasing
Israel,"Exports of goods, Volume index",Exports of goods,Free on board (FOB),Units,Not Applicable,92.95112781954889,2019,True,Low,Decreasing
Israel,"Exports of goods, Volume index",Exports of goods,Free on board (FOB),Units,Not Applicable,84.72744360902256,2020,True,Low,Decreasing
Israel,"Exports of goods, Volume index",Exports of goods,Free on board (FOB),Units,Not Applicable,96.2406015037594,2021,True,Low,Increasing
Israel,"Exports of goods, Volume index",Exports of goods,Free on board (FOB),Units,Not Applicable,108.4351503759399,2022,True,Low,Increasing
Israel,"Exports of goods, Volume index",Exports of goods,Free on board (FOB),Units,Not Applicable,96.2640977443609,2023,True,Low,Decreasing
Israel,"Exports of goods, Volume index",Exports of goods,Free on board (FOB),Units,Not Applicable,92.19924812030077,2024,True,Low,Decreasing
Israel,"Exports of goods, Volume index",Exports of goods,Free on board (FOB),Units,Not Applicable,92.19924812030077,2025,True,Low,No Data
Israel,"Imports of goods, Volume index",Imports of goods,Cost insurance freight (CIF),Units,Not Applicable,124.166855588302,2016,False,Low,No Data
Israel,"Imports of goods, Volume index",Imports of goods,Cost insurance freight (CIF),Units,Not Applicable,122.9199727952845,2017,False,Low,Decreasing
Israel,"Imports of goods, Volume index",Imports of goods,Cost insurance freight (CIF),Units,Not Applicable,126.7059623668102,2018,False,Low,Increasing
Israel,"Imports of goods, Volume index",Imports of goods,Cost insurance freight (CIF),Units,Not Applicable,129.7891634549989,2019,False,Low,Increasing
Israel,"Imports of goods, Volume index",Imports of goods,Cost insurance freight (CIF),Units,Not Applicable,127.295397868964,2020,False,Low,Decreasing
Israel,"Imports of goods, Volume index",Imports of goods,Cost insurance freight (CIF),Units,Not Applicable,149.9206529131716,2021,False,Low,Increasing
Israel,"Imports of goods, Volume index",Imports of goods,Cost insurance freight (CIF),Units,Not Applicable,156.8125141691226,2022,False,Low,Increasing
Israel,"Imports of goods, Volume index",Imports of goods,Cost insurance freight (CIF),Units,Not Applicable,139.5375198367717,2023,False,Low,Decreasing
Israel,"Imports of goods, Volume index",Imports of goods,Cost insurance freight (CIF),Units,Not Applicable,141.3284969394695,2024,False,Low,Increasing
Israel,"Imports of goods, Volume index",Imports of goods,Cost insurance freight (CIF),Units,Not Applicable,145.7492632056223,2025,False,Low,Increasing
Italy,"Exports of goods, Price deflator",Exports of goods,Free on board (FOB),Units,Not Applicable,116.4333333333333,2016,True,Low,No Data
Italy,"Exports of goods, Price deflator",Exports of goods,Free on board (FOB),Units,Not Applicable,121.0833333333334,2017,True,Low,Increasing
Italy,"Exports of goods, Volume index",Exports of goods,Free on board (FOB),Units,Not Applicable,101.0730175346768,2016,True,Low,No Data
Italy,"Exports of goods, Volume index",Exports of goods,Free on board (FOB),Units,Not Applicable,104.7631510075897,2017,True,Low,Increasing
Italy,"Exports of goods, Volume index",Exports of goods,Free on board (FOB),Units,Not Applicable,103.3499084009422,2018,True,Low,Decreasing
Italy,"Exports of goods, Volume index",Exports of goods,Free on board (FOB),Units,Not Applicable,100.7851347814709,2019,True,Low,Decreasing
Italy,"Exports of goods, Volume index",Exports of goods,Free on board (FOB),Units,Not Applicable,89.112797696938,2020,True,Low,Decreasing
Italy,"Exports of goods, Volume index",Exports of goods,Free on board (FOB),Units,Not Applicable,97.35671290238162,2021,True,Low,Increasing
Italy,"Exports of goods, Volume index",Exports of goods,Free on board (FOB),Units,Not Applicable,98.8222978277938,2022,True,Low,Increasing
Italy,"Exports of goods, Volume index",Exports of goods,Free on board (FOB),Units,Not Applicable,94.844281601675,2023,True,Low,Decreasing
Italy,"Exports of goods, Volume index",Exports of goods,Free on board (FOB),Units,Not Applicable,91.93928291023296,2024,True,Low,Decreasing
Italy,"Exports of goods, Volume index",Exports of goods,Free on board (FOB),Units,Not Applicable,90.65689610049728,2025,True,Low,Decreasing
Italy,Import price index,Imports of goods,Cost insurance freight (CIF),Units,Not Applicable,96.49108114898256,2016,False,Low,No Data
Italy,Import price index,Imports of goods,Cost insurance freight (CIF),Units,Not Applicable,99.88275688803289,2017,False,Low,Increasing
Italy,Import price index,Imports of goods,Cost insurance freight (CIF),Units,Not Applicable,102.8808307511934,2018,False,Low,Increasing
Italy,Import price index,Imports of goods,Cost insurance freight (CIF),Units,Not Applicable,101.9512603634537,2019,False,Low,Decreasing
Italy,Import price index,Imports of goods,Cost insurance freight (CIF),Units,Not Applicable,96.76743991290517,2020,False,Low,Decreasing
Italy,"Imports of goods, Price deflator",Imports of goods,Cost insurance freight (CIF),Units,Not Applicable,101.55,2016,False,Low,No Data
Italy,"Imports of goods, Price deflator",Imports of goods,Cost insurance freight (CIF),Units,Not Applicable,107.775,2017,False,Low,Increasing
Italy,"Imports of goods, Volume index",Imports of goods,Cost insurance freight (CIF),Units,Not Applicable,90.21035598705504,2016,False,Low,No Data
Italy,"Imports of goods, Volume index",Imports of goods,Cost insurance freight (CIF),Units,Not Applicable,91.90938511326864,2017,False,Low,Increasing
Italy,"Imports of goods, Volume index",Imports of goods,Cost insurance freight (CIF),Units,Not Applicable,92.259978425027,2018,False,Low,Increasing
Italy,"Imports of goods, Volume index",Imports of goods,Cost insurance freight (CIF),Units,Not Applicable,89.99460625674222,2019,False,Low,Decreasing
Italy,"Imports of goods, Volume index",Imports of goods,Cost insurance freight (CIF),Units,Not Applicable,80.44768069039917,2020,False,Low,Decreasing
Italy,"Imports of goods, Volume index",Imports of goods,Cost insurance freight (CIF),Units,Not Applicable,88.94282632146714,2021,False,Low,Increasing
Italy,"Imports of goods, Volume index",Imports of goods,Cost insurance freight (CIF),Units,Not Applicable,92.55663430420717,2022,False,Low,Increasing
Italy,"Imports of goods, Volume index",Imports of goods,Cost insurance freight (CIF),Units,Not Applicable,89.23948220064729,2023,False,Low,Decreasing
Italy,"Imports of goods, Volume index",Imports of goods,Cost insurance freight (CIF),Units,Not Applicable,86.70442286947144,2024,False,Low,Decreasing
Italy,"Imports of goods, Volume index",Imports of goods,Cost insurance freight (CIF),Units,Not Applicable,87.21682847896444,2025,False,Low,Increasing
Japan,Export price index (EPI),Exports of goods,Free on board (FOB),Units,Not Applicable,97.5402720169769,2016,True,Low,No Data
Japan,Export price index (EPI),Exports of goods,Free on board (FOB),Units,Not Applicable,98.67849908363075,2017,True,Low,Increasing
Japan,Export price index (EPI),Exports of goods,Free on board (FOB),Units,Not Applicable,100.9645992090286,2018,True,Low,Increasing
Japan,Export price index (EPI),Exports of goods,Free on board (FOB),Units,Not Applicable,98.54345519436671,2019,True,Low,Decreasing
Japan,Export price index (EPI),Exports of goods,Free on board (FOB),Units,Not Applicable,97.66566991415064,2020,True,Low,Decreasing
Japan,"Exports of goods, Price deflator",Exports of goods,Free on board (FOB),Units,Not Applicable,115.4112756083947,2016,True,Low,No Data
Japan,"Exports of goods, Price deflator",Exports of goods,Free on board (FOB),Units,Not Applicable,122.6278649326414,2017,True,Low,Increasing
Japan,"Exports of goods, Volume index",Exports of goods,Free on board (FOB),Units,Not Applicable,102.4843505477308,2016,True,Low,No Data
Japan,"Exports of goods, Volume index",Exports of goods,Free on board (FOB),Units,Not Applicable,108.7245696400626,2017,True,Low,Increasing
Japan,"Exports of goods, Volume index",Exports of goods,Free on board (FOB),Units,Not Applicable,111.6588419405321,2018,True,Low,Increasing
Japan,"Exports of goods, Volume index",Exports of goods,Free on board (FOB),Units,Not Applicable,109.6048513302034,2019,True,Low,Decreasing
Japan,"Exports of goods, Volume index",Exports of goods,Free on board (FOB),Units,Not Applicable,100.6846635367762,2020,True,Low,Decreasing
Japan,"Exports of goods, Volume index",Exports of goods,Free on board (FOB),Units,Not Applicable,112.9107981220657,2021,True,Low,Increasing
Japan,"Exports of goods, Volume index",Exports of goods,Free on board (FOB),Units,Not Applicable,114.7104851330204,2022,True,Low,Increasing
Japan,"Exports of goods, Volume index",Exports of goods,Free on board (FOB),Units,Not Applicable,113.3411580594679,2023,True,Low,Decreasing
Japan,"Exports of goods, Volume index",Exports of goods,Free on board (FOB),Units,Not Applicable,112.6173708920188,2024,True,Low,Decreasing
Japan,"Exports of goods, Volume index",Exports of goods,Free on board (FOB),Units,Not Applicable,116.8035993740219,2025,True,Low,Increasing
Japan,Import price index,Imports of goods,Cost insurance freight (CIF),Units,Not Applicable,84.91261070616818,2016,False,Low,No Data
Japan,Import price index,Imports of goods,Cost insurance freight (CIF),Units,Not Applicable,84.4658672309742,2017,False,Low,Decreasing
Japan,Import price index,Imports of goods,Cost insurance freight (CIF),Units,Not Applicable,86.86417430833136,2018,False,Low,Increasing
Japan,Import price index,Imports of goods,Cost insurance freight (CIF),Units,Not Applicable,84.45019202131827,2019,False,Low,Decreasing
Japan,Import price index,Imports of goods,Cost insurance freight (CIF),Units,Not Applicable,82.31836350811191,2020,False,Low,Decreasing
Japan,"Imports of goods, Price deflator",Imports of goods,Cost insurance freight (CIF),Units,Not Applicable,105.8807845489844,2016,False,Low,No Data
Japan,"Imports of goods, Price deflator",Imports of goods,Cost insurance freight (CIF),Units,Not Applicable,117.0982685930443,2017,False,Low,Increasing
Japan,"Imports of goods, Volume index",Imports of goods,Cost insurance freight (CIF),Units,Not Applicable,114.4648023143684,2016,False,Low,No Data
Japan,"Imports of goods, Volume index",Imports of goods,Cost insurance freight (CIF),Units,Not Applicable,117.695274831244,2017,False,Low,Increasing
Japan,"Imports of goods, Volume index",Imports of goods,Cost insurance freight (CIF),Units,Not Applicable,120.1301832208293,2018,False,Low,Increasing
Japan,"Imports of goods, Volume index",Imports of goods,Cost insurance freight (CIF),Units,Not Applicable,120.6123432979749,2019,False,Low,Increasing
Japan,"Imports of goods, Volume index",Imports of goods,Cost insurance freight (CIF),Units,Not Applicable,116.2729026036644,2020,False,Low,Decreasing
Japan,"Imports of goods, Volume index",Imports of goods,Cost insurance freight (CIF),Units,Not Applicable,119.3105110896818,2021,False,Low,Increasing
Japan,"Imports of goods, Volume index",Imports of goods,Cost insurance freight (CIF),Units,Not Applicable,119.8167791706847,2022,False,Low,Increasing
Japan,"Imports of goods, Volume index",Imports of goods,Cost insurance freight (CIF),Units,Not Applicable,116.9961427193828,2023,False,Low,Decreasing
Japan,"Imports of goods, Volume index",Imports of goods,Cost insurance freight (CIF),Units,Not Applicable,116.4175506268081,2024,False,Low,Decreasing
Japan,"Imports of goods, Volume index",Imports of goods,Cost insurance freight (CIF),Units,Not Applicable,121.9864995178399,2025,False,Low,Increasing
Jordan,"Exports of goods, Price deflator",Exports of goods,Free on board (FOB),Units,Not Applicable,102.8726472374014,2016,True,Low,No Data
Jordan,"Exports of goods, Volume index",Exports of goods,Free on board (FOB),Units,Not Applicable,107.2708653353815,2016,True,Low,No Data
Jordan,"Exports of goods, Volume index",Exports of goods,Free on board (FOB),Units,Not Applicable,105.8542413381123,2017,True,Low,Decreasing
Jordan,"Exports of goods, Volume index",Exports of goods,Free on board (FOB),Units,Not Applicable,105.3934118450248,2018,True,Low,Decreasing
Jordan,"Exports of goods, Volume index",Exports of goods,Free on board (FOB),Units,Not Applicable,114.6612049837856,2019,True,Low,Increasing
Jordan,"Exports of goods, Volume index",Exports of goods,Free on board (FOB),Units,Not Applicable,108.3973374295955,2020,True,Low,Decreasing
Jordan,"Exports of goods, Volume index",Exports of goods,Free on board (FOB),Units,Not Applicable,110.0870455709165,2021,True,Low,Increasing
Jordan,"Exports of goods, Volume index",Exports of goods,Free on board (FOB),Units,Not Applicable,129.441884280594,2022,True,Low,Increasing
Jordan,"Exports of goods, Volume index",Exports of goods,Free on board (FOB),Units,Not Applicable,136.6274108209592,2023,True,Low,Increasing
Jordan,"Exports of goods, Volume index",Exports of goods,Free on board (FOB),Units,Not Applicable,153.6951698242021,2024,True,Low,Increasing
Jordan,"Exports of goods, Volume index",Exports of goods,Free on board (FOB),Units,Not Applicable,160.7100187745349,2025,True,Low,Increasing
Jordan,"Imports of goods, Price deflator",Imports of goods,Cost insurance freight (CIF),Units,Not Applicable,122.5967755841021,2016,False,Low,No Data
Jordan,"Imports of goods, Volume index",Imports of goods,Cost insurance freight (CIF),Units,Not Applicable,142.5621491579791,2016,False,Low,No Data
Jordan,"Imports of goods, Volume index",Imports of goods,Cost insurance freight (CIF),Units,Not Applicable,142.6623897353649,2017,False,Low,Increasing
Jordan,"Imports of goods, Volume index",Imports of goods,Cost insurance freight (CIF),Units,Not Applicable,134.0016038492382,2018,False,Low,Decreasing
Jordan,"Imports of goods, Volume index",Imports of goods,Cost insurance freight (CIF),Units,Not Applicable,131.6158781074579,2019,False,Low,Decreasing
Jordan,"Imports of goods, Volume index",Imports of goods,Cost insurance freight (CIF),Units,Not Applicable,122.8748997594226,2020,False,Low,Decreasing
Jordan,"Imports of goods, Volume index",Imports of goods,Cost insurance freight (CIF),Units,Not Applicable,128.4282277465918,2021,False,Low,Increasing
Jordan,"Imports of goods, Volume index",Imports of goods,Cost insurance freight (CIF),Units,Not Applicable,142.9430633520449,2022,False,Low,Increasing
Jordan,"Imports of goods, Volume index",Imports of goods,Cost insurance freight (CIF),Units,Not Applicable,139.0136327185245,2023,False,Low,Decreasing
Jordan,"Imports of goods, Volume index",Imports of goods,Cost insurance freight (CIF),Units,Not Applicable,145.308740978348,2024,False,Low,Increasing
Jordan,"Imports of goods, Volume index",Imports of goods,Cost insurance freight (CIF),Units,Not Applicable,153.0673616680032,2025,False,Low,Increasing
"Kazakhstan, Republic of","Exports of goods, Volume index",Exports of goods,Free on board (FOB),Units,Not Applicable,99.39172749391729,2016,True,Low,No Data
"Kazakhstan, Republic of","Exports of goods, Volume index",Exports of goods,Free on board (FOB),Units,Not Applicable,107.7337504344804,2017,True,Low,Increasing
"Kazakhstan, Republic of","Exports of goods, Volume index",Exports of goods,Free on board (FOB),Units,Not Applicable,113.5036496350365,2018,True,Low,Increasing
"Kazakhstan, Republic of","Exports of goods, Volume index",Exports of goods,Free on board (FOB),Units,Not Applicable,117.2054223149114,2019,True,Low,Increasing
"Kazakhstan, Republic of","Exports of goods, Volume index",Exports of goods,Free on board (FOB),Units,Not Applicable,119.9339589850539,2020,True,Low,Increasing
"Kazakhstan, Republic of","Exports of goods, Volume index",Exports of goods,Free on board (FOB),Units,Not Applicable,96.62843239485576,2021,True,Low,Decreasing
"Kazakhstan, Republic of","Exports of goods, Volume index",Exports of goods,Free on board (FOB),Units,Not Applicable,100.3128258602711,2022,True,Low,Increasing
"Kazakhstan, Republic of","Exports of goods, Volume index",Exports of goods,Free on board (FOB),Units,Not Applicable,109.4542926659715,2023,True,Low,Increasing
"Kazakhstan, Republic of","Exports of goods, Volume index",Exports of goods,Free on board (FOB),Units,Not Applicable,117.3965936739659,2024,True,Low,Increasing
"Kazakhstan, Republic of","Exports of goods, Volume index",Exports of goods,Free on board (FOB),Units,Not Applicable,120.8724365658672,2025,True,Low,Increasing
"Kazakhstan, Republic of","Imports of goods, Volume index",Imports of goods,Cost insurance freight (CIF),Units,Not Applicable,83.06585500830106,2016,False,Low,No Data
"Kazakhstan, Republic of","Imports of goods, Volume index",Imports of goods,Cost insurance freight (CIF),Units,Not Applicable,93.53901494189265,2017,False,Low,Increasing
"Kazakhstan, Republic of","Imports of goods, Volume index",Imports of goods,Cost insurance freight (CIF),Units,Not Applicable,100.1521859435528,2018,False,Low,Increasing
"Kazakhstan, Republic of","Imports of goods, Volume index",Imports of goods,Cost insurance freight (CIF),Units,Not Applicable,119.0232429441062,2019,False,Low,Increasing
"Kazakhstan, Republic of","Imports of goods, Volume index",Imports of goods,Cost insurance freight (CIF),Units,Not Applicable,116.8372993912562,2020,False,Low,Decreasing
"Kazakhstan, Republic of","Imports of goods, Volume index",Imports of goods,Cost insurance freight (CIF),Units,Not Applicable,112.2302158273381,2021,False,Low,Decreasing
"Kazakhstan, Republic of","Imports of goods, Volume index",Imports of goods,Cost insurance freight (CIF),Units,Not Applicable,123.7825124515772,2022,False,Low,Increasing
"Kazakhstan, Republic of","Imports of goods, Volume index",Imports of goods,Cost insurance freight (CIF),Units,Not Applicable,149.9446596568899,2023,False,Low,Increasing
"Kazakhstan, Republic of","Imports of goods, Volume index",Imports of goods,Cost insurance freight (CIF),Units,Not Applicable,147.3574986164914,2024,False,Low,Decreasing
"Kazakhstan, Republic of","Imports of goods, Volume index",Imports of goods,Cost insurance freight (CIF),Units,Not Applicable,159.7537354731599,2025,False,Low,Increasing
Kenya,"Exports of goods, Volume index",Exports of goods,Free on board (FOB),Units,Not Applicable,117.2351479557262,2016,True,Low,No Data
Kenya,"Exports of goods, Volume index",Exports of goods,Free on board (FOB),Units,Not Applicable,108.5159250056472,2017,True,Low,Decreasing
Kenya,"Exports of goods, Volume index",Exports of goods,Free on board (FOB),Units,Not Applicable,115.3151118138694,2018,True,Low,Increasing
Kenya,"Exports of goods, Volume index",Exports of goods,Free on board (FOB),Units,Not Applicable,116.8737293878473,2019,True,Low,Increasing
Kenya,"Exports of goods, Volume index",Exports of goods,Free on board (FOB),Units,Not Applicable,118.5227016037949,2020,True,Low,Increasing
Kenya,"Exports of goods, Volume index",Exports of goods,Free on board (FOB),Units,Not Applicable,118.0935170544387,2021,True,Low,Decreasing
Kenya,"Exports of goods, Volume index",Exports of goods,Free on board (FOB),Units,Not Applicable,117.0092613508019,2022,True,Low,Decreasing
Kenya,"Exports of goods, Volume index",Exports of goods,Free on board (FOB),Units,Not Applicable,115.1569911904224,2023,True,Low,Decreasing
Kenya,"Exports of goods, Volume index",Exports of goods,Free on board (FOB),Units,Not Applicable,127.9873503501242,2024,True,Low,Increasing
Kenya,"Exports of goods, Volume index",Exports of goods,Free on board (FOB),Units,Not Applicable,128.5972441834199,2025,True,Low,Increasing
Kenya,"Imports of goods, Volume index",Imports of goods,Cost insurance freight (CIF),Units,Not Applicable,128.6034353995519,2016,False,Low,No Data
Kenya,"Imports of goods, Volume index",Imports of goods,Cost insurance freight (CIF),Units,Not Applicable,144.8842419716206,2017,False,Low,Increasing
Kenya,"Imports of goods, Volume index",Imports of goods,Cost insurance freight (CIF),Units,Not Applicable,144.9141150112024,2018,False,Low,Increasing
Kenya,"Imports of goods, Volume index",Imports of goods,Cost insurance freight (CIF),Units,Not Applicable,151.6504854368932,2019,False,Low,Increasing
Kenya,"Imports of goods, Volume index",Imports of goods,Cost insurance freight (CIF),Units,Not Applicable,135.3099327856609,2020,False,Low,Decreasing
Kenya,"Imports of goods, Volume index",Imports of goods,Cost insurance freight (CIF),Units,Not Applicable,144.5108289768484,2021,False,Low,Increasing
Kenya,"Imports of goods, Volume index",Imports of goods,Cost insurance freight (CIF),Units,Not Applicable,135.6086631814787,2022,False,Low,Decreasing
Kenya,"Imports of goods, Volume index",Imports of goods,Cost insurance freight (CIF),Units,Not Applicable,128.1105302464526,2023,False,Low,Decreasing
Kenya,"Imports of goods, Volume index",Imports of goods,Cost insurance freight (CIF),Units,Not Applicable,142.4346527259149,2024,False,Low,Increasing
Kenya,"Imports of goods, Volume index",Imports of goods,Cost insurance freight (CIF),Units,Not Applicable,152.2628827483196,2025,False,Low,Increasing
"Korea, Republic of",Export price index (EPI),Exports of goods,Free on board (FOB),Units,Not Applicable,80.75295755045232,2016,True,Low,No Data
"Korea, Republic of",Export price index (EPI),Exports of goods,Free on board (FOB),Units,Not Applicable,85.7098121085595,2017,True,Low,Increasing
"Korea, Republic of",Export price index (EPI),Exports of goods,Free on board (FOB),Units,Not Applicable,86.35142658315942,2018,True,Low,Increasing
"Korea, Republic of",Export price index (EPI),Exports of goods,Free on board (FOB),Units,Not Applicable,83.4599860821155,2019,True,Low,Decreasing
"Korea, Republic of",Export price index (EPI),Exports of goods,Free on board (FOB),Units,Not Applicable,79.116214335421,2020,True,Low,Decreasing
"Korea, Republic of",Export price index (EPI),Exports of goods,Free on board (FOB),Units,Not Applicable,90.41823242867082,2021,True,Low,Increasing
"Korea, Republic of","Exports of goods, Volume index",Exports of goods,Free on board (FOB),Units,Not Applicable,131.9732353712936,2016,True,Low,No Data
"Korea, Republic of","Exports of goods, Volume index",Exports of goods,Free on board (FOB),Units,Not Applicable,140.3437418000525,2017,True,Low,Increasing
"Korea, Republic of","Exports of goods, Volume index",Exports of goods,Free on board (FOB),Units,Not Applicable,59.15114143269483,2018,True,Low,Decreasing
"Korea, Republic of","Exports of goods, Volume index",Exports of goods,Free on board (FOB),Units,Not Applicable,57.90824805387914,2019,True,Low,Decreasing
"Korea, Republic of","Exports of goods, Volume index",Exports of goods,Free on board (FOB),Units,Not Applicable,58.44966325548848,2020,True,Low,Increasing
"Korea, Republic of","Exports of goods, Volume index",Exports of goods,Free on board (FOB),Units,Not Applicable,86.6797865826992,2021,True,Low,Increasing
"Korea, Republic of","Exports of goods, Volume index",Exports of goods,Free on board (FOB),Units,Not Applicable,154.906848596169,2022,True,Low,Increasing
"Korea, Republic of","Exports of goods, Volume index",Exports of goods,Free on board (FOB),Units,Not Applicable,158.1343479401732,2023,True,Low,Increasing
"Korea, Republic of","Exports of goods, Volume index",Exports of goods,Free on board (FOB),Units,Not Applicable,168.1448438729992,2024,True,Medium,Increasing
"Korea, Republic of","Exports of goods, Volume index",Exports of goods,Free on board (FOB),Units,Not Applicable,177.8929414851745,2025,True,Medium,Increasing
"Korea, Republic of",Import price index,Imports of goods,Cost insurance freight (CIF),Units,Not Applicable,76.9618642649077,2016,False,Low,No Data
"Korea, Republic of",Import price index,Imports of goods,Cost insurance freight (CIF),Units,Not Applicable,81.99819198446447,2017,False,Low,Increasing
"Korea, Republic of",Import price index,Imports of goods,Cost insurance freight (CIF),Units,Not Applicable,87.13161683463353,2018,False,Low,Increasing
"Korea, Republic of",Import price index,Imports of goods,Cost insurance freight (CIF),Units,Not Applicable,87.86151940268519,2019,False,Low,Increasing
"Korea, Republic of",Import price index,Imports of goods,Cost insurance freight (CIF),Units,Not Applicable,80.23839019653794,2020,False,Low,Decreasing
"Korea, Republic of",Import price index,Imports of goods,Cost insurance freight (CIF),Units,Not Applicable,94.38309840291961,2021,False,Low,Increasing
"Korea, Republic of","Imports of goods, Volume index",Imports of goods,Cost insurance freight (CIF),Units,Not Applicable,124.5304282494365,2016,False,Low,No Data
"Korea, Republic of","Imports of goods, Volume index",Imports of goods,Cost insurance freight (CIF),Units,Not Applicable,134.3350864012021,2017,False,Low,Increasing
"Korea, Republic of","Imports of goods, Volume index",Imports of goods,Cost insurance freight (CIF),Units,Not Applicable,83.66203355872773,2018,False,Low,Decreasing
"Korea, Republic of","Imports of goods, Volume index",Imports of goods,Cost insurance freight (CIF),Units,Not Applicable,82.26959679439024,2019,False,Low,Decreasing
"Korea, Republic of","Imports of goods, Volume index",Imports of goods,Cost insurance freight (CIF),Units,Not Applicable,85.05634861006762,2020,False,Low,Increasing
"Korea, Republic of","Imports of goods, Volume index",Imports of goods,Cost insurance freight (CIF),Units,Not Applicable,108.9869772101177,2021,False,Low,Increasing
"Korea, Republic of","Imports of goods, Volume index",Imports of goods,Cost insurance freight (CIF),Units,Not Applicable,161.7392937640872,2022,False,Low,Increasing
"Korea, Republic of","Imports of goods, Volume index",Imports of goods,Cost insurance freight (CIF),Units,Not Applicable,156.3486100676183,2023,False,Low,Decreasing
"Korea, Republic of","Imports of goods, Volume index",Imports of goods,Cost insurance freight (CIF),Units,Not Applicable,156.5176558978212,2024,False,Low,Increasing
"Korea, Republic of","Imports of goods, Volume index",Imports of goods,Cost insurance freight (CIF),Units,Not Applicable,164.0871525169046,2025,False,Low,Increasing
"Kosovo, Republic of",Import price index,Imports of goods,Cost insurance freight (CIF),Units,Not Applicable,96.08695652173913,2016,False,Low,No Data
Kuwait,"Exports of goods, Volume index",Exports of goods,Free on board (FOB),Units,Not Applicable,105.0618672665917,2016,True,Low,No Data
Kuwait,"Exports of goods, Volume index",Exports of goods,Free on board (FOB),Units,Not Applicable,105.1293588301462,2017,True,Low,Increasing
Kuwait,"Exports of goods, Volume index",Exports of goods,Free on board (FOB),Units,Not Applicable,111.7660292463442,2018,True,Low,Increasing
Kuwait,"Exports of goods, Volume index",Exports of goods,Free on board (FOB),Units,Not Applicable,109.7637795275591,2019,True,Low,Decreasing
Kuwait,"Exports of goods, Volume index",Exports of goods,Free on board (FOB),Units,Not Applicable,89.15635545556805,2020,True,Low,Decreasing
Kuwait,"Exports of goods, Volume index",Exports of goods,Free on board (FOB),Units,Not Applicable,88.93138357705287,2021,True,Low,Decreasing
Kuwait,"Exports of goods, Volume index",Exports of goods,Free on board (FOB),Units,Not Applicable,99.25759280089989,2022,True,Low,Increasing
Kuwait,"Exports of goods, Volume index",Exports of goods,Free on board (FOB),Units,Not Applicable,100.9673790776153,2023,True,Low,Increasing
Kuwait,"Exports of goods, Volume index",Exports of goods,Free on board (FOB),Units,Not Applicable,93.83577052868392,2024,True,Low,Decreasing
Kuwait,"Exports of goods, Volume index",Exports of goods,Free on board (FOB),Units,Not Applicable,96.0179977502812,2025,True,Low,Increasing
Kuwait,"Imports of goods, Volume index",Imports of goods,Cost insurance freight (CIF),Units,Not Applicable,136.2394652717233,2016,False,Low,No Data
Kuwait,"Imports of goods, Volume index",Imports of goods,Cost insurance freight (CIF),Units,Not Applicable,144.3475733798314,2017,False,Low,Increasing
Kuwait,"Imports of goods, Volume index",Imports of goods,Cost insurance freight (CIF),Units,Not Applicable,150.566695727986,2018,False,Low,Increasing
Kuwait,"Imports of goods, Volume index",Imports of goods,Cost insurance freight (CIF),Units,Not Applicable,141.7320546352804,2019,False,Low,Decreasing
Kuwait,"Imports of goods, Volume index",Imports of goods,Cost insurance freight (CIF),Units,Not Applicable,115.0537634408602,2020,False,Low,Decreasing
Kuwait,"Imports of goods, Volume index",Imports of goods,Cost insurance freight (CIF),Units,Not Applicable,123.830281894798,2021,False,Low,Increasing
Kuwait,"Imports of goods, Volume index",Imports of goods,Cost insurance freight (CIF),Units,Not Applicable,126.4167393199651,2022,False,Low,Increasing
Kuwait,"Imports of goods, Volume index",Imports of goods,Cost insurance freight (CIF),Units,Not Applicable,135.5419936065097,2023,False,Low,Increasing
Kuwait,"Imports of goods, Volume index",Imports of goods,Cost insurance freight (CIF),Units,Not Applicable,135.5129322871258,2024,False,Low,Decreasing
Kuwait,"Imports of goods, Volume index",Imports of goods,Cost insurance freight (CIF),Units,Not Applicable,145.0741063644289,2025,False,Low,Increasing
Kyrgyz Republic,"Exports of goods, Volume index",Exports of goods,Free on board (FOB),Units,Not Applicable,107.6629084655074,2016,True,Low,No Data
Kyrgyz Republic,"Exports of goods, Volume index",Exports of goods,Free on board (FOB),Units,Not Applicable,115.9564303458819,2017,True,Low,Increasing
Kyrgyz Republic,"Exports of goods, Volume index",Exports of goods,Free on board (FOB),Units,Not Applicable,117.7145041085419,2018,True,Low,Increasing
Kyrgyz Republic,"Exports of goods, Volume index",Exports of goods,Free on board (FOB),Units,Not Applicable,125.6831645327728,2019,True,Low,Increasing
Kyrgyz Republic,"Exports of goods, Volume index",Exports of goods,Free on board (FOB),Units,Not Applicable,113.9117141219186,2020,True,Low,Decreasing
Kyrgyz Republic,"Exports of goods, Volume index",Exports of goods,Free on board (FOB),Units,Not Applicable,143.8562965794,2021,True,Low,Increasing
Kyrgyz Republic,"Exports of goods, Volume index",Exports of goods,Free on board (FOB),Units,Not Applicable,112.9944582457481,2022,True,Low,Decreasing
Kyrgyz Republic,"Exports of goods, Volume index",Exports of goods,Free on board (FOB),Units,Not Applicable,177.3170265622014,2023,True,Medium,Increasing
Kyrgyz Republic,"Exports of goods, Volume index",Exports of goods,Free on board (FOB),Units,Not Applicable,242.0408943244793,2024,True,Medium,Increasing
Kyrgyz Republic,"Exports of goods, Volume index",Exports of goods,Free on board (FOB),Units,Not Applicable,108.8476973055609,2025,True,Low,Decreasing
Kyrgyz Republic,"Imports of goods, Volume index",Imports of goods,Cost insurance freight (CIF),Units,Not Applicable,132.5955353764661,2016,False,Low,No Data
Kyrgyz Republic,"Imports of goods, Volume index",Imports of goods,Cost insurance freight (CIF),Units,Not Applicable,140.9194097616345,2017,False,Low,Increasing
Kyrgyz Republic,"Imports of goods, Volume index",Imports of goods,Cost insurance freight (CIF),Units,Not Applicable,158.3049564888384,2018,False,Low,Increasing
Kyrgyz Republic,"Imports of goods, Volume index",Imports of goods,Cost insurance freight (CIF),Units,Not Applicable,154.5686719636776,2019,False,Low,Decreasing
Kyrgyz Republic,"Imports of goods, Volume index",Imports of goods,Cost insurance freight (CIF),Units,Not Applicable,118.0949678395762,2020,False,Low,Decreasing
Kyrgyz Republic,"Imports of goods, Volume index",Imports of goods,Cost insurance freight (CIF),Units,Not Applicable,151.3810064320847,2021,False,Low,Increasing
Kyrgyz Republic,"Imports of goods, Volume index",Imports of goods,Cost insurance freight (CIF),Units,Not Applicable,230.6564510026485,2022,False,Medium,Increasing
Kyrgyz Republic,"Imports of goods, Volume index",Imports of goods,Cost insurance freight (CIF),Units,Not Applicable,301.0594021944759,2023,False,Medium,Increasing
Kyrgyz Republic,"Imports of goods, Volume index",Imports of goods,Cost insurance freight (CIF),Units,Not Applicable,303.0079455164585,2024,False,Medium,Increasing
Kyrgyz Republic,"Imports of goods, Volume index",Imports of goods,Cost insurance freight (CIF),Units,Not Applicable,313.3371169125993,2025,False,Medium,Increasing
"Latvia, Republic of","Exports of goods, Price deflator",Exports of goods,Free on board (FOB),Units,Not Applicable,113.9555779552449,2016,True,Low,No Data
"Latvia, Republic of","Exports of goods, Volume index",Exports of goods,Free on board (FOB),Units,Not Applicable,141.9702892885066,2016,True,Low,No Data
"Latvia, Republic of","Exports of goods, Volume index",Exports of goods,Free on board (FOB),Units,Not Applicable,152.0719311962471,2017,True,Low,Increasing
"Latvia, Republic of","Exports of goods, Volume index",Exports of goods,Free on board (FOB),Units,Not Applicable,158.3737294761532,2018,True,Low,Increasing
"Latvia, Republic of","Exports of goods, Volume index",Exports of goods,Free on board (FOB),Units,Not Applicable,161.5793588741204,2019,True,Low,Increasing
"Latvia, Republic of","Exports of goods, Volume index",Exports of goods,Free on board (FOB),Units,Not Applicable,165.9890539483972,2020,True,Medium,Increasing
"Latvia, Republic of","Exports of goods, Volume index",Exports of goods,Free on board (FOB),Units,Not Applicable,173.9014855355747,2021,True,Medium,Increasing
"Latvia, Republic of","Exports of goods, Volume index",Exports of goods,Free on board (FOB),Units,Not Applicable,174.6833463643471,2022,True,Medium,Increasing
"Latvia, Republic of","Exports of goods, Volume index",Exports of goods,Free on board (FOB),Units,Not Applicable,169.3979671618452,2023,True,Medium,Decreasing
"Latvia, Republic of","Exports of goods, Volume index",Exports of goods,Free on board (FOB),Units,Not Applicable,156.2314308053167,2024,True,Low,Decreasing
"Latvia, Republic of","Exports of goods, Volume index",Exports of goods,Free on board (FOB),Units,Not Applicable,158.1860828772479,2025,True,Low,Increasing
"Latvia, Republic of","Imports of goods, Price deflator",Imports of goods,Cost insurance freight (CIF),Units,Not Applicable,104.7894118914828,2016,False,Low,No Data
"Latvia, Republic of","Imports of goods, Volume index",Imports of goods,Cost insurance freight (CIF),Units,Not Applicable,134.8179784421395,2016,False,Low,No Data
"Latvia, Republic of","Imports of goods, Volume index",Imports of goods,Cost insurance freight (CIF),Units,Not Applicable,144.3766524303437,2017,False,Low,Increasing
"Latvia, Republic of","Imports of goods, Volume index",Imports of goods,Cost insurance freight (CIF),Units,Not Applicable,154.3014032946919,2018,False,Low,Increasing
"Latvia, Republic of","Imports of goods, Volume index",Imports of goods,Cost insurance freight (CIF),Units,Not Applicable,156.050437258491,2019,False,Low,Increasing
"Latvia, Republic of","Imports of goods, Volume index",Imports of goods,Cost insurance freight (CIF),Units,Not Applicable,151.2914378686191,2020,False,Low,Decreasing
"Latvia, Republic of","Imports of goods, Volume index",Imports of goods,Cost insurance freight (CIF),Units,Not Applicable,166.0768761439902,2021,False,Medium,Increasing
"Latvia, Republic of","Imports of goods, Volume index",Imports of goods,Cost insurance freight (CIF),Units,Not Applicable,167.1140939597315,2022,False,Medium,Increasing
"Latvia, Republic of","Imports of goods, Volume index",Imports of goods,Cost insurance freight (CIF),Units,Not Applicable,161.744966442953,2023,False,Low,Decreasing
"Latvia, Republic of","Imports of goods, Volume index",Imports of goods,Cost insurance freight (CIF),Units,Not Applicable,146.1663616026032,2024,False,Low,Decreasing
"Latvia, Republic of","Imports of goods, Volume index",Imports of goods,Cost insurance freight (CIF),Units,Not Applicable,153.121822249339,2025,False,Low,Increasing
Lebanon,"Exports of goods, Volume index",Exports of goods,Free on board (FOB),Units,Not Applicable,78.6672196875432,2016,True,Low,No Data
Lebanon,"Exports of goods, Volume index",Exports of goods,Free on board (FOB),Units,Not Applicable,77.87916493847644,2017,True,Low,Decreasing
Lebanon,"Exports of goods, Volume index",Exports of goods,Free on board (FOB),Units,Not Applicable,72.04479469099958,2018,True,Low,Decreasing
Lebanon,"Exports of goods, Volume index",Exports of goods,Free on board (FOB),Units,Not Applicable,93.93059587999448,2019,True,Low,Increasing
Lebanon,"Exports of goods, Volume index",Exports of goods,Free on board (FOB),Units,Not Applicable,75.2246647310936,2020,True,Low,Decreasing
Lebanon,"Exports of goods, Volume index",Exports of goods,Free on board (FOB),Units,Not Applicable,69.65297939997235,2021,True,Low,Decreasing
Lebanon,"Exports of goods, Volume index",Exports of goods,Free on board (FOB),Units,Not Applicable,70.8281487626158,2022,True,Low,Increasing
Lebanon,"Exports of goods, Volume index",Exports of goods,Free on board (FOB),Units,Not Applicable,63.52827319231301,2023,True,Low,Decreasing
Lebanon,"Exports of goods, Volume index",Exports of goods,Free on board (FOB),Units,Not Applicable,57.99806442693212,2024,True,Low,Decreasing
Lebanon,"Exports of goods, Volume index",Exports of goods,Free on board (FOB),Units,Not Applicable,69.1414350891746,2025,True,Low,Increasing
Lebanon,"Imports of goods, Volume index",Imports of goods,Cost insurance freight (CIF),Units,Not Applicable,113.546520970593,2016,False,Low,No Data
Lebanon,"Imports of goods, Volume index",Imports of goods,Cost insurance freight (CIF),Units,Not Applicable,110.1398039530773,2017,False,Low,Decreasing
Lebanon,"Imports of goods, Volume index",Imports of goods,Cost insurance freight (CIF),Units,Not Applicable,106.5241844769404,2018,False,Low,Decreasing
Lebanon,"Imports of goods, Volume index",Imports of goods,Cost insurance freight (CIF),Units,Not Applicable,104.3387433713643,2019,False,Low,Decreasing
Lebanon,"Imports of goods, Volume index",Imports of goods,Cost insurance freight (CIF),Units,Not Applicable,63.90808291820665,2020,False,Low,Decreasing
Lebanon,"Imports of goods, Volume index",Imports of goods,Cost insurance freight (CIF),Units,Not Applicable,65.25791418929776,2021,False,Low,Increasing
Lebanon,"Imports of goods, Volume index",Imports of goods,Cost insurance freight (CIF),Units,Not Applicable,75.5744817612084,2022,False,Low,Increasing
Lebanon,"Imports of goods, Volume index",Imports of goods,Cost insurance freight (CIF),Units,Not Applicable,74.40141410895066,2023,False,Low,Decreasing
Lebanon,"Imports of goods, Volume index",Imports of goods,Cost insurance freight (CIF),Units,Not Applicable,71.55712678772296,2024,False,Low,Decreasing
Lebanon,"Imports of goods, Volume index",Imports of goods,Cost insurance freight (CIF),Units,Not Applicable,86.88735336654346,2025,False,Low,Increasing
"Lithuania, Republic of",Export price index (EPI),Exports of goods,Free on board (FOB),Units,Not Applicable,102.4571418714284,2016,True,Low,No Data
"Lithuania, Republic of",Export price index (EPI),Exports of goods,Free on board (FOB),Units,Not Applicable,107.2670839389236,2017,True,Low,Increasing
"Lithuania, Republic of","Exports of goods, Volume index",Exports of goods,Free on board (FOB),Units,Not Applicable,132.3105298457411,2016,True,Low,No Data
"Lithuania, Republic of","Exports of goods, Volume index",Exports of goods,Free on board (FOB),Units,Not Applicable,144.4835680751174,2017,True,Low,Increasing
"Lithuania, Republic of","Exports of goods, Volume index",Exports of goods,Free on board (FOB),Units,Not Applicable,143.5110663983904,2018,True,Low,Decreasing
"Lithuania, Republic of","Exports of goods, Volume index",Exports of goods,Free on board (FOB),Units,Not Applicable,149.5975855130785,2019,True,Low,Increasing
"Lithuania, Republic of","Exports of goods, Volume index",Exports of goods,Free on board (FOB),Units,Not Applicable,149.4634473507713,2020,True,Low,Decreasing
"Lithuania, Republic of","Exports of goods, Volume index",Exports of goods,Free on board (FOB),Units,Not Applicable,158.7022132796781,2021,True,Low,Increasing
"Lithuania, Republic of","Exports of goods, Volume index",Exports of goods,Free on board (FOB),Units,Not Applicable,155.2313883299799,2022,True,Low,Decreasing
"Lithuania, Republic of","Exports of goods, Volume index",Exports of goods,Free on board (FOB),Units,Not Applicable,148.2394366197183,2023,True,Low,Decreasing
"Lithuania, Republic of","Exports of goods, Volume index",Exports of goods,Free on board (FOB),Units,Not Applicable,141.1636485580148,2024,True,Low,Decreasing
"Lithuania, Republic of","Exports of goods, Volume index",Exports of goods,Free on board (FOB),Units,Not Applicable,142.7230046948357,2025,True,Low,Increasing
"Lithuania, Republic of",Import price index,Imports of goods,Cost insurance freight (CIF),Units,Not Applicable,97.5379565038982,2016,False,Low,No Data
"Lithuania, Republic of",Import price index,Imports of goods,Cost insurance freight (CIF),Units,Not Applicable,101.2105047189167,2017,False,Low,Increasing
"Lithuania, Republic of",Import price index,Imports of goods,Cost insurance freight (CIF),Units,Not Applicable,106.3295034878949,2018,False,Low,Increasing
"Lithuania, Republic of",Import price index,Imports of goods,Cost insurance freight (CIF),Units,Not Applicable,104.8420188756668,2019,False,Low,Decreasing
"Lithuania, Republic of",Import price index,Imports of goods,Cost insurance freight (CIF),Units,Not Applicable,97.54821501846531,2020,False,Low,Decreasing
"Lithuania, Republic of",Import price index,Imports of goods,Cost insurance freight (CIF),Units,Not Applicable,123.0919162905211,2021,False,Low,Increasing
"Lithuania, Republic of",Import price index,Imports of goods,Cost insurance freight (CIF),Units,Not Applicable,155.5908904390644,2022,False,Low,Increasing
"Lithuania, Republic of",Import price index,Imports of goods,Cost insurance freight (CIF),Units,Not Applicable,142.1522363561756,2023,False,Low,Decreasing
"Lithuania, Republic of",Import price index,Imports of goods,Cost insurance freight (CIF),Units,Not Applicable,138.1103816167418,2024,False,Low,Decreasing
"Lithuania, Republic of",Import price index,Imports of goods,Cost insurance freight (CIF),Units,Not Applicable,134.8071399261386,2025,False,Low,Decreasing
"Lithuania, Republic of","Imports of goods, Volume index",Imports of goods,Cost insurance freight (CIF),Units,Not Applicable,137.7536945812808,2016,False,Low,No Data
"Lithuania, Republic of","Imports of goods, Volume index",Imports of goods,Cost insurance freight (CIF),Units,Not Applicable,148.0985221674877,2017,False,Low,Increasing
"Lithuania, Republic of","Imports of goods, Volume index",Imports of goods,Cost insurance freight (CIF),Units,Not Applicable,150.7980295566502,2018,False,Low,Increasing
"Lithuania, Republic of","Imports of goods, Volume index",Imports of goods,Cost insurance freight (CIF),Units,Not Applicable,155.0344827586207,2019,False,Low,Increasing
"Lithuania, Republic of","Imports of goods, Volume index",Imports of goods,Cost insurance freight (CIF),Units,Not Applicable,149.0443349753695,2020,False,Low,Decreasing
"Lithuania, Republic of","Imports of goods, Volume index",Imports of goods,Cost insurance freight (CIF),Units,Not Applicable,161.3004926108374,2021,False,Low,Increasing
"Lithuania, Republic of","Imports of goods, Volume index",Imports of goods,Cost insurance freight (CIF),Units,Not Applicable,170.3645320197044,2022,False,Medium,Increasing
"Lithuania, Republic of","Imports of goods, Volume index",Imports of goods,Cost insurance freight (CIF),Units,Not Applicable,162.2660098522167,2023,False,Low,Decreasing
"Lithuania, Republic of","Imports of goods, Volume index",Imports of goods,Cost insurance freight (CIF),Units,Not Applicable,151.2709359605911,2024,False,Low,Decreasing
"Lithuania, Republic of","Imports of goods, Volume index",Imports of goods,Cost insurance freight (CIF),Units,Not Applicable,159.4679802955665,2025,False,Low,Increasing
Luxembourg,"Exports of goods, Volume index",Exports of goods,Free on board (FOB),Units,Not Applicable,101.2476894639556,2016,True,Low,No Data
Luxembourg,"Exports of goods, Volume index",Exports of goods,Free on board (FOB),Units,Not Applicable,95.40203327171903,2017,True,Low,Decreasing
Luxembourg,"Exports of goods, Volume index",Exports of goods,Free on board (FOB),Units,Not Applicable,92.46765249537891,2018,True,Low,Decreasing
Luxembourg,"Exports of goods, Volume index",Exports of goods,Free on board (FOB),Units,Not Applicable,95.28650646950092,2019,True,Low,Increasing
Luxembourg,"Exports of goods, Volume index",Exports of goods,Free on board (FOB),Units,Not Applicable,79.36691312384472,2020,True,Low,Decreasing
Luxembourg,"Exports of goods, Volume index",Exports of goods,Free on board (FOB),Units,Not Applicable,83.1792975970425,2021,True,Low,Increasing
Luxembourg,"Exports of goods, Volume index",Exports of goods,Free on board (FOB),Units,Not Applicable,79.85212569316081,2022,True,Low,Decreasing
Luxembourg,"Exports of goods, Volume index",Exports of goods,Free on board (FOB),Units,Not Applicable,76.8022181146026,2023,True,Low,Decreasing
Luxembourg,"Exports of goods, Volume index",Exports of goods,Free on board (FOB),Units,Not Applicable,74.02957486136783,2024,True,Low,Decreasing
Luxembourg,"Exports of goods, Volume index",Exports of goods,Free on board (FOB),Units,Not Applicable,77.10258780036968,2025,True,Low,Increasing
Luxembourg,"Imports of goods, Volume index",Imports of goods,Cost insurance freight (CIF),Units,Not Applicable,88.68337795083961,2016,False,Low,No Data
Luxembourg,"Imports of goods, Volume index",Imports of goods,Cost insurance freight (CIF),Units,Not Applicable,86.9067899732295,2017,False,Low,Decreasing
Luxembourg,"Imports of goods, Volume index",Imports of goods,Cost insurance freight (CIF),Units,Not Applicable,83.71866634217571,2018,False,Low,Decreasing
Luxembourg,"Imports of goods, Volume index",Imports of goods,Cost insurance freight (CIF),Units,Not Applicable,84.74081284984182,2019,False,Low,Increasing
Luxembourg,"Imports of goods, Volume index",Imports of goods,Cost insurance freight (CIF),Units,Not Applicable,73.6918958384035,2020,False,Low,Decreasing
Luxembourg,"Imports of goods, Volume index",Imports of goods,Cost insurance freight (CIF),Units,Not Applicable,81.28498418106595,2021,False,Low,Increasing
Luxembourg,"Imports of goods, Volume index",Imports of goods,Cost insurance freight (CIF),Units,Not Applicable,79.02165977123387,2022,False,Low,Decreasing
Luxembourg,"Imports of goods, Volume index",Imports of goods,Cost insurance freight (CIF),Units,Not Applicable,70.11438306157216,2023,False,Low,Decreasing
Luxembourg,"Imports of goods, Volume index",Imports of goods,Cost insurance freight (CIF),Units,Not Applicable,66.26916524701873,2024,False,Low,Decreasing
Luxembourg,"Imports of goods, Volume index",Imports of goods,Cost insurance freight (CIF),Units,Not Applicable,68.11876368946216,2025,False,Low,Increasing
"Macao Special Administrative Region, People's Republic of China",Export price index (EPI),Exports of goods,Free on board (FOB),Units,Not Applicable,144.4404332129964,2016,True,Low,No Data
"Macao Special Administrative Region, People's Republic of China",Export price index (EPI),Exports of goods,Free on board (FOB),Units,Not Applicable,162.202166064982,2017,True,Low,Increasing
"Macao Special Administrative Region, People's Republic of China","Exports of goods, Price deflator",Exports of goods,Free on board (FOB),Units,Not Applicable,105.7377049180328,2016,True,Low,No Data
"Macao Special Administrative Region, People's Republic of China","Exports of goods, Price deflator",Exports of goods,Free on board (FOB),Units,Not Applicable,105.7377049180328,2017,True,Low,No Data
"Macao Special Administrative Region, People's Republic of China",Import price index,Imports of goods,Cost insurance freight (CIF),Units,Not Applicable,161.7064294379297,2016,False,Low,No Data
"Macao Special Administrative Region, People's Republic of China",Import price index,Imports of goods,Cost insurance freight (CIF),Units,Not Applicable,171.9369187221998,2017,False,Medium,Increasing
"Macao Special Administrative Region, People's Republic of China","Imports of goods, Price deflator",Imports of goods,Cost insurance freight (CIF),Units,Not Applicable,106.9214323890968,2016,False,Low,No Data
"Macao Special Administrative Region, People's Republic of China","Imports of goods, Price deflator",Imports of goods,Cost insurance freight (CIF),Units,Not Applicable,106.600748262961,2017,False,Low,Decreasing
Malaysia,"Exports of goods, Volume index",Exports of goods,Free on board (FOB),Units,Not Applicable,119.7419000549149,2016,True,Low,No Data
Malaysia,"Exports of goods, Volume index",Exports of goods,Free on board (FOB),Units,Not Applicable,132.9763866007688,2017,True,Low,Increasing
Malaysia,"Exports of goods, Volume index",Exports of goods,Free on board (FOB),Units,Not Applicable,140.3624382207578,2018,True,Low,Increasing
Malaysia,"Exports of goods, Volume index",Exports of goods,Free on board (FOB),Units,Not Applicable,138.1383855024712,2019,True,Low,Decreasing
Malaysia,"Exports of goods, Volume index",Exports of goods,Free on board (FOB),Units,Not Applicable,140.1702361339923,2020,True,Low,Increasing
Malaysia,"Exports of goods, Volume index",Exports of goods,Free on board (FOB),Units,Not Applicable,160.1043382756727,2021,True,Low,Increasing
Malaysia,"Exports of goods, Volume index",Exports of goods,Free on board (FOB),Units,Not Applicable,170.5930807248765,2022,True,Medium,Increasing
Malaysia,"Exports of goods, Volume index",Exports of goods,Free on board (FOB),Units,Not Applicable,159.0060406370126,2023,True,Low,Decreasing
Malaysia,"Exports of goods, Volume index",Exports of goods,Free on board (FOB),Units,Not Applicable,161.8341570565623,2024,True,Low,Increasing
Malaysia,"Exports of goods, Volume index",Exports of goods,Free on board (FOB),Units,Not Applicable,169.2476661175179,2025,True,Medium,Increasing
Malaysia,"Imports of goods, Volume index",Imports of goods,Cost insurance freight (CIF),Units,Not Applicable,118.4829991281604,2016,False,Low,No Data
Malaysia,"Imports of goods, Volume index",Imports of goods,Cost insurance freight (CIF),Units,Not Applicable,133.7837837837838,2017,False,Low,Increasing
Malaysia,"Imports of goods, Volume index",Imports of goods,Cost insurance freight (CIF),Units,Not Applicable,137.9032258064516,2018,False,Low,Increasing
Malaysia,"Imports of goods, Volume index",Imports of goods,Cost insurance freight (CIF),Units,Not Applicable,133.6094158674804,2019,False,Low,Decreasing
Malaysia,"Imports of goods, Volume index",Imports of goods,Cost insurance freight (CIF),Units,Not Applicable,129.8605056669573,2020,False,Low,Decreasing
Malaysia,"Imports of goods, Volume index",Imports of goods,Cost insurance freight (CIF),Units,Not Applicable,154.0104620749782,2021,False,Low,Increasing
Malaysia,"Imports of goods, Volume index",Imports of goods,Cost insurance freight (CIF),Units,Not Applicable,183.3914559721011,2022,False,Medium,Increasing
Malaysia,"Imports of goods, Volume index",Imports of goods,Cost insurance freight (CIF),Units,Not Applicable,173.8884045335658,2023,False,Medium,Decreasing
Malaysia,"Imports of goods, Volume index",Imports of goods,Cost insurance freight (CIF),Units,Not Applicable,196.7306015693113,2024,False,Medium,Increasing
Malaysia,"Imports of goods, Volume index",Imports of goods,Cost insurance freight (CIF),Units,Not Applicable,214.9302528334786,2025,False,Medium,Increasing
Malta,"Exports of goods, Price deflator",Exports of goods,Free on board (FOB),Units,Not Applicable,89.44429611179733,2016,True,Low,No Data
Malta,"Exports of goods, Price deflator",Exports of goods,Free on board (FOB),Units,Not Applicable,94.43822163230656,2017,True,Low,Increasing
Malta,"Exports of goods, Price deflator",Exports of goods,Free on board (FOB),Units,Not Applicable,95.98170686057212,2018,True,Low,Increasing
Malta,"Exports of goods, Volume index",Exports of goods,Free on board (FOB),Units,Not Applicable,117.540271030427,2016,True,Low,No Data
Malta,"Exports of goods, Volume index",Exports of goods,Free on board (FOB),Units,Not Applicable,99.10508821273328,2017,True,Low,Decreasing
Malta,"Exports of goods, Volume index",Exports of goods,Free on board (FOB),Units,Not Applicable,93.04525696752744,2018,True,Low,Decreasing
Malta,"Exports of goods, Volume index",Exports of goods,Free on board (FOB),Units,Not Applicable,99.5397596522628,2019,True,Low,Increasing
Malta,"Exports of goods, Volume index",Exports of goods,Free on board (FOB),Units,Not Applicable,85.57913577090255,2020,True,Low,Decreasing
Malta,"Exports of goods, Volume index",Exports of goods,Free on board (FOB),Units,Not Applicable,89.312196369215,2021,True,Low,Increasing
Malta,"Exports of goods, Volume index",Exports of goods,Free on board (FOB),Units,Not Applicable,96.1390948606494,2022,True,Low,Increasing
Malta,"Exports of goods, Volume index",Exports of goods,Free on board (FOB),Units,Not Applicable,102.0199437484019,2023,True,Low,Increasing
Malta,"Exports of goods, Volume index",Exports of goods,Free on board (FOB),Units,Not Applicable,117.7448222960879,2024,True,Low,Increasing
Malta,"Exports of goods, Volume index",Exports of goods,Free on board (FOB),Units,Not Applicable,117.2334441319355,2025,True,Low,Decreasing
Malta,"Imports of goods, Price deflator",Imports of goods,Cost insurance freight (CIF),Units,Not Applicable,100.6940912410738,2016,False,Low,No Data
Malta,"Imports of goods, Price deflator",Imports of goods,Cost insurance freight (CIF),Units,Not Applicable,96.11826085298355,2017,False,Low,Decreasing
Malta,"Imports of goods, Price deflator",Imports of goods,Cost insurance freight (CIF),Units,Not Applicable,101.0059963854669,2018,False,Low,Increasing
Malta,"Imports of goods, Volume index",Imports of goods,Cost insurance freight (CIF),Units,Not Applicable,162.5924556213018,2016,False,Low,No Data
Malta,"Imports of goods, Volume index",Imports of goods,Cost insurance freight (CIF),Units,Not Applicable,152.7366863905325,2017,False,Low,Decreasing
Malta,"Imports of goods, Volume index",Imports of goods,Cost insurance freight (CIF),Units,Not Applicable,166.457100591716,2018,False,Medium,Increasing
Malta,"Imports of goods, Volume index",Imports of goods,Cost insurance freight (CIF),Units,Not Applicable,197.6516272189349,2019,False,Medium,Increasing
Malta,"Imports of goods, Volume index",Imports of goods,Cost insurance freight (CIF),Units,Not Applicable,165.4955621301775,2020,False,Medium,Decreasing
Malta,"Imports of goods, Volume index",Imports of goods,Cost insurance freight (CIF),Units,Not Applicable,179.6782544378698,2021,False,Medium,Increasing
Malta,"Imports of goods, Volume index",Imports of goods,Cost insurance freight (CIF),Units,Not Applicable,199.426775147929,2022,False,Medium,Increasing
Malta,"Imports of goods, Volume index",Imports of goods,Cost insurance freight (CIF),Units,Not Applicable,203.0695266272189,2023,False,Medium,Increasing
Malta,"Imports of goods, Volume index",Imports of goods,Cost insurance freight (CIF),Units,Not Applicable,238.4245562130178,2024,False,Medium,Increasing
Malta,"Imports of goods, Volume index",Imports of goods,Cost insurance freight (CIF),Units,Not Applicable,218.5835798816568,2025,False,Medium,Decreasing
Mauritius,"Exports of goods, Volume index",Exports of goods,Free on board (FOB),Units,Not Applicable,91.03127423106744,2016,True,Low,No Data
Mauritius,"Exports of goods, Volume index",Exports of goods,Free on board (FOB),Units,Not Applicable,89.97156888084776,2017,True,Low,Decreasing
Mauritius,"Exports of goods, Volume index",Exports of goods,Free on board (FOB),Units,Not Applicable,90.10080124063064,2018,True,Low,Increasing
Mauritius,"Exports of goods, Volume index",Exports of goods,Free on board (FOB),Units,Not Applicable,85.5776686482295,2019,True,Low,Decreasing
Mauritius,"Exports of goods, Volume index",Exports of goods,Free on board (FOB),Units,Not Applicable,68.46730421297492,2020,True,Low,Decreasing
Mauritius,"Exports of goods, Volume index",Exports of goods,Free on board (FOB),Units,Not Applicable,66.63220470405788,2021,True,Low,Decreasing
Mauritius,"Exports of goods, Volume index",Exports of goods,Free on board (FOB),Units,Not Applicable,74.67045748255363,2022,True,Low,Increasing
Mauritius,"Exports of goods, Volume index",Exports of goods,Free on board (FOB),Units,Not Applicable,69.65624192297751,2023,True,Low,Decreasing
Mauritius,"Exports of goods, Volume index",Exports of goods,Free on board (FOB),Units,Not Applicable,74.6963039545102,2024,True,Low,Increasing
Mauritius,"Exports of goods, Volume index",Exports of goods,Free on board (FOB),Units,Not Applicable,73.89506332385629,2025,True,Low,Decreasing
Mauritius,"Imports of goods, Volume index",Imports of goods,Cost insurance freight (CIF),Units,Not Applicable,111.00611450806,2016,False,Low,No Data
Mauritius,"Imports of goods, Volume index",Imports of goods,Cost insurance freight (CIF),Units,Not Applicable,119.0290902353159,2017,False,Low,Increasing
Mauritius,"Imports of goods, Volume index",Imports of goods,Cost insurance freight (CIF),Units,Not Applicable,122.1234018899389,2018,False,Low,Increasing
Mauritius,"Imports of goods, Volume index",Imports of goods,Cost insurance freight (CIF),Units,Not Applicable,124.402445803224,2019,False,Low,Increasing
Mauritius,"Imports of goods, Volume index",Imports of goods,Cost insurance freight (CIF),Units,Not Applicable,97.07244765610524,2020,False,Low,Decreasing
Mauritius,"Imports of goods, Volume index",Imports of goods,Cost insurance freight (CIF),Units,Not Applicable,101.7972947934037,2021,False,Low,Increasing
Mauritius,"Imports of goods, Volume index",Imports of goods,Cost insurance freight (CIF),Units,Not Applicable,112.3957754307949,2022,False,Low,Increasing
Mauritius,"Imports of goods, Volume index",Imports of goods,Cost insurance freight (CIF),Units,Not Applicable,112.84046692607,2023,False,Low,Increasing
Mauritius,"Imports of goods, Volume index",Imports of goods,Cost insurance freight (CIF),Units,Not Applicable,125.9959236612933,2024,False,Low,Increasing
Mauritius,"Imports of goods, Volume index",Imports of goods,Cost insurance freight (CIF),Units,Not Applicable,128.2379099499722,2025,False,Low,Increasing
Mexico,"Exports of goods, Volume index",Exports of goods,Free on board (FOB),Units,Not Applicable,131.8974800775361,2016,True,Low,No Data
Mexico,"Exports of goods, Volume index",Exports of goods,Free on board (FOB),Units,Not Applicable,137.8419125565367,2017,True,Low,Increasing
Mexico,"Exports of goods, Volume index",Exports of goods,Free on board (FOB),Units,Not Applicable,144.1955632134396,2018,True,Low,Increasing
Mexico,"Exports of goods, Volume index",Exports of goods,Free on board (FOB),Units,Not Applicable,147.8354512168856,2019,True,Low,Increasing
Mexico,"Exports of goods, Volume index",Exports of goods,Free on board (FOB),Units,Not Applicable,137.669610165841,2020,True,Low,Decreasing
Mexico,"Exports of goods, Volume index",Exports of goods,Free on board (FOB),Units,Not Applicable,146.8231746715486,2021,True,Low,Increasing
Mexico,"Exports of goods, Volume index",Exports of goods,Free on board (FOB),Units,Not Applicable,155.5890587981908,2022,True,Low,Increasing
Mexico,"Exports of goods, Volume index",Exports of goods,Free on board (FOB),Units,Not Applicable,159.8966185655826,2023,True,Low,Increasing
Mexico,"Exports of goods, Volume index",Exports of goods,Free on board (FOB),Units,Not Applicable,164.6564721085505,2024,True,Medium,Increasing
Mexico,"Imports of goods, Volume index",Imports of goods,Cost insurance freight (CIF),Units,Not Applicable,132.8374860542953,2016,False,Low,No Data
Mexico,"Imports of goods, Volume index",Imports of goods,Cost insurance freight (CIF),Units,Not Applicable,136.9654146522871,2017,False,Low,Increasing
Mexico,"Imports of goods, Volume index",Imports of goods,Cost insurance freight (CIF),Units,Not Applicable,142.7482335440684,2018,False,Low,Increasing
Mexico,"Imports of goods, Volume index",Imports of goods,Cost insurance freight (CIF),Units,Not Applicable,144.8679806619561,2019,False,Low,Increasing
Mexico,"Imports of goods, Volume index",Imports of goods,Cost insurance freight (CIF),Units,Not Applicable,128.7095574563035,2020,False,Low,Decreasing
Mexico,"Imports of goods, Volume index",Imports of goods,Cost insurance freight (CIF),Units,Not Applicable,146.2067683153589,2021,False,Low,Increasing
Mexico,"Imports of goods, Volume index",Imports of goods,Cost insurance freight (CIF),Units,Not Applicable,151.9523986612123,2022,False,Low,Increasing
Mexico,"Imports of goods, Volume index",Imports of goods,Cost insurance freight (CIF),Units,Not Applicable,156.0059501673485,2023,False,Low,Increasing
Mexico,"Imports of goods, Volume index",Imports of goods,Cost insurance freight (CIF),Units,Not Applicable,164.4291558200074,2024,False,Low,Increasing
"Moldova, Republic of","Exports of goods, Volume index",Exports of goods,Free on board (FOB),Units,Not Applicable,129.9329404592562,2016,True,Low,No Data
"Moldova, Republic of","Exports of goods, Volume index",Exports of goods,Free on board (FOB),Units,Not Applicable,152.3470839260313,2017,True,Low,Increasing
"Moldova, Republic of","Exports of goods, Volume index",Exports of goods,Free on board (FOB),Units,Not Applicable,165.8402763665922,2018,True,Medium,Increasing
"Moldova, Republic of","Exports of goods, Volume index",Exports of goods,Free on board (FOB),Units,Not Applicable,173.0542572647836,2019,True,Medium,Increasing
"Moldova, Republic of","Exports of goods, Volume index",Exports of goods,Free on board (FOB),Units,Not Applicable,145.9865880918512,2020,True,Low,Decreasing
"Moldova, Republic of","Exports of goods, Volume index",Exports of goods,Free on board (FOB),Units,Not Applicable,165.4948181263971,2021,True,Medium,Increasing
"Moldova, Republic of","Exports of goods, Volume index",Exports of goods,Free on board (FOB),Units,Not Applicable,211.3594797805324,2022,True,Medium,Increasing
"Moldova, Republic of","Exports of goods, Volume index",Exports of goods,Free on board (FOB),Units,Not Applicable,210.03861003861,2023,True,Medium,Decreasing
"Moldova, Republic of","Exports of goods, Volume index",Exports of goods,Free on board (FOB),Units,Not Applicable,191.769965454176,2024,True,Medium,Decreasing
"Moldova, Republic of","Exports of goods, Volume index",Exports of goods,Free on board (FOB),Units,Not Applicable,207.0514123145702,2025,True,Medium,Increasing
"Moldova, Republic of","Imports of goods, Volume index",Imports of goods,Cost insurance freight (CIF),Units,Not Applicable,111.2280701754386,2016,False,Low,No Data
"Moldova, Republic of","Imports of goods, Volume index",Imports of goods,Cost insurance freight (CIF),Units,Not Applicable,127.3538011695906,2017,False,Low,Increasing
"Moldova, Republic of","Imports of goods, Volume index",Imports of goods,Cost insurance freight (CIF),Units,Not Applicable,144.9269005847953,2018,False,Low,Increasing
"Moldova, Republic of","Imports of goods, Volume index",Imports of goods,Cost insurance freight (CIF),Units,Not Applicable,150.9210526315789,2019,False,Low,Increasing
"Moldova, Republic of","Imports of goods, Volume index",Imports of goods,Cost insurance freight (CIF),Units,Not Applicable,141.6374269005848,2020,False,Low,Decreasing
"Moldova, Republic of","Imports of goods, Volume index",Imports of goods,Cost insurance freight (CIF),Units,Not Applicable,161.8859649122807,2021,False,Low,Increasing
"Moldova, Republic of","Imports of goods, Volume index",Imports of goods,Cost insurance freight (CIF),Units,Not Applicable,179.2982456140351,2022,False,Medium,Increasing
"Moldova, Republic of","Imports of goods, Volume index",Imports of goods,Cost insurance freight (CIF),Units,Not Applicable,186.7836257309942,2023,False,Medium,Increasing
"Moldova, Republic of","Imports of goods, Volume index",Imports of goods,Cost insurance freight (CIF),Units,Not Applicable,200.1461988304094,2024,False,Medium,Increasing
"Moldova, Republic of","Imports of goods, Volume index",Imports of goods,Cost insurance freight (CIF),Units,Not Applicable,237.5,2025,False,Medium,Increasing
Montenegro,Export price index (EPI),Exports of goods,Free on board (FOB),Units,Not Applicable,101.3333333333333,2016,True,Low,No Data
Montenegro,Import price index,Imports of goods,Cost insurance freight (CIF),Units,Not Applicable,102.9600246668722,2016,False,Low,No Data
Morocco,"Exports of goods, Volume index",Exports of goods,Free on board (FOB),Units,Not Applicable,128.0837858805275,2016,True,Low,No Data
Morocco,"Exports of goods, Volume index",Exports of goods,Free on board (FOB),Units,Not Applicable,140.4383242823895,2017,True,Low,Increasing
Morocco,"Exports of goods, Volume index",Exports of goods,Free on board (FOB),Units,Not Applicable,153.122575640031,2018,True,Low,Increasing
Morocco,"Exports of goods, Volume index",Exports of goods,Free on board (FOB),Units,Not Applicable,158.8828549262995,2019,True,Low,Increasing
Morocco,"Exports of goods, Volume index",Exports of goods,Free on board (FOB),Units,Not Applicable,143.0954228083786,2020,True,Low,Decreasing
Morocco,"Exports of goods, Volume index",Exports of goods,Free on board (FOB),Units,Not Applicable,165.5740884406517,2021,True,Medium,Increasing
Morocco,"Exports of goods, Volume index",Exports of goods,Free on board (FOB),Units,Not Applicable,167.7851047323507,2022,True,Medium,Increasing
Morocco,"Exports of goods, Volume index",Exports of goods,Free on board (FOB),Units,Not Applicable,176.5515903801397,2023,True,Medium,Increasing
Morocco,"Exports of goods, Volume index",Exports of goods,Free on board (FOB),Units,Not Applicable,194.9185415050427,2024,True,Medium,Increasing
Morocco,"Exports of goods, Volume index",Exports of goods,Free on board (FOB),Units,Not Applicable,214.0806826997673,2025,True,Medium,Increasing
Morocco,"Imports of goods, Volume index",Imports of goods,Cost insurance freight (CIF),Units,Not Applicable,132.8324986087924,2016,False,Low,No Data
Morocco,"Imports of goods, Volume index",Imports of goods,Cost insurance freight (CIF),Units,Not Applicable,134.761639769987,2017,False,Low,Increasing
Morocco,"Imports of goods, Volume index",Imports of goods,Cost insurance freight (CIF),Units,Not Applicable,146.3550361713968,2018,False,Low,Increasing
Morocco,"Imports of goods, Volume index",Imports of goods,Cost insurance freight (CIF),Units,Not Applicable,150.8625486922649,2019,False,Low,Increasing
Morocco,"Imports of goods, Volume index",Imports of goods,Cost insurance freight (CIF),Units,Not Applicable,133.4446299387869,2020,False,Low,Decreasing
Morocco,"Imports of goods, Volume index",Imports of goods,Cost insurance freight (CIF),Units,Not Applicable,148.692264885921,2021,False,Low,Increasing
Morocco,"Imports of goods, Volume index",Imports of goods,Cost insurance freight (CIF),Units,Not Applicable,156.390280096457,2022,False,Low,Increasing
Morocco,"Imports of goods, Volume index",Imports of goods,Cost insurance freight (CIF),Units,Not Applicable,163.8657020960861,2023,False,Low,Increasing
Morocco,"Imports of goods, Volume index",Imports of goods,Cost insurance freight (CIF),Units,Not Applicable,186.5887590428492,2024,False,Medium,Increasing
Morocco,"Imports of goods, Volume index",Imports of goods,Cost insurance freight (CIF),Units,Not Applicable,214.2459654980523,2025,False,Medium,Increasing
"Netherlands, The","Exports of goods, Price deflator",Exports of goods,Free on board (FOB),Units,Not Applicable,98.69913275517013,2016,True,Low,No Data
"Netherlands, The","Exports of goods, Price deflator",Exports of goods,Free on board (FOB),Units,Not Applicable,102.4599733155437,2017,True,Low,Increasing
"Netherlands, The","Exports of goods, Volume index",Exports of goods,Free on board (FOB),Units,Not Applicable,101.3799051315222,2016,True,Low,No Data
"Netherlands, The","Exports of goods, Volume index",Exports of goods,Free on board (FOB),Units,Not Applicable,107.5894782233721,2017,True,Low,Increasing
"Netherlands, The","Exports of goods, Volume index",Exports of goods,Free on board (FOB),Units,Not Applicable,109.7455799913756,2018,True,Low,Increasing
"Netherlands, The","Exports of goods, Volume index",Exports of goods,Free on board (FOB),Units,Not Applicable,110.629581716257,2019,True,Low,Increasing
"Netherlands, The","Exports of goods, Volume index",Exports of goods,Free on board (FOB),Units,Not Applicable,106.5976714100906,2020,True,Low,Decreasing
"Netherlands, The","Exports of goods, Volume index",Exports of goods,Free on board (FOB),Units,Not Applicable,116.1060802069858,2021,True,Low,Increasing
"Netherlands, The","Exports of goods, Volume index",Exports of goods,Free on board (FOB),Units,Not Applicable,125.8732212160414,2022,True,Low,Increasing
"Netherlands, The","Exports of goods, Volume index",Exports of goods,Free on board (FOB),Units,Not Applicable,118.6718413109099,2023,True,Low,Decreasing
"Netherlands, The","Exports of goods, Volume index",Exports of goods,Free on board (FOB),Units,Not Applicable,114.5321259163433,2024,True,Low,Decreasing
"Netherlands, The","Exports of goods, Volume index",Exports of goods,Free on board (FOB),Units,Not Applicable,115.3730056058646,2025,True,Low,Increasing
"Netherlands, The",Import price index,Imports of goods,Cost insurance freight (CIF),Units,Not Applicable,97.28721600542558,2016,False,Low,No Data
"Netherlands, The",Import price index,Imports of goods,Cost insurance freight (CIF),Units,Not Applicable,101.7802644964395,2017,False,Low,Increasing
"Netherlands, The",Import price index,Imports of goods,Cost insurance freight (CIF),Units,Not Applicable,104.9593082400814,2018,False,Low,Increasing
"Netherlands, The",Import price index,Imports of goods,Cost insurance freight (CIF),Units,Not Applicable,103.6368260427263,2019,False,Low,Decreasing
"Netherlands, The",Import price index,Imports of goods,Cost insurance freight (CIF),Units,Not Applicable,96.42251610715498,2020,False,Low,Decreasing
"Netherlands, The",Import price index,Imports of goods,Cost insurance freight (CIF),Units,Not Applicable,109.6134282807731,2021,False,Low,Increasing
"Netherlands, The","Imports of goods, Price deflator",Imports of goods,Cost insurance freight (CIF),Units,Not Applicable,96.35560003335829,2016,False,Low,No Data
"Netherlands, The","Imports of goods, Price deflator",Imports of goods,Cost insurance freight (CIF),Units,Not Applicable,100.7422233341673,2017,False,Low,Increasing
"Netherlands, The","Imports of goods, Volume index",Imports of goods,Cost insurance freight (CIF),Units,Not Applicable,104.368820418487,2016,False,Low,No Data
"Netherlands, The","Imports of goods, Volume index",Imports of goods,Cost insurance freight (CIF),Units,Not Applicable,109.7033800873764,2017,False,Low,Increasing
"Netherlands, The","Imports of goods, Volume index",Imports of goods,Cost insurance freight (CIF),Units,Not Applicable,112.7615543803173,2018,False,Low,Increasing
"Netherlands, The","Imports of goods, Volume index",Imports of goods,Cost insurance freight (CIF),Units,Not Applicable,114.7160266727983,2019,False,Low,Increasing
"Netherlands, The","Imports of goods, Volume index",Imports of goods,Cost insurance freight (CIF),Units,Not Applicable,107.6799264198666,2020,False,Low,Decreasing
"Netherlands, The","Imports of goods, Volume index",Imports of goods,Cost insurance freight (CIF),Units,Not Applicable,117.4292940905955,2021,False,Low,Increasing
"Netherlands, The","Imports of goods, Volume index",Imports of goods,Cost insurance freight (CIF),Units,Not Applicable,127.5005748447919,2022,False,Low,Increasing
"Netherlands, The","Imports of goods, Volume index",Imports of goods,Cost insurance freight (CIF),Units,Not Applicable,119.4757415497816,2023,False,Low,Decreasing
"Netherlands, The","Imports of goods, Volume index",Imports of goods,Cost insurance freight (CIF),Units,Not Applicable,119.7746608415728,2024,False,Low,Increasing
"Netherlands, The","Imports of goods, Volume index",Imports of goods,Cost insurance freight (CIF),Units,Not Applicable,121.3382386755576,2025,False,Low,Increasing
New Zealand,Export price index (EPI),Exports of goods,Free on board (FOB),Units,Not Applicable,92.72768463978252,2016,True,Low,No Data
New Zealand,Export price index (EPI),Exports of goods,Free on board (FOB),Units,Not Applicable,103.0811055731763,2017,True,Low,Increasing
New Zealand,Export price index (EPI),Exports of goods,Free on board (FOB),Units,Not Applicable,107.9519710013593,2018,True,Low,Increasing
New Zealand,Export price index (EPI),Exports of goods,Free on board (FOB),Units,Not Applicable,110.6026280018124,2019,True,Low,Increasing
New Zealand,Export price index (EPI),Exports of goods,Free on board (FOB),Units,Not Applicable,111.8939737199819,2020,True,Low,Increasing
New Zealand,Export price index (EPI),Exports of goods,Free on board (FOB),Units,Not Applicable,116.6289080199366,2021,True,Low,Increasing
New Zealand,Export price index (EPI),Exports of goods,Free on board (FOB),Units,Not Applicable,139.1255097417309,2022,True,Low,Increasing
New Zealand,Export price index (EPI),Exports of goods,Free on board (FOB),Units,Not Applicable,129.08926144087,2023,True,Low,Decreasing
New Zealand,Export price index (EPI),Exports of goods,Free on board (FOB),Units,Not Applicable,129.7915722700498,2024,True,Low,Increasing
New Zealand,Export price index (EPI),Exports of goods,Free on board (FOB),Units,Not Applicable,145.6728590847304,2025,True,Low,Increasing
New Zealand,"Exports of goods, Volume index",Exports of goods,Free on board (FOB),Units,Not Applicable,107.4912126537786,2016,True,Low,No Data
New Zealand,"Exports of goods, Volume index",Exports of goods,Free on board (FOB),Units,Not Applicable,114.3014059753954,2017,True,Low,Increasing
New Zealand,"Exports of goods, Volume index",Exports of goods,Free on board (FOB),Units,Not Applicable,117.2671353251318,2018,True,Low,Increasing
New Zealand,"Exports of goods, Volume index",Exports of goods,Free on board (FOB),Units,Not Applicable,116.3444639718805,2019,True,Low,Decreasing
New Zealand,"Exports of goods, Volume index",Exports of goods,Free on board (FOB),Units,Not Applicable,112.3022847100176,2020,True,Low,Decreasing
New Zealand,"Exports of goods, Volume index",Exports of goods,Free on board (FOB),Units,Not Applicable,117.0035149384886,2021,True,Low,Increasing
New Zealand,"Exports of goods, Volume index",Exports of goods,Free on board (FOB),Units,Not Applicable,100.2636203866432,2022,True,Low,Decreasing
New Zealand,"Exports of goods, Volume index",Exports of goods,Free on board (FOB),Units,Not Applicable,96.55096660808437,2023,True,Low,Decreasing
New Zealand,"Exports of goods, Volume index",Exports of goods,Free on board (FOB),Units,Not Applicable,94.68365553602813,2024,True,Low,Decreasing
New Zealand,"Exports of goods, Volume index",Exports of goods,Free on board (FOB),Units,Not Applicable,106.0632688927944,2025,True,Low,Increasing
New Zealand,Import price index,Imports of goods,Cost insurance freight (CIF),Units,Not Applicable,85.85690515806986,2016,False,Low,No Data
New Zealand,Import price index,Imports of goods,Cost insurance freight (CIF),Units,Not Applicable,87.465335551858,2017,False,Low,Increasing
New Zealand,Import price index,Imports of goods,Cost insurance freight (CIF),Units,Not Applicable,92.15196894065444,2018,False,Low,Increasing
New Zealand,Import price index,Imports of goods,Cost insurance freight (CIF),Units,Not Applicable,93.2334997226844,2019,False,Low,Increasing
New Zealand,Import price index,Imports of goods,Cost insurance freight (CIF),Units,Not Applicable,92.09650582362724,2020,False,Low,Decreasing
New Zealand,Import price index,Imports of goods,Cost insurance freight (CIF),Units,Not Applicable,94.34276206322792,2021,False,Low,Increasing
New Zealand,Import price index,Imports of goods,Cost insurance freight (CIF),Units,Not Applicable,115.5296727676095,2022,False,Low,Increasing
New Zealand,Import price index,Imports of goods,Cost insurance freight (CIF),Units,Not Applicable,114.1153632834165,2023,False,Low,Decreasing
New Zealand,Import price index,Imports of goods,Cost insurance freight (CIF),Units,Not Applicable,112.0632279534109,2024,False,Low,Decreasing
New Zealand,Import price index,Imports of goods,Cost insurance freight (CIF),Units,Not Applicable,115.0305047143649,2025,False,Low,Increasing
New Zealand,"Imports of goods, Volume index",Imports of goods,Cost insurance freight (CIF),Units,Not Applicable,125.1993235080937,2016,False,Low,No Data
New Zealand,"Imports of goods, Volume index",Imports of goods,Cost insurance freight (CIF),Units,Not Applicable,134.646049770476,2017,False,Low,Increasing
New Zealand,"Imports of goods, Volume index",Imports of goods,Cost insurance freight (CIF),Units,Not Applicable,140.589514375453,2018,False,Low,Increasing
New Zealand,"Imports of goods, Volume index",Imports of goods,Cost insurance freight (CIF),Units,Not Applicable,138.6083595071273,2019,False,Low,Decreasing
New Zealand,"Imports of goods, Volume index",Imports of goods,Cost insurance freight (CIF),Units,Not Applicable,123.314810340662,2020,False,Low,Decreasing
New Zealand,"Imports of goods, Volume index",Imports of goods,Cost insurance freight (CIF),Units,Not Applicable,147.9584440686156,2021,False,Low,Increasing
New Zealand,"Imports of goods, Volume index",Imports of goods,Cost insurance freight (CIF),Units,Not Applicable,147.5960376902633,2022,False,Low,Decreasing
New Zealand,"Imports of goods, Volume index",Imports of goods,Cost insurance freight (CIF),Units,Not Applicable,137.9318676008698,2023,False,Low,Decreasing
New Zealand,"Imports of goods, Volume index",Imports of goods,Cost insurance freight (CIF),Units,Not Applicable,131.0703068374003,2024,False,Low,Decreasing
New Zealand,"Imports of goods, Volume index",Imports of goods,Cost insurance freight (CIF),Units,Not Applicable,132.302488523798,2025,False,Low,Increasing
Nigeria,"Exports of goods, Volume index",Exports of goods,Free on board (FOB),Units,Not Applicable,66.81270536692224,2016,True,Low,No Data
Nigeria,"Exports of goods, Volume index",Exports of goods,Free on board (FOB),Units,Not Applicable,73.73493975903615,2017,True,Low,Increasing
Nigeria,"Exports of goods, Volume index",Exports of goods,Free on board (FOB),Units,Not Applicable,80.15334063526835,2018,True,Low,Increasing
Nigeria,"Exports of goods, Volume index",Exports of goods,Free on board (FOB),Units,Not Applicable,92.5739320920044,2019,True,Low,Increasing
Nigeria,"Exports of goods, Volume index",Exports of goods,Free on board (FOB),Units,Not Applicable,71.80722891566265,2020,True,Low,Decreasing
Nigeria,"Exports of goods, Volume index",Exports of goods,Free on board (FOB),Units,Not Applicable,55.42168674698795,2021,True,Low,Decreasing
Nigeria,"Exports of goods, Volume index",Exports of goods,Free on board (FOB),Units,Not Applicable,50.88718510405258,2022,True,Low,Decreasing
Nigeria,"Exports of goods, Volume index",Exports of goods,Free on board (FOB),Units,Not Applicable,54.91785323110625,2023,True,Low,Increasing
Nigeria,"Exports of goods, Volume index",Exports of goods,Free on board (FOB),Units,Not Applicable,53.75684556407448,2024,True,Low,Decreasing
Nigeria,"Exports of goods, Volume index",Exports of goods,Free on board (FOB),Units,Not Applicable,60.02190580503834,2025,True,Low,Increasing
Nigeria,"Imports of goods, Volume index",Imports of goods,Cost insurance freight (CIF),Units,Not Applicable,86.99041398925525,2016,False,Low,No Data
Nigeria,"Imports of goods, Volume index",Imports of goods,Cost insurance freight (CIF),Units,Not Applicable,72.75887496049721,2017,False,Low,Decreasing
Nigeria,"Imports of goods, Volume index",Imports of goods,Cost insurance freight (CIF),Units,Not Applicable,94.00610976509007,2018,False,Low,Increasing
Nigeria,"Imports of goods, Volume index",Imports of goods,Cost insurance freight (CIF),Units,Not Applicable,124.5549352154219,2019,False,Low,Increasing
Nigeria,"Imports of goods, Volume index",Imports of goods,Cost insurance freight (CIF),Units,Not Applicable,83.41936163488887,2020,False,Low,Decreasing
Nigeria,"Imports of goods, Volume index",Imports of goods,Cost insurance freight (CIF),Units,Not Applicable,103.9292109975772,2021,False,Low,Increasing
Nigeria,"Imports of goods, Volume index",Imports of goods,Cost insurance freight (CIF),Units,Not Applicable,101.3167597176867,2022,False,Low,Decreasing
Nigeria,"Imports of goods, Volume index",Imports of goods,Cost insurance freight (CIF),Units,Not Applicable,88.97082060465605,2023,False,Low,Decreasing
Nigeria,"Imports of goods, Volume index",Imports of goods,Cost insurance freight (CIF),Units,Not Applicable,78.33140208574738,2024,False,Low,Decreasing
Nigeria,"Imports of goods, Volume index",Imports of goods,Cost insurance freight (CIF),Units,Not Applicable,79.858843358264,2025,False,Low,Increasing
"North Macedonia, Republic of","Exports of goods, Volume index",Exports of goods,Free on board (FOB),Units,Not Applicable,145.0365107558713,2016,True,Low,No Data
"North Macedonia, Republic of","Exports of goods, Volume index",Exports of goods,Free on board (FOB),Units,Not Applicable,165.5614762186698,2017,True,Medium,Increasing
"North Macedonia, Republic of","Exports of goods, Volume index",Exports of goods,Free on board (FOB),Units,Not Applicable,197.3751726860075,2018,True,Medium,Increasing
"North Macedonia, Republic of","Exports of goods, Volume index",Exports of goods,Free on board (FOB),Units,Not Applicable,208.091572922834,2019,True,Medium,Increasing
"North Macedonia, Republic of","Exports of goods, Volume index",Exports of goods,Free on board (FOB),Units,Not Applicable,189.1454509571739,2020,True,Medium,Decreasing
"North Macedonia, Republic of","Exports of goods, Volume index",Exports of goods,Free on board (FOB),Units,Not Applicable,215.6502861653839,2021,True,Medium,Increasing
"North Macedonia, Republic of","Exports of goods, Volume index",Exports of goods,Free on board (FOB),Units,Not Applicable,213.3214920071048,2022,True,Medium,Decreasing
"North Macedonia, Republic of","Exports of goods, Volume index",Exports of goods,Free on board (FOB),Units,Not Applicable,224.9851983422143,2023,True,Medium,Increasing
"North Macedonia, Republic of","Exports of goods, Volume index",Exports of goods,Free on board (FOB),Units,Not Applicable,207.5784487862641,2024,True,Medium,Decreasing
"North Macedonia, Republic of","Exports of goods, Volume index",Exports of goods,Free on board (FOB),Units,Not Applicable,219.8736925202289,2025,True,Medium,Increasing
"North Macedonia, Republic of","Imports of goods, Volume index",Imports of goods,Cost insurance freight (CIF),Units,Not Applicable,140.1424352961612,2016,False,Low,No Data
"North Macedonia, Republic of","Imports of goods, Volume index",Imports of goods,Cost insurance freight (CIF),Units,Not Applicable,151.6935904116727,2017,False,Low,Increasing
"North Macedonia, Republic of","Imports of goods, Volume index",Imports of goods,Cost insurance freight (CIF),Units,Not Applicable,170.7486538127497,2018,False,Medium,Increasing
"North Macedonia, Republic of","Imports of goods, Volume index",Imports of goods,Cost insurance freight (CIF),Units,Not Applicable,184.8011116901164,2019,False,Medium,Increasing
"North Macedonia, Republic of","Imports of goods, Volume index",Imports of goods,Cost insurance freight (CIF),Units,Not Applicable,173.6494702101789,2020,False,Medium,Decreasing
"North Macedonia, Republic of","Imports of goods, Volume index",Imports of goods,Cost insurance freight (CIF),Units,Not Applicable,187.7366684036825,2021,False,Medium,Increasing
"North Macedonia, Republic of","Imports of goods, Volume index",Imports of goods,Cost insurance freight (CIF),Units,Not Applicable,182.9772450929303,2022,False,Medium,Decreasing
"North Macedonia, Republic of","Imports of goods, Volume index",Imports of goods,Cost insurance freight (CIF),Units,Not Applicable,186.4860170227549,2023,False,Medium,Increasing
"North Macedonia, Republic of","Imports of goods, Volume index",Imports of goods,Cost insurance freight (CIF),Units,Not Applicable,190.2727114816745,2024,False,Medium,Increasing
"North Macedonia, Republic of","Imports of goods, Volume index",Imports of goods,Cost insurance freight (CIF),Units,Not Applicable,199.5310057321522,2025,False,Medium,Increasing
Norway,"Exports of goods, Price deflator",Exports of goods,Free on board (FOB),Units,Not Applicable,96.04243853149208,2016,True,Low,No Data
Norway,"Exports of goods, Volume index",Exports of goods,Free on board (FOB),Units,Not Applicable,98.08051186350303,2016,True,Low,No Data
Norway,"Exports of goods, Volume index",Exports of goods,Free on board (FOB),Units,Not Applicable,101.9728072513996,2017,True,Low,Increasing
Norway,"Exports of goods, Volume index",Exports of goods,Free on board (FOB),Units,Not Applicable,100.9597440682484,2018,True,Low,Decreasing
Norway,"Exports of goods, Volume index",Exports of goods,Free on board (FOB),Units,Not Applicable,100.5065315915756,2019,True,Low,Decreasing
Norway,"Exports of goods, Volume index",Exports of goods,Free on board (FOB),Units,Not Applicable,106.0517195414556,2020,True,Low,Increasing
Norway,"Exports of goods, Volume index",Exports of goods,Free on board (FOB),Units,Not Applicable,114.3161823513729,2021,True,Low,Increasing
Norway,"Exports of goods, Volume index",Exports of goods,Free on board (FOB),Units,Not Applicable,114.476139696081,2022,True,Low,Increasing
Norway,"Exports of goods, Volume index",Exports of goods,Free on board (FOB),Units,Not Applicable,114.3161823513729,2023,True,Low,Decreasing
Norway,"Exports of goods, Volume index",Exports of goods,Free on board (FOB),Units,Not Applicable,117.1154358837643,2024,True,Low,Increasing
Norway,"Exports of goods, Volume index",Exports of goods,Free on board (FOB),Units,Not Applicable,119.3548387096774,2025,True,Low,Increasing
Norway,"Imports of goods, Price deflator",Imports of goods,Cost insurance freight (CIF),Units,Not Applicable,121.420228918477,2016,False,Low,No Data
Norway,"Imports of goods, Volume index",Imports of goods,Cost insurance freight (CIF),Units,Not Applicable,111.2412177985948,2016,False,Low,No Data
Norway,"Imports of goods, Volume index",Imports of goods,Cost insurance freight (CIF),Units,Not Applicable,118.4621389539422,2017,False,Low,Increasing
Norway,"Imports of goods, Volume index",Imports of goods,Cost insurance freight (CIF),Units,Not Applicable,119.6916471506635,2018,False,Low,Increasing
Norway,"Imports of goods, Volume index",Imports of goods,Cost insurance freight (CIF),Units,Not Applicable,120.1795472287276,2019,False,Low,Increasing
Norway,"Imports of goods, Volume index",Imports of goods,Cost insurance freight (CIF),Units,Not Applicable,116.0811865729899,2020,False,Low,Decreasing
Norway,"Imports of goods, Volume index",Imports of goods,Cost insurance freight (CIF),Units,Not Applicable,122.3263075722092,2021,False,Low,Increasing
Norway,"Imports of goods, Volume index",Imports of goods,Cost insurance freight (CIF),Units,Not Applicable,124.1803278688525,2022,False,Low,Increasing
Norway,"Imports of goods, Volume index",Imports of goods,Cost insurance freight (CIF),Units,Not Applicable,116.6666666666667,2023,False,Low,Decreasing
Norway,"Imports of goods, Volume index",Imports of goods,Cost insurance freight (CIF),Units,Not Applicable,120.9992193598751,2024,False,Low,Increasing
Norway,"Imports of goods, Volume index",Imports of goods,Cost insurance freight (CIF),Units,Not Applicable,124.3950039032006,2025,False,Low,Increasing
Pakistan,"Exports of goods, Price deflator",Exports of goods,Free on board (FOB),Units,Not Applicable,131.2559066538163,2016,True,Low,No Data
Pakistan,"Exports of goods, Price deflator",Exports of goods,Free on board (FOB),Units,Not Applicable,106.7317537818109,2016,True,Low,Decreasing
Pakistan,"Exports of goods, Price deflator",Exports of goods,Free on board (FOB),Units,Not Applicable,132.3806271111901,2017,True,Low,Increasing
Pakistan,"Exports of goods, Price deflator",Exports of goods,Free on board (FOB),Units,Not Applicable,106.9460290791148,2017,True,Low,Decreasing
Pakistan,"Exports of goods, Price deflator",Exports of goods,Free on board (FOB),Units,Not Applicable,143.6428030054926,2018,True,Low,Increasing
Pakistan,"Exports of goods, Price deflator",Exports of goods,Free on board (FOB),Units,Not Applicable,100.4520591759864,2018,True,Low,Decreasing
Pakistan,"Exports of goods, Price deflator",Exports of goods,Free on board (FOB),Units,Not Applicable,155.0233459030046,2019,True,Low,Increasing
Pakistan,"Exports of goods, Price deflator",Exports of goods,Free on board (FOB),Units,Not Applicable,88.02559460836042,2019,True,Low,Decreasing
Pakistan,"Exports of goods, Volume index",Exports of goods,Free on board (FOB),Units,Not Applicable,100.1347103726987,2016,True,Low,No Data
Pakistan,"Exports of goods, Volume index",Exports of goods,Free on board (FOB),Units,Not Applicable,102.8513695554558,2017,True,Low,Increasing
Pakistan,"Exports of goods, Volume index",Exports of goods,Free on board (FOB),Units,Not Applicable,108.6663673102829,2018,True,Low,Increasing
Pakistan,"Exports of goods, Volume index",Exports of goods,Free on board (FOB),Units,Not Applicable,110.237988325101,2019,True,Low,Increasing
Pakistan,"Exports of goods, Volume index",Exports of goods,Free on board (FOB),Units,Not Applicable,102.1104625056129,2020,True,Low,Decreasing
Pakistan,"Imports of goods, Price deflator",Imports of goods,Cost insurance freight (CIF),Units,Not Applicable,134.993029002112,2016,False,Low,No Data
Pakistan,"Imports of goods, Price deflator",Imports of goods,Cost insurance freight (CIF),Units,Not Applicable,109.7706236696461,2016,False,Low,Decreasing
Pakistan,"Imports of goods, Price deflator",Imports of goods,Cost insurance freight (CIF),Units,Not Applicable,134.6849246994188,2017,False,Low,Increasing
Pakistan,"Imports of goods, Price deflator",Imports of goods,Cost insurance freight (CIF),Units,Not Applicable,108.8075966079546,2017,False,Low,Decreasing
Pakistan,"Imports of goods, Price deflator",Imports of goods,Cost insurance freight (CIF),Units,Not Applicable,145.655756939939,2018,False,Low,Increasing
Pakistan,"Imports of goods, Price deflator",Imports of goods,Cost insurance freight (CIF),Units,Not Applicable,101.8597549568451,2018,False,Low,Decreasing
Pakistan,"Imports of goods, Price deflator",Imports of goods,Cost insurance freight (CIF),Units,Not Applicable,151.38329445219,2019,False,Low,Increasing
Pakistan,"Imports of goods, Price deflator",Imports of goods,Cost insurance freight (CIF),Units,Not Applicable,85.9586949972305,2019,False,Low,Decreasing
Pakistan,"Imports of goods, Volume index",Imports of goods,Cost insurance freight (CIF),Units,Not Applicable,154.906492960706,2016,False,Low,No Data
Pakistan,"Imports of goods, Volume index",Imports of goods,Cost insurance freight (CIF),Units,Not Applicable,174.5324648035302,2017,False,Medium,Increasing
Pakistan,"Imports of goods, Volume index",Imports of goods,Cost insurance freight (CIF),Units,Not Applicable,167.7663374658542,2018,False,Medium,Decreasing
Pakistan,"Imports of goods, Volume index",Imports of goods,Cost insurance freight (CIF),Units,Not Applicable,149.4851859634377,2019,False,Low,Decreasing
Pakistan,"Imports of goods, Volume index",Imports of goods,Cost insurance freight (CIF),Units,Not Applicable,147.6990964488338,2020,False,Low,Decreasing
Panama,"Exports of goods, Volume index",Exports of goods,Free on board (FOB),Units,Not Applicable,97.9156327543424,2016,True,Low,No Data
Panama,"Exports of goods, Volume index",Exports of goods,Free on board (FOB),Units,Not Applicable,97.81637717121586,2017,True,Low,Decreasing
Panama,"Exports of goods, Volume index",Exports of goods,Free on board (FOB),Units,Not Applicable,96.07940446650122,2018,True,Low,Decreasing
Panama,"Exports of goods, Volume index",Exports of goods,Free on board (FOB),Units,Not Applicable,219.6029776674938,2019,True,Medium,Increasing
Panama,"Exports of goods, Volume index",Exports of goods,Free on board (FOB),Units,Not Applicable,253.4491315136476,2020,True,Medium,Increasing
Panama,"Exports of goods, Volume index",Exports of goods,Free on board (FOB),Units,Not Applicable,472.2084367245657,2021,True,Medium,Increasing
Panama,"Exports of goods, Volume index",Exports of goods,Free on board (FOB),Units,Not Applicable,478.0148883374689,2022,True,Medium,Increasing
Panama,"Exports of goods, Volume index",Exports of goods,Free on board (FOB),Units,Not Applicable,452.7543424317617,2023,True,Medium,Decreasing
Panama,"Exports of goods, Volume index",Exports of goods,Free on board (FOB),Units,Not Applicable,123.6724565756824,2024,True,Low,Decreasing
Panama,"Exports of goods, Volume index",Exports of goods,Free on board (FOB),Units,Not Applicable,169.5781637717121,2025,True,Medium,Increasing
Panama,"Imports of goods, Volume index",Imports of goods,Cost insurance freight (CIF),Units,Not Applicable,146.5631651433579,2016,False,Low,No Data
Panama,"Imports of goods, Volume index",Imports of goods,Cost insurance freight (CIF),Units,Not Applicable,151.0704895455114,2017,False,Low,Increasing
Panama,"Imports of goods, Volume index",Imports of goods,Cost insurance freight (CIF),Units,Not Applicable,147.4646300237886,2018,False,Low,Decreasing
Panama,"Imports of goods, Volume index",Imports of goods,Cost insurance freight (CIF),Units,Not Applicable,146.1625140853887,2019,False,Low,Decreasing
Panama,"Imports of goods, Volume index",Imports of goods,Cost insurance freight (CIF),Units,Not Applicable,97.20796293977712,2020,False,Low,Decreasing
Panama,"Imports of goods, Volume index",Imports of goods,Cost insurance freight (CIF),Units,Not Applicable,119.4941780393139,2021,False,Low,Increasing
Panama,"Imports of goods, Volume index",Imports of goods,Cost insurance freight (CIF),Units,Not Applicable,133.5920871416051,2022,False,Low,Increasing
Panama,"Imports of goods, Volume index",Imports of goods,Cost insurance freight (CIF),Units,Not Applicable,135.8707900338049,2023,False,Low,Increasing
Panama,"Imports of goods, Volume index",Imports of goods,Cost insurance freight (CIF),Units,Not Applicable,133.2915988481282,2024,False,Low,Decreasing
Panama,"Imports of goods, Volume index",Imports of goods,Cost insurance freight (CIF),Units,Not Applicable,137.9241267058971,2025,False,Low,Increasing
Papua New Guinea,"Exports of goods, Price deflator",Exports of goods,Free on board (FOB),Units,Not Applicable,87.08714572640035,2016,True,Low,No Data
Paraguay,"Exports of goods, Volume index",Exports of goods,Free on board (FOB),Units,Not Applicable,139.5167427701674,2016,True,Low,No Data
Paraguay,"Exports of goods, Volume index",Exports of goods,Free on board (FOB),Units,Not Applicable,134.1324200913242,2017,True,Low,Decreasing
Paraguay,"Exports of goods, Volume index",Exports of goods,Free on board (FOB),Units,Not Applicable,127.8919330289193,2018,True,Low,Decreasing
Paraguay,"Exports of goods, Volume index",Exports of goods,Free on board (FOB),Units,Not Applicable,116.761796042618,2019,True,Low,Decreasing
Paraguay,"Exports of goods, Volume index",Exports of goods,Free on board (FOB),Units,Not Applicable,120.7572298325723,2020,True,Low,Increasing
Paraguay,"Exports of goods, Volume index",Exports of goods,Free on board (FOB),Units,Not Applicable,97.4124809741248,2021,True,Low,Decreasing
Paraguay,"Exports of goods, Volume index",Exports of goods,Free on board (FOB),Units,Not Applicable,67.27549467275495,2022,True,Low,Decreasing
Paraguay,"Exports of goods, Volume index",Exports of goods,Free on board (FOB),Units,Not Applicable,94.44444444444444,2023,True,Low,Increasing
Paraguay,"Exports of goods, Volume index",Exports of goods,Free on board (FOB),Units,Not Applicable,94.33028919330287,2024,True,Low,Decreasing
Paraguay,"Exports of goods, Volume index",Exports of goods,Free on board (FOB),Units,Not Applicable,94.4254185692542,2025,True,Low,Increasing
Paraguay,Import price index,Imports of goods,Cost insurance freight (CIF),Units,Not Applicable,128.3535448589336,2016,False,Low,No Data
Paraguay,Import price index,Imports of goods,Cost insurance freight (CIF),Units,Not Applicable,128.3357894923741,2017,False,Low,Decreasing
Paraguay,Import price index,Imports of goods,Cost insurance freight (CIF),Units,Not Applicable,131.4607340068535,2018,False,Low,Increasing
Paraguay,"Imports of goods, Volume index",Imports of goods,Cost insurance freight (CIF),Units,Not Applicable,107.6469742705189,2016,False,Low,No Data
Paraguay,"Imports of goods, Volume index",Imports of goods,Cost insurance freight (CIF),Units,Not Applicable,126.0097743280149,2017,False,Low,Increasing
Paraguay,"Imports of goods, Volume index",Imports of goods,Cost insurance freight (CIF),Units,Not Applicable,134.785108523789,2018,False,Low,Increasing
Paraguay,"Imports of goods, Volume index",Imports of goods,Cost insurance freight (CIF),Units,Not Applicable,130.3076038522352,2019,False,Low,Decreasing
Paraguay,"Imports of goods, Volume index",Imports of goods,Cost insurance freight (CIF),Units,Not Applicable,109.4293517320684,2020,False,Low,Decreasing
Paraguay,"Imports of goods, Volume index",Imports of goods,Cost insurance freight (CIF),Units,Not Applicable,127.2890613770303,2021,False,Low,Increasing
Paraguay,"Imports of goods, Volume index",Imports of goods,Cost insurance freight (CIF),Units,Not Applicable,131.7521920367975,2022,False,Low,Increasing
Paraguay,"Imports of goods, Volume index",Imports of goods,Cost insurance freight (CIF),Units,Not Applicable,138.3570504527814,2023,False,Low,Increasing
Paraguay,"Imports of goods, Volume index",Imports of goods,Cost insurance freight (CIF),Units,Not Applicable,151.458962196349,2024,False,Low,Increasing
Paraguay,"Imports of goods, Volume index",Imports of goods,Cost insurance freight (CIF),Units,Not Applicable,166.1563892482392,2025,False,Medium,Increasing
Peru,"Exports of goods, Volume index",Exports of goods,Free on board (FOB),Units,Not Applicable,117.5288499801035,2016,True,Low,No Data
Peru,"Exports of goods, Volume index",Exports of goods,Free on board (FOB),Units,Not Applicable,125.4476721050537,2017,True,Low,Increasing
Peru,"Exports of goods, Volume index",Exports of goods,Free on board (FOB),Units,Not Applicable,133.625149224035,2018,True,Low,Increasing
Peru,"Exports of goods, Volume index",Exports of goods,Free on board (FOB),Units,Not Applicable,134.4011142061281,2019,True,Low,Increasing
Peru,"Exports of goods, Volume index",Exports of goods,Free on board (FOB),Units,Not Applicable,109.3115797851174,2020,True,Low,Decreasing
Peru,"Exports of goods, Volume index",Exports of goods,Free on board (FOB),Units,Not Applicable,129.9044966175885,2021,True,Low,Increasing
Peru,"Exports of goods, Volume index",Exports of goods,Free on board (FOB),Units,Not Applicable,128.5515320334262,2022,True,Low,Decreasing
Peru,"Exports of goods, Volume index",Exports of goods,Free on board (FOB),Units,Not Applicable,136.8682849184242,2023,True,Low,Increasing
Peru,"Exports of goods, Volume index",Exports of goods,Free on board (FOB),Units,Not Applicable,146.458416235575,2024,True,Low,Increasing
Peru,"Exports of goods, Volume index",Exports of goods,Free on board (FOB),Units,Not Applicable,148.8857938718663,2025,True,Low,Increasing
Peru,"Imports of goods, Volume index",Imports of goods,Cost insurance freight (CIF),Units,Not Applicable,129.7390874242612,2016,False,Low,No Data
Peru,"Imports of goods, Volume index",Imports of goods,Cost insurance freight (CIF),Units,Not Applicable,137.4799060220106,2017,False,Low,Increasing
Peru,"Imports of goods, Volume index",Imports of goods,Cost insurance freight (CIF),Units,Not Applicable,141.2266600717201,2018,False,Low,Increasing
Peru,"Imports of goods, Volume index",Imports of goods,Cost insurance freight (CIF),Units,Not Applicable,141.9438605168789,2019,False,Low,Increasing
Peru,"Imports of goods, Volume index",Imports of goods,Cost insurance freight (CIF),Units,Not Applicable,124.5455669593174,2020,False,Low,Decreasing
Peru,"Imports of goods, Volume index",Imports of goods,Cost insurance freight (CIF),Units,Not Applicable,151.8239149251886,2021,False,Low,Increasing
Peru,"Imports of goods, Volume index",Imports of goods,Cost insurance freight (CIF),Units,Not Applicable,161.4813898850006,2022,False,Low,Increasing
Peru,"Imports of goods, Volume index",Imports of goods,Cost insurance freight (CIF),Units,Not Applicable,145.5545937925065,2023,False,Low,Decreasing
Peru,"Imports of goods, Volume index",Imports of goods,Cost insurance freight (CIF),Units,Not Applicable,157.8582910844565,2024,False,Low,Increasing
Peru,"Imports of goods, Volume index",Imports of goods,Cost insurance freight (CIF),Units,Not Applicable,173.5501422035365,2025,False,Medium,Increasing
Philippines,"Exports of goods, Volume index",Exports of goods,Free on board (FOB),Units,Not Applicable,115.3159992408427,2016,True,Low,No Data
Philippines,"Exports of goods, Volume index",Exports of goods,Free on board (FOB),Units,Not Applicable,136.8001518314671,2017,True,Low,Increasing
Philippines,"Exports of goods, Volume index",Exports of goods,Free on board (FOB),Units,Not Applicable,132.7386600873031,2018,True,Low,Decreasing
Philippines,"Exports of goods, Volume index",Exports of goods,Free on board (FOB),Units,Not Applicable,142.1901689125071,2019,True,Low,Increasing
Philippines,"Exports of goods, Volume index",Exports of goods,Free on board (FOB),Units,Not Applicable,127.1778326058076,2020,True,Low,Decreasing
Philippines,"Exports of goods, Volume index",Exports of goods,Free on board (FOB),Units,Not Applicable,140.0265705067375,2021,True,Low,Increasing
Philippines,"Exports of goods, Volume index",Exports of goods,Free on board (FOB),Units,Not Applicable,143.3478838489277,2022,True,Low,Increasing
Philippines,"Exports of goods, Volume index",Exports of goods,Free on board (FOB),Units,Not Applicable,136.5154678307079,2023,True,Low,Decreasing
Philippines,"Exports of goods, Volume index",Exports of goods,Free on board (FOB),Units,Not Applicable,134.788384892769,2024,True,Low,Decreasing
Philippines,"Exports of goods, Volume index",Exports of goods,Free on board (FOB),Units,Not Applicable,155.0009489466692,2025,True,Low,Increasing
Philippines,"Imports of goods, Volume index",Imports of goods,Cost insurance freight (CIF),Units,Not Applicable,164.480278927871,2016,False,Low,No Data
Philippines,"Imports of goods, Volume index",Imports of goods,Cost insurance freight (CIF),Units,Not Applicable,187.753323164088,2017,False,Medium,Increasing
Philippines,"Imports of goods, Volume index",Imports of goods,Cost insurance freight (CIF),Units,Not Applicable,204.1185443451733,2018,False,Medium,Increasing
Philippines,"Imports of goods, Volume index",Imports of goods,Cost insurance freight (CIF),Units,Not Applicable,205.4260187404663,2019,False,Medium,Increasing
Philippines,"Imports of goods, Volume index",Imports of goods,Cost insurance freight (CIF),Units,Not Applicable,167.5092612769667,2020,False,Medium,Decreasing
Philippines,"Imports of goods, Volume index",Imports of goods,Cost insurance freight (CIF),Units,Not Applicable,203.5737633471345,2021,False,Medium,Increasing
Philippines,"Imports of goods, Volume index",Imports of goods,Cost insurance freight (CIF),Units,Not Applicable,212.2902593157551,2022,False,Medium,Increasing
Philippines,"Imports of goods, Volume index",Imports of goods,Cost insurance freight (CIF),Units,Not Applicable,206.2540858574853,2023,False,Medium,Decreasing
Philippines,"Imports of goods, Volume index",Imports of goods,Cost insurance freight (CIF),Units,Not Applicable,211.5275659185008,2024,False,Medium,Increasing
Philippines,"Imports of goods, Volume index",Imports of goods,Cost insurance freight (CIF),Units,Not Applicable,223.0115493571584,2025,False,Medium,Increasing
"Poland, Republic of","Exports of goods, Price deflator",Exports of goods,Free on board (FOB),Units,Not Applicable,114.3347475514573,2016,True,Low,No Data
"Poland, Republic of","Exports of goods, Price deflator",Exports of goods,Free on board (FOB),Units,Not Applicable,115.9389461679949,2017,True,Low,Increasing
"Poland, Republic of","Exports of goods, Price deflator",Exports of goods,Free on board (FOB),Units,Not Applicable,117.8563906682353,2018,True,Low,Increasing
"Poland, Republic of","Exports of goods, Price deflator",Exports of goods,Free on board (FOB),Units,Not Applicable,121.5204182776054,2019,True,Low,Increasing
"Poland, Republic of","Exports of goods, Price deflator",Exports of goods,Free on board (FOB),Units,Not Applicable,124.7857693077175,2020,True,Low,Increasing
"Poland, Republic of","Exports of goods, Volume index",Exports of goods,Free on board (FOB),Units,Not Applicable,138.2637676559276,2016,True,Low,No Data
"Poland, Republic of","Exports of goods, Volume index",Exports of goods,Free on board (FOB),Units,Not Applicable,147.2623393112204,2017,True,Low,Increasing
"Poland, Republic of","Exports of goods, Volume index",Exports of goods,Free on board (FOB),Units,Not Applicable,154.4516743374068,2018,True,Low,Increasing
"Poland, Republic of","Exports of goods, Volume index",Exports of goods,Free on board (FOB),Units,Not Applicable,158.9430249166799,2019,True,Low,Increasing
"Poland, Republic of","Exports of goods, Volume index",Exports of goods,Free on board (FOB),Units,Not Applicable,81.91292387451725,2020,True,Low,Decreasing
"Poland, Republic of","Exports of goods, Volume index",Exports of goods,Free on board (FOB),Units,Not Applicable,132.1906575675819,2021,True,Low,Increasing
"Poland, Republic of","Exports of goods, Volume index",Exports of goods,Free on board (FOB),Units,Not Applicable,172.7186160926837,2022,True,Medium,Increasing
"Poland, Republic of","Exports of goods, Volume index",Exports of goods,Free on board (FOB),Units,Not Applicable,169.9888906522774,2023,True,Medium,Decreasing
"Poland, Republic of","Exports of goods, Volume index",Exports of goods,Free on board (FOB),Units,Not Applicable,168.1796540231709,2024,True,Medium,Decreasing
"Poland, Republic of","Exports of goods, Volume index",Exports of goods,Free on board (FOB),Units,Not Applicable,169.7825741945723,2025,True,Medium,Increasing
"Poland, Republic of","Imports of goods, Price deflator",Imports of goods,Cost insurance freight (CIF),Units,Not Applicable,110.0895712827474,2016,False,Low,No Data
"Poland, Republic of","Imports of goods, Price deflator",Imports of goods,Cost insurance freight (CIF),Units,Not Applicable,111.5614799821073,2017,False,Low,Increasing
"Poland, Republic of","Imports of goods, Price deflator",Imports of goods,Cost insurance freight (CIF),Units,Not Applicable,114.781280261957,2018,False,Low,Increasing
"Poland, Republic of","Imports of goods, Price deflator",Imports of goods,Cost insurance freight (CIF),Units,Not Applicable,117.0075421697389,2019,False,Low,Increasing
"Poland, Republic of","Imports of goods, Price deflator",Imports of goods,Cost insurance freight (CIF),Units,Not Applicable,116.2439895319459,2020,False,Low,Decreasing
"Poland, Republic of","Imports of goods, Volume index",Imports of goods,Cost insurance freight (CIF),Units,Not Applicable,115.0249269382843,2016,False,Low,No Data
"Poland, Republic of","Imports of goods, Volume index",Imports of goods,Cost insurance freight (CIF),Units,Not Applicable,122.864019253911,2017,False,Low,Increasing
"Poland, Republic of","Imports of goods, Volume index",Imports of goods,Cost insurance freight (CIF),Units,Not Applicable,129.8435619735259,2018,False,Low,Increasing
"Poland, Republic of","Imports of goods, Volume index",Imports of goods,Cost insurance freight (CIF),Units,Not Applicable,131.4423242221076,2019,False,Low,Increasing
"Poland, Republic of","Imports of goods, Volume index",Imports of goods,Cost insurance freight (CIF),Units,Not Applicable,89.39315798521575,2020,False,Low,Decreasing
"Poland, Republic of","Imports of goods, Volume index",Imports of goods,Cost insurance freight (CIF),Units,Not Applicable,125.6145779611484,2021,False,Low,Increasing
"Poland, Republic of","Imports of goods, Volume index",Imports of goods,Cost insurance freight (CIF),Units,Not Applicable,149.3037648272305,2022,False,Low,Increasing
"Poland, Republic of","Imports of goods, Volume index",Imports of goods,Cost insurance freight (CIF),Units,Not Applicable,141.0692796974385,2023,False,Low,Decreasing
"Poland, Republic of","Imports of goods, Volume index",Imports of goods,Cost insurance freight (CIF),Units,Not Applicable,144.2152312188413,2024,False,Low,Increasing
"Poland, Republic of","Imports of goods, Volume index",Imports of goods,Cost insurance freight (CIF),Units,Not Applicable,149.338146811071,2025,False,Low,Increasing
Portugal,"Exports of goods, Volume index",Exports of goods,Free on board (FOB),Units,Not Applicable,119.3675889328063,2016,True,Low,No Data
Portugal,"Exports of goods, Volume index",Exports of goods,Free on board (FOB),Units,Not Applicable,125.1104394326901,2017,True,Low,Increasing
Portugal,"Exports of goods, Volume index",Exports of goods,Free on board (FOB),Units,Not Applicable,126.7844687282027,2018,True,Low,Increasing
Portugal,"Exports of goods, Volume index",Exports of goods,Free on board (FOB),Units,Not Applicable,129.2257614508254,2019,True,Low,Increasing
Portugal,"Exports of goods, Volume index",Exports of goods,Free on board (FOB),Units,Not Applicable,117.2983027202976,2020,True,Low,Decreasing
Portugal,"Exports of goods, Volume index",Exports of goods,Free on board (FOB),Units,Not Applicable,126.6914671006743,2021,True,Low,Increasing
Portugal,"Exports of goods, Volume index",Exports of goods,Free on board (FOB),Units,Not Applicable,130.504533829342,2022,True,Low,Increasing
Portugal,"Exports of goods, Volume index",Exports of goods,Free on board (FOB),Units,Not Applicable,128.3654963961869,2023,True,Low,Decreasing
Portugal,"Exports of goods, Volume index",Exports of goods,Free on board (FOB),Units,Not Applicable,130.4580330155778,2024,True,Low,Increasing
Portugal,"Exports of goods, Volume index",Exports of goods,Free on board (FOB),Units,Not Applicable,134.2710997442455,2025,True,Low,Increasing
Portugal,"Imports of goods, Volume index",Imports of goods,Cost insurance freight (CIF),Units,Not Applicable,101.7603086568604,2016,False,Low,No Data
Portugal,"Imports of goods, Volume index",Imports of goods,Cost insurance freight (CIF),Units,Not Applicable,108.2228116710875,2017,False,Low,Increasing
Portugal,"Imports of goods, Volume index",Imports of goods,Cost insurance freight (CIF),Units,Not Applicable,112.2015915119363,2018,False,Low,Increasing
Portugal,"Imports of goods, Volume index",Imports of goods,Cost insurance freight (CIF),Units,Not Applicable,117.2654931275621,2019,False,Low,Increasing
Portugal,"Imports of goods, Volume index",Imports of goods,Cost insurance freight (CIF),Units,Not Applicable,101.0127803231251,2020,False,Low,Decreasing
Portugal,"Imports of goods, Volume index",Imports of goods,Cost insurance freight (CIF),Units,Not Applicable,111.1405835543767,2021,False,Low,Increasing
Portugal,"Imports of goods, Volume index",Imports of goods,Cost insurance freight (CIF),Units,Not Applicable,119.1704846877261,2022,False,Low,Increasing
Portugal,"Imports of goods, Volume index",Imports of goods,Cost insurance freight (CIF),Units,Not Applicable,117.9406800096455,2023,False,Low,Decreasing
Portugal,"Imports of goods, Volume index",Imports of goods,Cost insurance freight (CIF),Units,Not Applicable,121.8471183988425,2024,False,Low,Increasing
Portugal,"Imports of goods, Volume index",Imports of goods,Cost insurance freight (CIF),Units,Not Applicable,126.5734265734266,2025,False,Low,Increasing
Romania,"Exports of goods, Volume index",Exports of goods,Free on board (FOB),Units,Not Applicable,135.131195335277,2016,True,Low,No Data
Romania,"Exports of goods, Volume index",Exports of goods,Free on board (FOB),Units,Not Applicable,142.8717201166181,2017,True,Low,Increasing
Romania,"Exports of goods, Volume index",Exports of goods,Free on board (FOB),Units,Not Applicable,144.2128279883382,2018,True,Low,Increasing
Romania,"Exports of goods, Volume index",Exports of goods,Free on board (FOB),Units,Not Applicable,142.930029154519,2019,True,Low,Decreasing
Romania,"Exports of goods, Volume index",Exports of goods,Free on board (FOB),Units,Not Applicable,128.0174927113703,2020,True,Low,Decreasing
Romania,"Exports of goods, Volume index",Exports of goods,Free on board (FOB),Units,Not Applicable,137.2448979591837,2021,True,Low,Increasing
Romania,"Exports of goods, Volume index",Exports of goods,Free on board (FOB),Units,Not Applicable,148.0758017492711,2022,True,Low,Increasing
Romania,"Exports of goods, Volume index",Exports of goods,Free on board (FOB),Units,Not Applicable,149.3440233236152,2023,True,Low,Increasing
Romania,"Exports of goods, Volume index",Exports of goods,Free on board (FOB),Units,Not Applicable,149.5918367346939,2024,True,Low,Increasing
Romania,"Exports of goods, Volume index",Exports of goods,Free on board (FOB),Units,Not Applicable,154.8833819241983,2025,True,Low,Increasing
Romania,"Imports of goods, Volume index",Imports of goods,Cost insurance freight (CIF),Units,Not Applicable,121.1898395721925,2016,False,Low,No Data
Romania,"Imports of goods, Volume index",Imports of goods,Cost insurance freight (CIF),Units,Not Applicable,127.2727272727273,2017,False,Low,Increasing
Romania,"Imports of goods, Volume index",Imports of goods,Cost insurance freight (CIF),Units,Not Applicable,128.6764705882353,2018,False,Low,Increasing
Romania,"Imports of goods, Volume index",Imports of goods,Cost insurance freight (CIF),Units,Not Applicable,129.8295454545455,2019,False,Low,Increasing
Romania,"Imports of goods, Volume index",Imports of goods,Cost insurance freight (CIF),Units,Not Applicable,121.7747326203209,2020,False,Low,Decreasing
Romania,"Imports of goods, Volume index",Imports of goods,Cost insurance freight (CIF),Units,Not Applicable,131.1330213903743,2021,False,Low,Increasing
Romania,"Imports of goods, Volume index",Imports of goods,Cost insurance freight (CIF),Units,Not Applicable,144.8195187165775,2022,False,Low,Increasing
Romania,"Imports of goods, Volume index",Imports of goods,Cost insurance freight (CIF),Units,Not Applicable,140.5080213903743,2023,False,Low,Decreasing
Romania,"Imports of goods, Volume index",Imports of goods,Cost insurance freight (CIF),Units,Not Applicable,144.6858288770054,2024,False,Low,Increasing
Romania,"Imports of goods, Volume index",Imports of goods,Cost insurance freight (CIF),Units,Not Applicable,146.3235294117647,2025,False,Low,Increasing
Russian Federation,"Exports of goods, Volume index",Exports of goods,Free on board (FOB),Units,Not Applicable,56.32093419930461,2016,True,Low,No Data
Russian Federation,"Exports of goods, Volume index",Exports of goods,Free on board (FOB),Units,Not Applicable,70.8915567801614,2017,True,Low,Increasing
Russian Federation,"Exports of goods, Volume index",Exports of goods,Free on board (FOB),Units,Not Applicable,89.40497277438827,2018,True,Low,Increasing
Russian Federation,"Exports of goods, Volume index",Exports of goods,Free on board (FOB),Units,Not Applicable,84.37549852311528,2019,True,Low,Decreasing
Russian Federation,"Exports of goods, Volume index",Exports of goods,Free on board (FOB),Units,Not Applicable,66.69493456962712,2020,True,Low,Decreasing
Russian Federation,"Exports of goods, Volume index",Exports of goods,Free on board (FOB),Units,Not Applicable,98.41543436879032,2021,True,Low,Increasing
Russian Federation,"Exports of goods, Volume index",Exports of goods,Free on board (FOB),Units,Not Applicable,105.0580594371187,2022,True,Low,Increasing
Russian Federation,"Exports of goods, Volume index",Exports of goods,Free on board (FOB),Units,Not Applicable,91.55678016138556,2023,True,Low,Decreasing
Russian Federation,"Exports of goods, Volume index",Exports of goods,Free on board (FOB),Units,Not Applicable,97.48081086400315,2024,True,Low,Increasing
Russian Federation,"Exports of goods, Volume index",Exports of goods,Free on board (FOB),Units,Not Applicable,98.0712458177524,2025,True,Low,Increasing
Russian Federation,"Imports of goods, Volume index",Imports of goods,Cost insurance freight (CIF),Units,Not Applicable,38.21985300056537,2016,False,Low,No Data
Russian Federation,"Imports of goods, Volume index",Imports of goods,Cost insurance freight (CIF),Units,Not Applicable,47.8313544947904,2017,False,Low,Increasing
Russian Federation,"Imports of goods, Volume index",Imports of goods,Cost insurance freight (CIF),Units,Not Applicable,50.99345771747032,2018,False,Low,Increasing
Russian Federation,"Imports of goods, Volume index",Imports of goods,Cost insurance freight (CIF),Units,Not Applicable,54.4590099923307,2019,False,Low,Increasing
Russian Federation,"Imports of goods, Volume index",Imports of goods,Cost insurance freight (CIF),Units,Not Applicable,48.92743400619617,2020,False,Low,Decreasing
Russian Federation,"Imports of goods, Volume index",Imports of goods,Cost insurance freight (CIF),Units,Not Applicable,61.36116849197974,2021,False,Low,Increasing
Russian Federation,"Imports of goods, Volume index",Imports of goods,Cost insurance freight (CIF),Units,Not Applicable,94.39059849769808,2022,False,Low,Increasing
Russian Federation,"Imports of goods, Volume index",Imports of goods,Cost insurance freight (CIF),Units,Not Applicable,103.5134480251999,2023,False,Low,Increasing
Russian Federation,"Imports of goods, Volume index",Imports of goods,Cost insurance freight (CIF),Units,Not Applicable,101.9626847589048,2024,False,Low,Decreasing
Russian Federation,"Imports of goods, Volume index",Imports of goods,Cost insurance freight (CIF),Units,Not Applicable,100.8359583232372,2025,False,Low,Decreasing
"Serbia, Republic of","Exports of goods, Volume index",Exports of goods,Free on board (FOB),Units,Not Applicable,159.2306718967481,2016,True,Low,No Data
"Serbia, Republic of","Exports of goods, Volume index",Exports of goods,Free on board (FOB),Units,Not Applicable,175.540933822599,2017,True,Medium,Increasing
"Serbia, Republic of","Exports of goods, Volume index",Exports of goods,Free on board (FOB),Units,Not Applicable,191.7499683664431,2018,True,Medium,Increasing
"Serbia, Republic of","Exports of goods, Volume index",Exports of goods,Free on board (FOB),Units,Not Applicable,199.6710110084778,2019,True,Medium,Increasing
"Serbia, Republic of","Exports of goods, Volume index",Exports of goods,Free on board (FOB),Units,Not Applicable,195.6978362647096,2020,True,Medium,Decreasing
"Serbia, Republic of","Exports of goods, Volume index",Exports of goods,Free on board (FOB),Units,Not Applicable,226.5974946222953,2021,True,Medium,Increasing
"Serbia, Republic of","Exports of goods, Volume index",Exports of goods,Free on board (FOB),Units,Not Applicable,240.1999240794635,2022,True,Medium,Increasing
"Serbia, Republic of","Exports of goods, Volume index",Exports of goods,Free on board (FOB),Units,Not Applicable,262.1283057066936,2023,True,Medium,Increasing
"Serbia, Republic of","Exports of goods, Volume index",Exports of goods,Free on board (FOB),Units,Not Applicable,268.6195115778818,2024,True,Medium,Increasing
"Serbia, Republic of","Exports of goods, Volume index",Exports of goods,Free on board (FOB),Units,Not Applicable,306.845501708212,2025,True,Medium,Increasing
"Serbia, Republic of","Imports of goods, Volume index",Imports of goods,Cost insurance freight (CIF),Units,Not Applicable,128.3591527031299,2016,False,Low,No Data
"Serbia, Republic of","Imports of goods, Volume index",Imports of goods,Cost insurance freight (CIF),Units,Not Applicable,138.3970913689535,2017,False,Low,Increasing
"Serbia, Republic of","Imports of goods, Volume index",Imports of goods,Cost insurance freight (CIF),Units,Not Applicable,155.1059121087575,2018,False,Low,Increasing
"Serbia, Republic of","Imports of goods, Volume index",Imports of goods,Cost insurance freight (CIF),Units,Not Applicable,165.3177363262725,2019,False,Medium,Increasing
"Serbia, Republic of","Imports of goods, Volume index",Imports of goods,Cost insurance freight (CIF),Units,Not Applicable,164.4325007903889,2020,False,Low,Decreasing
"Serbia, Republic of","Imports of goods, Volume index",Imports of goods,Cost insurance freight (CIF),Units,Not Applicable,181.1729370850458,2021,False,Medium,Increasing
"Serbia, Republic of","Imports of goods, Volume index",Imports of goods,Cost insurance freight (CIF),Units,Not Applicable,197.5181789440405,2022,False,Medium,Increasing
"Serbia, Republic of","Imports of goods, Volume index",Imports of goods,Cost insurance freight (CIF),Units,Not Applicable,208.4887764780272,2023,False,Medium,Increasing
"Serbia, Republic of","Imports of goods, Volume index",Imports of goods,Cost insurance freight (CIF),Units,Not Applicable,223.1900094846665,2024,False,Medium,Increasing
"Serbia, Republic of","Imports of goods, Volume index",Imports of goods,Cost insurance freight (CIF),Units,Not Applicable,244.4830856781537,2025,False,Medium,Increasing
Singapore,"Exports of goods, Volume index",Exports of goods,Free on board (FOB),Units,Not Applicable,114.2293845362592,2016,True,Low,No Data
Singapore,"Exports of goods, Volume index",Exports of goods,Free on board (FOB),Units,Not Applicable,120.7954740270873,2017,True,Low,Increasing
Singapore,"Exports of goods, Volume index",Exports of goods,Free on board (FOB),Units,Not Applicable,125.2528715926624,2018,True,Low,Increasing
Singapore,"Exports of goods, Volume index",Exports of goods,Free on board (FOB),Units,Not Applicable,121.3269329675981,2019,True,Low,Decreasing
Singapore,"Exports of goods, Volume index",Exports of goods,Free on board (FOB),Units,Not Applicable,125.064289387965,2020,True,Low,Increasing
Singapore,"Exports of goods, Volume index",Exports of goods,Free on board (FOB),Units,Not Applicable,135.8477627292988,2021,True,Low,Increasing
Singapore,"Exports of goods, Volume index",Exports of goods,Free on board (FOB),Units,Not Applicable,139.6022629864564,2022,True,Low,Increasing
Singapore,"Exports of goods, Volume index",Exports of goods,Free on board (FOB),Units,Not Applicable,131.8532487570718,2023,True,Low,Decreasing
Singapore,"Exports of goods, Volume index",Exports of goods,Free on board (FOB),Units,Not Applicable,146.0483456197497,2024,True,Low,Increasing
Singapore,"Exports of goods, Volume index",Exports of goods,Free on board (FOB),Units,Not Applicable,167.5467169552546,2025,True,Medium,Increasing
Singapore,"Imports of goods, Volume index",Imports of goods,Cost insurance freight (CIF),Units,Not Applicable,113.9588918677391,2016,False,Low,No Data
Singapore,"Imports of goods, Volume index",Imports of goods,Cost insurance freight (CIF),Units,Not Applicable,120.6255585344057,2017,False,Low,Increasing
Singapore,"Imports of goods, Volume index",Imports of goods,Cost insurance freight (CIF),Units,Not Applicable,126.2913315460232,2018,False,Low,Increasing
Singapore,"Imports of goods, Volume index",Imports of goods,Cost insurance freight (CIF),Units,Not Applicable,124.5576407506702,2019,False,Low,Decreasing
Singapore,"Imports of goods, Volume index",Imports of goods,Cost insurance freight (CIF),Units,Not Applicable,122.3949955317248,2020,False,Low,Decreasing
Singapore,"Imports of goods, Volume index",Imports of goods,Cost insurance freight (CIF),Units,Not Applicable,133.3512064343164,2021,False,Low,Increasing
Singapore,"Imports of goods, Volume index",Imports of goods,Cost insurance freight (CIF),Units,Not Applicable,143.1277926720286,2022,False,Low,Increasing
Singapore,"Imports of goods, Volume index",Imports of goods,Cost insurance freight (CIF),Units,Not Applicable,129.3297587131367,2023,False,Low,Decreasing
Singapore,"Imports of goods, Volume index",Imports of goods,Cost insurance freight (CIF),Units,Not Applicable,145.5049151027703,2024,False,Low,Increasing
Singapore,"Imports of goods, Volume index",Imports of goods,Cost insurance freight (CIF),Units,Not Applicable,163.4137622877569,2025,False,Low,Increasing
Slovak Republic,"Exports of goods, Volume index",Exports of goods,Free on board (FOB),Units,Not Applicable,135.9080459770115,2016,True,Low,No Data
Slovak Republic,"Exports of goods, Volume index",Exports of goods,Free on board (FOB),Units,Not Applicable,137.2988505747126,2017,True,Low,Increasing
Slovak Republic,"Exports of goods, Volume index",Exports of goods,Free on board (FOB),Units,Not Applicable,141.0459770114942,2018,True,Low,Increasing
Slovak Republic,"Exports of goods, Volume index",Exports of goods,Free on board (FOB),Units,Not Applicable,134.8275862068965,2019,True,Low,Decreasing
Slovak Republic,"Exports of goods, Volume index",Exports of goods,Free on board (FOB),Units,Not Applicable,125.0344827586207,2020,True,Low,Decreasing
Slovak Republic,"Exports of goods, Volume index",Exports of goods,Free on board (FOB),Units,Not Applicable,133.632183908046,2021,True,Low,Increasing
Slovak Republic,"Exports of goods, Volume index",Exports of goods,Free on board (FOB),Units,Not Applicable,136.1724137931034,2022,True,Low,Increasing
Slovak Republic,"Exports of goods, Volume index",Exports of goods,Free on board (FOB),Units,Not Applicable,139.2643678160919,2023,True,Low,Increasing
Slovak Republic,"Exports of goods, Volume index",Exports of goods,Free on board (FOB),Units,Not Applicable,135.6436781609195,2024,True,Low,Decreasing
Slovak Republic,"Exports of goods, Volume index",Exports of goods,Free on board (FOB),Units,Not Applicable,141.2758620689655,2025,True,Low,Increasing
Slovak Republic,Import price index,Imports of goods,Cost insurance freight (CIF),Units,Not Applicable,89.43551709929956,2016,False,Low,No Data
Slovak Republic,Import price index,Imports of goods,Cost insurance freight (CIF),Units,Not Applicable,91.536876802637,2017,False,Low,Increasing
Slovak Republic,Import price index,Imports of goods,Cost insurance freight (CIF),Units,Not Applicable,95.48413679439636,2018,False,Low,Increasing
Slovak Republic,Import price index,Imports of goods,Cost insurance freight (CIF),Units,Not Applicable,93.16028018129376,2019,False,Low,Decreasing
Slovak Republic,Import price index,Imports of goods,Cost insurance freight (CIF),Units,Not Applicable,89.6580140090647,2020,False,Low,Decreasing
Slovak Republic,Import price index,Imports of goods,Cost insurance freight (CIF),Units,Not Applicable,98.89575607746184,2021,False,Low,Increasing
Slovak Republic,Import price index,Imports of goods,Cost insurance freight (CIF),Units,Not Applicable,119.7033374536465,2022,False,Low,Increasing
Slovak Republic,Import price index,Imports of goods,Cost insurance freight (CIF),Units,Not Applicable,113.8195302843016,2023,False,Low,Decreasing
Slovak Republic,Import price index,Imports of goods,Cost insurance freight (CIF),Units,Not Applicable,108.6773794808405,2024,False,Low,Decreasing
Slovak Republic,Import price index,Imports of goods,Cost insurance freight (CIF),Units,Not Applicable,107.9274824886691,2025,False,Low,Decreasing
Slovak Republic,"Imports of goods, Volume index",Imports of goods,Cost insurance freight (CIF),Units,Not Applicable,123.6054517352817,2016,False,Low,No Data
Slovak Republic,"Imports of goods, Volume index",Imports of goods,Cost insurance freight (CIF),Units,Not Applicable,126.2189124631165,2017,False,Low,Increasing
Slovak Republic,"Imports of goods, Volume index",Imports of goods,Cost insurance freight (CIF),Units,Not Applicable,131.4177321905297,2018,False,Low,Increasing
Slovak Republic,"Imports of goods, Volume index",Imports of goods,Cost insurance freight (CIF),Units,Not Applicable,125.0526907404805,2019,False,Low,Decreasing
Slovak Republic,"Imports of goods, Volume index",Imports of goods,Cost insurance freight (CIF),Units,Not Applicable,114.5847969650133,2020,False,Low,Decreasing
Slovak Republic,"Imports of goods, Volume index",Imports of goods,Cost insurance freight (CIF),Units,Not Applicable,120.5564142194745,2021,False,Low,Increasing
Slovak Republic,"Imports of goods, Volume index",Imports of goods,Cost insurance freight (CIF),Units,Not Applicable,121.4135169312913,2022,False,Low,Increasing
Slovak Republic,"Imports of goods, Volume index",Imports of goods,Cost insurance freight (CIF),Units,Not Applicable,119.1934803990445,2023,False,Low,Decreasing
Slovak Republic,"Imports of goods, Volume index",Imports of goods,Cost insurance freight (CIF),Units,Not Applicable,118.8562596599691,2024,False,Low,Decreasing
Slovak Republic,"Imports of goods, Volume index",Imports of goods,Cost insurance freight (CIF),Units,Not Applicable,123.2682309962063,2025,False,Low,Increasing
"Slovenia, Republic of",Export price index (EPI),Exports of goods,Free on board (FOB),Units,Not Applicable,104.3393965031021,2016,True,Low,No Data
"Slovenia, Republic of",Export price index (EPI),Exports of goods,Free on board (FOB),Units,Not Applicable,107.4256204173716,2017,True,Low,Increasing
"Slovenia, Republic of",Export price index (EPI),Exports of goods,Free on board (FOB),Units,Not Applicable,109.8077058657643,2018,True,Low,Increasing
"Slovenia, Republic of",Export price index (EPI),Exports of goods,Free on board (FOB),Units,Not Applicable,109.2727721376198,2019,True,Low,Decreasing
"Slovenia, Republic of",Export price index (EPI),Exports of goods,Free on board (FOB),Units,Not Applicable,107.9808234630569,2020,True,Low,Decreasing
"Slovenia, Republic of",Export price index (EPI),Exports of goods,Free on board (FOB),Units,Not Applicable,113.3768683023125,2021,True,Low,Increasing
"Slovenia, Republic of","Exports of goods, Volume index",Exports of goods,Free on board (FOB),Units,Not Applicable,127.1144278606965,2016,True,Low,No Data
"Slovenia, Republic of","Exports of goods, Volume index",Exports of goods,Free on board (FOB),Units,Not Applicable,138.2196162046908,2017,True,Low,Increasing
"Slovenia, Republic of","Exports of goods, Volume index",Exports of goods,Free on board (FOB),Units,Not Applicable,147.3525230987918,2018,True,Low,Increasing
"Slovenia, Republic of","Exports of goods, Volume index",Exports of goods,Free on board (FOB),Units,Not Applicable,153.7668798862829,2019,True,Low,Increasing
"Slovenia, Republic of","Exports of goods, Volume index",Exports of goods,Free on board (FOB),Units,Not Applicable,149.2892679459844,2020,True,Low,Decreasing
"Slovenia, Republic of","Exports of goods, Volume index",Exports of goods,Free on board (FOB),Units,Not Applicable,164.7299218194741,2021,True,Medium,Increasing
"Slovenia, Republic of","Exports of goods, Volume index",Exports of goods,Free on board (FOB),Units,Not Applicable,173.0987917555082,2022,True,Medium,Increasing
"Slovenia, Republic of","Exports of goods, Volume index",Exports of goods,Free on board (FOB),Units,Not Applicable,171.8905472636816,2023,True,Medium,Decreasing
"Slovenia, Republic of","Exports of goods, Volume index",Exports of goods,Free on board (FOB),Units,Not Applicable,179.3532338308458,2024,True,Medium,Increasing
"Slovenia, Republic of","Exports of goods, Volume index",Exports of goods,Free on board (FOB),Units,Not Applicable,195.2914001421464,2025,True,Medium,Increasing
"Slovenia, Republic of",Import price index,Imports of goods,Cost insurance freight (CIF),Units,Not Applicable,103.47406751304,2016,False,Low,No Data
"Slovenia, Republic of",Import price index,Imports of goods,Cost insurance freight (CIF),Units,Not Applicable,106.9776596791655,2017,False,Low,Increasing
"Slovenia, Republic of",Import price index,Imports of goods,Cost insurance freight (CIF),Units,Not Applicable,109.6250369058164,2018,False,Low,Increasing
"Slovenia, Republic of",Import price index,Imports of goods,Cost insurance freight (CIF),Units,Not Applicable,108.9951776399961,2019,False,Low,Decreasing
"Slovenia, Republic of",Import price index,Imports of goods,Cost insurance freight (CIF),Units,Not Applicable,105.1963389430174,2020,False,Low,Decreasing
"Slovenia, Republic of",Import price index,Imports of goods,Cost insurance freight (CIF),Units,Not Applicable,118.1084538923335,2021,False,Low,Increasing
"Slovenia, Republic of",Import price index,Imports of goods,Cost insurance freight (CIF),Units,Not Applicable,146.1863989764788,2022,False,Low,Increasing
"Slovenia, Republic of",Import price index,Imports of goods,Cost insurance freight (CIF),Units,Not Applicable,144.6019092608996,2023,False,Low,Decreasing
"Slovenia, Republic of",Import price index,Imports of goods,Cost insurance freight (CIF),Units,Not Applicable,141.1475248499163,2024,False,Low,Decreasing
"Slovenia, Republic of",Import price index,Imports of goods,Cost insurance freight (CIF),Units,Not Applicable,139.6417675425646,2025,False,Low,Decreasing
"Slovenia, Republic of","Imports of goods, Volume index",Imports of goods,Cost insurance freight (CIF),Units,Not Applicable,115.9480323856148,2016,False,Low,No Data
"Slovenia, Republic of","Imports of goods, Volume index",Imports of goods,Cost insurance freight (CIF),Units,Not Applicable,126.5110148747882,2017,False,Low,Increasing
"Slovenia, Republic of","Imports of goods, Volume index",Imports of goods,Cost insurance freight (CIF),Units,Not Applicable,135.3040858595368,2018,False,Low,Increasing
"Slovenia, Republic of","Imports of goods, Volume index",Imports of goods,Cost insurance freight (CIF),Units,Not Applicable,145.4340048954999,2019,False,Low,Increasing
"Slovenia, Republic of","Imports of goods, Volume index",Imports of goods,Cost insurance freight (CIF),Units,Not Applicable,141.8565241950668,2020,False,Low,Decreasing
"Slovenia, Republic of","Imports of goods, Volume index",Imports of goods,Cost insurance freight (CIF),Units,Not Applicable,156.1476181510073,2021,False,Low,Increasing
"Slovenia, Republic of","Imports of goods, Volume index",Imports of goods,Cost insurance freight (CIF),Units,Not Applicable,165.4867256637168,2022,False,Medium,Increasing
"Slovenia, Republic of","Imports of goods, Volume index",Imports of goods,Cost insurance freight (CIF),Units,Not Applicable,174.0161928073809,2023,False,Medium,Increasing
"Slovenia, Republic of","Imports of goods, Volume index",Imports of goods,Cost insurance freight (CIF),Units,Not Applicable,204.6695537563547,2024,False,Medium,Increasing
"Slovenia, Republic of","Imports of goods, Volume index",Imports of goods,Cost insurance freight (CIF),Units,Not Applicable,205.3285633590661,2025,False,Medium,Increasing
South Africa,Export price index (EPI),Exports of goods,Free on board (FOB),Units,Not Applicable,145.623275645849,2016,True,Low,No Data
South Africa,Export price index (EPI),Exports of goods,Free on board (FOB),Units,Not Applicable,144.6450965638325,2017,True,Low,Decreasing
South Africa,Export price index (EPI),Exports of goods,Free on board (FOB),Units,Not Applicable,142.5382493102583,2018,True,Low,Decreasing
South Africa,Export price index (EPI),Exports of goods,Free on board (FOB),Units,Not Applicable,144.3942814145975,2019,True,Low,Increasing
South Africa,Export price index (EPI),Exports of goods,Free on board (FOB),Units,Not Applicable,156.0571858540256,2020,True,Low,Increasing
South Africa,"Exports of goods, Volume index",Exports of goods,Free on board (FOB),Units,Not Applicable,99.88066825775655,2016,True,Low,No Data
South Africa,"Exports of goods, Volume index",Exports of goods,Free on board (FOB),Units,Not Applicable,107.7963404932379,2017,True,Low,Increasing
South Africa,"Exports of goods, Volume index",Exports of goods,Free on board (FOB),Units,Not Applicable,109.4470962609387,2018,True,Low,Increasing
South Africa,"Exports of goods, Volume index",Exports of goods,Free on board (FOB),Units,Not Applicable,107.9156722354813,2019,True,Low,Decreasing
South Africa,"Exports of goods, Volume index",Exports of goods,Free on board (FOB),Units,Not Applicable,100.7358790771679,2020,True,Low,Decreasing
South Africa,"Exports of goods, Volume index",Exports of goods,Free on board (FOB),Units,Not Applicable,119.4709626093874,2021,True,Low,Increasing
South Africa,"Exports of goods, Volume index",Exports of goods,Free on board (FOB),Units,Not Applicable,108.1941129673827,2022,True,Low,Decreasing
South Africa,"Exports of goods, Volume index",Exports of goods,Free on board (FOB),Units,Not Applicable,105.3500397772474,2023,True,Low,Decreasing
South Africa,"Exports of goods, Volume index",Exports of goods,Free on board (FOB),Units,Not Applicable,105.0119331742243,2024,True,Low,Decreasing
South Africa,"Exports of goods, Volume index",Exports of goods,Free on board (FOB),Units,Not Applicable,106.2450278440732,2025,True,Low,Increasing
South Africa,Import price index,Imports of goods,Cost insurance freight (CIF),Units,Not Applicable,136.0503930225045,2016,False,Low,No Data
South Africa,Import price index,Imports of goods,Cost insurance freight (CIF),Units,Not Applicable,126.0794659201034,2017,False,Low,Decreasing
South Africa,Import price index,Imports of goods,Cost insurance freight (CIF),Units,Not Applicable,122.5368795089911,2018,False,Low,Decreasing
South Africa,Import price index,Imports of goods,Cost insurance freight (CIF),Units,Not Applicable,114.7948745558308,2019,False,Low,Decreasing
South Africa,Import price index,Imports of goods,Cost insurance freight (CIF),Units,Not Applicable,111.4568752018951,2020,False,Low,Decreasing
South Africa,"Imports of goods, Volume index",Imports of goods,Cost insurance freight (CIF),Units,Not Applicable,102.2749558737007,2016,False,Low,No Data
South Africa,"Imports of goods, Volume index",Imports of goods,Cost insurance freight (CIF),Units,Not Applicable,107.4524416552265,2017,False,Low,Increasing
South Africa,"Imports of goods, Volume index",Imports of goods,Cost insurance freight (CIF),Units,Not Applicable,113.9046871935674,2018,False,Low,Increasing
South Africa,"Imports of goods, Volume index",Imports of goods,Cost insurance freight (CIF),Units,Not Applicable,111.2374975485389,2019,False,Low,Decreasing
South Africa,"Imports of goods, Volume index",Imports of goods,Cost insurance freight (CIF),Units,Not Applicable,90.40988429103744,2020,False,Low,Decreasing
South Africa,"Imports of goods, Volume index",Imports of goods,Cost insurance freight (CIF),Units,Not Applicable,104.5891351245342,2021,False,Low,Increasing
South Africa,"Imports of goods, Volume index",Imports of goods,Cost insurance freight (CIF),Units,Not Applicable,109.1586585605021,2022,False,Low,Increasing
South Africa,"Imports of goods, Volume index",Imports of goods,Cost insurance freight (CIF),Units,Not Applicable,111.2178858599725,2023,False,Low,Increasing
South Africa,"Imports of goods, Volume index",Imports of goods,Cost insurance freight (CIF),Units,Not Applicable,107.2171013924299,2024,False,Low,Decreasing
South Africa,"Imports of goods, Volume index",Imports of goods,Cost insurance freight (CIF),Units,Not Applicable,111.2178858599725,2025,False,Low,Increasing
Spain,"Exports of goods, Price deflator",Exports of goods,Free on board (FOB),Units,Not Applicable,104.8057507471126,2016,True,Low,No Data
Spain,"Exports of goods, Price deflator",Exports of goods,Free on board (FOB),Units,Not Applicable,105.4922865681286,2017,True,Low,Increasing
Spain,"Exports of goods, Volume index",Exports of goods,Free on board (FOB),Units,Not Applicable,126.9965477560414,2016,True,Low,No Data
Spain,"Exports of goods, Volume index",Exports of goods,Free on board (FOB),Units,Not Applicable,129.0678941311853,2017,True,Low,Increasing
Spain,"Exports of goods, Volume index",Exports of goods,Free on board (FOB),Units,Not Applicable,129.1599539700805,2018,True,Low,Increasing
Spain,"Exports of goods, Volume index",Exports of goods,Free on board (FOB),Units,Not Applicable,128.2163406214039,2019,True,Low,Decreasing
Spain,"Exports of goods, Volume index",Exports of goods,Free on board (FOB),Units,Not Applicable,114.361334867664,2020,True,Low,Decreasing
Spain,"Exports of goods, Volume index",Exports of goods,Free on board (FOB),Units,Not Applicable,123.7284234752589,2021,True,Low,Increasing
Spain,"Exports of goods, Volume index",Exports of goods,Free on board (FOB),Units,Not Applicable,125.7077100115075,2022,True,Low,Increasing
Spain,"Exports of goods, Volume index",Exports of goods,Free on board (FOB),Units,Not Applicable,121.2428078250863,2023,True,Low,Decreasing
Spain,"Exports of goods, Volume index",Exports of goods,Free on board (FOB),Units,Not Applicable,123.1530494821634,2024,True,Low,Increasing
Spain,"Exports of goods, Volume index",Exports of goods,Free on board (FOB),Units,Not Applicable,121.5880322209436,2025,True,Low,Decreasing
Spain,Import price index,Imports of goods,Cost insurance freight (CIF),Units,Not Applicable,100.6254738438211,2016,False,Low,No Data
Spain,Import price index,Imports of goods,Cost insurance freight (CIF),Units,Not Applicable,105.8093252463988,2017,False,Low,Increasing
Spain,Import price index,Imports of goods,Cost insurance freight (CIF),Units,Not Applicable,109.5716451857468,2018,False,Low,Increasing
Spain,Import price index,Imports of goods,Cost insurance freight (CIF),Units,Not Applicable,109.8749052312358,2019,False,Low,Increasing
Spain,Import price index,Imports of goods,Cost insurance freight (CIF),Units,Not Applicable,102.6156178923427,2020,False,Low,Decreasing
Spain,Import price index,Imports of goods,Cost insurance freight (CIF),Units,Not Applicable,113.7130401819561,2021,False,Low,Increasing
Spain,Import price index,Imports of goods,Cost insurance freight (CIF),Units,Not Applicable,142.4469294920394,2022,False,Low,Increasing
Spain,Import price index,Imports of goods,Cost insurance freight (CIF),Units,Not Applicable,136.8745261561789,2023,False,Low,Decreasing
Spain,Import price index,Imports of goods,Cost insurance freight (CIF),Units,Not Applicable,136.1068991660349,2024,False,Low,Decreasing
Spain,Import price index,Imports of goods,Cost insurance freight (CIF),Units,Not Applicable,134.7232752084914,2025,False,Low,Decreasing
Spain,"Imports of goods, Price deflator",Imports of goods,Cost insurance freight (CIF),Units,Not Applicable,100.7450947926154,2016,False,Low,No Data
Spain,"Imports of goods, Price deflator",Imports of goods,Cost insurance freight (CIF),Units,Not Applicable,105.4060766619754,2017,False,Low,Increasing
Spain,"Imports of goods, Volume index",Imports of goods,Cost insurance freight (CIF),Units,Not Applicable,96.4245810055866,2016,False,Low,No Data
Spain,"Imports of goods, Volume index",Imports of goods,Cost insurance freight (CIF),Units,Not Applicable,99.18994413407822,2017,False,Low,Increasing
Spain,"Imports of goods, Volume index",Imports of goods,Cost insurance freight (CIF),Units,Not Applicable,99.35754189944136,2018,False,Low,Increasing
Spain,"Imports of goods, Volume index",Imports of goods,Cost insurance freight (CIF),Units,Not Applicable,98.18435754189944,2019,False,Low,Decreasing
Spain,"Imports of goods, Volume index",Imports of goods,Cost insurance freight (CIF),Units,Not Applicable,84.86033519553072,2020,False,Low,Decreasing
Spain,"Imports of goods, Volume index",Imports of goods,Cost insurance freight (CIF),Units,Not Applicable,91.70391061452514,2021,False,Low,Increasing
Spain,"Imports of goods, Volume index",Imports of goods,Cost insurance freight (CIF),Units,Not Applicable,96.87150837988828,2022,False,Low,Increasing
Spain,"Imports of goods, Volume index",Imports of goods,Cost insurance freight (CIF),Units,Not Applicable,88.49162011173185,2023,False,Low,Decreasing
Spain,"Imports of goods, Volume index",Imports of goods,Cost insurance freight (CIF),Units,Not Applicable,89.21787709497207,2024,False,Low,Increasing
Spain,"Imports of goods, Volume index",Imports of goods,Cost insurance freight (CIF),Units,Not Applicable,90.9217877094972,2025,False,Low,Increasing
Sri Lanka,"Exports of goods, Volume index",Exports of goods,Free on board (FOB),Units,Not Applicable,102.9438001784121,2016,True,Low,No Data
Sri Lanka,"Exports of goods, Volume index",Exports of goods,Free on board (FOB),Units,Not Applicable,110.7493309545049,2017,True,Low,Increasing
Sri Lanka,"Exports of goods, Volume index",Exports of goods,Free on board (FOB),Units,Not Applicable,117.707404103479,2018,True,Low,Increasing
Sri Lanka,"Exports of goods, Volume index",Exports of goods,Free on board (FOB),Units,Not Applicable,121.2756467439786,2019,True,Low,Increasing
Sri Lanka,"Exports of goods, Volume index",Exports of goods,Free on board (FOB),Units,Not Applicable,101.5611061552186,2020,True,Low,Decreasing
Sri Lanka,"Exports of goods, Volume index",Exports of goods,Free on board (FOB),Units,Not Applicable,119.9598572702944,2021,True,Low,Increasing
Sri Lanka,"Exports of goods, Volume index",Exports of goods,Free on board (FOB),Units,Not Applicable,115.3880463871543,2022,True,Low,Decreasing
Sri Lanka,"Exports of goods, Volume index",Exports of goods,Free on board (FOB),Units,Not Applicable,104.5272078501338,2023,True,Low,Decreasing
Sri Lanka,"Exports of goods, Volume index",Exports of goods,Free on board (FOB),Units,Not Applicable,111.7305976806423,2024,True,Low,Increasing
Sri Lanka,"Exports of goods, Volume index",Exports of goods,Free on board (FOB),Units,Not Applicable,117.9527207850134,2025,True,Low,Increasing
Sri Lanka,"Imports of goods, Volume index",Imports of goods,Cost insurance freight (CIF),Units,Not Applicable,151.696065128901,2016,False,Low,No Data
Sri Lanka,"Imports of goods, Volume index",Imports of goods,Cost insurance freight (CIF),Units,Not Applicable,158.4027912386121,2017,False,Low,Increasing
Sri Lanka,"Imports of goods, Volume index",Imports of goods,Cost insurance freight (CIF),Units,Not Applicable,160.3023841829812,2018,False,Low,Increasing
Sri Lanka,"Imports of goods, Volume index",Imports of goods,Cost insurance freight (CIF),Units,Not Applicable,148.0519480519481,2019,False,Low,Decreasing
Sri Lanka,"Imports of goods, Volume index",Imports of goods,Cost insurance freight (CIF),Units,Not Applicable,122.0197712735026,2020,False,Low,Decreasing
Sri Lanka,"Imports of goods, Volume index",Imports of goods,Cost insurance freight (CIF),Units,Not Applicable,133.4754797441365,2021,False,Low,Increasing
Sri Lanka,"Imports of goods, Volume index",Imports of goods,Cost insurance freight (CIF),Units,Not Applicable,101.8026749370033,2022,False,Low,Decreasing
Sri Lanka,"Imports of goods, Volume index",Imports of goods,Cost insurance freight (CIF),Units,Not Applicable,99.43787555727856,2023,False,Low,Decreasing
Sri Lanka,"Imports of goods, Volume index",Imports of goods,Cost insurance freight (CIF),Units,Not Applicable,114.3438650901338,2024,False,Low,Increasing
Sri Lanka,"Imports of goods, Volume index",Imports of goods,Cost insurance freight (CIF),Units,Not Applicable,130.8780771467339,2025,False,Low,Increasing
Sweden,Export price index (EPI),Exports of goods,Free on board (FOB),Units,Not Applicable,95.38461538461536,2016,True,Low,No Data
Sweden,Export price index (EPI),Exports of goods,Free on board (FOB),Units,Not Applicable,100.7692307692308,2017,True,Low,Increasing
Sweden,Export price index (EPI),Exports of goods,Free on board (FOB),Units,Not Applicable,108.6940966010734,2018,True,Low,Increasing
Sweden,Export price index (EPI),Exports of goods,Free on board (FOB),Units,Not Applicable,112.5581395348838,2019,True,Low,Increasing
Sweden,Export price index (EPI),Exports of goods,Free on board (FOB),Units,Not Applicable,107.3255813953488,2020,True,Low,Decreasing
Sweden,Export price index (EPI),Exports of goods,Free on board (FOB),Units,Not Applicable,117.9964221824687,2021,True,Low,Increasing
Sweden,"Exports of goods, Volume index",Exports of goods,Free on board (FOB),Units,Not Applicable,99.00024384296512,2016,True,Low,No Data
Sweden,"Exports of goods, Volume index",Exports of goods,Free on board (FOB),Units,Not Applicable,102.145818093148,2017,True,Low,Increasing
Sweden,"Exports of goods, Volume index",Exports of goods,Free on board (FOB),Units,Not Applicable,103.2674957327482,2018,True,Low,Increasing
Sweden,"Exports of goods, Volume index",Exports of goods,Free on board (FOB),Units,Not Applicable,101.4386734942697,2019,True,Low,Decreasing
Sweden,"Exports of goods, Volume index",Exports of goods,Free on board (FOB),Units,Not Applicable,97.34211168007812,2020,True,Low,Decreasing
Sweden,Import price index,Imports of goods,Cost insurance freight (CIF),Units,Not Applicable,93.24146981627298,2016,False,Low,No Data
Sweden,Import price index,Imports of goods,Cost insurance freight (CIF),Units,Not Applicable,98.7814023247094,2017,False,Low,Increasing
Sweden,Import price index,Imports of goods,Cost insurance freight (CIF),Units,Not Applicable,107.2928383952006,2018,False,Low,Increasing
Sweden,Import price index,Imports of goods,Cost insurance freight (CIF),Units,Not Applicable,110.1237345331834,2019,False,Low,Increasing
Sweden,Import price index,Imports of goods,Cost insurance freight (CIF),Units,Not Applicable,104.2275965504312,2020,False,Low,Decreasing
Sweden,Import price index,Imports of goods,Cost insurance freight (CIF),Units,Not Applicable,112.4859392575928,2021,False,Low,Increasing
Sweden,Import price index,Imports of goods,Cost insurance freight (CIF),Units,Not Applicable,144.5350581177353,2022,False,Low,Increasing
Sweden,Import price index,Imports of goods,Cost insurance freight (CIF),Units,Not Applicable,147.3378327709036,2023,False,Low,Increasing
Sweden,Import price index,Imports of goods,Cost insurance freight (CIF),Units,Not Applicable,145.7911511061117,2024,False,Low,Decreasing
Sweden,Import price index,Imports of goods,Cost insurance freight (CIF),Units,Not Applicable,141.0011248593926,2025,False,Low,Decreasing
Sweden,"Imports of goods, Volume index",Imports of goods,Cost insurance freight (CIF),Units,Not Applicable,101.7845041789022,2016,False,Low,No Data
Sweden,"Imports of goods, Volume index",Imports of goods,Cost insurance freight (CIF),Units,Not Applicable,101.7845041789022,2017,False,Low,No Data
Sweden,"Imports of goods, Volume index",Imports of goods,Cost insurance freight (CIF),Units,Not Applicable,104.698441382426,2018,False,Low,Increasing
Sweden,"Imports of goods, Volume index",Imports of goods,Cost insurance freight (CIF),Units,Not Applicable,101.3101423085611,2019,False,Low,Decreasing
Sweden,"Imports of goods, Volume index",Imports of goods,Cost insurance freight (CIF),Units,Not Applicable,94.55613282132369,2020,False,Low,Decreasing
Switzerland,"Exports of goods, Volume index",Exports of goods,Free on board (FOB),Units,Not Applicable,100.6112202575857,2016,True,Low,No Data
Switzerland,"Exports of goods, Volume index",Exports of goods,Free on board (FOB),Units,Not Applicable,103.6891508404279,2017,True,Low,Increasing
Switzerland,"Exports of goods, Volume index",Exports of goods,Free on board (FOB),Units,Not Applicable,108.6225714909408,2018,True,Low,Increasing
Switzerland,"Exports of goods, Volume index",Exports of goods,Free on board (FOB),Units,Not Applicable,107.4219602706833,2019,True,Low,Decreasing
Switzerland,"Exports of goods, Volume index",Exports of goods,Free on board (FOB),Units,Not Applicable,102.5540275049116,2020,True,Low,Decreasing
Switzerland,"Exports of goods, Volume index",Exports of goods,Free on board (FOB),Units,Not Applicable,115.5642872735211,2021,True,Low,Increasing
Switzerland,"Exports of goods, Volume index",Exports of goods,Free on board (FOB),Units,Not Applicable,116.0663610565379,2022,True,Low,Increasing
Switzerland,"Exports of goods, Volume index",Exports of goods,Free on board (FOB),Units,Not Applicable,114.0362366295569,2023,True,Low,Decreasing
Switzerland,"Exports of goods, Volume index",Exports of goods,Free on board (FOB),Units,Not Applicable,110.3252564942152,2024,True,Low,Decreasing
Switzerland,"Exports of goods, Volume index",Exports of goods,Free on board (FOB),Units,Not Applicable,106.1122025758568,2025,True,Low,Decreasing
Switzerland,Import price index,Imports of goods,Cost insurance freight (CIF),Units,Not Applicable,83.62937722032913,2016,False,Low,No Data
Switzerland,Import price index,Imports of goods,Cost insurance freight (CIF),Units,Not Applicable,85.96389472921042,2017,False,Low,Increasing
Switzerland,Import price index,Imports of goods,Cost insurance freight (CIF),Units,Not Applicable,90.01667512506344,2018,False,Low,Increasing
Switzerland,Import price index,Imports of goods,Cost insurance freight (CIF),Units,Not Applicable,87.84890886681647,2019,False,Low,Decreasing
Switzerland,Import price index,Imports of goods,Cost insurance freight (CIF),Units,Not Applicable,82.83187123903429,2020,False,Low,Decreasing
Switzerland,Import price index,Imports of goods,Cost insurance freight (CIF),Units,Not Applicable,87.00065250489376,2021,False,Low,Increasing
Switzerland,Import price index,Imports of goods,Cost insurance freight (CIF),Units,Not Applicable,94.99021242659315,2022,False,Low,Increasing
Switzerland,Import price index,Imports of goods,Cost insurance freight (CIF),Units,Not Applicable,92.56144421083158,2023,False,Low,Decreasing
Switzerland,Import price index,Imports of goods,Cost insurance freight (CIF),Units,Not Applicable,88.63191473936052,2024,False,Low,Decreasing
Switzerland,Import price index,Imports of goods,Cost insurance freight (CIF),Units,Not Applicable,86.471398535489,2025,False,Low,Decreasing
Switzerland,"Imports of goods, Volume index",Imports of goods,Cost insurance freight (CIF),Units,Not Applicable,103.6736437419906,2016,False,Low,No Data
Switzerland,"Imports of goods, Volume index",Imports of goods,Cost insurance freight (CIF),Units,Not Applicable,107.2618539085861,2017,False,Low,Increasing
Switzerland,"Imports of goods, Volume index",Imports of goods,Cost insurance freight (CIF),Units,Not Applicable,114.6732165741136,2018,False,Low,Increasing
Switzerland,"Imports of goods, Volume index",Imports of goods,Cost insurance freight (CIF),Units,Not Applicable,116.1896625373772,2019,False,Low,Increasing
Switzerland,"Imports of goods, Volume index",Imports of goods,Cost insurance freight (CIF),Units,Not Applicable,99.7650576676634,2020,False,Low,Decreasing
Switzerland,"Imports of goods, Volume index",Imports of goods,Cost insurance freight (CIF),Units,Not Applicable,101.9222554463904,2021,False,Low,Increasing
Switzerland,"Imports of goods, Volume index",Imports of goods,Cost insurance freight (CIF),Units,Not Applicable,103.630926954293,2022,False,Low,Increasing
Switzerland,"Imports of goods, Volume index",Imports of goods,Cost insurance freight (CIF),Units,Not Applicable,101.7086715079026,2023,False,Low,Decreasing
Switzerland,"Imports of goods, Volume index",Imports of goods,Cost insurance freight (CIF),Units,Not Applicable,102.3707817172149,2024,False,Low,Increasing
Switzerland,"Imports of goods, Volume index",Imports of goods,Cost insurance freight (CIF),Units,Not Applicable,105.8094831268689,2025,False,Low,Increasing
Taiwan Province of China,Export price index (EPI),Exports of goods,Free on board (FOB),Units,Not Applicable,87.47694617980889,2016,True,Low,No Data
Taiwan Province of China,Export price index (EPI),Exports of goods,Free on board (FOB),Units,Not Applicable,91.38352080128884,2017,True,Low,Increasing
Taiwan Province of China,Export price index (EPI),Exports of goods,Free on board (FOB),Units,Not Applicable,93.59668753963808,2018,True,Low,Increasing
Taiwan Province of China,"Exports of goods, Volume index",Exports of goods,Free on board (FOB),Units,Not Applicable,115.2634961439589,2016,True,Low,No Data
Taiwan Province of China,"Exports of goods, Volume index",Exports of goods,Free on board (FOB),Units,Not Applicable,124.8875321336761,2017,True,Low,Increasing
Taiwan Province of China,"Exports of goods, Volume index",Exports of goods,Free on board (FOB),Units,Not Applicable,129.1934447300771,2018,True,Low,Increasing
Taiwan Province of China,"Exports of goods, Volume index",Exports of goods,Free on board (FOB),Units,Not Applicable,134.2384318766067,2019,True,Low,Increasing
Taiwan Province of China,"Exports of goods, Volume index",Exports of goods,Free on board (FOB),Units,Not Applicable,145.0353470437018,2020,True,Low,Increasing
Taiwan Province of China,"Exports of goods, Volume index",Exports of goods,Free on board (FOB),Units,Not Applicable,166.098971722365,2021,True,Medium,Increasing
Taiwan Province of China,"Exports of goods, Volume index",Exports of goods,Free on board (FOB),Units,Not Applicable,168.396529562982,2022,True,Medium,Increasing
Taiwan Province of China,"Exports of goods, Volume index",Exports of goods,Free on board (FOB),Units,Not Applicable,162.7088688946015,2023,True,Low,Decreasing
Taiwan Province of China,"Exports of goods, Volume index",Exports of goods,Free on board (FOB),Units,Not Applicable,169.280205655527,2024,True,Medium,Increasing
Taiwan Province of China,"Exports of goods, Volume index",Exports of goods,Free on board (FOB),Units,Not Applicable,217.5289203084833,2025,True,Medium,Increasing
Taiwan Province of China,Import price index,Imports of goods,Cost insurance freight (CIF),Units,Not Applicable,81.94438753909395,2016,False,Low,No Data
Taiwan Province of China,Import price index,Imports of goods,Cost insurance freight (CIF),Units,Not Applicable,88.01846464812004,2017,False,Low,Increasing
Taiwan Province of China,Import price index,Imports of goods,Cost insurance freight (CIF),Units,Not Applicable,94.27554936425344,2018,False,Low,Increasing
Taiwan Province of China,"Imports of goods, Volume index",Imports of goods,Cost insurance freight (CIF),Units,Not Applicable,109.7360450021636,2016,False,Low,No Data
Taiwan Province of China,"Imports of goods, Volume index",Imports of goods,Cost insurance freight (CIF),Units,Not Applicable,115.0151449588923,2017,False,Low,Increasing
Taiwan Province of China,"Imports of goods, Volume index",Imports of goods,Cost insurance freight (CIF),Units,Not Applicable,118.5850281263522,2018,False,Low,Increasing
Taiwan Province of China,"Imports of goods, Volume index",Imports of goods,Cost insurance freight (CIF),Units,Not Applicable,123.8424924275206,2019,False,Low,Increasing
Taiwan Province of China,"Imports of goods, Volume index",Imports of goods,Cost insurance freight (CIF),Units,Not Applicable,132.258762440502,2020,False,Low,Increasing
Taiwan Province of China,"Imports of goods, Volume index",Imports of goods,Cost insurance freight (CIF),Units,Not Applicable,150.0649069666811,2021,False,Low,Increasing
Taiwan Province of China,"Imports of goods, Volume index",Imports of goods,Cost insurance freight (CIF),Units,Not Applicable,157.0315880571181,2022,False,Low,Increasing
Taiwan Province of China,"Imports of goods, Volume index",Imports of goods,Cost insurance freight (CIF),Units,Not Applicable,140.4370402423193,2023,False,Low,Decreasing
Taiwan Province of China,"Imports of goods, Volume index",Imports of goods,Cost insurance freight (CIF),Units,Not Applicable,154.045867589788,2024,False,Low,Increasing
Taiwan Province of China,"Imports of goods, Volume index",Imports of goods,Cost insurance freight (CIF),Units,Not Applicable,193.1631328429251,2025,False,Medium,Increasing
"Tanzania, United Republic of","Exports of goods, Volume index",Exports of goods,Free on board (FOB),Units,Not Applicable,129.4586577678902,2016,True,Low,No Data
"Tanzania, United Republic of","Exports of goods, Volume index",Exports of goods,Free on board (FOB),Units,Not Applicable,117.4823878383389,2017,True,Low,Decreasing
"Tanzania, United Republic of","Exports of goods, Volume index",Exports of goods,Free on board (FOB),Units,Not Applicable,113.4037819799777,2018,True,Low,Decreasing
"Tanzania, United Republic of","Exports of goods, Volume index",Exports of goods,Free on board (FOB),Units,Not Applicable,142.4175009269559,2019,True,Low,Increasing
"Tanzania, United Republic of","Exports of goods, Volume index",Exports of goods,Free on board (FOB),Units,Not Applicable,154.7830923248053,2020,True,Low,Increasing
"Tanzania, United Republic of","Exports of goods, Volume index",Exports of goods,Free on board (FOB),Units,Not Applicable,147.9236188357434,2021,True,Low,Decreasing
"Tanzania, United Republic of","Exports of goods, Volume index",Exports of goods,Free on board (FOB),Units,Not Applicable,152.0022246941046,2022,True,Low,Increasing
"Tanzania, United Republic of","Exports of goods, Volume index",Exports of goods,Free on board (FOB),Units,Not Applicable,158.7133852428624,2023,True,Low,Increasing
"Tanzania, United Republic of","Exports of goods, Volume index",Exports of goods,Free on board (FOB),Units,Not Applicable,173.7856878012607,2024,True,Medium,Increasing
"Tanzania, United Republic of","Exports of goods, Volume index",Exports of goods,Free on board (FOB),Units,Not Applicable,172.9885057471264,2025,True,Medium,Decreasing
"Tanzania, United Republic of","Imports of goods, Volume index",Imports of goods,Cost insurance freight (CIF),Units,Not Applicable,135.4626708727655,2016,False,Low,No Data
"Tanzania, United Republic of","Imports of goods, Volume index",Imports of goods,Cost insurance freight (CIF),Units,Not Applicable,111.3301787592008,2017,False,Low,Decreasing
"Tanzania, United Republic of","Imports of goods, Volume index",Imports of goods,Cost insurance freight (CIF),Units,Not Applicable,116.8901156677182,2018,False,Low,Increasing
"Tanzania, United Republic of","Imports of goods, Volume index",Imports of goods,Cost insurance freight (CIF),Units,Not Applicable,124.8554153522608,2019,False,Low,Increasing
"Tanzania, United Republic of","Imports of goods, Volume index",Imports of goods,Cost insurance freight (CIF),Units,Not Applicable,113.0257623554154,2020,False,Low,Decreasing
"Tanzania, United Republic of","Imports of goods, Volume index",Imports of goods,Cost insurance freight (CIF),Units,Not Applicable,112.8943217665615,2021,False,Low,Decreasing
"Tanzania, United Republic of","Imports of goods, Volume index",Imports of goods,Cost insurance freight (CIF),Units,Not Applicable,140.4837013669821,2022,False,Low,Increasing
"Tanzania, United Republic of","Imports of goods, Volume index",Imports of goods,Cost insurance freight (CIF),Units,Not Applicable,143.6119873817035,2023,False,Low,Increasing
"Tanzania, United Republic of","Imports of goods, Volume index",Imports of goods,Cost insurance freight (CIF),Units,Not Applicable,152.8391167192429,2024,False,Low,Increasing
"Tanzania, United Republic of","Imports of goods, Volume index",Imports of goods,Cost insurance freight (CIF),Units,Not Applicable,158.7933753943218,2025,False,Low,Increasing
Thailand,"Exports of goods, Price deflator",Exports of goods,Free on board (FOB),Units,Not Applicable,111.1839018541365,2016,True,Low,No Data
Thailand,"Exports of goods, Price deflator",Exports of goods,Free on board (FOB),Units,Not Applicable,110.6999496064087,2017,True,Low,Decreasing
Thailand,"Exports of goods, Price deflator",Exports of goods,Free on board (FOB),Units,Not Applicable,109.0552070481519,2018,True,Low,Decreasing
Thailand,"Exports of goods, Volume index",Exports of goods,Free on board (FOB),Units,Not Applicable,110.9796999117387,2016,True,Low,No Data
Thailand,"Exports of goods, Volume index",Exports of goods,Free on board (FOB),Units,Not Applicable,117.2285966460724,2017,True,Low,Increasing
Thailand,"Exports of goods, Volume index",Exports of goods,Free on board (FOB),Units,Not Applicable,121.8711385701677,2018,True,Low,Increasing
Thailand,"Exports of goods, Volume index",Exports of goods,Free on board (FOB),Units,Not Applicable,117.3698146513681,2019,True,Low,Decreasing
Thailand,"Exports of goods, Volume index",Exports of goods,Free on board (FOB),Units,Not Applicable,110.5913503971756,2020,True,Low,Decreasing
Thailand,"Exports of goods, Volume index",Exports of goods,Free on board (FOB),Units,Not Applicable,115.2736938377479,2021,True,Low,Increasing
Thailand,"Exports of goods, Volume index",Exports of goods,Free on board (FOB),Units,Not Applicable,129.1791703442189,2022,True,Low,Increasing
Thailand,"Exports of goods, Volume index",Exports of goods,Free on board (FOB),Units,Not Applicable,125.7016769638129,2023,True,Low,Decreasing
Thailand,"Exports of goods, Volume index",Exports of goods,Free on board (FOB),Units,Not Applicable,131.315092674316,2024,True,Low,Increasing
Thailand,"Exports of goods, Volume index",Exports of goods,Free on board (FOB),Units,Not Applicable,147.0079435127979,2025,True,Low,Increasing
Thailand,"Imports of goods, Price deflator",Imports of goods,Cost insurance freight (CIF),Units,Not Applicable,104.0006218109329,2016,False,Low,No Data
Thailand,"Imports of goods, Price deflator",Imports of goods,Cost insurance freight (CIF),Units,Not Applicable,105.4893103385212,2017,False,Low,Increasing
Thailand,"Imports of goods, Price deflator",Imports of goods,Cost insurance freight (CIF),Units,Not Applicable,106.1403829623804,2018,False,Low,Increasing
Thailand,"Imports of goods, Volume index",Imports of goods,Cost insurance freight (CIF),Units,Not Applicable,111.4593934459597,2016,False,Low,No Data
Thailand,"Imports of goods, Volume index",Imports of goods,Cost insurance freight (CIF),Units,Not Applicable,119.7231833910035,2017,False,Low,Increasing
Thailand,"Imports of goods, Volume index",Imports of goods,Cost insurance freight (CIF),Units,Not Applicable,128.8418481579483,2018,False,Low,Increasing
Thailand,"Imports of goods, Volume index",Imports of goods,Cost insurance freight (CIF),Units,Not Applicable,121.371870547527,2019,False,Low,Decreasing
Thailand,"Imports of goods, Volume index",Imports of goods,Cost insurance freight (CIF),Units,Not Applicable,108.6912273559943,2020,False,Low,Decreasing
Thailand,"Imports of goods, Volume index",Imports of goods,Cost insurance freight (CIF),Units,Not Applicable,115.8744203453513,2021,False,Low,Increasing
Thailand,"Imports of goods, Volume index",Imports of goods,Cost insurance freight (CIF),Units,Not Applicable,129.6153063301445,2022,False,Low,Increasing
Thailand,"Imports of goods, Volume index",Imports of goods,Cost insurance freight (CIF),Units,Not Applicable,124.4046407490332,2023,False,Low,Decreasing
Thailand,"Imports of goods, Volume index",Imports of goods,Cost insurance freight (CIF),Units,Not Applicable,130.3073478526359,2024,False,Low,Increasing
Thailand,"Imports of goods, Volume index",Imports of goods,Cost insurance freight (CIF),Units,Not Applicable,142.9879910441685,2025,False,Low,Increasing
Tunisia,"Exports of goods, Volume index",Exports of goods,Free on board (FOB),Units,Not Applicable,84.78618421052632,2016,True,Low,No Data
Tunisia,"Exports of goods, Volume index",Exports of goods,Free on board (FOB),Units,Not Applicable,86.10197368421053,2017,True,Low,Increasing
Tunisia,"Exports of goods, Volume index",Exports of goods,Free on board (FOB),Units,Not Applicable,91.38569078947368,2018,True,Low,Increasing
Tunisia,"Exports of goods, Volume index",Exports of goods,Free on board (FOB),Units,Not Applicable,88.87746710526316,2019,True,Low,Decreasing
Tunisia,"Exports of goods, Volume index",Exports of goods,Free on board (FOB),Units,Not Applicable,79.56414473684211,2020,True,Low,Decreasing
Tunisia,"Exports of goods, Volume index",Exports of goods,Free on board (FOB),Units,Not Applicable,86.30756578947368,2021,True,Low,Increasing
Tunisia,"Exports of goods, Volume index",Exports of goods,Free on board (FOB),Units,Not Applicable,88.44572368421053,2022,True,Low,Increasing
Tunisia,"Exports of goods, Volume index",Exports of goods,Free on board (FOB),Units,Not Applicable,98.9514802631579,2023,True,Low,Increasing
Tunisia,"Exports of goods, Volume index",Exports of goods,Free on board (FOB),Units,Not Applicable,98.828125,2024,True,Low,Decreasing
Tunisia,"Exports of goods, Volume index",Exports of goods,Free on board (FOB),Units,Not Applicable,104.5847039473684,2025,True,Low,Increasing
Tunisia,"Imports of goods, Volume index",Imports of goods,Cost insurance freight (CIF),Units,Not Applicable,94.5749135263062,2016,False,Low,No Data
Tunisia,"Imports of goods, Volume index",Imports of goods,Cost insurance freight (CIF),Units,Not Applicable,95.57618787547788,2017,False,Low,Increasing
Tunisia,"Imports of goods, Volume index",Imports of goods,Cost insurance freight (CIF),Units,Not Applicable,100.4187147278354,2018,False,Low,Increasing
Tunisia,"Imports of goods, Volume index",Imports of goods,Cost insurance freight (CIF),Units,Not Applicable,98.197706171491,2019,False,Low,Decreasing
Tunisia,"Imports of goods, Volume index",Imports of goods,Cost insurance freight (CIF),Units,Not Applicable,84.56217003458949,2020,False,Low,Decreasing
Tunisia,"Imports of goods, Volume index",Imports of goods,Cost insurance freight (CIF),Units,Not Applicable,86.21882395776443,2021,False,Low,Increasing
Tunisia,"Imports of goods, Volume index",Imports of goods,Cost insurance freight (CIF),Units,Not Applicable,88.05752776260697,2022,False,Low,Increasing
Tunisia,"Imports of goods, Volume index",Imports of goods,Cost insurance freight (CIF),Units,Not Applicable,91.27981066812308,2023,False,Low,Increasing
Tunisia,"Imports of goods, Volume index",Imports of goods,Cost insurance freight (CIF),Units,Not Applicable,97.5059166211542,2024,False,Low,Increasing
Tunisia,"Imports of goods, Volume index",Imports of goods,Cost insurance freight (CIF),Units,Not Applicable,104.5148370653559,2025,False,Low,Increasing
"Türkiye, Republic of","Exports of goods, Volume index",Exports of goods,Free on board (FOB),Units,Not Applicable,136.0748323332157,2016,True,Low,No Data
"Türkiye, Republic of","Exports of goods, Volume index",Exports of goods,Free on board (FOB),Units,Not Applicable,147.3526297211437,2017,True,Low,Increasing
"Türkiye, Republic of","Exports of goods, Volume index",Exports of goods,Free on board (FOB),Units,Not Applicable,154.6593716907871,2018,True,Low,Increasing
"Türkiye, Republic of","Exports of goods, Volume index",Exports of goods,Free on board (FOB),Units,Not Applicable,164.7899752912107,2019,True,Medium,Increasing
"Türkiye, Republic of","Exports of goods, Volume index",Exports of goods,Free on board (FOB),Units,Not Applicable,156.2830921284857,2020,True,Low,Decreasing
"Türkiye, Republic of","Exports of goods, Volume index",Exports of goods,Free on board (FOB),Units,Not Applicable,189.5870102364984,2021,True,Medium,Increasing
"Türkiye, Republic of","Exports of goods, Volume index",Exports of goods,Free on board (FOB),Units,Not Applicable,195.958348040946,2022,True,Medium,Increasing
"Türkiye, Republic of","Exports of goods, Volume index",Exports of goods,Free on board (FOB),Units,Not Applicable,196.1524885280621,2023,True,Medium,Increasing
"Türkiye, Republic of","Exports of goods, Volume index",Exports of goods,Free on board (FOB),Units,Not Applicable,198.8175079421108,2024,True,Medium,Increasing
"Türkiye, Republic of","Exports of goods, Volume index",Exports of goods,Free on board (FOB),Units,Not Applicable,197.4232262619132,2025,True,Medium,Decreasing
"Türkiye, Republic of","Imports of goods, Volume index",Imports of goods,Cost insurance freight (CIF),Units,Not Applicable,128.0082630401102,2016,False,Low,No Data
"Türkiye, Republic of","Imports of goods, Volume index",Imports of goods,Cost insurance freight (CIF),Units,Not Applicable,140.6093992081253,2017,False,Low,Increasing
"Türkiye, Republic of","Imports of goods, Volume index",Imports of goods,Cost insurance freight (CIF),Units,Not Applicable,127.7844723704596,2018,False,Low,Decreasing
"Türkiye, Republic of","Imports of goods, Volume index",Imports of goods,Cost insurance freight (CIF),Units,Not Applicable,121.3461869512825,2019,False,Low,Decreasing
"Türkiye, Republic of","Imports of goods, Volume index",Imports of goods,Cost insurance freight (CIF),Units,Not Applicable,134.3088311241177,2020,False,Low,Increasing
"Türkiye, Republic of","Imports of goods, Volume index",Imports of goods,Cost insurance freight (CIF),Units,Not Applicable,135.2212084696161,2021,False,Low,Increasing
"Türkiye, Republic of","Imports of goods, Volume index",Imports of goods,Cost insurance freight (CIF),Units,Not Applicable,142.5890859011878,2022,False,Low,Increasing
"Türkiye, Republic of","Imports of goods, Volume index",Imports of goods,Cost insurance freight (CIF),Units,Not Applicable,160.5267688070236,2023,False,Low,Increasing
"Türkiye, Republic of","Imports of goods, Volume index",Imports of goods,Cost insurance freight (CIF),Units,Not Applicable,151.5062833534171,2024,False,Low,Decreasing
"Türkiye, Republic of","Imports of goods, Volume index",Imports of goods,Cost insurance freight (CIF),Units,Not Applicable,158.4610087794801,2025,False,Low,Increasing
Ukraine,"Exports of goods, Price deflator",Exports of goods,Free on board (FOB),Units,Not Applicable,76.3558201058201,2016,True,Low,No Data
Ukraine,"Exports of goods, Price deflator",Exports of goods,Free on board (FOB),Units,Not Applicable,91.99735449735452,2017,True,Low,Increasing
Ukraine,"Exports of goods, Price deflator",Exports of goods,Free on board (FOB),Units,Not Applicable,88.71031746031747,2018,True,Low,Decreasing
Ukraine,"Exports of goods, Price deflator",Exports of goods,Free on board (FOB),Units,Not Applicable,79.431216931217,2019,True,Low,Decreasing
Ukraine,"Exports of goods, Price deflator",Exports of goods,Free on board (FOB),Units,Not Applicable,83.01587301587303,2020,True,Low,Increasing
Ukraine,"Exports of goods, Volume index",Exports of goods,Free on board (FOB),Units,Not Applicable,84.27152317880795,2016,True,Low,No Data
Ukraine,"Exports of goods, Volume index",Exports of goods,Free on board (FOB),Units,Not Applicable,94.70198675496688,2017,True,Low,Increasing
Ukraine,"Exports of goods, Volume index",Exports of goods,Free on board (FOB),Units,Not Applicable,98.62819299905392,2018,True,Low,Increasing
Ukraine,"Exports of goods, Volume index",Exports of goods,Free on board (FOB),Units,Not Applicable,104.3282876064333,2019,True,Low,Increasing
Ukraine,"Exports of goods, Volume index",Exports of goods,Free on board (FOB),Units,Not Applicable,89.09649952696309,2020,True,Low,Decreasing
Ukraine,"Exports of goods, Volume index",Exports of goods,Free on board (FOB),Units,Not Applicable,93.6455376852728,2021,True,Low,Increasing
Ukraine,"Exports of goods, Volume index",Exports of goods,Free on board (FOB),Units,Not Applicable,59.03500473036897,2022,True,Low,Decreasing
Ukraine,"Exports of goods, Volume index",Exports of goods,Free on board (FOB),Units,Not Applicable,57.21381267738884,2023,True,Low,Decreasing
Ukraine,"Exports of goods, Volume index",Exports of goods,Free on board (FOB),Units,Not Applicable,69.48912015137181,2024,True,Low,Increasing
Ukraine,"Exports of goods, Volume index",Exports of goods,Free on board (FOB),Units,Not Applicable,66.3197729422895,2025,True,Low,Decreasing
Ukraine,"Imports of goods, Price deflator",Imports of goods,Cost insurance freight (CIF),Units,Not Applicable,81.56298490619271,2016,False,Low,No Data
Ukraine,"Imports of goods, Price deflator",Imports of goods,Cost insurance freight (CIF),Units,Not Applicable,96.45224996473408,2017,False,Low,Increasing
Ukraine,"Imports of goods, Price deflator",Imports of goods,Cost insurance freight (CIF),Units,Not Applicable,95.0627733107632,2018,False,Low,Decreasing
Ukraine,"Imports of goods, Price deflator",Imports of goods,Cost insurance freight (CIF),Units,Not Applicable,84.80039497813509,2019,False,Low,Decreasing
Ukraine,"Imports of goods, Price deflator",Imports of goods,Cost insurance freight (CIF),Units,Not Applicable,84.2925659472422,2020,False,Low,Decreasing
Ukraine,"Imports of goods, Volume index",Imports of goods,Cost insurance freight (CIF),Units,Not Applicable,72.55696202531645,2016,False,Low,No Data
Ukraine,"Imports of goods, Volume index",Imports of goods,Cost insurance freight (CIF),Units,Not Applicable,84.47257383966245,2017,False,Low,Increasing
Ukraine,"Imports of goods, Volume index",Imports of goods,Cost insurance freight (CIF),Units,Not Applicable,91.29113924050633,2018,False,Low,Increasing
Ukraine,"Imports of goods, Volume index",Imports of goods,Cost insurance freight (CIF),Units,Not Applicable,102.8016877637131,2019,False,Low,Increasing
Ukraine,"Imports of goods, Volume index",Imports of goods,Cost insurance freight (CIF),Units,Not Applicable,59.78621659634319,2020,False,Low,Decreasing
Ukraine,"Imports of goods, Volume index",Imports of goods,Cost insurance freight (CIF),Units,Not Applicable,85.5977496483825,2021,False,Low,Increasing
Ukraine,"Imports of goods, Volume index",Imports of goods,Cost insurance freight (CIF),Units,Not Applicable,68.62447257383965,2022,False,Low,Decreasing
Ukraine,"Imports of goods, Volume index",Imports of goods,Cost insurance freight (CIF),Units,Not Applicable,85.1139240506329,2023,False,Low,Increasing
Ukraine,"Imports of goods, Volume index",Imports of goods,Cost insurance freight (CIF),Units,Not Applicable,96.0168776371308,2024,False,Low,Increasing
Ukraine,"Imports of goods, Volume index",Imports of goods,Cost insurance freight (CIF),Units,Not Applicable,112.0337552742616,2025,False,Low,Increasing
United Kingdom,Export price index (EPI),Exports of goods,Free on board (FOB),Units,Not Applicable,96.19918210247776,2016,True,Low,No Data
United Kingdom,Export price index (EPI),Exports of goods,Free on board (FOB),Units,Not Applicable,101.0183626012349,2017,True,Low,Increasing
United Kingdom,Export price index (EPI),Exports of goods,Free on board (FOB),Units,Not Applicable,103.6003528185389,2018,True,Low,Increasing
United Kingdom,"Exports of goods, Volume index",Exports of goods,Free on board (FOB),Units,Not Applicable,113.5759424711266,2016,True,Low,No Data
United Kingdom,"Exports of goods, Volume index",Exports of goods,Free on board (FOB),Units,Not Applicable,120.7670516452386,2017,True,Low,Increasing
United Kingdom,"Exports of goods, Volume index",Exports of goods,Free on board (FOB),Units,Not Applicable,123.1858792765308,2018,True,Low,Increasing
United Kingdom,"Exports of goods, Volume index",Exports of goods,Free on board (FOB),Units,Not Applicable,125.9097842667248,2019,True,Low,Increasing
United Kingdom,"Exports of goods, Volume index",Exports of goods,Free on board (FOB),Units,Not Applicable,109.3484419263456,2020,True,Low,Decreasing
United Kingdom,"Exports of goods, Volume index",Exports of goods,Free on board (FOB),Units,Not Applicable,109.6971017650904,2021,True,Low,Increasing
United Kingdom,"Exports of goods, Volume index",Exports of goods,Free on board (FOB),Units,Not Applicable,124.7766397908041,2022,True,Low,Increasing
United Kingdom,"Exports of goods, Volume index",Exports of goods,Free on board (FOB),Units,Not Applicable,116.0601438221835,2023,True,Low,Decreasing
United Kingdom,"Exports of goods, Volume index",Exports of goods,Free on board (FOB),Units,Not Applicable,108.4332098496405,2024,True,Low,Decreasing
United Kingdom,"Exports of goods, Volume index",Exports of goods,Free on board (FOB),Units,Not Applicable,105.2734800610155,2025,True,Low,Decreasing
United Kingdom,Import price index,Imports of goods,Cost insurance freight (CIF),Units,Not Applicable,97.79843444227004,2016,False,Low,No Data
United Kingdom,Import price index,Imports of goods,Cost insurance freight (CIF),Units,Not Applicable,103.1474233529027,2017,False,Low,Increasing
United Kingdom,Import price index,Imports of goods,Cost insurance freight (CIF),Units,Not Applicable,106.2214611872146,2018,False,Low,Increasing
United Kingdom,"Imports of goods, Volume index",Imports of goods,Cost insurance freight (CIF),Units,Not Applicable,121.9230769230769,2016,False,Low,No Data
United Kingdom,"Imports of goods, Volume index",Imports of goods,Cost insurance freight (CIF),Units,Not Applicable,124.508547008547,2017,False,Low,Increasing
United Kingdom,"Imports of goods, Volume index",Imports of goods,Cost insurance freight (CIF),Units,Not Applicable,125.5128205128205,2018,False,Low,Increasing
United Kingdom,"Imports of goods, Volume index",Imports of goods,Cost insurance freight (CIF),Units,Not Applicable,129.017094017094,2019,False,Low,Increasing
United Kingdom,"Imports of goods, Volume index",Imports of goods,Cost insurance freight (CIF),Units,Not Applicable,113.8247863247863,2020,False,Low,Decreasing
United Kingdom,"Imports of goods, Volume index",Imports of goods,Cost insurance freight (CIF),Units,Not Applicable,121.4529914529915,2021,False,Low,Increasing
United Kingdom,"Imports of goods, Volume index",Imports of goods,Cost insurance freight (CIF),Units,Not Applicable,132.3290598290598,2022,False,Low,Increasing
United Kingdom,"Imports of goods, Volume index",Imports of goods,Cost insurance freight (CIF),Units,Not Applicable,124.8931623931624,2023,False,Low,Decreasing
United Kingdom,"Imports of goods, Volume index",Imports of goods,Cost insurance freight (CIF),Units,Not Applicable,126.1752136752137,2024,False,Low,Increasing
United Kingdom,"Imports of goods, Volume index",Imports of goods,Cost insurance freight (CIF),Units,Not Applicable,132.457264957265,2025,False,Low,Increasing
United States,Export price index (EPI),Exports of goods,Free on board (FOB),Units,Not Applicable,97.4010152284264,2016,True,Low,No Data
United States,Export price index (EPI),Exports of goods,Free on board (FOB),Units,Not Applicable,99.74280879864634,2017,True,Low,Increasing
United States,Export price index (EPI),Exports of goods,Free on board (FOB),Units,Not Applicable,103.0998307952623,2018,True,Low,Increasing
United States,Export price index (EPI),Exports of goods,Free on board (FOB),Units,Not Applicable,102.2199661590524,2019,True,Low,Decreasing
United States,Export price index (EPI),Exports of goods,Free on board (FOB),Units,Not Applicable,99.37055837563452,2020,True,Low,Decreasing
United States,Export price index (EPI),Exports of goods,Free on board (FOB),Units,Not Applicable,113.2453468697123,2021,True,Low,Increasing
United States,Export price index (EPI),Exports of goods,Free on board (FOB),Units,Not Applicable,127.9458544839255,2022,True,Low,Increasing
United States,Export price index (EPI),Exports of goods,Free on board (FOB),Units,Not Applicable,121.0896785109983,2023,True,Low,Decreasing
United States,Export price index (EPI),Exports of goods,Free on board (FOB),Units,Not Applicable,120.6971235194585,2024,True,Low,Decreasing
United States,"Exports of goods, Volume index",Exports of goods,Free on board (FOB),Units,Not Applicable,116.5596419536875,2016,True,Low,No Data
United States,"Exports of goods, Volume index",Exports of goods,Free on board (FOB),Units,Not Applicable,121.2881883634948,2017,True,Low,Increasing
United States,"Exports of goods, Volume index",Exports of goods,Free on board (FOB),Units,Not Applicable,126.289161315431,2018,True,Low,Increasing
United States,"Exports of goods, Volume index",Exports of goods,Free on board (FOB),Units,Not Applicable,125.7832263086204,2019,True,Low,Decreasing
United States,"Exports of goods, Volume index",Exports of goods,Free on board (FOB),Units,Not Applicable,112.025685931115,2020,True,Low,Decreasing
United States,"Exports of goods, Volume index",Exports of goods,Free on board (FOB),Units,Not Applicable,121.1130570149835,2021,True,Low,Increasing
United States,"Exports of goods, Volume index",Exports of goods,Free on board (FOB),Units,Not Applicable,126.250243237984,2022,True,Low,Increasing
United States,"Exports of goods, Volume index",Exports of goods,Free on board (FOB),Units,Not Applicable,130.4533956022573,2023,True,Low,Increasing
United States,"Exports of goods, Volume index",Exports of goods,Free on board (FOB),Units,Not Applicable,133.6446779529091,2024,True,Low,Increasing
United States,"Exports of goods, Volume index",Exports of goods,Free on board (FOB),Units,Not Applicable,137.8283712784588,2025,True,Low,Increasing
United States,Import price index,Imports of goods,Cost insurance freight (CIF),Units,Not Applicable,94.48570489648378,2016,False,Low,No Data
United States,Import price index,Imports of goods,Cost insurance freight (CIF),Units,Not Applicable,97.22642129477494,2017,False,Low,Increasing
United States,Import price index,Imports of goods,Cost insurance freight (CIF),Units,Not Applicable,100.2694709168584,2018,False,Low,Increasing
United States,Import price index,Imports of goods,Cost insurance freight (CIF),Units,Not Applicable,98.9944134078213,2019,False,Low,Decreasing
United States,Import price index,Imports of goods,Cost insurance freight (CIF),Units,Not Applicable,96.52316792638852,2020,False,Low,Decreasing
United States,Import price index,Imports of goods,Cost insurance freight (CIF),Units,Not Applicable,105.0607952678278,2021,False,Low,Increasing
United States,Import price index,Imports of goods,Cost insurance freight (CIF),Units,Not Applicable,113.9533355241539,2022,False,Low,Increasing
United States,Import price index,Imports of goods,Cost insurance freight (CIF),Units,Not Applicable,110.4304962208347,2023,False,Low,Decreasing
United States,Import price index,Imports of goods,Cost insurance freight (CIF),Units,Not Applicable,111.2323365100231,2024,False,Low,Increasing
United States,"Imports of goods, Volume index",Imports of goods,Cost insurance freight (CIF),Units,Not Applicable,120.9750297265161,2016,False,Low,No Data
United States,"Imports of goods, Volume index",Imports of goods,Cost insurance freight (CIF),Units,Not Applicable,125.89774078478,2017,False,Low,Increasing
United States,"Imports of goods, Volume index",Imports of goods,Cost insurance freight (CIF),Units,Not Applicable,132.5089179548157,2018,False,Low,Increasing
United States,"Imports of goods, Volume index",Imports of goods,Cost insurance freight (CIF),Units,Not Applicable,131.8192627824019,2019,False,Low,Decreasing
United States,"Imports of goods, Volume index",Imports of goods,Cost insurance freight (CIF),Units,Not Applicable,126.6111771700357,2020,False,Low,Decreasing
United States,"Imports of goods, Volume index",Imports of goods,Cost insurance freight (CIF),Units,Not Applicable,141.7835909631391,2021,False,Low,Increasing
United States,"Imports of goods, Volume index",Imports of goods,Cost insurance freight (CIF),Units,Not Applicable,150.321046373365,2022,False,Low,Increasing
United States,"Imports of goods, Volume index",Imports of goods,Cost insurance freight (CIF),Units,Not Applicable,145.8026159334126,2023,False,Low,Decreasing
United States,"Imports of goods, Volume index",Imports of goods,Cost insurance freight (CIF),Units,Not Applicable,153.436385255648,2024,False,Low,Increasing
United States,"Imports of goods, Volume index",Imports of goods,Cost insurance freight (CIF),Units,Not Applicable,159.9048751486326,2025,False,Low,Increasing
Uruguay,Export price index (EPI),Exports of goods,Free on board (FOB),Units,Not Applicable,99.30142006413196,2016,True,Low,No Data
Uruguay,"Exports of goods, Volume index",Exports of goods,Free on board (FOB),Units,Not Applicable,104.1431520991053,2016,True,Low,No Data
Uruguay,"Exports of goods, Volume index",Exports of goods,Free on board (FOB),Units,Not Applicable,111.9476944253269,2017,True,Low,Increasing
Uruguay,"Exports of goods, Volume index",Exports of goods,Free on board (FOB),Units,Not Applicable,104.0605643496215,2018,True,Low,Decreasing
Uruguay,"Exports of goods, Volume index",Exports of goods,Free on board (FOB),Units,Not Applicable,104.5698554714384,2019,True,Low,Increasing
Uruguay,"Exports of goods, Volume index",Exports of goods,Free on board (FOB),Units,Not Applicable,92.18169304886442,2020,True,Low,Decreasing
Uruguay,"Exports of goods, Volume index",Exports of goods,Free on board (FOB),Units,Not Applicable,110.3647625602202,2021,True,Low,Increasing
Uruguay,"Exports of goods, Volume index",Exports of goods,Free on board (FOB),Units,Not Applicable,115.5127322780454,2022,True,Low,Increasing
Uruguay,"Exports of goods, Volume index",Exports of goods,Free on board (FOB),Units,Not Applicable,100.7432897453544,2023,True,Low,Decreasing
Uruguay,"Exports of goods, Volume index",Exports of goods,Free on board (FOB),Units,Not Applicable,110.1858224363386,2024,True,Low,Increasing
Uruguay,"Exports of goods, Volume index",Exports of goods,Free on board (FOB),Units,Not Applicable,120.3303509979353,2025,True,Low,Increasing
Uruguay,Import price index,Imports of goods,Cost insurance freight (CIF),Units,Not Applicable,82.1980018165304,2016,False,Low,No Data
Uruguay,"Imports of goods, Volume index",Imports of goods,Cost insurance freight (CIF),Units,Not Applicable,101.0383264620553,2016,False,Low,No Data
Uruguay,"Imports of goods, Volume index",Imports of goods,Cost insurance freight (CIF),Units,Not Applicable,100.6107802717972,2017,False,Low,Decreasing
Uruguay,"Imports of goods, Volume index",Imports of goods,Cost insurance freight (CIF),Units,Not Applicable,100.6871278057719,2018,False,Low,Increasing
Uruguay,"Imports of goods, Volume index",Imports of goods,Cost insurance freight (CIF),Units,Not Applicable,95.58711253626508,2019,False,Low,Decreasing
Uruguay,"Imports of goods, Volume index",Imports of goods,Cost insurance freight (CIF),Units,Not Applicable,90.71613986868223,2020,False,Low,Decreasing
Uruguay,"Imports of goods, Volume index",Imports of goods,Cost insurance freight (CIF),Units,Not Applicable,105.0847457627119,2021,False,Low,Increasing
Uruguay,"Imports of goods, Volume index",Imports of goods,Cost insurance freight (CIF),Units,Not Applicable,116.9491525423729,2022,False,Low,Increasing
Uruguay,"Imports of goods, Volume index",Imports of goods,Cost insurance freight (CIF),Units,Not Applicable,116.4299893113452,2023,False,Low,Decreasing
Uruguay,"Imports of goods, Volume index",Imports of goods,Cost insurance freight (CIF),Units,Not Applicable,118.3997556878913,2024,False,Low,Increasing
Uruguay,"Imports of goods, Volume index",Imports of goods,Cost insurance freight (CIF),Units,Not Applicable,121.1482669109788,2025,False,Low,Increasing
"Uzbekistan, Republic of",Export price index (EPI),Exports of goods,Free on board (FOB),Units,Not Applicable,454.718648066575,2016,True,Medium,No Data
"Uzbekistan, Republic of",Export price index (EPI),Exports of goods,Free on board (FOB),Units,Not Applicable,691.1243331391912,2017,True,Medium,Increasing
"Uzbekistan, Republic of",Export price index (EPI),Exports of goods,Free on board (FOB),Units,Not Applicable,995.5127034132444,2018,True,Medium,Increasing
"Uzbekistan, Republic of",Export price index (EPI),Exports of goods,Free on board (FOB),Units,Not Applicable,1262.748350234292,2019,True,Medium,Increasing
"Uzbekistan, Republic of",Export price index (EPI),Exports of goods,Free on board (FOB),Units,Not Applicable,1460.947339197591,2020,True,Medium,Increasing
"Uzbekistan, Republic of",Export price index (EPI),Exports of goods,Free on board (FOB),Units,Not Applicable,1662.453753998384,2021,True,Medium,Increasing
"Uzbekistan, Republic of",Export price index (EPI),Exports of goods,Free on board (FOB),Units,Not Applicable,1869.857652018134,2022,True,Medium,Increasing
"Uzbekistan, Republic of",Export price index (EPI),Exports of goods,Free on board (FOB),Units,Not Applicable,2025.466585431901,2023,True,Medium,Increasing
"Uzbekistan, Republic of",Export price index (EPI),Exports of goods,Free on board (FOB),Units,Not Applicable,2411.412110826373,2024,True,Medium,Increasing
"Uzbekistan, Republic of",Export price index (EPI),Exports of goods,Free on board (FOB),Units,Not Applicable,2910.122664233045,2025,True,Medium,Increasing
"Uzbekistan, Republic of",Import price index,Imports of goods,Cost insurance freight (CIF),Units,Not Applicable,1144.699830424639,2016,False,Medium,No Data
"Uzbekistan, Republic of",Import price index,Imports of goods,Cost insurance freight (CIF),Units,Not Applicable,1867.666522735556,2017,False,Medium,Increasing
"Uzbekistan, Republic of",Import price index,Imports of goods,Cost insurance freight (CIF),Units,Not Applicable,2845.622333070308,2018,False,Medium,Increasing
"Uzbekistan, Republic of",Import price index,Imports of goods,Cost insurance freight (CIF),Units,Not Applicable,4010.059642270114,2019,False,Medium,Increasing
"Uzbekistan, Republic of",Import price index,Imports of goods,Cost insurance freight (CIF),Units,Not Applicable,4268.634632947564,2020,False,Medium,Increasing
"Uzbekistan, Republic of",Import price index,Imports of goods,Cost insurance freight (CIF),Units,Not Applicable,5231.77226460795,2021,False,Medium,Increasing
"Uzbekistan, Republic of",Import price index,Imports of goods,Cost insurance freight (CIF),Units,Not Applicable,6206.454341127338,2022,False,Medium,Increasing
"Uzbekistan, Republic of",Import price index,Imports of goods,Cost insurance freight (CIF),Units,Not Applicable,6859.450140523409,2023,False,Medium,Increasing
"Uzbekistan, Republic of",Import price index,Imports of goods,Cost insurance freight (CIF),Units,Not Applicable,7721.899535240386,2024,False,Medium,Increasing
"Uzbekistan, Republic of",Import price index,Imports of goods,Cost insurance freight (CIF),Units,Not Applicable,8486.929292085906,2025,False,Medium,Increasing
"Venezuela, República Bolivariana de","Exports of goods, Volume index",Exports of goods,Free on board (FOB),Units,Not Applicable,68.69754429592787,2016,True,Low,No Data
"Venezuela, República Bolivariana de","Exports of goods, Volume index",Exports of goods,Free on board (FOB),Units,Not Applicable,69.19490208268572,2017,True,Low,Increasing
"Venezuela, República Bolivariana de","Exports of goods, Volume index",Exports of goods,Free on board (FOB),Units,Not Applicable,59.93161330432078,2018,True,Low,Decreasing
"Venezuela, República Bolivariana de","Exports of goods, Volume index",Exports of goods,Free on board (FOB),Units,Not Applicable,32.51476530929437,2019,True,Low,Decreasing
"Venezuela, República Bolivariana de","Exports of goods, Volume index",Exports of goods,Free on board (FOB),Units,Not Applicable,12.24743549891203,2020,True,Low,Decreasing
"Venezuela, República Bolivariana de","Exports of goods, Volume index",Exports of goods,Free on board (FOB),Units,Not Applicable,5.968293441094186,2021,True,Low,Decreasing
"Venezuela, República Bolivariana de","Exports of goods, Volume index",Exports of goods,Free on board (FOB),Units,Not Applicable,6.092632887783648,2022,True,Low,Increasing
"Venezuela, República Bolivariana de","Exports of goods, Volume index",Exports of goods,Free on board (FOB),Units,Not Applicable,11.37705937208579,2023,True,Low,Increasing
"Venezuela, República Bolivariana de","Exports of goods, Volume index",Exports of goods,Free on board (FOB),Units,Not Applicable,21.32421510724277,2024,True,Low,Increasing
"Venezuela, República Bolivariana de","Exports of goods, Volume index",Exports of goods,Free on board (FOB),Units,Not Applicable,14.05035747590923,2025,True,Low,Decreasing
"Venezuela, República Bolivariana de",Import price index,Imports of goods,Cost insurance freight (CIF),Units,Not Applicable,3012.106253652412,2016,False,Medium,No Data
"Venezuela, República Bolivariana de","Imports of goods, Volume index",Imports of goods,Cost insurance freight (CIF),Units,Not Applicable,44.72843450479233,2016,False,Low,No Data
"Venezuela, República Bolivariana de","Imports of goods, Volume index",Imports of goods,Cost insurance freight (CIF),Units,Not Applicable,29.5947536573062,2017,False,Low,Decreasing
"Venezuela, República Bolivariana de","Imports of goods, Volume index",Imports of goods,Cost insurance freight (CIF),Units,Not Applicable,31.71346897595426,2018,False,Low,Increasing
"Venezuela, República Bolivariana de","Imports of goods, Volume index",Imports of goods,Cost insurance freight (CIF),Units,Not Applicable,15.99125609551034,2019,False,Low,Decreasing
"Venezuela, República Bolivariana de","Imports of goods, Volume index",Imports of goods,Cost insurance freight (CIF),Units,Not Applicable,17.89137380191693,2020,False,Low,Increasing
"Venezuela, República Bolivariana de","Imports of goods, Volume index",Imports of goods,Cost insurance freight (CIF),Units,Not Applicable,18.91710105935766,2021,False,Low,Increasing
"Venezuela, República Bolivariana de","Imports of goods, Volume index",Imports of goods,Cost insurance freight (CIF),Units,Not Applicable,22.90230368252901,2022,False,Low,Increasing
"Venezuela, República Bolivariana de","Imports of goods, Volume index",Imports of goods,Cost insurance freight (CIF),Units,Not Applicable,25.4918446275433,2023,False,Low,Increasing
"Venezuela, República Bolivariana de","Imports of goods, Volume index",Imports of goods,Cost insurance freight (CIF),Units,Not Applicable,34.89154195392635,2024,False,Low,Increasing
"Venezuela, República Bolivariana de","Imports of goods, Volume index",Imports of goods,Cost insurance freight (CIF),Units,Not Applicable,31.94888178913738,2025,False,Low,Decreasing
Vietnam,"Exports of goods, Volume index",Exports of goods,Free on board (FOB),Units,Not Applicable,243.8368860055607,2016,True,Medium,No Data
Vietnam,"Exports of goods, Volume index",Exports of goods,Free on board (FOB),Units,Not Applicable,294.3598570104594,2017,True,Medium,Increasing
Vietnam,"Exports of goods, Volume index",Exports of goods,Free on board (FOB),Units,Not Applicable,329.8027273930889,2018,True,Medium,Increasing
Vietnam,"Exports of goods, Volume index",Exports of goods,Free on board (FOB),Units,Not Applicable,364.7424864292334,2019,True,Medium,Increasing
Vietnam,"Exports of goods, Volume index",Exports of goods,Free on board (FOB),Units,Not Applicable,383.1987289818615,2020,True,Medium,Increasing
Vietnam,"Exports of goods, Volume index",Exports of goods,Free on board (FOB),Units,Not Applicable,432.4374420759963,2021,True,Medium,Increasing
Vietnam,"Exports of goods, Volume index",Exports of goods,Free on board (FOB),Units,Not Applicable,461.4325433602542,2022,True,Medium,Increasing
Vietnam,"Exports of goods, Volume index",Exports of goods,Free on board (FOB),Units,Not Applicable,444.9357871044618,2023,True,Medium,Decreasing
Vietnam,"Exports of goods, Volume index",Exports of goods,Free on board (FOB),Units,Not Applicable,508.9898053753476,2024,True,Medium,Increasing
Vietnam,"Exports of goods, Volume index",Exports of goods,Free on board (FOB),Units,Not Applicable,592.7446047927976,2025,True,Medium,Increasing
Vietnam,"Imports of goods, Volume index",Imports of goods,Cost insurance freight (CIF),Units,Not Applicable,217.5329520019895,2016,False,Medium,No Data
Vietnam,"Imports of goods, Volume index",Imports of goods,Cost insurance freight (CIF),Units,Not Applicable,255.7945784630689,2017,False,Medium,Increasing
Vietnam,"Imports of goods, Volume index",Imports of goods,Cost insurance freight (CIF),Units,Not Applicable,276.0507336483462,2018,False,Medium,Increasing
Vietnam,"Imports of goods, Volume index",Imports of goods,Cost insurance freight (CIF),Units,Not Applicable,307.3737876150211,2019,False,Medium,Increasing
Vietnam,"Imports of goods, Volume index",Imports of goods,Cost insurance freight (CIF),Units,Not Applicable,321.4001492166128,2020,False,Medium,Increasing
Vietnam,"Imports of goods, Volume index",Imports of goods,Cost insurance freight (CIF),Units,Not Applicable,360.5570753543894,2021,False,Medium,Increasing
Vietnam,"Imports of goods, Volume index",Imports of goods,Cost insurance freight (CIF),Units,Not Applicable,361.9497637403631,2022,False,Medium,Increasing
Vietnam,"Imports of goods, Volume index",Imports of goods,Cost insurance freight (CIF),Units,Not Applicable,343.148470529719,2023,False,Medium,Decreasing
Vietnam,"Imports of goods, Volume index",Imports of goods,Cost insurance freight (CIF),Units,Not Applicable,406.3417060432728,2024,False,Medium,Increasing
Vietnam,"Imports of goods, Volume index",Imports of goods,Cost insurance freight (CIF),Units,Not Applicable,489.915443919423,2025,False,Medium,Increasing
