COUNTRY,INDICATOR,TRADE_FLOW,VALUATION,SCALE,CURRENCY,VALUE,YEAR,IS_EXPORT,VALUE_CATEGORY,TREND
"Afghanistan, Islamic Republic of",Exports of goods,Exports of goods,Free on board (FOB),Billions,USD,596000000.0,2016,True,Medium,No Data
"Afghanistan, Islamic Republic of",Exports of goods,Exports of goods,Free on board (FOB),Billions,USD,723000000.0,2017,True,Medium,Increasing
"Afghanistan, Islamic Republic of",Exports of goods,Exports of goods,Free on board (FOB),Billions,USD,875000000.0,2018,True,Medium,Increasing
"Afghanistan, Islamic Republic of",Exports of goods,Exports of goods,Free on board (FOB),Billions,USD,864000000.0,2019,True,Medium,Decreasing
"Afghanistan, Islamic Republic of",Exports of goods,Exports of goods,Free on board (FOB),Billions,USD,777000000.0,2020,True,Medium,Decreasing
"Afghanistan, Islamic Republic of",Exports of goods,Exports of goods,Free on board (FOB),Billions,USD,770000000.0,2021,True,Medium,Decreasing
"Afghanistan, Islamic Republic of",Exports of goods,Exports of goods,Free on board (FOB),Billions,USD,615000000.0,2022,True,Medium,Decreasing
"Afghanistan, Islamic Republic of",Exports of goods,Exports of goods,Free on board (FOB),Billions,USD,896000000.0,2023,True,Medium,Increasing
"Afghanistan, Islamic Republic of",Exports of goods,Exports of goods,Free on board (FOB),Billions,USD,919000000.0,2024,True,Medium,Increasing
"Afghanistan, Islamic Republic of",Exports of goods,Exports of goods,Free on board (FOB),Billions,USD,926000000.0,2025,True,Medium,Increasing
"Afghanistan, Islamic Republic of",Imports of goods,Imports of goods,Cost insurance freight (CIF),Billions,USD,6534000000.0,2016,False,Medium,No Data
"Afghanistan, Islamic Republic of",Imports of goods,Imports of goods,Cost insurance freight (CIF),Billions,USD,7065000000.0,2017,False,Medium,Increasing
"Afghanistan, Islamic Republic of",Imports of goods,Imports of goods,Cost insurance freight (CIF),Billions,USD,7407000000.0,2018,False,Medium,Increasing
"Afghanistan, Islamic Republic of",Imports of goods,Imports of goods,Cost insurance freight (CIF),Billions,USD,6777000000.0,2019,False,Medium,Decreasing
"Afghanistan, Islamic Republic of",Imports of goods,Imports of goods,Cost insurance freight (CIF),Billions,USD,6538000000.0,2020,False,Medium,Decreasing
"Afghanistan, Islamic Republic of",Imports of goods,Imports of goods,Cost insurance freight (CIF),Billions,USD,5160000000.0,2021,False,Medium,Decreasing
"Afghanistan, Islamic Republic of",Imports of goods,Imports of goods,Cost insurance freight (CIF),Billions,USD,4232000000.0,2022,False,Medium,Decreasing
"Afghanistan, Islamic Republic of",Imports of goods,Imports of goods,Cost insurance freight (CIF),Billions,USD,3768000000.0,2023,False,Medium,Decreasing
"Afghanistan, Islamic Republic of",Imports of goods,Imports of goods,Cost insurance freight (CIF),Billions,USD,3477000000.0,2024,False,Medium,Decreasing
"Afghanistan, Islamic Republic of",Imports of goods,Imports of goods,Cost insurance freight (CIF),Billions,USD,3606000000.0,2025,False,Medium,Increasing
Albania,Exports of goods,Exports of goods,Free on board (FOB),Billions,USD,1959000000.0,2016,True,Medium,No Data
Albania,Exports of goods,Exports of goods,Free on board (FOB),Billions,USD,2292000000.0,2017,True,Medium,Increasing
Albania,Exports of goods,Exports of goods,Free on board (FOB),Billions,USD,2869000000.0,2018,True,Medium,Increasing
Albania,Exports of goods,Exports of goods,Free on board (FOB),Billions,USD,2715000000.0,2019,True,Medium,Decreasing
Albania,Exports of goods,Exports of goods,Free on board (FOB),Billions,USD,2505000000.0,2020,True,Medium,Decreasing
Albania,Exports of goods,Exports of goods,Free on board (FOB),Billions,USD,3558000000.0,2021,True,Medium,Increasing
Albania,Exports of goods,Exports of goods,Free on board (FOB),Billions,USD,4309000000.0,2022,True,Medium,Increasing
Albania,Exports of goods,Exports of goods,Free on board (FOB),Billions,USD,4374000000.0,2023,True,Medium,Increasing
Albania,Exports of goods,Exports of goods,Free on board (FOB),Billions,USD,3999000000.0,2024,True,Medium,Decreasing
Albania,Exports of goods,Exports of goods,Free on board (FOB),Billions,USD,3994000000.0,2025,True,Medium,Decreasing
Albania,Imports of goods,Imports of goods,Cost insurance freight (CIF),Billions,USD,4614000000.0,2016,False,Medium,No Data
Albania,Imports of goods,Imports of goods,Cost insurance freight (CIF),Billions,USD,5271000000.0,2017,False,Medium,Increasing
Albania,Imports of goods,Imports of goods,Cost insurance freight (CIF),Billions,USD,5925000000.0,2018,False,Medium,Increasing
Albania,Imports of goods,Imports of goods,Cost insurance freight (CIF),Billions,USD,5896000000.0,2019,False,Medium,Decreasing
Albania,Imports of goods,Imports of goods,Cost insurance freight (CIF),Billions,USD,5569000000.0,2020,False,Medium,Decreasing
Albania,Imports of goods,Imports of goods,Cost insurance freight (CIF),Billions,USD,7719000000.0,2021,False,Medium,Increasing
Albania,Imports of goods,Imports of goods,Cost insurance freight (CIF),Billions,USD,8398000000.0,2022,False,Medium,Increasing
Albania,Imports of goods,Imports of goods,Cost insurance freight (CIF),Billions,USD,8695000000.0,2023,False,Medium,Increasing
Albania,Imports of goods,Imports of goods,Cost insurance freight (CIF),Billions,USD,9613000000.0,2024,False,High,Increasing
Albania,Imports of goods,Imports of goods,Cost insurance freight (CIF),Billions,USD,10276000000.0,2025,False,High,Increasing
Algeria,Exports of goods,Exports of goods,Free on board (FOB),Millions,USD,30027000000.0,2016,True,High,No Data
Algeria,Exports of goods,Exports of goods,Free on board (FOB),Millions,USD,35191000000.0,2017,True,High,Increasing
Algeria,Exports of goods,Exports of goods,Free on board (FOB),Millions,USD,41797000000.0,2018,True,High,Increasing
Algeria,Exports of goods,Exports of goods,Free on board (FOB),Millions,USD,35324000000.0,2019,True,High,Decreasing
Algeria,Exports of goods,Exports of goods,Free on board (FOB),Millions,USD,21932000000.0,2020,True,High,Decreasing
Algeria,Exports of goods,Exports of goods,Free on board (FOB),Millions,USD,38632000000.0,2021,True,High,Increasing
Algeria,Exports of goods,Exports of goods,Free on board (FOB),Millions,USD,65715000000.0,2022,True,High,Increasing
Algeria,Exports of goods,Exports of goods,Free on board (FOB),Millions,USD,55555000000.0,2023,True,High,Decreasing
Algeria,Exports of goods,Exports of goods,Free on board (FOB),Millions,USD,49067000000.0,2024,True,High,Decreasing
Algeria,Exports of goods,Exports of goods,Free on board (FOB),Millions,USD,45400000000.0,2025,True,High,Decreasing
Algeria,Imports of goods,Imports of goods,Cost insurance freight (CIF),Millions,USD,47089000000.0,2016,False,High,No Data
Algeria,Imports of goods,Imports of goods,Cost insurance freight (CIF),Millions,USD,46059000000.0,2017,False,High,Decreasing
Algeria,Imports of goods,Imports of goods,Cost insurance freight (CIF),Millions,USD,46330000000.0,2018,False,High,Increasing
Algeria,Imports of goods,Imports of goods,Cost insurance freight (CIF),Millions,USD,44632000000.0,2019,False,High,Decreasing
Algeria,Imports of goods,Imports of goods,Cost insurance freight (CIF),Millions,USD,35547000000.0,2020,False,High,Decreasing
Algeria,Imports of goods,Imports of goods,Cost insurance freight (CIF),Millions,USD,37466000000.0,2021,False,High,Increasing
Algeria,Imports of goods,Imports of goods,Cost insurance freight (CIF),Millions,USD,38868000000.0,2022,False,High,Increasing
Algeria,Imports of goods,Imports of goods,Cost insurance freight (CIF),Millions,USD,42842000000.0,2023,False,High,Increasing
Algeria,Imports of goods,Imports of goods,Cost insurance freight (CIF),Millions,USD,45335000000.0,2024,False,High,Increasing
Algeria,Imports of goods,Imports of goods,Cost insurance freight (CIF),Millions,USD,50100000000.0,2025,False,High,Increasing
Angola,Exports of goods,Exports of goods,Free on board (FOB),Millions,USD,27589000000.0,2016,True,High,No Data
Angola,Exports of goods,Exports of goods,Free on board (FOB),Millions,USD,34613000000.0,2017,True,High,Increasing
Angola,Exports of goods,Exports of goods,Free on board (FOB),Millions,USD,40758000000.0,2018,True,High,Increasing
Angola,Exports of goods,Exports of goods,Free on board (FOB),Millions,USD,35432000000.0,2019,True,High,Decreasing
Angola,Exports of goods,Exports of goods,Free on board (FOB),Millions,USD,22135000000.0,2020,True,High,Decreasing
Angola,Exports of goods,Exports of goods,Free on board (FOB),Millions,USD,34472000000.0,2021,True,High,Increasing
Angola,Exports of goods,Exports of goods,Free on board (FOB),Millions,USD,51275000000.0,2022,True,High,Increasing
Angola,Exports of goods,Exports of goods,Free on board (FOB),Millions,USD,39506000000.0,2023,True,High,Decreasing
Angola,Exports of goods,Exports of goods,Free on board (FOB),Millions,USD,39250000000.0,2024,True,High,Decreasing
Angola,Exports of goods,Exports of goods,Free on board (FOB),Millions,USD,32492000000.0,2025,True,High,Decreasing
Angola,Imports of goods,Imports of goods,Cost insurance freight (CIF),Millions,USD,13040000000.0,2016,False,High,No Data
Angola,Imports of goods,Imports of goods,Cost insurance freight (CIF),Millions,USD,14463000000.0,2017,False,High,Increasing
Angola,Imports of goods,Imports of goods,Cost insurance freight (CIF),Millions,USD,15798000000.0,2018,False,High,Increasing
Angola,Imports of goods,Imports of goods,Cost insurance freight (CIF),Millions,USD,13962000000.0,2019,False,High,Decreasing
Angola,Imports of goods,Imports of goods,Cost insurance freight (CIF),Millions,USD,9338000000.0,2020,False,High,Decreasing
Angola,Imports of goods,Imports of goods,Cost insurance freight (CIF),Millions,USD,11379000000.0,2021,False,High,Increasing
Angola,Imports of goods,Imports of goods,Cost insurance freight (CIF),Millions,USD,17803000000.0,2022,False,High,Increasing
Angola,Imports of goods,Imports of goods,Cost insurance freight (CIF),Millions,USD,15696000000.0,2023,False,High,Decreasing
Angola,Imports of goods,Imports of goods,Cost insurance freight (CIF),Millions,USD,13946000000.0,2024,False,High,Decreasing
Angola,Imports of goods,Imports of goods,Cost insurance freight (CIF),Millions,USD,14965000000.0,2025,False,High,Increasing
"Anguilla, United Kingdom-British Overseas Territory",Exports of goods,Exports of goods,Free on board (FOB),Millions,USD,7000000.0,2016,True,Medium,No Data
"Anguilla, United Kingdom-British Overseas Territory",Exports of goods,Exports of goods,Free on board (FOB),Millions,USD,11000000.0,2017,True,Medium,Increasing
"Anguilla, United Kingdom-British Overseas Territory",Exports of goods,Exports of goods,Free on board (FOB),Millions,USD,12000000.0,2018,True,Medium,Increasing
"Anguilla, United Kingdom-British Overseas Territory",Exports of goods,Exports of goods,Free on board (FOB),Millions,USD,12000000.0,2019,True,Medium,No Data
"Anguilla, United Kingdom-British Overseas Territory",Exports of goods,Exports of goods,Free on board (FOB),Millions,USD,11000000.0,2020,True,Medium,Decreasing
"Anguilla, United Kingdom-British Overseas Territory",Exports of goods,Exports of goods,Free on board (FOB),Millions,USD,14000000.0,2021,True,Medium,Increasing
"Anguilla, United Kingdom-British Overseas Territory",Exports of goods,Exports of goods,Free on board (FOB),Millions,USD,16000000.0,2022,True,Medium,Increasing
"Anguilla, United Kingdom-British Overseas Territory",Exports of goods,Exports of goods,Free on board (FOB),Millions,USD,15000000.0,2023,True,Medium,Decreasing
"Anguilla, United Kingdom-British Overseas Territory",Exports of goods,Exports of goods,Free on board (FOB),Millions,USD,15000000.0,2024,True,Medium,No Data
"Anguilla, United Kingdom-British Overseas Territory",Exports of goods,Exports of goods,Free on board (FOB),Millions,USD,17000000.0,2025,True,Medium,Increasing
"Anguilla, United Kingdom-British Overseas Territory",Imports of goods,Imports of goods,Cost insurance freight (CIF),Millions,USD,193000000.0,2016,False,Medium,No Data
"Anguilla, United Kingdom-British Overseas Territory",Imports of goods,Imports of goods,Cost insurance freight (CIF),Millions,USD,222000000.0,2017,False,Medium,Increasing
"Anguilla, United Kingdom-British Overseas Territory",Imports of goods,Imports of goods,Cost insurance freight (CIF),Millions,USD,234000000.0,2018,False,Medium,Increasing
"Anguilla, United Kingdom-British Overseas Territory",Imports of goods,Imports of goods,Cost insurance freight (CIF),Millions,USD,228000000.0,2019,False,Medium,Decreasing
"Anguilla, United Kingdom-British Overseas Territory",Imports of goods,Imports of goods,Cost insurance freight (CIF),Millions,USD,211000000.0,2020,False,Medium,Decreasing
"Anguilla, United Kingdom-British Overseas Territory",Imports of goods,Imports of goods,Cost insurance freight (CIF),Millions,USD,266000000.0,2021,False,Medium,Increasing
"Anguilla, United Kingdom-British Overseas Territory",Imports of goods,Imports of goods,Cost insurance freight (CIF),Millions,USD,302000000.0,2022,False,Medium,Increasing
"Anguilla, United Kingdom-British Overseas Territory",Imports of goods,Imports of goods,Cost insurance freight (CIF),Millions,USD,286000000.0,2023,False,Medium,Decreasing
"Anguilla, United Kingdom-British Overseas Territory",Imports of goods,Imports of goods,Cost insurance freight (CIF),Millions,USD,293000000.0,2024,False,Medium,Increasing
"Anguilla, United Kingdom-British Overseas Territory",Imports of goods,Imports of goods,Cost insurance freight (CIF),Millions,USD,314000000.0,2025,False,Medium,Increasing
Antigua and Barbuda,Exports of goods,Exports of goods,Free on board (FOB),Millions,USD,61000000.0,2016,True,Medium,No Data
Antigua and Barbuda,Exports of goods,Exports of goods,Free on board (FOB),Millions,USD,21000000.0,2017,True,Medium,Decreasing
Antigua and Barbuda,Exports of goods,Exports of goods,Free on board (FOB),Millions,USD,26000000.0,2018,True,Medium,Increasing
Antigua and Barbuda,Exports of goods,Exports of goods,Free on board (FOB),Millions,USD,38000000.0,2019,True,Medium,Increasing
Antigua and Barbuda,Exports of goods,Exports of goods,Free on board (FOB),Millions,USD,22000000.0,2020,True,Medium,Decreasing
Antigua and Barbuda,Exports of goods,Exports of goods,Free on board (FOB),Millions,USD,19000000.0,2021,True,Medium,Decreasing
Antigua and Barbuda,Exports of goods,Exports of goods,Free on board (FOB),Millions,USD,22000000.0,2022,True,Medium,Increasing
Antigua and Barbuda,Exports of goods,Exports of goods,Free on board (FOB),Millions,USD,31000000.0,2023,True,Medium,Increasing
Antigua and Barbuda,Exports of goods,Exports of goods,Free on board (FOB),Millions,USD,33000000.0,2024,True,Medium,Increasing
Antigua and Barbuda,Exports of goods,Exports of goods,Free on board (FOB),Millions,USD,32000000.0,2025,True,Medium,Decreasing
Antigua and Barbuda,Imports of goods,Imports of goods,Cost insurance freight (CIF),Millions,USD,478000000.0,2016,False,Medium,No Data
Antigua and Barbuda,Imports of goods,Imports of goods,Cost insurance freight (CIF),Millions,USD,554000000.0,2017,False,Medium,Increasing
Antigua and Barbuda,Imports of goods,Imports of goods,Cost insurance freight (CIF),Millions,USD,699000000.0,2018,False,Medium,Increasing
Antigua and Barbuda,Imports of goods,Imports of goods,Cost insurance freight (CIF),Millions,USD,701000000.0,2019,False,Medium,Increasing
Antigua and Barbuda,Imports of goods,Imports of goods,Cost insurance freight (CIF),Millions,USD,498000000.0,2020,False,Medium,Decreasing
Antigua and Barbuda,Imports of goods,Imports of goods,Cost insurance freight (CIF),Millions,USD,596000000.0,2021,False,Medium,Increasing
Antigua and Barbuda,Imports of goods,Imports of goods,Cost insurance freight (CIF),Millions,USD,820000000.0,2022,False,Medium,Increasing
Antigua and Barbuda,Imports of goods,Imports of goods,Cost insurance freight (CIF),Millions,USD,844000000.0,2023,False,Medium,Increasing
Antigua and Barbuda,Imports of goods,Imports of goods,Cost insurance freight (CIF),Millions,USD,823000000.0,2024,False,Medium,Decreasing
Antigua and Barbuda,Imports of goods,Imports of goods,Cost insurance freight (CIF),Millions,USD,938000000.0,2025,False,Medium,Increasing
Argentina,Exports of goods,Exports of goods,Free on board (FOB),Millions,USD,57910000000.0,2016,True,High,No Data
Argentina,Exports of goods,Exports of goods,Free on board (FOB),Millions,USD,58644000000.0,2017,True,High,Increasing
Argentina,Exports of goods,Exports of goods,Free on board (FOB),Millions,USD,61781000000.0,2018,True,High,Increasing
Argentina,Exports of goods,Exports of goods,Free on board (FOB),Millions,USD,65116000000.0,2019,True,High,Increasing
Argentina,Exports of goods,Exports of goods,Free on board (FOB),Millions,USD,54884000000.0,2020,True,High,Decreasing
Argentina,Exports of goods,Exports of goods,Free on board (FOB),Millions,USD,77935000000.0,2021,True,High,Increasing
Argentina,Exports of goods,Exports of goods,Free on board (FOB),Millions,USD,88702000000.0,2022,True,High,Increasing
Argentina,Exports of goods,Exports of goods,Free on board (FOB),Millions,USD,66955000000.0,2023,True,High,Decreasing
Argentina,Exports of goods,Exports of goods,Free on board (FOB),Millions,USD,79703000000.0,2024,True,High,Increasing
Argentina,Exports of goods,Exports of goods,Free on board (FOB),Millions,USD,87111000000.0,2025,True,High,Increasing
Argentina,Imports of goods,Imports of goods,Cost insurance freight (CIF),Millions,USD,55852000000.0,2016,False,High,No Data
Argentina,Imports of goods,Imports of goods,Cost insurance freight (CIF),Millions,USD,66937000000.0,2017,False,High,Increasing
Argentina,Imports of goods,Imports of goods,Cost insurance freight (CIF),Millions,USD,65482000000.0,2018,False,High,Decreasing
Argentina,Imports of goods,Imports of goods,Cost insurance freight (CIF),Millions,USD,49124000000.0,2019,False,High,Decreasing
Argentina,Imports of goods,Imports of goods,Cost insurance freight (CIF),Millions,USD,42354000000.0,2020,False,High,Decreasing
Argentina,Imports of goods,Imports of goods,Cost insurance freight (CIF),Millions,USD,63185000000.0,2021,False,High,Increasing
Argentina,Imports of goods,Imports of goods,Cost insurance freight (CIF),Millions,USD,81742000000.0,2022,False,High,Increasing
Argentina,Imports of goods,Imports of goods,Cost insurance freight (CIF),Millions,USD,73815000000.0,2023,False,High,Decreasing
Argentina,Imports of goods,Imports of goods,Cost insurance freight (CIF),Millions,USD,60775000000.0,2024,False,High,Decreasing
Argentina,Imports of goods,Imports of goods,Cost insurance freight (CIF),Millions,USD,75792000000.0,2025,False,High,Increasing
"Armenia, Republic of",Exports of goods,Exports of goods,Free on board (FOB),Millions,USD,1791000000.0,2016,True,Medium,No Data
"Armenia, Republic of",Exports of goods,Exports of goods,Free on board (FOB),Millions,USD,2246000000.0,2017,True,Medium,Increasing
"Armenia, Republic of",Exports of goods,Exports of goods,Free on board (FOB),Millions,USD,2412000000.0,2018,True,Medium,Increasing
"Armenia, Republic of",Exports of goods,Exports of goods,Free on board (FOB),Millions,USD,2641000000.0,2019,True,Medium,Increasing
"Armenia, Republic of",Exports of goods,Exports of goods,Free on board (FOB),Millions,USD,2545000000.0,2020,True,Medium,Decreasing
"Armenia, Republic of",Exports of goods,Exports of goods,Free on board (FOB),Millions,USD,3024000000.0,2021,True,Medium,Increasing
"Armenia, Republic of",Exports of goods,Exports of goods,Free on board (FOB),Millions,USD,5361000000.0,2022,True,Medium,Increasing
"Armenia, Republic of",Exports of goods,Exports of goods,Free on board (FOB),Millions,USD,8552000000.0,2023,True,Medium,Increasing
"Armenia, Republic of",Exports of goods,Exports of goods,Free on board (FOB),Millions,USD,13092000000.0,2024,True,High,Increasing
"Armenia, Republic of",Exports of goods,Exports of goods,Free on board (FOB),Millions,USD,8396000000.0,2025,True,Medium,Decreasing
"Armenia, Republic of",Imports of goods,Imports of goods,Cost insurance freight (CIF),Millions,USD,3273000000.0,2016,False,Medium,No Data
"Armenia, Republic of",Imports of goods,Imports of goods,Cost insurance freight (CIF),Millions,USD,4190000000.0,2017,False,Medium,Increasing
"Armenia, Republic of",Imports of goods,Imports of goods,Cost insurance freight (CIF),Millions,USD,4964000000.0,2018,False,Medium,Increasing
"Armenia, Republic of",Imports of goods,Imports of goods,Cost insurance freight (CIF),Millions,USD,5513000000.0,2019,False,Medium,Increasing
"Armenia, Republic of",Imports of goods,Imports of goods,Cost insurance freight (CIF),Millions,USD,4559000000.0,2020,False,Medium,Decreasing
"Armenia, Republic of",Imports of goods,Imports of goods,Cost insurance freight (CIF),Millions,USD,5356000000.0,2021,False,Medium,Increasing
"Armenia, Republic of",Imports of goods,Imports of goods,Cost insurance freight (CIF),Millions,USD,8769000000.0,2022,False,Medium,Increasing
"Armenia, Republic of",Imports of goods,Imports of goods,Cost insurance freight (CIF),Millions,USD,12759000000.0,2023,False,High,Increasing
"Armenia, Republic of",Imports of goods,Imports of goods,Cost insurance freight (CIF),Millions,USD,17068000000.0,2024,False,High,Increasing
"Armenia, Republic of",Imports of goods,Imports of goods,Cost insurance freight (CIF),Millions,USD,13035000000.0,2025,False,High,Decreasing
"Aruba, Kingdom of the Netherlands",Exports of goods,Exports of goods,Free on board (FOB),Millions,USD,284000000.0,2016,True,Medium,No Data
"Aruba, Kingdom of the Netherlands",Exports of goods,Exports of goods,Free on board (FOB),Millions,USD,135000000.0,2017,True,Medium,Decreasing
"Aruba, Kingdom of the Netherlands",Exports of goods,Exports of goods,Free on board (FOB),Millions,USD,194000000.0,2018,True,Medium,Increasing
"Aruba, Kingdom of the Netherlands",Exports of goods,Exports of goods,Free on board (FOB),Millions,USD,131000000.0,2019,True,Medium,Decreasing
"Aruba, Kingdom of the Netherlands",Exports of goods,Exports of goods,Free on board (FOB),Millions,USD,87000000.0,2020,True,Medium,Decreasing
"Aruba, Kingdom of the Netherlands",Exports of goods,Exports of goods,Free on board (FOB),Millions,USD,123000000.0,2021,True,Medium,Increasing
"Aruba, Kingdom of the Netherlands",Exports of goods,Exports of goods,Free on board (FOB),Millions,USD,208000000.0,2022,True,Medium,Increasing
"Aruba, Kingdom of the Netherlands",Exports of goods,Exports of goods,Free on board (FOB),Millions,USD,167000000.0,2023,True,Medium,Decreasing
"Aruba, Kingdom of the Netherlands",Exports of goods,Exports of goods,Free on board (FOB),Millions,USD,163000000.0,2024,True,Medium,Decreasing
"Aruba, Kingdom of the Netherlands",Exports of goods,Exports of goods,Free on board (FOB),Millions,USD,216000000.0,2025,True,Medium,Increasing
"Aruba, Kingdom of the Netherlands",Imports of goods,Imports of goods,Cost insurance freight (CIF),Millions,USD,1138000000.0,2016,False,Medium,No Data
"Aruba, Kingdom of the Netherlands",Imports of goods,Imports of goods,Cost insurance freight (CIF),Millions,USD,1124000000.0,2017,False,Medium,Decreasing
"Aruba, Kingdom of the Netherlands",Imports of goods,Imports of goods,Cost insurance freight (CIF),Millions,USD,1232000000.0,2018,False,Medium,Increasing
"Aruba, Kingdom of the Netherlands",Imports of goods,Imports of goods,Cost insurance freight (CIF),Millions,USD,1206000000.0,2019,False,Medium,Decreasing
"Aruba, Kingdom of the Netherlands",Imports of goods,Imports of goods,Cost insurance freight (CIF),Millions,USD,863000000.0,2020,False,Medium,Decreasing
"Aruba, Kingdom of the Netherlands",Imports of goods,Imports of goods,Cost insurance freight (CIF),Millions,USD,1064000000.0,2021,False,Medium,Increasing
"Aruba, Kingdom of the Netherlands",Imports of goods,Imports of goods,Cost insurance freight (CIF),Millions,USD,1387000000.0,2022,False,Medium,Increasing
"Aruba, Kingdom of the Netherlands",Imports of goods,Imports of goods,Cost insurance freight (CIF),Millions,USD,1403000000.0,2023,False,Medium,Increasing
"Aruba, Kingdom of the Netherlands",Imports of goods,Imports of goods,Cost insurance freight (CIF),Millions,USD,1490000000.0,2024,False,Medium,Increasing
"Aruba, Kingdom of the Netherlands",Imports of goods,Imports of goods,Cost insurance freight (CIF),Millions,USD,1604000000.0,2025,False,Medium,Increasing
Australia,Exports of goods,Exports of goods,Free on board (FOB),Billions,USD,192506000000.0,2016,True,High,No Data
Australia,Exports of goods,Exports of goods,Free on board (FOB),Billions,USD,231131000000.0,2017,True,High,Increasing
Australia,Exports of goods,Exports of goods,Free on board (FOB),Billions,USD,257096999999.99997,2018,True,High,Increasing
Australia,Exports of goods,Exports of goods,Free on board (FOB),Billions,USD,271005000000.0,2019,True,High,Increasing
Australia,Exports of goods,Exports of goods,Free on board (FOB),Billions,USD,250824000000.0,2020,True,High,Decreasing
Australia,Exports of goods,Exports of goods,Free on board (FOB),Billions,USD,344864000000.0,2021,True,High,Increasing
Australia,Exports of goods,Exports of goods,Free on board (FOB),Billions,USD,412683000000.0,2022,True,High,Increasing
Australia,Exports of goods,Exports of goods,Free on board (FOB),Billions,USD,371407000000.0,2023,True,High,Decreasing
Australia,Exports of goods,Exports of goods,Free on board (FOB),Billions,USD,340828000000.0,2024,True,High,Decreasing
Australia,Exports of goods,Exports of goods,Free on board (FOB),Billions,USD,337788000000.0,2025,True,High,Decreasing
Australia,Imports of goods,Imports of goods,Cost insurance freight (CIF),Billions,USD,196269000000.0,2016,False,High,No Data
Australia,Imports of goods,Imports of goods,Cost insurance freight (CIF),Billions,USD,228779000000.0,2017,False,High,Increasing
Australia,Imports of goods,Imports of goods,Cost insurance freight (CIF),Billions,USD,235385000000.0,2018,False,High,Increasing
Australia,Imports of goods,Imports of goods,Cost insurance freight (CIF),Billions,USD,221564000000.0,2019,False,High,Decreasing
Australia,Imports of goods,Imports of goods,Cost insurance freight (CIF),Billions,USD,211824000000.0,2020,False,High,Decreasing
Australia,Imports of goods,Imports of goods,Cost insurance freight (CIF),Billions,USD,261165000000.00003,2021,False,High,Increasing
Australia,Imports of goods,Imports of goods,Cost insurance freight (CIF),Billions,USD,309187000000.0,2022,False,High,Increasing
Australia,Imports of goods,Imports of goods,Cost insurance freight (CIF),Billions,USD,287404000000.0,2023,False,High,Decreasing
Australia,Imports of goods,Imports of goods,Cost insurance freight (CIF),Billions,USD,296341000000.0,2024,False,High,Increasing
Australia,Imports of goods,Imports of goods,Cost insurance freight (CIF),Billions,USD,310327000000.0,2025,False,High,Increasing
Austria,Exports of goods,Exports of goods,Free on board (FOB),Billions,USD,152089000000.0,2016,True,High,No Data
Austria,Exports of goods,Exports of goods,Free on board (FOB),Billions,USD,168026000000.0,2017,True,High,Increasing
Austria,Exports of goods,Exports of goods,Free on board (FOB),Billions,USD,184815000000.0,2018,True,High,Increasing
Austria,Exports of goods,Exports of goods,Free on board (FOB),Billions,USD,178668000000.0,2019,True,High,Decreasing
Austria,Exports of goods,Exports of goods,Free on board (FOB),Billions,USD,169418000000.0,2020,True,High,Decreasing
Austria,Exports of goods,Exports of goods,Free on board (FOB),Billions,USD,202806000000.0,2021,True,High,Increasing
Austria,Exports of goods,Exports of goods,Free on board (FOB),Billions,USD,211929000000.0,2022,True,High,Increasing
Austria,Exports of goods,Exports of goods,Free on board (FOB),Billions,USD,224056000000.0,2023,True,High,Increasing
Austria,Exports of goods,Exports of goods,Free on board (FOB),Billions,USD,214131000000.0,2024,True,High,Decreasing
Austria,Exports of goods,Exports of goods,Free on board (FOB),Billions,USD,222457000000.0,2025,True,High,Increasing
Austria,Imports of goods,Imports of goods,Cost insurance freight (CIF),Billions,USD,157697000000.0,2016,False,High,No Data
Austria,Imports of goods,Imports of goods,Cost insurance freight (CIF),Billions,USD,175753000000.0,2017,False,High,Increasing
Austria,Imports of goods,Imports of goods,Cost insurance freight (CIF),Billions,USD,193722000000.0,2018,False,High,Increasing
Austria,Imports of goods,Imports of goods,Cost insurance freight (CIF),Billions,USD,184758000000.0,2019,False,High,Decreasing
Austria,Imports of goods,Imports of goods,Cost insurance freight (CIF),Billions,USD,172449000000.0,2020,False,High,Decreasing
Austria,Imports of goods,Imports of goods,Cost insurance freight (CIF),Billions,USD,219519000000.0,2021,False,High,Increasing
Austria,Imports of goods,Imports of goods,Cost insurance freight (CIF),Billions,USD,233518000000.0,2022,False,High,Increasing
Austria,Imports of goods,Imports of goods,Cost insurance freight (CIF),Billions,USD,226254000000.0,2023,False,High,Decreasing
Austria,Imports of goods,Imports of goods,Cost insurance freight (CIF),Billions,USD,211719000000.0,2024,False,High,Decreasing
Austria,Imports of goods,Imports of goods,Cost insurance freight (CIF),Billions,USD,230033000000.0,2025,False,High,Increasing
"Azerbaijan, Republic of",Exports of goods,Exports of goods,Free on board (FOB),Thousands,USD,13457592100.0,2016,True,High,No Data
"Azerbaijan, Republic of",Exports of goods,Exports of goods,Free on board (FOB),Thousands,USD,15319977100.0,2017,True,High,Increasing
"Azerbaijan, Republic of",Exports of goods,Exports of goods,Free on board (FOB),Thousands,USD,19489068200.0,2018,True,High,Increasing
"Azerbaijan, Republic of",Exports of goods,Exports of goods,Free on board (FOB),Thousands,USD,19635202800.0,2019,True,High,Increasing
"Azerbaijan, Republic of",Exports of goods,Exports of goods,Free on board (FOB),Thousands,USD,13732637300.0,2020,True,High,Decreasing
"Azerbaijan, Republic of",Exports of goods,Exports of goods,Free on board (FOB),Thousands,USD,22207974800.0,2021,True,High,Increasing
"Azerbaijan, Republic of",Exports of goods,Exports of goods,Free on board (FOB),Thousands,USD,38146684100.0,2022,True,High,Increasing
"Azerbaijan, Republic of",Exports of goods,Exports of goods,Free on board (FOB),Thousands,USD,33898554900.0,2023,True,High,Decreasing
"Azerbaijan, Republic of",Exports of goods,Exports of goods,Free on board (FOB),Thousands,USD,26554056800.0,2024,True,High,Decreasing
"Azerbaijan, Republic of",Exports of goods,Exports of goods,Free on board (FOB),Thousands,USD,25042849600.0,2025,True,High,Decreasing
"Azerbaijan, Republic of",Imports of goods,Imports of goods,Cost insurance freight (CIF),Thousands,USD,8489140400.0,2016,False,Medium,No Data
"Azerbaijan, Republic of",Imports of goods,Imports of goods,Cost insurance freight (CIF),Thousands,USD,8783301400.0,2017,False,Medium,Increasing
"Azerbaijan, Republic of",Imports of goods,Imports of goods,Cost insurance freight (CIF),Thousands,USD,11465914700.0,2018,False,High,Increasing
"Azerbaijan, Republic of",Imports of goods,Imports of goods,Cost insurance freight (CIF),Thousands,USD,13667475700.0,2019,False,High,Increasing
"Azerbaijan, Republic of",Imports of goods,Imports of goods,Cost insurance freight (CIF),Thousands,USD,10732038800.0,2020,False,High,Decreasing
"Azerbaijan, Republic of",Imports of goods,Imports of goods,Cost insurance freight (CIF),Thousands,USD,11703222600.0,2021,False,High,Increasing
"Azerbaijan, Republic of",Imports of goods,Imports of goods,Cost insurance freight (CIF),Thousands,USD,14539789100.0,2022,False,High,Increasing
"Azerbaijan, Republic of",Imports of goods,Imports of goods,Cost insurance freight (CIF),Thousands,USD,17285344700.0,2023,False,High,Increasing
"Azerbaijan, Republic of",Imports of goods,Imports of goods,Cost insurance freight (CIF),Thousands,USD,21058044100.0,2024,False,High,Increasing
"Azerbaijan, Republic of",Imports of goods,Imports of goods,Cost insurance freight (CIF),Thousands,USD,24379730300.0,2025,False,High,Increasing
"Bahamas, The",Exports of goods,Exports of goods,Free on board (FOB),Thousands,USD,402441000.0,2016,True,Medium,No Data
"Bahamas, The",Exports of goods,Exports of goods,Free on board (FOB),Thousands,USD,473333000.0,2017,True,Medium,Increasing
"Bahamas, The",Exports of goods,Exports of goods,Free on board (FOB),Thousands,USD,524221000.0,2018,True,Medium,Increasing
"Bahamas, The",Exports of goods,Exports of goods,Free on board (FOB),Thousands,USD,537271000.0,2019,True,Medium,Increasing
"Bahamas, The",Exports of goods,Exports of goods,Free on board (FOB),Thousands,USD,377574000.0,2020,True,Medium,Decreasing
"Bahamas, The",Exports of goods,Exports of goods,Free on board (FOB),Thousands,USD,543422000.0,2021,True,Medium,Increasing
"Bahamas, The",Exports of goods,Exports of goods,Free on board (FOB),Thousands,USD,585902000.0,2022,True,Medium,Increasing
"Bahamas, The",Exports of goods,Exports of goods,Free on board (FOB),Thousands,USD,736164000.0,2023,True,Medium,Increasing
"Bahamas, The",Imports of goods,Imports of goods,Cost insurance freight (CIF),Thousands,USD,2931649000.0,2016,False,Medium,No Data
"Bahamas, The",Imports of goods,Imports of goods,Cost insurance freight (CIF),Thousands,USD,3477594000.0,2017,False,Medium,Increasing
"Bahamas, The",Imports of goods,Imports of goods,Cost insurance freight (CIF),Thousands,USD,3524075000.0,2018,False,Medium,Increasing
"Bahamas, The",Imports of goods,Imports of goods,Cost insurance freight (CIF),Thousands,USD,3320501000.0,2019,False,Medium,Decreasing
"Bahamas, The",Imports of goods,Imports of goods,Cost insurance freight (CIF),Thousands,USD,2205287000.0,2020,False,Medium,Decreasing
"Bahamas, The",Imports of goods,Imports of goods,Cost insurance freight (CIF),Thousands,USD,3482604000.0,2021,False,Medium,Increasing
"Bahamas, The",Imports of goods,Imports of goods,Cost insurance freight (CIF),Thousands,USD,3839658000.0,2022,False,Medium,Increasing
"Bahamas, The",Imports of goods,Imports of goods,Cost insurance freight (CIF),Thousands,USD,4187517000.0,2023,False,Medium,Increasing
"Bahrain, Kingdom of",Exports of goods,Exports of goods,Free on board (FOB),Millions,USD,12785000000.0,2016,True,High,No Data
"Bahrain, Kingdom of",Exports of goods,Exports of goods,Free on board (FOB),Millions,USD,15376000000.0,2017,True,High,Increasing
"Bahrain, Kingdom of",Exports of goods,Exports of goods,Free on board (FOB),Millions,USD,18044000000.0,2018,True,High,Increasing
"Bahrain, Kingdom of",Exports of goods,Exports of goods,Free on board (FOB),Millions,USD,18119000000.0,2019,True,High,Increasing
"Bahrain, Kingdom of",Exports of goods,Exports of goods,Free on board (FOB),Millions,USD,14065000000.0,2020,True,High,Decreasing
"Bahrain, Kingdom of",Exports of goods,Exports of goods,Free on board (FOB),Millions,USD,22370000000.0,2021,True,High,Increasing
"Bahrain, Kingdom of",Exports of goods,Exports of goods,Free on board (FOB),Millions,USD,30194000000.0,2022,True,High,Increasing
"Bahrain, Kingdom of",Exports of goods,Exports of goods,Free on board (FOB),Millions,USD,24813000000.0,2023,True,High,Decreasing
"Bahrain, Kingdom of",Exports of goods,Exports of goods,Free on board (FOB),Millions,USD,24279000000.0,2024,True,High,Decreasing
"Bahrain, Kingdom of",Exports of goods,Exports of goods,Free on board (FOB),Millions,USD,26455000000.0,2025,True,High,Increasing
"Bahrain, Kingdom of",Imports of goods,Imports of goods,Cost insurance freight (CIF),Millions,USD,11579000000.0,2016,False,High,No Data
"Bahrain, Kingdom of",Imports of goods,Imports of goods,Cost insurance freight (CIF),Millions,USD,13146000000.0,2017,False,High,Increasing
"Bahrain, Kingdom of",Imports of goods,Imports of goods,Cost insurance freight (CIF),Millions,USD,14871000000.0,2018,False,High,Increasing
"Bahrain, Kingdom of",Imports of goods,Imports of goods,Cost insurance freight (CIF),Millions,USD,13256000000.0,2019,False,High,Decreasing
"Bahrain, Kingdom of",Imports of goods,Imports of goods,Cost insurance freight (CIF),Millions,USD,12683000000.0,2020,False,High,Decreasing
"Bahrain, Kingdom of",Imports of goods,Imports of goods,Cost insurance freight (CIF),Millions,USD,14187000000.0,2021,False,High,Increasing
"Bahrain, Kingdom of",Imports of goods,Imports of goods,Cost insurance freight (CIF),Millions,USD,15537000000.0,2022,False,High,Increasing
"Bahrain, Kingdom of",Imports of goods,Imports of goods,Cost insurance freight (CIF),Millions,USD,15367000000.0,2023,False,High,Decreasing
"Bahrain, Kingdom of",Imports of goods,Imports of goods,Cost insurance freight (CIF),Millions,USD,15610000000.0,2024,False,High,Increasing
"Bahrain, Kingdom of",Imports of goods,Imports of goods,Cost insurance freight (CIF),Millions,USD,16450000000.0,2025,False,High,Increasing
Bangladesh,Exports of goods,Exports of goods,Free on board (FOB),Millions,USD,35953010000.0,2017,True,High,No Data
Bangladesh,Exports of goods,Exports of goods,Free on board (FOB),Millions,USD,39252020000.0,2018,True,High,Increasing
Bangladesh,Exports of goods,Exports of goods,Free on board (FOB),Millions,USD,39337330000.0,2019,True,High,Increasing
Bangladesh,Exports of goods,Exports of goods,Free on board (FOB),Millions,USD,33605379999.999996,2020,True,High,Decreasing
Bangladesh,Exports of goods,Exports of goods,Free on board (FOB),Millions,USD,44223410000.0,2021,True,High,Increasing
Bangladesh,Exports of goods,Exports of goods,Free on board (FOB),Millions,USD,51405011112.86348,2022,True,High,Increasing
Bangladesh,Exports of goods,Exports of goods,Free on board (FOB),Millions,USD,44237046699.55724,2023,True,High,Decreasing
Bangladesh,Exports of goods,Exports of goods,Free on board (FOB),Millions,USD,47246146218.51469,2024,True,High,Increasing
Bangladesh,Exports of goods,Exports of goods,Free on board (FOB),Millions,USD,48167000600.651566,2025,True,High,Increasing
Bangladesh,Imports of goods,Imports of goods,Cost insurance freight (CIF),Millions,USD,52836300000.0,2017,False,High,No Data
Bangladesh,Imports of goods,Imports of goods,Cost insurance freight (CIF),Millions,USD,60495100000.0,2018,False,High,Increasing
Bangladesh,Imports of goods,Imports of goods,Cost insurance freight (CIF),Millions,USD,59093900000.0,2019,False,High,Decreasing
Bangladesh,Imports of goods,Imports of goods,Cost insurance freight (CIF),Millions,USD,52804000000.0,2020,False,High,Decreasing
Bangladesh,Imports of goods,Imports of goods,Cost insurance freight (CIF),Millions,USD,80448000000.0,2021,False,High,Increasing
Bangladesh,Imports of goods,Imports of goods,Cost insurance freight (CIF),Millions,USD,88002100000.0,2022,False,High,Increasing
Bangladesh,Imports of goods,Imports of goods,Cost insurance freight (CIF),Millions,USD,67094700000.0,2023,False,High,Decreasing
Bangladesh,Imports of goods,Imports of goods,Cost insurance freight (CIF),Millions,USD,67879936311.1327,2024,False,High,Increasing
Bangladesh,Imports of goods,Imports of goods,Cost insurance freight (CIF),Millions,USD,69779642341.0066,2025,False,High,Increasing
Barbados,Exports of goods,Exports of goods,Free on board (FOB),Millions,USD,517000000.0,2016,True,Medium,No Data
Barbados,Exports of goods,Exports of goods,Free on board (FOB),Millions,USD,485000000.0,2017,True,Medium,Decreasing
Barbados,Exports of goods,Exports of goods,Free on board (FOB),Millions,USD,448000000.0,2018,True,Medium,Decreasing
Barbados,Exports of goods,Exports of goods,Free on board (FOB),Millions,USD,444000000.0,2019,True,Medium,Decreasing
Barbados,Exports of goods,Exports of goods,Free on board (FOB),Millions,USD,345000000.0,2020,True,Medium,Decreasing
Barbados,Exports of goods,Exports of goods,Free on board (FOB),Millions,USD,350000000.0,2021,True,Medium,Increasing
Barbados,Exports of goods,Exports of goods,Free on board (FOB),Millions,USD,498000000.0,2022,True,Medium,Increasing
Barbados,Exports of goods,Exports of goods,Free on board (FOB),Millions,USD,461000000.0,2023,True,Medium,Decreasing
Barbados,Exports of goods,Exports of goods,Free on board (FOB),Millions,USD,461000000.0,2024,True,Medium,No Data
Barbados,Exports of goods,Exports of goods,Free on board (FOB),Millions,USD,428000000.0,2025,True,Medium,Decreasing
Barbados,Imports of goods,Imports of goods,Cost insurance freight (CIF),Millions,USD,1622000000.0,2016,False,Medium,No Data
Barbados,Imports of goods,Imports of goods,Cost insurance freight (CIF),Millions,USD,1600000000.0,2017,False,Medium,Decreasing
Barbados,Imports of goods,Imports of goods,Cost insurance freight (CIF),Millions,USD,1578000000.0,2018,False,Medium,Decreasing
Barbados,Imports of goods,Imports of goods,Cost insurance freight (CIF),Millions,USD,1581000000.0,2019,False,Medium,Increasing
Barbados,Imports of goods,Imports of goods,Cost insurance freight (CIF),Millions,USD,1497000000.0,2020,False,Medium,Decreasing
Barbados,Imports of goods,Imports of goods,Cost insurance freight (CIF),Millions,USD,1674000000.0,2021,False,Medium,Increasing
Barbados,Imports of goods,Imports of goods,Cost insurance freight (CIF),Millions,USD,2151000000.0,2022,False,Medium,Increasing
Barbados,Imports of goods,Imports of goods,Cost insurance freight (CIF),Millions,USD,2124000000.0,2023,False,Medium,Decreasing
Barbados,Imports of goods,Imports of goods,Cost insurance freight (CIF),Millions,USD,2154000000.0,2024,False,Medium,Increasing
Barbados,Imports of goods,Imports of goods,Cost insurance freight (CIF),Millions,USD,2229000000.0,2025,False,Medium,Increasing
"Belarus, Republic of",Exports of goods,Exports of goods,Free on board (FOB),Millions,USD,23416000000.0,2016,True,High,No Data
"Belarus, Republic of",Exports of goods,Exports of goods,Free on board (FOB),Millions,USD,29268000000.0,2017,True,High,Increasing
"Belarus, Republic of",Exports of goods,Exports of goods,Free on board (FOB),Millions,USD,33725000000.0,2018,True,High,Increasing
"Belarus, Republic of",Exports of goods,Exports of goods,Free on board (FOB),Millions,USD,32953000000.0,2019,True,High,Decreasing
"Belarus, Republic of",Exports of goods,Exports of goods,Free on board (FOB),Millions,USD,29181000000.0,2020,True,High,Decreasing
"Belarus, Republic of",Exports of goods,Exports of goods,Free on board (FOB),Millions,USD,39762000000.0,2021,True,High,Increasing
"Belarus, Republic of",Exports of goods,Exports of goods,Free on board (FOB),Millions,USD,38219000000.0,2022,True,High,Decreasing
"Belarus, Republic of",Exports of goods,Exports of goods,Free on board (FOB),Millions,USD,39841000000.0,2023,True,High,Increasing
"Belarus, Republic of",Exports of goods,Exports of goods,Free on board (FOB),Millions,USD,40344000000.0,2024,True,High,Increasing
"Belarus, Republic of",Exports of goods,Exports of goods,Free on board (FOB),Millions,USD,41396000000.0,2025,True,High,Increasing
"Belarus, Republic of",Imports of goods,Imports of goods,Cost insurance freight (CIF),Millions,USD,27464000000.0,2016,False,High,No Data
"Belarus, Republic of",Imports of goods,Imports of goods,Cost insurance freight (CIF),Millions,USD,34232000000.0,2017,False,High,Increasing
"Belarus, Republic of",Imports of goods,Imports of goods,Cost insurance freight (CIF),Millions,USD,38410000000.0,2018,False,High,Increasing
"Belarus, Republic of",Imports of goods,Imports of goods,Cost insurance freight (CIF),Millions,USD,39475000000.0,2019,False,High,Increasing
"Belarus, Republic of",Imports of goods,Imports of goods,Cost insurance freight (CIF),Millions,USD,32767000000.0,2020,False,High,Decreasing
"Belarus, Republic of",Imports of goods,Imports of goods,Cost insurance freight (CIF),Millions,USD,41387000000.0,2021,False,High,Increasing
"Belarus, Republic of",Imports of goods,Imports of goods,Cost insurance freight (CIF),Millions,USD,38311000000.0,2022,False,High,Decreasing
"Belarus, Republic of",Imports of goods,Imports of goods,Cost insurance freight (CIF),Millions,USD,43092000000.0,2023,False,High,Increasing
"Belarus, Republic of",Imports of goods,Imports of goods,Cost insurance freight (CIF),Millions,USD,45715000000.0,2024,False,High,Increasing
"Belarus, Republic of",Imports of goods,Imports of goods,Cost insurance freight (CIF),Millions,USD,48370000000.0,2025,False,High,Increasing
Belgium,Exports of goods,Exports of goods,Free on board (FOB),Billions,USD,398133000000.0,2016,True,High,No Data
Belgium,Exports of goods,Exports of goods,Free on board (FOB),Billions,USD,429644000000.0,2017,True,High,Increasing
Belgium,Exports of goods,Exports of goods,Free on board (FOB),Billions,USD,468212000000.0,2018,True,High,Increasing
Belgium,Exports of goods,Exports of goods,Free on board (FOB),Billions,USD,446909000000.0,2019,True,High,Decreasing
Belgium,Exports of goods,Exports of goods,Free on board (FOB),Billions,USD,422656000000.0,2020,True,High,Decreasing
Belgium,Exports of goods,Exports of goods,Free on board (FOB),Billions,USD,551477000000.0,2021,True,High,Increasing
Belgium,Exports of goods,Exports of goods,Free on board (FOB),Billions,USD,638281000000.0,2022,True,High,Increasing
Belgium,Exports of goods,Exports of goods,Free on board (FOB),Billions,USD,578513000000.0,2023,True,High,Decreasing
Belgium,Exports of goods,Exports of goods,Free on board (FOB),Billions,USD,554581000000.0,2024,True,High,Decreasing
Belgium,Exports of goods,Exports of goods,Free on board (FOB),Billions,USD,568657000000.0,2025,True,High,Increasing
Belgium,Imports of goods,Imports of goods,Cost insurance freight (CIF),Billions,USD,379408000000.0,2016,False,High,No Data
Belgium,Imports of goods,Imports of goods,Cost insurance freight (CIF),Billions,USD,409219000000.0,2017,False,High,Increasing
Belgium,Imports of goods,Imports of goods,Cost insurance freight (CIF),Billions,USD,455187000000.0,2018,False,High,Increasing
Belgium,Imports of goods,Imports of goods,Cost insurance freight (CIF),Billions,USD,428877000000.0,2019,False,High,Decreasing
Belgium,Imports of goods,Imports of goods,Cost insurance freight (CIF),Billions,USD,396060000000.0,2020,False,High,Decreasing
Belgium,Imports of goods,Imports of goods,Cost insurance freight (CIF),Billions,USD,526616000000.0,2021,False,High,Increasing
Belgium,Imports of goods,Imports of goods,Cost insurance freight (CIF),Billions,USD,625041000000.0,2022,False,High,Increasing
Belgium,Imports of goods,Imports of goods,Cost insurance freight (CIF),Billions,USD,564974000000.0,2023,False,High,Decreasing
Belgium,Imports of goods,Imports of goods,Cost insurance freight (CIF),Billions,USD,525986000000.0,2024,False,High,Decreasing
Belgium,Imports of goods,Imports of goods,Cost insurance freight (CIF),Billions,USD,539563000000.0,2025,False,High,Increasing
Belize,Exports of goods,Exports of goods,Free on board (FOB),Millions,USD,443000000.0,2016,True,Medium,No Data
Belize,Exports of goods,Exports of goods,Free on board (FOB),Millions,USD,457000000.0,2017,True,Medium,Increasing
Belize,Exports of goods,Exports of goods,Free on board (FOB),Millions,USD,451000000.0,2018,True,Medium,Decreasing
Belize,Exports of goods,Exports of goods,Free on board (FOB),Millions,USD,425000000.0,2019,True,Medium,Decreasing
Belize,Exports of goods,Exports of goods,Free on board (FOB),Millions,USD,289000000.0,2020,True,Medium,Decreasing
Belize,Exports of goods,Exports of goods,Free on board (FOB),Millions,USD,422000000.0,2021,True,Medium,Increasing
Belize,Exports of goods,Exports of goods,Free on board (FOB),Millions,USD,518000000.0,2022,True,Medium,Increasing
Belize,Exports of goods,Exports of goods,Free on board (FOB),Millions,USD,488000000.0,2023,True,Medium,Decreasing
Belize,Exports of goods,Exports of goods,Free on board (FOB),Millions,USD,482000000.0,2024,True,Medium,Decreasing
Belize,Exports of goods,Exports of goods,Free on board (FOB),Millions,USD,444000000.0,2025,True,Medium,Decreasing
Belize,Imports of goods,Imports of goods,Cost insurance freight (CIF),Millions,USD,953000000.0,2016,False,Medium,No Data
Belize,Imports of goods,Imports of goods,Cost insurance freight (CIF),Millions,USD,916000000.0,2017,False,Medium,Decreasing
Belize,Imports of goods,Imports of goods,Cost insurance freight (CIF),Millions,USD,958000000.0,2018,False,Medium,Increasing
Belize,Imports of goods,Imports of goods,Cost insurance freight (CIF),Millions,USD,986000000.0,2019,False,Medium,Increasing
Belize,Imports of goods,Imports of goods,Cost insurance freight (CIF),Millions,USD,787000000.0,2020,False,Medium,Decreasing
Belize,Imports of goods,Imports of goods,Cost insurance freight (CIF),Millions,USD,1061000000.0,2021,False,Medium,Increasing
Belize,Imports of goods,Imports of goods,Cost insurance freight (CIF),Millions,USD,1381000000.0,2022,False,Medium,Increasing
Belize,Imports of goods,Imports of goods,Cost insurance freight (CIF),Millions,USD,1341000000.0,2023,False,Medium,Decreasing
Belize,Imports of goods,Imports of goods,Cost insurance freight (CIF),Millions,USD,1455000000.0,2024,False,Medium,Increasing
Belize,Imports of goods,Imports of goods,Cost insurance freight (CIF),Millions,USD,1431000000.0,2025,False,Medium,Decreasing
Benin,Exports of goods,Exports of goods,Free on board (FOB),Millions,USD,1774000000.0,2016,True,Medium,No Data
Benin,Exports of goods,Exports of goods,Free on board (FOB),Millions,USD,2216000000.0,2017,True,Medium,Increasing
Benin,Exports of goods,Exports of goods,Free on board (FOB),Millions,USD,3344000000.0,2018,True,Medium,Increasing
Benin,Exports of goods,Exports of goods,Free on board (FOB),Millions,USD,3052000000.0,2019,True,Medium,Decreasing
Benin,Exports of goods,Exports of goods,Free on board (FOB),Millions,USD,2996000000.0,2020,True,Medium,Decreasing
Benin,Exports of goods,Exports of goods,Free on board (FOB),Millions,USD,3642000000.0,2021,True,Medium,Increasing
Benin,Exports of goods,Exports of goods,Free on board (FOB),Millions,USD,3719000000.0,2022,True,Medium,Increasing
Benin,Exports of goods,Exports of goods,Free on board (FOB),Millions,USD,4050000000.0,2023,True,Medium,Increasing
Benin,Exports of goods,Exports of goods,Free on board (FOB),Millions,USD,4024000000.0,2024,True,Medium,Decreasing
Benin,Exports of goods,Exports of goods,Free on board (FOB),Millions,USD,3988000000.0,2025,True,Medium,Decreasing
Benin,Imports of goods,Imports of goods,Cost insurance freight (CIF),Millions,USD,2872000000.0,2016,False,Medium,No Data
Benin,Imports of goods,Imports of goods,Cost insurance freight (CIF),Millions,USD,3494000000.0,2017,False,Medium,Increasing
Benin,Imports of goods,Imports of goods,Cost insurance freight (CIF),Millions,USD,4375000000.0,2018,False,Medium,Increasing
Benin,Imports of goods,Imports of goods,Cost insurance freight (CIF),Millions,USD,3932000000.0,2019,False,Medium,Decreasing
Benin,Imports of goods,Imports of goods,Cost insurance freight (CIF),Millions,USD,3555000000.0,2020,False,Medium,Decreasing
Benin,Imports of goods,Imports of goods,Cost insurance freight (CIF),Millions,USD,4508000000.0,2021,False,Medium,Increasing
Benin,Imports of goods,Imports of goods,Cost insurance freight (CIF),Millions,USD,4914000000.0,2022,False,Medium,Increasing
Benin,Imports of goods,Imports of goods,Cost insurance freight (CIF),Millions,USD,5252000000.0,2023,False,Medium,Increasing
Benin,Imports of goods,Imports of goods,Cost insurance freight (CIF),Millions,USD,4835000000.0,2024,False,Medium,Decreasing
Benin,Imports of goods,Imports of goods,Cost insurance freight (CIF),Millions,USD,4951000000.0,2025,False,Medium,Increasing
Bhutan,Exports of goods,Exports of goods,Free on board (FOB),Millions,USD,525000000.0,2016,True,Medium,No Data
Bhutan,Exports of goods,Exports of goods,Free on board (FOB),Millions,USD,573000000.0,2017,True,Medium,Increasing
Bhutan,Exports of goods,Exports of goods,Free on board (FOB),Millions,USD,606000000.0,2018,True,Medium,Increasing
Bhutan,Exports of goods,Exports of goods,Free on board (FOB),Millions,USD,674000000.0,2019,True,Medium,Increasing
Bhutan,Exports of goods,Exports of goods,Free on board (FOB),Millions,USD,651000000.0,2020,True,Medium,Decreasing
Bhutan,Exports of goods,Exports of goods,Free on board (FOB),Millions,USD,784000000.0,2021,True,Medium,Increasing
Bhutan,Exports of goods,Exports of goods,Free on board (FOB),Millions,USD,724000000.0,2022,True,Medium,Decreasing
Bhutan,Exports of goods,Exports of goods,Free on board (FOB),Millions,USD,641000000.0,2023,True,Medium,Decreasing
Bhutan,Exports of goods,Exports of goods,Free on board (FOB),Millions,USD,747000000.0,2024,True,Medium,Increasing
Bhutan,Exports of goods,Exports of goods,Free on board (FOB),Millions,USD,800000000.0,2025,True,Medium,Increasing
Bhutan,Imports of goods,Imports of goods,Cost insurance freight (CIF),Millions,USD,1002000000.0,2016,False,Medium,No Data
Bhutan,Imports of goods,Imports of goods,Cost insurance freight (CIF),Millions,USD,1029000000.0,2017,False,Medium,Increasing
Bhutan,Imports of goods,Imports of goods,Cost insurance freight (CIF),Millions,USD,1048000000.0,2018,False,Medium,Increasing
Bhutan,Imports of goods,Imports of goods,Cost insurance freight (CIF),Millions,USD,981000000.0,2019,False,Medium,Decreasing
Bhutan,Imports of goods,Imports of goods,Cost insurance freight (CIF),Millions,USD,899000000.0,2020,False,Medium,Decreasing
Bhutan,Imports of goods,Imports of goods,Cost insurance freight (CIF),Millions,USD,1220000000.0,2021,False,Medium,Increasing
Bhutan,Imports of goods,Imports of goods,Cost insurance freight (CIF),Millions,USD,1511000000.0,2022,False,Medium,Increasing
Bhutan,Imports of goods,Imports of goods,Cost insurance freight (CIF),Millions,USD,1313000000.0,2023,False,Medium,Decreasing
Bhutan,Imports of goods,Imports of goods,Cost insurance freight (CIF),Millions,USD,1448000000.0,2024,False,Medium,Increasing
Bhutan,Imports of goods,Imports of goods,Cost insurance freight (CIF),Millions,USD,2181000000.0,2025,False,Medium,Increasing
Bolivia,Exports of goods,Exports of goods,Free on board (FOB),Millions,USD,7082000000.0,2016,True,Medium,No Data
Bolivia,Exports of goods,Exports of goods,Free on board (FOB),Millions,USD,7846000000.0,2017,True,Medium,Increasing
Bolivia,Exports of goods,Exports of goods,Free on board (FOB),Millions,USD,8965000000.0,2018,True,Medium,Increasing
Bolivia,Exports of goods,Exports of goods,Free on board (FOB),Millions,USD,8760000000.0,2019,True,Medium,Decreasing
Bolivia,Exports of goods,Exports of goods,Free on board (FOB),Millions,USD,7015000000.0,2020,True,Medium,Decreasing
Bolivia,Exports of goods,Exports of goods,Free on board (FOB),Millions,USD,11030000000.0,2021,True,High,Increasing
Bolivia,Exports of goods,Exports of goods,Free on board (FOB),Millions,USD,13924000000.0,2022,True,High,Increasing
Bolivia,Exports of goods,Exports of goods,Free on board (FOB),Millions,USD,10910000000.0,2023,True,High,Decreasing
Bolivia,Exports of goods,Exports of goods,Free on board (FOB),Millions,USD,9058000000.0,2024,True,Medium,Decreasing
Bolivia,Exports of goods,Exports of goods,Free on board (FOB),Millions,USD,9702000000.0,2025,True,High,Increasing
Bolivia,Imports of goods,Imports of goods,Cost insurance freight (CIF),Millions,USD,8427000000.0,2016,False,Medium,No Data
Bolivia,Imports of goods,Imports of goods,Cost insurance freight (CIF),Millions,USD,9287000000.0,2017,False,High,Increasing
Bolivia,Imports of goods,Imports of goods,Free on board (FOB),Millions,USD,9301944791.543104,2018,False,High,Increasing
Bolivia,Imports of goods,Imports of goods,Cost insurance freight (CIF),Millions,USD,9996000000.0,2018,False,High,Increasing
Bolivia,Imports of goods,Imports of goods,Free on board (FOB),Millions,USD,9085852594.247414,2019,False,Medium,Decreasing
Bolivia,Imports of goods,Imports of goods,Cost insurance freight (CIF),Millions,USD,9782000000.0,2019,False,High,Increasing
Bolivia,Imports of goods,Imports of goods,Free on board (FOB),Millions,USD,6517413458.586914,2020,False,Medium,Decreasing
Bolivia,Imports of goods,Imports of goods,Cost insurance freight (CIF),Millions,USD,7080000000.0,2020,False,Medium,Increasing
Bolivia,Imports of goods,Imports of goods,Cost insurance freight (CIF),Millions,USD,9119000000.0,2021,False,Medium,Increasing
Bolivia,Imports of goods,Imports of goods,Cost insurance freight (CIF),Millions,USD,11896000000.0,2022,False,High,Increasing
Bolivia,Imports of goods,Imports of goods,Cost insurance freight (CIF),Millions,USD,11497000000.0,2023,False,High,Decreasing
Bolivia,Imports of goods,Imports of goods,Cost insurance freight (CIF),Millions,USD,9904000000.0,2024,False,High,Decreasing
Bolivia,Imports of goods,Imports of goods,Cost insurance freight (CIF),Millions,USD,10029000000.0,2025,False,High,Increasing
Bosnia and Herzegovina,Exports of goods,Exports of goods,Free on board (FOB),Thousands,USD,5327745644.515855,2016,True,Medium,No Data
Bosnia and Herzegovina,Exports of goods,Exports of goods,Free on board (FOB),Thousands,USD,6399889098.708675,2017,True,Medium,Increasing
Bosnia and Herzegovina,Exports of goods,Exports of goods,Free on board (FOB),Thousands,USD,7182125343.983011,2018,True,Medium,Increasing
Bosnia and Herzegovina,Exports of goods,Exports of goods,Free on board (FOB),Thousands,USD,6578208467.615476,2019,True,Medium,Decreasing
Bosnia and Herzegovina,Exports of goods,Exports of goods,Free on board (FOB),Thousands,USD,6152491077.169575,2020,True,Medium,Decreasing
Bosnia and Herzegovina,Exports of goods,Exports of goods,Free on board (FOB),Thousands,USD,8611418849.360212,2021,True,Medium,Increasing
Bosnia and Herzegovina,Exports of goods,Exports of goods,Free on board (FOB),Thousands,USD,9678192317.079165,2022,True,High,Increasing
Bosnia and Herzegovina,Exports of goods,Exports of goods,Free on board (FOB),Thousands,USD,9228174008.793533,2023,True,High,Decreasing
Bosnia and Herzegovina,Exports of goods,Exports of goods,Free on board (FOB),Thousands,USD,8893836040.751085,2024,True,Medium,Decreasing
Bosnia and Herzegovina,Exports of goods,Exports of goods,Free on board (FOB),Thousands,USD,9803662167.450933,2025,True,High,Increasing
Bosnia and Herzegovina,Imports of goods,Imports of goods,Cost insurance freight (CIF),Thousands,USD,9145030413.178717,2016,False,Medium,No Data
Bosnia and Herzegovina,Imports of goods,Imports of goods,Cost insurance freight (CIF),Thousands,USD,10500841071.194,2017,False,High,Increasing
Bosnia and Herzegovina,Imports of goods,Imports of goods,Cost insurance freight (CIF),Thousands,USD,11629946560.110031,2018,False,High,Increasing
Bosnia and Herzegovina,Imports of goods,Imports of goods,Cost insurance freight (CIF),Thousands,USD,11159344243.716839,2019,False,High,Decreasing
Bosnia and Herzegovina,Imports of goods,Imports of goods,Cost insurance freight (CIF),Thousands,USD,9867976447.271404,2020,False,High,Decreasing
Bosnia and Herzegovina,Imports of goods,Imports of goods,Cost insurance freight (CIF),Thousands,USD,13029489552.971819,2021,False,High,Increasing
Bosnia and Herzegovina,Imports of goods,Imports of goods,Cost insurance freight (CIF),Thousands,USD,15382480479.28392,2022,False,High,Increasing
Bosnia and Herzegovina,Imports of goods,Imports of goods,Cost insurance freight (CIF),Thousands,USD,15348865781.23689,2023,False,High,Decreasing
Bosnia and Herzegovina,Imports of goods,Imports of goods,Cost insurance freight (CIF),Thousands,USD,15853247748.87776,2024,False,High,Increasing
Bosnia and Herzegovina,Imports of goods,Imports of goods,Cost insurance freight (CIF),Thousands,USD,17311385652.33696,2025,False,High,Increasing
Botswana,Exports of goods,Exports of goods,Free on board (FOB),Thousands,USD,7358206128.242696,2016,True,Medium,No Data
Botswana,Exports of goods,Exports of goods,Free on board (FOB),Thousands,USD,5855655082.891562,2017,True,Medium,Decreasing
Botswana,Exports of goods,Exports of goods,Free on board (FOB),Thousands,USD,6575351983.949481,2018,True,Medium,Increasing
Botswana,Exports of goods,Exports of goods,Free on board (FOB),Thousands,USD,5235883056.983496,2019,True,Medium,Decreasing
Botswana,Exports of goods,Exports of goods,Free on board (FOB),Thousands,USD,4127166424.768987,2020,True,Medium,Decreasing
Botswana,Exports of goods,Exports of goods,Free on board (FOB),Thousands,USD,7205646873.889165,2021,True,Medium,Increasing
Botswana,Exports of goods,Exports of goods,Free on board (FOB),Thousands,USD,8228992143.292097,2022,True,Medium,Increasing
Botswana,Exports of goods,Exports of goods,Free on board (FOB),Thousands,USD,9672277711.259504,2023,True,High,Increasing
Botswana,Exports of goods,Exports of goods,Free on board (FOB),Thousands,USD,4193299659.235682,2024,True,Medium,Decreasing
Botswana,Exports of goods,Exports of goods,Free on board (FOB),Thousands,USD,5508427102.626347,2025,True,Medium,Increasing
Botswana,Imports of goods,Imports of goods,Cost insurance freight (CIF),Thousands,USD,6142658456.68407,2016,False,Medium,No Data
Botswana,Imports of goods,Imports of goods,Free on board (FOB),Thousands,USD,5879206597.635402,2016,False,Medium,Decreasing
Botswana,Imports of goods,Imports of goods,Cost insurance freight (CIF),Thousands,USD,5164156582.156696,2017,False,Medium,Decreasing
Botswana,Imports of goods,Imports of goods,Free on board (FOB),Thousands,USD,4953343027.380735,2017,False,Medium,Decreasing
Botswana,Imports of goods,Imports of goods,Cost insurance freight (CIF),Thousands,USD,6306025565.792759,2018,False,Medium,Increasing
Botswana,Imports of goods,Imports of goods,Free on board (FOB),Thousands,USD,6056161403.967206,2018,False,Medium,Decreasing
Botswana,Imports of goods,Imports of goods,Cost insurance freight (CIF),Thousands,USD,6563604372.828891,2019,False,Medium,Increasing
Botswana,Imports of goods,Imports of goods,Free on board (FOB),Thousands,USD,6303305105.938435,2019,False,Medium,Decreasing
Botswana,Imports of goods,Imports of goods,Cost insurance freight (CIF),Thousands,USD,6433451522.995241,2020,False,Medium,Increasing
Botswana,Imports of goods,Imports of goods,Free on board (FOB),Thousands,USD,6181055767.689526,2020,False,Medium,Decreasing
Botswana,Imports of goods,Imports of goods,Cost insurance freight (CIF),Thousands,USD,8358552815.942321,2021,False,Medium,Increasing
Botswana,Imports of goods,Imports of goods,Free on board (FOB),Thousands,USD,78087217140.40857,2021,False,High,Increasing
Botswana,Imports of goods,Imports of goods,Cost insurance freight (CIF),Thousands,USD,8033285815.305618,2022,False,Medium,Decreasing
Botswana,Imports of goods,Imports of goods,Free on board (FOB),Thousands,USD,7695906205.531667,2022,False,Medium,Decreasing
Botswana,Imports of goods,Imports of goods,Cost insurance freight (CIF),Thousands,USD,6440927485.757482,2023,False,Medium,Decreasing
Botswana,Imports of goods,Imports of goods,Free on board (FOB),Thousands,USD,6160395970.872586,2023,False,Medium,Decreasing
Botswana,Imports of goods,Imports of goods,Cost insurance freight (CIF),Thousands,USD,7135916223.262056,2024,False,Medium,Increasing
Botswana,Imports of goods,Imports of goods,Free on board (FOB),Thousands,USD,6822311579.3418865,2024,False,Medium,Decreasing
Botswana,Imports of goods,Imports of goods,Cost insurance freight (CIF),Thousands,USD,6421767402.360027,2025,False,Medium,Decreasing
Botswana,Imports of goods,Imports of goods,Free on board (FOB),Thousands,USD,6109083258.3600235,2025,False,Medium,Decreasing
Brazil,Exports of goods,Exports of goods,Free on board (FOB),Millions,USD,179526000000.0,2016,True,High,No Data
Brazil,Exports of goods,Exports of goods,Free on board (FOB),Millions,USD,214988000000.0,2017,True,High,Increasing
Brazil,Exports of goods,Exports of goods,Free on board (FOB),Millions,USD,231890000000.0,2018,True,High,Increasing
Brazil,Exports of goods,Exports of goods,Free on board (FOB),Millions,USD,221128000000.0,2019,True,High,Decreasing
Brazil,Exports of goods,Exports of goods,Free on board (FOB),Millions,USD,209180000000.0,2020,True,High,Decreasing
Brazil,Exports of goods,Exports of goods,Free on board (FOB),Millions,USD,280815000000.0,2021,True,High,Increasing
Brazil,Exports of goods,Exports of goods,Free on board (FOB),Millions,USD,334134000000.0,2022,True,High,Increasing
Brazil,Exports of goods,Exports of goods,Free on board (FOB),Millions,USD,339695000000.0,2023,True,High,Increasing
Brazil,Exports of goods,Exports of goods,Free on board (FOB),Millions,USD,337045000000.0,2024,True,High,Decreasing
Brazil,Exports of goods,Exports of goods,Free on board (FOB),Millions,USD,348279000000.0,2025,True,High,Increasing
Brazil,Imports of goods,Imports of goods,Cost insurance freight (CIF),Millions,USD,145247000000.0,2016,False,High,No Data
Brazil,Imports of goods,Imports of goods,Cost insurance freight (CIF),Millions,USD,165854000000.0,2017,False,High,Increasing
Brazil,Imports of goods,Imports of goods,Cost insurance freight (CIF),Millions,USD,192839000000.0,2018,False,High,Increasing
Brazil,Imports of goods,Imports of goods,Cost insurance freight (CIF),Millions,USD,193162000000.0,2019,False,High,Increasing
Brazil,Imports of goods,Imports of goods,Free on board (FOB),Millions,USD,811910645152.1208,2020,False,High,Increasing
Brazil,Imports of goods,Imports of goods,Cost insurance freight (CIF),Millions,USD,166338000000.0,2020,False,High,Decreasing
Brazil,Imports of goods,Imports of goods,Free on board (FOB),Millions,USD,1184517322095.219,2021,False,High,Increasing
Brazil,Imports of goods,Imports of goods,Cost insurance freight (CIF),Millions,USD,234690000000.0,2021,False,High,Decreasing
Brazil,Imports of goods,Imports of goods,Cost insurance freight (CIF),Millions,USD,292245000000.0,2022,False,High,Increasing
Brazil,Imports of goods,Imports of goods,Cost insurance freight (CIF),Millions,USD,252710000000.0,2023,False,High,Decreasing
Brazil,Imports of goods,Imports of goods,Cost insurance freight (CIF),Millions,USD,277954000000.0,2024,False,High,Increasing
Brazil,Imports of goods,Imports of goods,Cost insurance freight (CIF),Millions,USD,293697000000.0,2025,False,High,Increasing
Brunei Darussalam,Exports of goods,Exports of goods,Free on board (FOB),Millions,USD,4912758034.126422,2016,True,Medium,No Data
Brunei Darussalam,Exports of goods,Exports of goods,Free on board (FOB),Millions,USD,5587084384.015932,2017,True,Medium,Increasing
Brunei Darussalam,Exports of goods,Exports of goods,Free on board (FOB),Millions,USD,6572295193.298399,2018,True,Medium,Increasing
Brunei Darussalam,Exports of goods,Exports of goods,Free on board (FOB),Millions,USD,7252693875.726499,2019,True,Medium,Increasing
Brunei Darussalam,Exports of goods,Exports of goods,Free on board (FOB),Millions,USD,6608204244.329121,2020,True,Medium,Decreasing
Brunei Darussalam,Exports of goods,Exports of goods,Free on board (FOB),Millions,USD,10504139096.20085,2021,True,High,Increasing
Brunei Darussalam,Exports of goods,Exports of goods,Free on board (FOB),Millions,USD,14231160397.43094,2022,True,High,Increasing
Brunei Darussalam,Exports of goods,Exports of goods,Free on board (FOB),Millions,USD,10989574882.43449,2023,True,High,Decreasing
Brunei Darussalam,Exports of goods,Exports of goods,Free on board (FOB),Millions,USD,11248542594.913961,2024,True,High,Increasing
Brunei Darussalam,Exports of goods,Exports of goods,Free on board (FOB),Millions,USD,10285427404.60079,2025,True,High,Decreasing
Brunei Darussalam,Imports of goods,Imports of goods,Cost insurance freight (CIF),Millions,USD,2670552946.895959,2016,False,Medium,No Data
Brunei Darussalam,Imports of goods,Imports of goods,Cost insurance freight (CIF),Millions,USD,3087541082.262478,2017,False,Medium,Increasing
Brunei Darussalam,Imports of goods,Imports of goods,Cost insurance freight (CIF),Millions,USD,4158114067.174096,2018,False,Medium,Increasing
Brunei Darussalam,Imports of goods,Imports of goods,Cost insurance freight (CIF),Millions,USD,5101348963.278776,2019,False,Medium,Increasing
Brunei Darussalam,Imports of goods,Imports of goods,Cost insurance freight (CIF),Millions,USD,5339545748.895641,2020,False,Medium,Increasing
Brunei Darussalam,Imports of goods,Imports of goods,Cost insurance freight (CIF),Millions,USD,7228315331.621893,2021,False,Medium,Increasing
Brunei Darussalam,Imports of goods,Imports of goods,Cost insurance freight (CIF),Millions,USD,9175020588.677736,2022,False,Medium,Increasing
Brunei Darussalam,Imports of goods,Imports of goods,Cost insurance freight (CIF),Millions,USD,7446473219.330432,2023,False,Medium,Decreasing
Brunei Darussalam,Imports of goods,Imports of goods,Cost insurance freight (CIF),Millions,USD,7296274519.121414,2024,False,Medium,Decreasing
Brunei Darussalam,Imports of goods,Imports of goods,Cost insurance freight (CIF),Millions,USD,6596786371.662119,2025,False,Medium,Decreasing
Bulgaria,Exports of goods,Exports of goods,Free on board (FOB),Millions,USD,26573000000.0,2016,True,High,No Data
Bulgaria,Exports of goods,Exports of goods,Free on board (FOB),Millions,USD,31438000000.0,2017,True,High,Increasing
Bulgaria,Exports of goods,Exports of goods,Free on board (FOB),Millions,USD,33617000000.0,2018,True,High,Increasing
Bulgaria,Exports of goods,Exports of goods,Free on board (FOB),Millions,USD,33341000000.0,2019,True,High,Decreasing
Bulgaria,Exports of goods,Exports of goods,Free on board (FOB),Millions,USD,31954000000.0,2020,True,High,Decreasing
Bulgaria,Exports of goods,Exports of goods,Free on board (FOB),Millions,USD,41157000000.0,2021,True,High,Increasing
Bulgaria,Exports of goods,Exports of goods,Free on board (FOB),Millions,USD,49923000000.0,2022,True,High,Increasing
Bulgaria,Exports of goods,Exports of goods,Free on board (FOB),Millions,USD,47978000000.0,2023,True,High,Decreasing
Bulgaria,Exports of goods,Exports of goods,Free on board (FOB),Millions,USD,47888000000.0,2024,True,High,Decreasing
Bulgaria,Exports of goods,Exports of goods,Free on board (FOB),Millions,USD,47047000000.0,2025,True,High,Decreasing
Bulgaria,Imports of goods,Imports of goods,Cost insurance freight (CIF),Millions,USD,28933000000.0,2016,False,High,No Data
Bulgaria,Imports of goods,Imports of goods,Cost insurance freight (CIF),Millions,USD,34185000000.0,2017,False,High,Increasing
Bulgaria,Imports of goods,Imports of goods,Cost insurance freight (CIF),Millions,USD,37856000000.0,2018,False,High,Increasing
Bulgaria,Imports of goods,Imports of goods,Cost insurance freight (CIF),Millions,USD,37663000000.0,2019,False,High,Decreasing
Bulgaria,Imports of goods,Imports of goods,Cost insurance freight (CIF),Millions,USD,35055000000.0,2020,False,High,Decreasing
Bulgaria,Imports of goods,Imports of goods,Cost insurance freight (CIF),Millions,USD,46210000000.0,2021,False,High,Increasing
Bulgaria,Imports of goods,Imports of goods,Cost insurance freight (CIF),Millions,USD,57958000000.0,2022,False,High,Increasing
Bulgaria,Imports of goods,Imports of goods,Cost insurance freight (CIF),Millions,USD,53634000000.0,2023,False,High,Decreasing
Bulgaria,Imports of goods,Imports of goods,Cost insurance freight (CIF),Millions,USD,55001000000.0,2024,False,High,Increasing
Bulgaria,Imports of goods,Imports of goods,Cost insurance freight (CIF),Millions,USD,59349000000.0,2025,False,High,Increasing
Burkina Faso,Exports of goods,Exports of goods,Free on board (FOB),Millions,USD,2509000000.0,2016,True,Medium,No Data
Burkina Faso,Exports of goods,Exports of goods,Free on board (FOB),Millions,USD,2875000000.0,2017,True,Medium,Increasing
Burkina Faso,Exports of goods,Exports of goods,Free on board (FOB),Millions,USD,3254000000.0,2018,True,Medium,Increasing
Burkina Faso,Exports of goods,Exports of goods,Free on board (FOB),Millions,USD,3239000000.0,2019,True,Medium,Decreasing
Burkina Faso,Exports of goods,Exports of goods,Free on board (FOB),Millions,USD,4372000000.0,2020,True,Medium,Increasing
Burkina Faso,Exports of goods,Exports of goods,Free on board (FOB),Millions,USD,5043000000.0,2021,True,Medium,Increasing
Burkina Faso,Exports of goods,Exports of goods,Free on board (FOB),Millions,USD,4518000000.0,2022,True,Medium,Decreasing
Burkina Faso,Exports of goods,Exports of goods,Free on board (FOB),Millions,USD,4467000000.0,2023,True,Medium,Decreasing
Burkina Faso,Exports of goods,Exports of goods,Free on board (FOB),Millions,USD,5640000000.0,2024,True,Medium,Increasing
Burkina Faso,Exports of goods,Exports of goods,Free on board (FOB),Millions,USD,11076000000.0,2025,True,High,Increasing
Burkina Faso,Imports of goods,Imports of goods,Cost insurance freight (CIF),Millions,USD,3345000000.0,2016,False,Medium,No Data
Burkina Faso,Imports of goods,Imports of goods,Cost insurance freight (CIF),Millions,USD,3861000000.0,2017,False,Medium,Increasing
Burkina Faso,Imports of goods,Imports of goods,Cost insurance freight (CIF),Millions,USD,4301000000.0,2018,False,Medium,Increasing
Burkina Faso,Imports of goods,Imports of goods,Cost insurance freight (CIF),Millions,USD,4284000000.0,2019,False,Medium,Decreasing
Burkina Faso,Imports of goods,Imports of goods,Cost insurance freight (CIF),Millions,USD,4126000000.0,2020,False,Medium,Decreasing
Burkina Faso,Imports of goods,Imports of goods,Cost insurance freight (CIF),Millions,USD,4614000000.0,2021,False,Medium,Increasing
Burkina Faso,Imports of goods,Imports of goods,Cost insurance freight (CIF),Millions,USD,5504000000.0,2022,False,Medium,Increasing
Burkina Faso,Imports of goods,Imports of goods,Cost insurance freight (CIF),Millions,USD,5894000000.0,2023,False,Medium,Increasing
Burkina Faso,Imports of goods,Imports of goods,Cost insurance freight (CIF),Millions,USD,6433000000.0,2024,False,Medium,Increasing
Burkina Faso,Imports of goods,Imports of goods,Cost insurance freight (CIF),Millions,USD,7572000000.0,2025,False,Medium,Increasing
Burundi,Exports of goods,Exports of goods,Free on board (FOB),Millions,USD,125000000.0,2016,True,Medium,No Data
Burundi,Exports of goods,Exports of goods,Free on board (FOB),Millions,USD,172000000.0,2017,True,Medium,Increasing
Burundi,Exports of goods,Exports of goods,Free on board (FOB),Millions,USD,180000000.0,2018,True,Medium,Increasing
Burundi,Exports of goods,Exports of goods,Free on board (FOB),Millions,USD,180000000.0,2019,True,Medium,No Data
Burundi,Exports of goods,Exports of goods,Free on board (FOB),Millions,USD,162000000.0,2020,True,Medium,Decreasing
Burundi,Exports of goods,Exports of goods,Free on board (FOB),Millions,USD,163000000.0,2021,True,Medium,Increasing
Burundi,Exports of goods,Exports of goods,Free on board (FOB),Millions,USD,207000000.0,2022,True,Medium,Increasing
Burundi,Exports of goods,Exports of goods,Free on board (FOB),Millions,USD,210000000.0,2023,True,Medium,Increasing
Burundi,Exports of goods,Exports of goods,Free on board (FOB),Millions,USD,175000000.0,2024,True,Medium,Decreasing
Burundi,Exports of goods,Exports of goods,Free on board (FOB),Millions,USD,332000000.0,2025,True,Medium,Increasing
Burundi,Imports of goods,Imports of goods,Cost insurance freight (CIF),Millions,USD,616000000.0,2016,False,Medium,No Data
Burundi,Imports of goods,Imports of goods,Cost insurance freight (CIF),Millions,USD,755000000.0,2017,False,Medium,Increasing
Burundi,Imports of goods,Imports of goods,Cost insurance freight (CIF),Millions,USD,793000000.0,2018,False,Medium,Increasing
Burundi,Imports of goods,Imports of goods,Cost insurance freight (CIF),Millions,USD,887000000.0,2019,False,Medium,Increasing
Burundi,Imports of goods,Imports of goods,Cost insurance freight (CIF),Millions,USD,909000000.0,2020,False,Medium,Increasing
Burundi,Imports of goods,Imports of goods,Cost insurance freight (CIF),Millions,USD,1025000000.0,2021,False,Medium,Increasing
Burundi,Imports of goods,Imports of goods,Cost insurance freight (CIF),Millions,USD,1260000000.0,2022,False,Medium,Increasing
Burundi,Imports of goods,Imports of goods,Cost insurance freight (CIF),Millions,USD,1198000000.0,2023,False,Medium,Decreasing
Burundi,Imports of goods,Imports of goods,Cost insurance freight (CIF),Millions,USD,1074000000.0,2024,False,Medium,Decreasing
Burundi,Imports of goods,Imports of goods,Cost insurance freight (CIF),Millions,USD,1188000000.0,2025,False,Medium,Increasing
Cabo Verde,Exports of goods,Exports of goods,Free on board (FOB),Units,USD,61412506.2764981,2016,True,Medium,No Data
Cabo Verde,Exports of goods,Exports of goods,Free on board (FOB),Units,USD,52091394.45095216,2017,True,Medium,Decreasing
Cabo Verde,Exports of goods,Exports of goods,Free on board (FOB),Units,USD,75834574.7438174,2018,True,Medium,Increasing
Cabo Verde,Exports of goods,Exports of goods,Free on board (FOB),Units,USD,62038744.2638278,2019,True,Medium,Decreasing
Cabo Verde,Exports of goods,Exports of goods,Free on board (FOB),Units,USD,53121969.94400949,2020,True,Medium,Decreasing
Cabo Verde,Imports of goods,Imports of goods,Cost insurance freight (CIF),Units,USD,1084873608.850821,2016,False,Medium,No Data
Cabo Verde,Imports of goods,Imports of goods,Cost insurance freight (CIF),Units,USD,1270841331.882822,2017,False,Medium,Increasing
Cabo Verde,Imports of goods,Imports of goods,Cost insurance freight (CIF),Units,USD,1652179114.929035,2018,False,Medium,Increasing
Cabo Verde,Imports of goods,Imports of goods,Cost insurance freight (CIF),Units,USD,1282740457.03879,2019,False,Medium,Decreasing
Cabo Verde,Imports of goods,Imports of goods,Cost insurance freight (CIF),Units,USD,722584469.955703,2020,False,Medium,Decreasing
Cambodia,Exports of goods,Exports of goods,Free on board (FOB),Millions,USD,9920948871.184975,2016,True,High,No Data
Cambodia,Exports of goods,Exports of goods,Free on board (FOB),Millions,USD,11212022362.487492,2017,True,High,Increasing
Cambodia,Exports of goods,Exports of goods,Free on board (FOB),Millions,USD,12616086063.050499,2018,True,High,Increasing
Cambodia,Exports of goods,Exports of goods,Free on board (FOB),Millions,USD,14722657563.16439,2019,True,High,Increasing
Cambodia,Exports of goods,Exports of goods,Free on board (FOB),Millions,USD,18273200023.19834,2020,True,High,Increasing
Cambodia,Exports of goods,Exports of goods,Free on board (FOB),Millions,USD,19165260437.78714,2021,True,High,Increasing
Cambodia,Exports of goods,Exports of goods,Free on board (FOB),Millions,USD,22405939952.251358,2022,True,High,Increasing
Cambodia,Exports of goods,Exports of goods,Free on board (FOB),Millions,USD,23468969713.90031,2023,True,High,Increasing
Cambodia,Exports of goods,Exports of goods,Free on board (FOB),Millions,USD,26652470146.384903,2024,True,High,Increasing
Cambodia,Exports of goods,Exports of goods,Free on board (FOB),Millions,USD,31263451268.372158,2025,True,High,Increasing
Cambodia,Imports of goods,Imports of goods,Cost insurance freight (CIF),Millions,USD,12233749573.302061,2016,False,High,No Data
Cambodia,Imports of goods,Imports of goods,Cost insurance freight (CIF),Millions,USD,14206225402.26133,2017,False,High,Increasing
Cambodia,Imports of goods,Imports of goods,Cost insurance freight (CIF),Millions,USD,17244391715.65291,2018,False,High,Increasing
Cambodia,Imports of goods,Imports of goods,Cost insurance freight (CIF),Millions,USD,20133201761.153347,2019,False,High,Increasing
Cambodia,Imports of goods,Imports of goods,Cost insurance freight (CIF),Millions,USD,19041906032.5882,2020,False,High,Decreasing
Cambodia,Imports of goods,Imports of goods,Cost insurance freight (CIF),Millions,USD,28490184475.74843,2021,False,High,Increasing
Cambodia,Imports of goods,Imports of goods,Cost insurance freight (CIF),Millions,USD,29820167110.596443,2022,False,High,Increasing
Cambodia,Imports of goods,Imports of goods,Cost insurance freight (CIF),Millions,USD,24406754276.892387,2023,False,High,Decreasing
Cambodia,Imports of goods,Imports of goods,Cost insurance freight (CIF),Millions,USD,28709235222.55124,2024,False,High,Increasing
Cambodia,Imports of goods,Imports of goods,Cost insurance freight (CIF),Millions,USD,33981248636.879826,2025,False,High,Increasing
Cameroon,Exports of goods,Exports of goods,Free on board (FOB),Billions,USD,3305000000.0,2016,True,Medium,No Data
Cameroon,Exports of goods,Exports of goods,Free on board (FOB),Billions,USD,3233000000.0,2017,True,Medium,Decreasing
Cameroon,Exports of goods,Exports of goods,Free on board (FOB),Billions,USD,3803000000.0,2018,True,Medium,Increasing
Cameroon,Exports of goods,Exports of goods,Free on board (FOB),Billions,USD,4083999999.9999995,2019,True,Medium,Increasing
Cameroon,Exports of goods,Exports of goods,Free on board (FOB),Billions,USD,3132000000.0,2020,True,Medium,Decreasing
Cameroon,Exports of goods,Exports of goods,Free on board (FOB),Billions,USD,4317000000.0,2021,True,Medium,Increasing
Cameroon,Exports of goods,Exports of goods,Free on board (FOB),Billions,USD,5584000000.0,2022,True,Medium,Increasing
Cameroon,Exports of goods,Exports of goods,Free on board (FOB),Billions,USD,4927000000.0,2023,True,Medium,Decreasing
Cameroon,Exports of goods,Exports of goods,Free on board (FOB),Billions,USD,5364000000.0,2024,True,Medium,Increasing
Cameroon,Exports of goods,Exports of goods,Free on board (FOB),Billions,USD,5100000000.0,2025,True,Medium,Decreasing
Cameroon,Imports of goods,Imports of goods,Cost insurance freight (CIF),Billions,USD,5206000000.0,2016,False,Medium,No Data
Cameroon,Imports of goods,Imports of goods,Cost insurance freight (CIF),Billions,USD,4796000000.0,2017,False,Medium,Decreasing
Cameroon,Imports of goods,Imports of goods,Cost insurance freight (CIF),Billions,USD,5656000000.0,2018,False,Medium,Increasing
Cameroon,Imports of goods,Imports of goods,Cost insurance freight (CIF),Billions,USD,6583000000.0,2019,False,Medium,Increasing
Cameroon,Imports of goods,Imports of goods,Cost insurance freight (CIF),Billions,USD,5521000000.0,2020,False,Medium,Decreasing
Cameroon,Imports of goods,Imports of goods,Cost insurance freight (CIF),Billions,USD,6981000000.0,2021,False,Medium,Increasing
Cameroon,Imports of goods,Imports of goods,Cost insurance freight (CIF),Billions,USD,7874000000.0,2022,False,Medium,Increasing
Cameroon,Imports of goods,Imports of goods,Cost insurance freight (CIF),Billions,USD,8231000000.0,2023,False,Medium,Increasing
Cameroon,Imports of goods,Imports of goods,Cost insurance freight (CIF),Billions,USD,8244999999.999999,2024,False,Medium,Increasing
Cameroon,Imports of goods,Imports of goods,Cost insurance freight (CIF),Billions,USD,9400000000.0,2025,False,High,Increasing
Canada,Exports of goods,Exports of goods,Free on board (FOB),Millions,USD,389992000000.0,2016,True,High,No Data
Canada,Exports of goods,Exports of goods,Free on board (FOB),Millions,USD,420666000000.0,2017,True,High,Increasing
Canada,Exports of goods,Exports of goods,Free on board (FOB),Millions,USD,452312000000.0,2018,True,High,Increasing
Canada,Exports of goods,Exports of goods,Free on board (FOB),Millions,USD,448816000000.0,2019,True,High,Decreasing
Canada,Exports of goods,Exports of goods,Free on board (FOB),Millions,USD,390821000000.0,2020,True,High,Decreasing
Canada,Exports of goods,Exports of goods,Free on board (FOB),Millions,USD,509441000000.0,2021,True,High,Increasing
Canada,Exports of goods,Exports of goods,Free on board (FOB),Millions,USD,601631000000.0,2022,True,High,Increasing
Canada,Exports of goods,Exports of goods,Free on board (FOB),Millions,USD,570080000000.0,2023,True,High,Decreasing
Canada,Exports of goods,Exports of goods,Free on board (FOB),Millions,USD,567743000000.0,2024,True,High,Decreasing
Canada,Exports of goods,Exports of goods,Free on board (FOB),Millions,USD,554636000000.0,2025,True,High,Decreasing
Canada,Imports of goods,Imports of goods,Cost insurance freight (CIF),Millions,USD,412940000000.0,2016,False,High,No Data
Canada,Imports of goods,Imports of goods,Cost insurance freight (CIF),Millions,USD,443651000000.0,2017,False,High,Increasing
Canada,Imports of goods,Imports of goods,Cost insurance freight (CIF),Millions,USD,469105000000.0,2018,False,High,Increasing
Canada,Imports of goods,Imports of goods,Cost insurance freight (CIF),Millions,USD,462993000000.0,2019,False,High,Decreasing
Canada,Imports of goods,Imports of goods,Cost insurance freight (CIF),Millions,USD,420934000000.0,2020,False,High,Decreasing
Canada,Imports of goods,Imports of goods,Cost insurance freight (CIF),Millions,USD,506475000000.0,2021,False,High,Increasing
Canada,Imports of goods,Imports of goods,Cost insurance freight (CIF),Millions,USD,586134000000.0,2022,False,High,Increasing
Canada,Imports of goods,Imports of goods,Cost insurance freight (CIF),Millions,USD,570874000000.0,2023,False,High,Decreasing
Canada,Imports of goods,Imports of goods,Cost insurance freight (CIF),Millions,USD,573097000000.0,2024,False,High,Increasing
Canada,Imports of goods,Imports of goods,Cost insurance freight (CIF),Millions,USD,577508000000.0,2025,False,High,Increasing
Central African Republic,Exports of goods,Exports of goods,Free on board (FOB),Billions,USD,115000000.0,2016,True,Medium,No Data
Central African Republic,Exports of goods,Exports of goods,Free on board (FOB),Billions,USD,140000000.0,2017,True,Medium,Increasing
Central African Republic,Exports of goods,Exports of goods,Free on board (FOB),Billions,USD,164000000.0,2018,True,Medium,Increasing
Central African Republic,Exports of goods,Exports of goods,Free on board (FOB),Billions,USD,148000000.0,2019,True,Medium,Decreasing
Central African Republic,Exports of goods,Exports of goods,Free on board (FOB),Billions,USD,134000000.00000001,2020,True,Medium,Decreasing
Central African Republic,Exports of goods,Exports of goods,Free on board (FOB),Billions,USD,150000000.0,2021,True,Medium,Increasing
Central African Republic,Exports of goods,Exports of goods,Free on board (FOB),Billions,USD,164000000.0,2022,True,Medium,Increasing
Central African Republic,Exports of goods,Exports of goods,Free on board (FOB),Billions,USD,171000000.0,2023,True,Medium,Increasing
Central African Republic,Exports of goods,Exports of goods,Free on board (FOB),Billions,USD,121000000.0,2024,True,Medium,Decreasing
Central African Republic,Exports of goods,Exports of goods,Free on board (FOB),Billions,USD,255000000.0,2025,True,Medium,Increasing
Central African Republic,Imports of goods,Imports of goods,Cost insurance freight (CIF),Billions,USD,399000000.0,2016,False,Medium,No Data
Central African Republic,Imports of goods,Imports of goods,Cost insurance freight (CIF),Billions,USD,488000000.0,2017,False,Medium,Increasing
Central African Republic,Imports of goods,Imports of goods,Cost insurance freight (CIF),Billions,USD,606000000.0,2018,False,Medium,Increasing
Central African Republic,Imports of goods,Imports of goods,Cost insurance freight (CIF),Billions,USD,613000000.0,2019,False,Medium,Increasing
Central African Republic,Imports of goods,Imports of goods,Cost insurance freight (CIF),Billions,USD,506000000.0,2020,False,Medium,Decreasing
Central African Republic,Imports of goods,Imports of goods,Cost insurance freight (CIF),Billions,USD,458000000.0,2021,False,Medium,Decreasing
Central African Republic,Imports of goods,Imports of goods,Cost insurance freight (CIF),Billions,USD,423000000.0,2022,False,Medium,Decreasing
Central African Republic,Imports of goods,Imports of goods,Cost insurance freight (CIF),Billions,USD,435000000.0,2023,False,Medium,Increasing
Central African Republic,Imports of goods,Imports of goods,Cost insurance freight (CIF),Billions,USD,533000000.0,2024,False,Medium,Increasing
Central African Republic,Imports of goods,Imports of goods,Cost insurance freight (CIF),Billions,USD,573000000.0,2025,False,Medium,Increasing
Chad,Exports of goods,Exports of goods,Free on board (FOB),Billions,USD,2089999999.9999998,2016,True,Medium,No Data
Chad,Exports of goods,Exports of goods,Free on board (FOB),Billions,USD,2621000000.0,2017,True,Medium,Increasing
Chad,Exports of goods,Exports of goods,Free on board (FOB),Billions,USD,2670000000.0,2018,True,Medium,Increasing
Chad,Exports of goods,Exports of goods,Free on board (FOB),Billions,USD,2588000000.0,2019,True,Medium,Decreasing
Chad,Exports of goods,Exports of goods,Free on board (FOB),Billions,USD,1808000000.0,2020,True,Medium,Decreasing
Chad,Exports of goods,Exports of goods,Free on board (FOB),Billions,USD,2711000000.0,2021,True,Medium,Increasing
Chad,Exports of goods,Exports of goods,Free on board (FOB),Billions,USD,4422000000.0,2022,True,Medium,Increasing
Chad,Exports of goods,Exports of goods,Free on board (FOB),Billions,USD,4604000000.0,2023,True,Medium,Increasing
Chad,Exports of goods,Exports of goods,Free on board (FOB),Billions,USD,4500000000.0,2024,True,Medium,Decreasing
Chad,Exports of goods,Exports of goods,Free on board (FOB),Billions,USD,4000000000.0,2025,True,Medium,Decreasing
Chad,Imports of goods,Imports of goods,Cost insurance freight (CIF),Billions,USD,2465000000.0,2016,False,Medium,No Data
Chad,Imports of goods,Imports of goods,Cost insurance freight (CIF),Billions,USD,1851000000.0,2017,False,Medium,Decreasing
Chad,Imports of goods,Imports of goods,Cost insurance freight (CIF),Billions,USD,1971000000.0,2018,False,Medium,Increasing
Chad,Imports of goods,Imports of goods,Cost insurance freight (CIF),Billions,USD,1924000000.0,2019,False,Medium,Decreasing
Chad,Imports of goods,Imports of goods,Cost insurance freight (CIF),Billions,USD,1586000000.0,2020,False,Medium,Decreasing
Chad,Imports of goods,Imports of goods,Cost insurance freight (CIF),Billions,USD,1639000000.0,2021,False,Medium,Increasing
Chad,Imports of goods,Imports of goods,Cost insurance freight (CIF),Billions,USD,1707000000.0,2022,False,Medium,Increasing
Chad,Imports of goods,Imports of goods,Cost insurance freight (CIF),Billions,USD,2088000000.0,2023,False,Medium,Increasing
Chad,Imports of goods,Imports of goods,Cost insurance freight (CIF),Billions,USD,2100000000.0,2024,False,Medium,Increasing
Chad,Imports of goods,Imports of goods,Cost insurance freight (CIF),Billions,USD,2200000000.0,2025,False,Medium,Increasing
Chile,Exports of goods,Exports of goods,Free on board (FOB),Billions,USD,60718000000.0,2016,True,High,No Data
Chile,Exports of goods,Exports of goods,Free on board (FOB),Billions,USD,68823000000.0,2017,True,High,Increasing
Chile,Exports of goods,Exports of goods,Free on board (FOB),Billions,USD,74839000000.0,2018,True,High,Increasing
Chile,Exports of goods,Exports of goods,Free on board (FOB),Billions,USD,68794000000.0,2019,True,High,Decreasing
Chile,Exports of goods,Exports of goods,Free on board (FOB),Billions,USD,74023000000.0,2020,True,High,Increasing
Chile,Exports of goods,Exports of goods,Free on board (FOB),Billions,USD,94601000000.0,2021,True,High,Increasing
Chile,Exports of goods,Exports of goods,Free on board (FOB),Billions,USD,98477000000.0,2022,True,High,Increasing
Chile,Exports of goods,Exports of goods,Free on board (FOB),Billions,USD,92956000000.0,2023,True,High,Decreasing
Chile,Exports of goods,Exports of goods,Free on board (FOB),Billions,USD,98884000000.0,2024,True,High,Increasing
Chile,Exports of goods,Exports of goods,Free on board (FOB),Billions,USD,110362000000.0,2025,True,High,Increasing
Chile,Imports of goods,Imports of goods,Cost insurance freight (CIF),Billions,USD,59374000000.0,2016,False,High,No Data
Chile,Imports of goods,Imports of goods,Cost insurance freight (CIF),Billions,USD,65230999999.99999,2017,False,High,Increasing
Chile,Imports of goods,Imports of goods,Cost insurance freight (CIF),Billions,USD,74612000000.0,2018,False,High,Increasing
Chile,Imports of goods,Imports of goods,Cost insurance freight (CIF),Billions,USD,69855000000.0,2019,False,High,Decreasing
Chile,Imports of goods,Imports of goods,Cost insurance freight (CIF),Billions,USD,59207000000.0,2020,False,High,Decreasing
Chile,Imports of goods,Imports of goods,Cost insurance freight (CIF),Billions,USD,92393000000.0,2021,False,High,Increasing
Chile,Imports of goods,Imports of goods,Cost insurance freight (CIF),Billions,USD,104691000000.0,2022,False,High,Increasing
Chile,Imports of goods,Imports of goods,Cost insurance freight (CIF),Billions,USD,85196000000.0,2023,False,High,Decreasing
Chile,Imports of goods,Imports of goods,Cost insurance freight (CIF),Billions,USD,84222000000.0,2024,False,High,Decreasing
Chile,Imports of goods,Imports of goods,Cost insurance freight (CIF),Billions,USD,92971000000.0,2025,False,High,Increasing
"China, People's Republic of",Exports of goods,Exports of goods,Free on board (FOB),Billions,USD,2097518000000.0,2016,True,High,No Data
"China, People's Republic of",Exports of goods,Exports of goods,Free on board (FOB),Billions,USD,2263345000000.0,2017,True,High,Increasing
"China, People's Republic of",Exports of goods,Exports of goods,Free on board (FOB),Billions,USD,2486717000000.0,2018,True,High,Increasing
"China, People's Republic of",Exports of goods,Exports of goods,Free on board (FOB),Billions,USD,2499481000000.0,2019,True,High,Increasing
"China, People's Republic of",Exports of goods,Exports of goods,Free on board (FOB),Billions,USD,2589952000000.0,2020,True,High,Increasing
"China, People's Republic of",Exports of goods,Exports of goods,Free on board (FOB),Billions,USD,3316021000000.0,2021,True,High,Increasing
"China, People's Republic of",Exports of goods,Exports of goods,Free on board (FOB),Billions,USD,3544434000000.0,2022,True,High,Increasing
"China, People's Republic of",Exports of goods,Exports of goods,Free on board (FOB),Billions,USD,3379045000000.0,2023,True,High,Decreasing
"China, People's Republic of",Exports of goods,Exports of goods,Free on board (FOB),Billions,USD,3575793000000.0,2024,True,High,Increasing
"China, People's Republic of",Exports of goods,Exports of goods,Free on board (FOB),Billions,USD,3770544000000.0,2025,True,High,Increasing
"China, People's Republic of",Imports of goods,Imports of goods,Cost insurance freight (CIF),Billions,USD,1587866000000.0,2016,False,High,No Data
"China, People's Republic of",Imports of goods,Imports of goods,Cost insurance freight (CIF),Billions,USD,1843792000000.0,2017,False,High,Increasing
"China, People's Republic of",Imports of goods,Imports of goods,Cost insurance freight (CIF),Billions,USD,2135781000000.0,2018,False,High,Increasing
"China, People's Republic of",Imports of goods,Imports of goods,Cost insurance freight (CIF),Billions,USD,2078409000000.0,2019,False,High,Decreasing
"China, People's Republic of",Imports of goods,Imports of goods,Cost insurance freight (CIF),Billions,USD,2065963000000.0002,2020,False,High,Decreasing
"China, People's Republic of",Imports of goods,Imports of goods,Cost insurance freight (CIF),Billions,USD,2679412000000.0,2021,False,High,Increasing
"China, People's Republic of",Imports of goods,Imports of goods,Cost insurance freight (CIF),Billions,USD,2706507000000.0,2022,False,High,Increasing
"China, People's Republic of",Imports of goods,Imports of goods,Cost insurance freight (CIF),Billions,USD,2556943000000.0,2023,False,High,Decreasing
"China, People's Republic of",Imports of goods,Imports of goods,Cost insurance freight (CIF),Billions,USD,2583216000000.0,2024,False,High,Increasing
"China, People's Republic of",Imports of goods,Imports of goods,Cost insurance freight (CIF),Billions,USD,2587778000000.0,2025,False,High,Increasing
Colombia,Exports of goods,Exports of goods,Free on board (FOB),Billions,USD,31757000000.0,2016,True,High,No Data
Colombia,Exports of goods,Exports of goods,Free on board (FOB),Billions,USD,36895000000.0,2017,True,High,Increasing
Colombia,Exports of goods,Exports of goods,Free on board (FOB),Billions,USD,41775000000.0,2018,True,High,Increasing
Colombia,Exports of goods,Exports of goods,Free on board (FOB),Billions,USD,39488000000.0,2019,True,High,Decreasing
Colombia,Exports of goods,Exports of goods,Free on board (FOB),Billions,USD,31008000000.0,2020,True,High,Decreasing
Colombia,Exports of goods,Exports of goods,Free on board (FOB),Billions,USD,40289000000.0,2021,True,High,Increasing
Colombia,Exports of goods,Exports of goods,Free on board (FOB),Billions,USD,57000000000.0,2022,True,High,Increasing
Colombia,Exports of goods,Exports of goods,Free on board (FOB),Billions,USD,49545000000.0,2023,True,High,Decreasing
Colombia,Exports of goods,Exports of goods,Free on board (FOB),Billions,USD,49565000000.0,2024,True,High,Increasing
Colombia,Exports of goods,Exports of goods,Free on board (FOB),Billions,USD,50086000000.0,2025,True,High,Increasing
Colombia,Imports of goods,Imports of goods,Cost insurance freight (CIF),Billions,USD,44890000000.0,2016,False,High,No Data
Colombia,Imports of goods,Imports of goods,Cost insurance freight (CIF),Billions,USD,46076000000.0,2017,False,High,Increasing
Colombia,Imports of goods,Imports of goods,Cost insurance freight (CIF),Billions,USD,51233000000.0,2018,False,High,Increasing
Colombia,Imports of goods,Imports of goods,Cost insurance freight (CIF),Billions,USD,52700000000.0,2019,False,High,Increasing
Colombia,Imports of goods,Imports of goods,Cost insurance freight (CIF),Billions,USD,43489000000.0,2020,False,High,Decreasing
Colombia,Imports of goods,Imports of goods,Cost insurance freight (CIF),Billions,USD,61100000000.0,2021,False,High,Increasing
Colombia,Imports of goods,Imports of goods,Cost insurance freight (CIF),Billions,USD,77415000000.0,2022,False,High,Increasing
Colombia,Imports of goods,Imports of goods,Cost insurance freight (CIF),Billions,USD,62798000000.0,2023,False,High,Decreasing
Colombia,Imports of goods,Imports of goods,Cost insurance freight (CIF),Billions,USD,64105000000.00001,2024,False,High,Increasing
Colombia,Imports of goods,Imports of goods,Cost insurance freight (CIF),Billions,USD,70502000000.0,2025,False,High,Increasing
"Comoros, Union of the",Exports of goods,Exports of goods,Free on board (FOB),Millions,USD,31000000.0,2016,True,Medium,No Data
"Comoros, Union of the",Exports of goods,Exports of goods,Free on board (FOB),Millions,USD,39000000.0,2017,True,Medium,Increasing
"Comoros, Union of the",Exports of goods,Exports of goods,Free on board (FOB),Millions,USD,41000000.0,2018,True,Medium,Increasing
"Comoros, Union of the",Exports of goods,Exports of goods,Free on board (FOB),Millions,USD,39000000.0,2019,True,Medium,Decreasing
"Comoros, Union of the",Exports of goods,Exports of goods,Free on board (FOB),Millions,USD,21000000.0,2020,True,Medium,Decreasing
"Comoros, Union of the",Exports of goods,Exports of goods,Free on board (FOB),Millions,USD,34000000.0,2021,True,Medium,Increasing
"Comoros, Union of the",Exports of goods,Exports of goods,Free on board (FOB),Millions,USD,54000000.0,2022,True,Medium,Increasing
"Comoros, Union of the",Exports of goods,Exports of goods,Free on board (FOB),Millions,USD,31000000.0,2023,True,Medium,Decreasing
"Comoros, Union of the",Exports of goods,Exports of goods,Free on board (FOB),Millions,USD,30000000.0,2024,True,Medium,Decreasing
"Comoros, Union of the",Exports of goods,Exports of goods,Free on board (FOB),Millions,USD,48000000.0,2025,True,Medium,Increasing
"Comoros, Union of the",Imports of goods,Imports of goods,Cost insurance freight (CIF),Millions,USD,219000000.0,2016,False,Medium,No Data
"Comoros, Union of the",Imports of goods,Imports of goods,Cost insurance freight (CIF),Millions,USD,253000000.0,2017,False,Medium,Increasing
"Comoros, Union of the",Imports of goods,Imports of goods,Cost insurance freight (CIF),Millions,USD,243000000.0,2018,False,Medium,Decreasing
"Comoros, Union of the",Imports of goods,Imports of goods,Cost insurance freight (CIF),Millions,USD,265000000.0,2019,False,Medium,Increasing
"Comoros, Union of the",Imports of goods,Imports of goods,Cost insurance freight (CIF),Millions,USD,280000000.0,2020,False,Medium,Increasing
"Comoros, Union of the",Imports of goods,Imports of goods,Cost insurance freight (CIF),Millions,USD,327000000.0,2021,False,Medium,Increasing
"Comoros, Union of the",Imports of goods,Imports of goods,Cost insurance freight (CIF),Millions,USD,348000000.0,2022,False,Medium,Increasing
"Comoros, Union of the",Imports of goods,Imports of goods,Cost insurance freight (CIF),Millions,USD,358000000.0,2023,False,Medium,Increasing
"Comoros, Union of the",Imports of goods,Imports of goods,Cost insurance freight (CIF),Millions,USD,358000000.0,2024,False,Medium,No Data
"Comoros, Union of the",Imports of goods,Imports of goods,Cost insurance freight (CIF),Millions,USD,371000000.0,2025,False,Medium,Increasing
"Congo, Democratic Republic of the",Exports of goods,Exports of goods,Free on board (FOB),Thousands,USD,7193000000.0,2016,True,Medium,No Data
"Congo, Democratic Republic of the",Exports of goods,Exports of goods,Free on board (FOB),Thousands,USD,12296000000.0,2017,True,High,Increasing
"Congo, Democratic Republic of the",Exports of goods,Exports of goods,Free on board (FOB),Thousands,USD,20004000000.0,2018,True,High,Increasing
"Congo, Democratic Republic of the",Exports of goods,Exports of goods,Free on board (FOB),Thousands,USD,13382000000.0,2019,True,High,Decreasing
"Congo, Democratic Republic of the",Exports of goods,Exports of goods,Free on board (FOB),Thousands,USD,14230000000.0,2020,True,High,Increasing
"Congo, Democratic Republic of the",Exports of goods,Exports of goods,Free on board (FOB),Thousands,USD,21412000000.0,2021,True,High,Increasing
"Congo, Democratic Republic of the",Exports of goods,Exports of goods,Free on board (FOB),Thousands,USD,15672000000.0,2022,True,High,Decreasing
"Congo, Democratic Republic of the",Exports of goods,Exports of goods,Free on board (FOB),Thousands,USD,27727000000.0,2023,True,High,Increasing
"Congo, Democratic Republic of the",Exports of goods,Exports of goods,Free on board (FOB),Thousands,USD,29900000000.0,2024,True,High,Increasing
"Congo, Democratic Republic of the",Exports of goods,Exports of goods,Free on board (FOB),Thousands,USD,32100000000.0,2025,True,High,Increasing
"Congo, Democratic Republic of the",Imports of goods,Imports of goods,Cost insurance freight (CIF),Thousands,USD,5492000000.0,2016,False,Medium,No Data
"Congo, Democratic Republic of the",Imports of goods,Imports of goods,Cost insurance freight (CIF),Thousands,USD,5803000000.0,2017,False,Medium,Increasing
"Congo, Democratic Republic of the",Imports of goods,Imports of goods,Cost insurance freight (CIF),Thousands,USD,7930000000.0,2018,False,Medium,Increasing
"Congo, Democratic Republic of the",Imports of goods,Imports of goods,Cost insurance freight (CIF),Thousands,USD,8825000000.0,2019,False,Medium,Increasing
"Congo, Democratic Republic of the",Imports of goods,Imports of goods,Cost insurance freight (CIF),Thousands,USD,6938000000.0,2020,False,Medium,Decreasing
"Congo, Democratic Republic of the",Imports of goods,Imports of goods,Cost insurance freight (CIF),Thousands,USD,7214000000.0,2021,False,Medium,Increasing
"Congo, Democratic Republic of the",Imports of goods,Imports of goods,Cost insurance freight (CIF),Thousands,USD,11407000000.0,2022,False,High,Increasing
"Congo, Democratic Republic of the",Imports of goods,Imports of goods,Cost insurance freight (CIF),Thousands,USD,25529000000.0,2023,False,High,Increasing
"Congo, Democratic Republic of the",Imports of goods,Imports of goods,Cost insurance freight (CIF),Thousands,USD,26600000000.0,2024,False,High,Increasing
"Congo, Democratic Republic of the",Imports of goods,Imports of goods,Cost insurance freight (CIF),Thousands,USD,28100000000.0,2025,False,High,Increasing
"Congo, Republic of",Exports of goods,Exports of goods,Free on board (FOB),Billions,USD,7901000000.0,2016,True,Medium,No Data
"Congo, Republic of",Exports of goods,Exports of goods,Free on board (FOB),Billions,USD,8252000000.000001,2017,True,Medium,Increasing
"Congo, Republic of",Exports of goods,Exports of goods,Free on board (FOB),Billions,USD,11155000000.0,2018,True,High,Increasing
"Congo, Republic of",Exports of goods,Exports of goods,Free on board (FOB),Billions,USD,5576000000.0,2019,True,Medium,Decreasing
"Congo, Republic of",Exports of goods,Exports of goods,Free on board (FOB),Billions,USD,4893000000.0,2020,True,Medium,Decreasing
"Congo, Republic of",Exports of goods,Exports of goods,Free on board (FOB),Billions,USD,7512000000.0,2021,True,Medium,Increasing
"Congo, Republic of",Exports of goods,Exports of goods,Free on board (FOB),Billions,USD,8870000000.0,2022,True,Medium,Increasing
"Congo, Republic of",Exports of goods,Exports of goods,Free on board (FOB),Billions,USD,9465000000.0,2023,True,High,Increasing
"Congo, Republic of",Exports of goods,Exports of goods,Free on board (FOB),Billions,USD,7859000000.0,2024,True,Medium,Decreasing
"Congo, Republic of",Exports of goods,Exports of goods,Free on board (FOB),Billions,USD,7500000000.0,2025,True,Medium,Decreasing
"Congo, Republic of",Imports of goods,Imports of goods,Cost insurance freight (CIF),Billions,USD,11270000000.0,2016,False,High,No Data
"Congo, Republic of",Imports of goods,Imports of goods,Cost insurance freight (CIF),Billions,USD,4560000000.0,2017,False,Medium,Decreasing
"Congo, Republic of",Imports of goods,Imports of goods,Cost insurance freight (CIF),Billions,USD,3486000000.0,2018,False,Medium,Decreasing
"Congo, Republic of",Imports of goods,Imports of goods,Cost insurance freight (CIF),Billions,USD,2242000000.0,2019,False,Medium,Decreasing
"Congo, Republic of",Imports of goods,Imports of goods,Cost insurance freight (CIF),Billions,USD,1908000000.0,2020,False,Medium,Decreasing
"Congo, Republic of",Imports of goods,Imports of goods,Cost insurance freight (CIF),Billions,USD,2352000000.0,2021,False,Medium,Increasing
"Congo, Republic of",Imports of goods,Imports of goods,Cost insurance freight (CIF),Billions,USD,3632000000.0,2022,False,Medium,Increasing
"Congo, Republic of",Imports of goods,Imports of goods,Cost insurance freight (CIF),Billions,USD,4698000000.0,2023,False,Medium,Increasing
"Congo, Republic of",Imports of goods,Imports of goods,Cost insurance freight (CIF),Billions,USD,5218000000.0,2024,False,Medium,Increasing
"Congo, Republic of",Imports of goods,Imports of goods,Cost insurance freight (CIF),Billions,USD,7900000000.0,2025,False,Medium,Increasing
Costa Rica,Exports of goods,Exports of goods,Free on board (FOB),Billions,USD,10361000000.0,2016,True,High,No Data
Costa Rica,Exports of goods,Exports of goods,Free on board (FOB),Billions,USD,10767000000.0,2017,True,High,Increasing
Costa Rica,Exports of goods,Exports of goods,Free on board (FOB),Billions,USD,11496000000.0,2018,True,High,Increasing
Costa Rica,Exports of goods,Exports of goods,Free on board (FOB),Billions,USD,11865000000.0,2019,True,High,Increasing
Costa Rica,Exports of goods,Exports of goods,Free on board (FOB),Billions,USD,12321000000.0,2020,True,High,Increasing
Costa Rica,Exports of goods,Exports of goods,Free on board (FOB),Billions,USD,15495000000.0,2021,True,High,Increasing
Costa Rica,Exports of goods,Exports of goods,Free on board (FOB),Billions,USD,16597000000.000002,2022,True,High,Increasing
Costa Rica,Exports of goods,Exports of goods,Free on board (FOB),Billions,USD,19026000000.0,2023,True,High,Increasing
Costa Rica,Exports of goods,Exports of goods,Free on board (FOB),Billions,USD,21689000000.0,2024,True,High,Increasing
Costa Rica,Exports of goods,Exports of goods,Free on board (FOB),Billions,USD,26431000000.0,2025,True,High,Increasing
Costa Rica,Imports of goods,Imports of goods,Cost insurance freight (CIF),Billions,USD,15456000000.0,2016,False,High,No Data
Costa Rica,Imports of goods,Imports of goods,Cost insurance freight (CIF),Billions,USD,16797000000.0,2017,False,High,Increasing
Costa Rica,Imports of goods,Imports of goods,Cost insurance freight (CIF),Billions,USD,18289000000.0,2018,False,High,Increasing
Costa Rica,Imports of goods,Imports of goods,Cost insurance freight (CIF),Billions,USD,17573000000.0,2019,False,High,Decreasing
Costa Rica,Imports of goods,Imports of goods,Cost insurance freight (CIF),Billions,USD,14942000000.0,2020,False,High,Decreasing
Costa Rica,Imports of goods,Imports of goods,Cost insurance freight (CIF),Billions,USD,20728000000.0,2021,False,High,Increasing
Costa Rica,Imports of goods,Imports of goods,Cost insurance freight (CIF),Billions,USD,22685000000.0,2022,False,High,Increasing
Costa Rica,Imports of goods,Imports of goods,Cost insurance freight (CIF),Billions,USD,24039000000.0,2023,False,High,Increasing
Costa Rica,Imports of goods,Imports of goods,Cost insurance freight (CIF),Billions,USD,26484000000.0,2024,False,High,Increasing
Costa Rica,Imports of goods,Imports of goods,Cost insurance freight (CIF),Billions,USD,27482000000.0,2025,False,High,Increasing
"Croatia, Republic of",Exports of goods,Exports of goods,Free on board (FOB),Millions,USD,13813000000.0,2016,True,High,No Data
"Croatia, Republic of",Exports of goods,Exports of goods,Free on board (FOB),Millions,USD,16070000000.0,2017,True,High,Increasing
"Croatia, Republic of",Exports of goods,Exports of goods,Free on board (FOB),Millions,USD,17403000000.0,2018,True,High,Increasing
"Croatia, Republic of",Exports of goods,Exports of goods,Free on board (FOB),Millions,USD,17181000000.0,2019,True,High,Decreasing
"Croatia, Republic of",Exports of goods,Exports of goods,Free on board (FOB),Millions,USD,17193000000.0,2020,True,High,Increasing
"Croatia, Republic of",Exports of goods,Exports of goods,Free on board (FOB),Millions,USD,21877000000.0,2021,True,High,Increasing
"Croatia, Republic of",Exports of goods,Exports of goods,Free on board (FOB),Millions,USD,25468000000.0,2022,True,High,Increasing
"Croatia, Republic of",Exports of goods,Exports of goods,Free on board (FOB),Millions,USD,24960000000.0,2023,True,High,Decreasing
"Croatia, Republic of",Exports of goods,Exports of goods,Free on board (FOB),Millions,USD,26014000000.0,2024,True,High,Increasing
"Croatia, Republic of",Exports of goods,Exports of goods,Free on board (FOB),Millions,USD,28468000000.0,2025,True,High,Increasing
"Croatia, Republic of",Imports of goods,Imports of goods,Cost insurance freight (CIF),Millions,USD,21904000000.0,2016,False,High,No Data
"Croatia, Republic of",Imports of goods,Imports of goods,Cost insurance freight (CIF),Millions,USD,24831000000.0,2017,False,High,Increasing
"Croatia, Republic of",Imports of goods,Imports of goods,Cost insurance freight (CIF),Millions,USD,28204000000.0,2018,False,High,Increasing
"Croatia, Republic of",Imports of goods,Imports of goods,Cost insurance freight (CIF),Millions,USD,28161000000.0,2019,False,High,Decreasing
"Croatia, Republic of",Imports of goods,Imports of goods,Cost insurance freight (CIF),Millions,USD,26830000000.0,2020,False,High,Decreasing
"Croatia, Republic of",Imports of goods,Imports of goods,Cost insurance freight (CIF),Millions,USD,34525000000.0,2021,False,High,Increasing
"Croatia, Republic of",Imports of goods,Imports of goods,Cost insurance freight (CIF),Millions,USD,44623000000.0,2022,False,High,Increasing
"Croatia, Republic of",Imports of goods,Imports of goods,Cost insurance freight (CIF),Millions,USD,43450000000.0,2023,False,High,Decreasing
"Croatia, Republic of",Imports of goods,Imports of goods,Cost insurance freight (CIF),Millions,USD,46957000000.0,2024,False,High,Increasing
"Croatia, Republic of",Imports of goods,Imports of goods,Cost insurance freight (CIF),Millions,USD,51208000000.0,2025,False,High,Increasing
Cyprus,Exports of goods,Exports of goods,Free on board (FOB),Millions,USD,2966000000.0,2016,True,Medium,No Data
Cyprus,Exports of goods,Exports of goods,Free on board (FOB),Millions,USD,3288000000.0,2017,True,Medium,Increasing
Cyprus,Exports of goods,Exports of goods,Free on board (FOB),Millions,USD,5050000000.0,2018,True,Medium,Increasing
Cyprus,Exports of goods,Exports of goods,Free on board (FOB),Millions,USD,3454000000.0,2019,True,Medium,Decreasing
Cyprus,Exports of goods,Exports of goods,Free on board (FOB),Millions,USD,3064000000.0,2020,True,Medium,Decreasing
Cyprus,Exports of goods,Exports of goods,Free on board (FOB),Millions,USD,3963000000.0,2021,True,Medium,Increasing
Cyprus,Exports of goods,Exports of goods,Free on board (FOB),Millions,USD,4513000000.0,2022,True,Medium,Increasing
Cyprus,Exports of goods,Exports of goods,Free on board (FOB),Millions,USD,5061000000.0,2023,True,Medium,Increasing
Cyprus,Exports of goods,Exports of goods,Free on board (FOB),Millions,USD,5526000000.0,2024,True,Medium,Increasing
Cyprus,Exports of goods,Exports of goods,Free on board (FOB),Millions,USD,6222000000.0,2025,True,Medium,Increasing
Cyprus,Imports of goods,Imports of goods,Cost insurance freight (CIF),Millions,USD,7831000000.0,2016,False,Medium,No Data
Cyprus,Imports of goods,Imports of goods,Cost insurance freight (CIF),Millions,USD,9233000000.0,2017,False,High,Increasing
Cyprus,Imports of goods,Imports of goods,Cost insurance freight (CIF),Millions,USD,10814000000.0,2018,False,High,Increasing
Cyprus,Imports of goods,Imports of goods,Cost insurance freight (CIF),Millions,USD,9127000000.0,2019,False,Medium,Decreasing
Cyprus,Imports of goods,Imports of goods,Cost insurance freight (CIF),Millions,USD,8760000000.0,2020,False,Medium,Decreasing
Cyprus,Imports of goods,Imports of goods,Cost insurance freight (CIF),Millions,USD,10398000000.0,2021,False,High,Increasing
Cyprus,Imports of goods,Imports of goods,Cost insurance freight (CIF),Millions,USD,12216000000.0,2022,False,High,Increasing
Cyprus,Imports of goods,Imports of goods,Cost insurance freight (CIF),Millions,USD,14146000000.0,2023,False,High,Increasing
Cyprus,Imports of goods,Imports of goods,Cost insurance freight (CIF),Millions,USD,13519000000.0,2024,False,High,Decreasing
Cyprus,Imports of goods,Imports of goods,Cost insurance freight (CIF),Millions,USD,15647000000.0,2025,False,High,Increasing
Czech Republic,Exports of goods,Exports of goods,Free on board (FOB),Millions,USD,162692000000.0,2016,True,High,No Data
Czech Republic,Exports of goods,Exports of goods,Free on board (FOB),Millions,USD,182144000000.0,2017,True,High,Increasing
Czech Republic,Exports of goods,Exports of goods,Free on board (FOB),Millions,USD,202237000000.0,2018,True,High,Increasing
Czech Republic,Exports of goods,Exports of goods,Free on board (FOB),Millions,USD,199130000000.0,2019,True,High,Decreasing
Czech Republic,Exports of goods,Exports of goods,Free on board (FOB),Millions,USD,191911000000.0,2020,True,High,Decreasing
Czech Republic,Exports of goods,Exports of goods,Free on board (FOB),Millions,USD,226566000000.0,2021,True,High,Increasing
Czech Republic,Exports of goods,Exports of goods,Free on board (FOB),Millions,USD,242015000000.0,2022,True,High,Increasing
Czech Republic,Exports of goods,Exports of goods,Free on board (FOB),Millions,USD,255549000000.0,2023,True,High,Increasing
Czech Republic,Exports of goods,Exports of goods,Free on board (FOB),Millions,USD,263126000000.0,2024,True,High,Increasing
Czech Republic,Exports of goods,Exports of goods,Free on board (FOB),Millions,USD,283999000000.0,2025,True,High,Increasing
Czech Republic,Imports of goods,Imports of goods,Cost insurance freight (CIF),Millions,USD,143041000000.0,2016,False,High,No Data
Czech Republic,Imports of goods,Imports of goods,Cost insurance freight (CIF),Millions,USD,163351000000.0,2017,False,High,Increasing
Czech Republic,Imports of goods,Imports of goods,Cost insurance freight (CIF),Millions,USD,184659000000.0,2018,False,High,Increasing
Czech Republic,Imports of goods,Imports of goods,Cost insurance freight (CIF),Millions,USD,179041000000.0,2019,False,High,Decreasing
Czech Republic,Imports of goods,Imports of goods,Cost insurance freight (CIF),Millions,USD,171100000000.0,2020,False,High,Decreasing
Czech Republic,Imports of goods,Imports of goods,Cost insurance freight (CIF),Millions,USD,211972000000.0,2021,False,High,Increasing
Czech Republic,Imports of goods,Imports of goods,Cost insurance freight (CIF),Millions,USD,236663000000.0,2022,False,High,Increasing
Czech Republic,Imports of goods,Imports of goods,Cost insurance freight (CIF),Millions,USD,231907000000.0,2023,False,High,Decreasing
Czech Republic,Imports of goods,Imports of goods,Cost insurance freight (CIF),Millions,USD,233176000000.0,2024,False,High,Increasing
Czech Republic,Imports of goods,Imports of goods,Cost insurance freight (CIF),Millions,USD,254106000000.0,2025,False,High,Increasing
Côte d'Ivoire,Exports of goods,Exports of goods,Free on board (FOB),Billions,USD,12540868310.88344,2016,True,High,No Data
Côte d'Ivoire,Exports of goods,Exports of goods,Free on board (FOB),Billions,USD,12517693355.893042,2017,True,High,Decreasing
Côte d'Ivoire,Exports of goods,Exports of goods,Free on board (FOB),Billions,USD,12449581180.97772,2018,True,High,Decreasing
Côte d'Ivoire,Exports of goods,Exports of goods,Free on board (FOB),Billions,USD,13249320600.13023,2019,True,High,Increasing
Côte d'Ivoire,Exports of goods,Exports of goods,Free on board (FOB),Billions,USD,13135233809.96125,2020,True,High,Decreasing
Côte d'Ivoire,Exports of goods,Exports of goods,Free on board (FOB),Billions,USD,15738369497.64068,2021,True,High,Increasing
Côte d'Ivoire,Exports of goods,Exports of goods,Free on board (FOB),Billions,USD,16724863471.45497,2022,True,High,Increasing
Côte d'Ivoire,Exports of goods,Exports of goods,Free on board (FOB),Billions,USD,18051467503.77668,2023,True,High,Increasing
Côte d'Ivoire,Exports of goods,Exports of goods,Free on board (FOB),Billions,USD,21348368458.398342,2024,True,High,Increasing
Côte d'Ivoire,Exports of goods,Exports of goods,Free on board (FOB),Billions,USD,29390925677.806797,2025,True,High,Increasing
Côte d'Ivoire,Imports of goods,Imports of goods,Cost insurance freight (CIF),Billions,USD,8482903504.932978,2016,False,Medium,No Data
Côte d'Ivoire,Imports of goods,Imports of goods,Cost insurance freight (CIF),Billions,USD,9334722264.614843,2017,False,High,Increasing
Côte d'Ivoire,Imports of goods,Imports of goods,Cost insurance freight (CIF),Billions,USD,11023546398.54708,2018,False,High,Increasing
Côte d'Ivoire,Imports of goods,Imports of goods,Cost insurance freight (CIF),Billions,USD,10763807067.47088,2019,False,High,Decreasing
Côte d'Ivoire,Imports of goods,Imports of goods,Cost insurance freight (CIF),Billions,USD,10753270775.9051,2020,False,High,Decreasing
Côte d'Ivoire,Imports of goods,Imports of goods,Cost insurance freight (CIF),Billions,USD,13925558809.38852,2021,False,High,Increasing
Côte d'Ivoire,Imports of goods,Imports of goods,Cost insurance freight (CIF),Billions,USD,17366794944.00575,2022,False,High,Increasing
Côte d'Ivoire,Imports of goods,Imports of goods,Cost insurance freight (CIF),Billions,USD,17614004914.47073,2023,False,High,Increasing
Côte d'Ivoire,Imports of goods,Imports of goods,Cost insurance freight (CIF),Billions,USD,17411843113.61077,2024,False,High,Decreasing
Côte d'Ivoire,Imports of goods,Imports of goods,Cost insurance freight (CIF),Billions,USD,19557431030.12925,2025,False,High,Increasing
Denmark,Exports of goods,Exports of goods,Free on board (FOB),Millions,USD,95327000000.0,2016,True,High,No Data
Denmark,Exports of goods,Exports of goods,Free on board (FOB),Millions,USD,102506000000.0,2017,True,High,Increasing
Denmark,Exports of goods,Exports of goods,Free on board (FOB),Millions,USD,109697000000.0,2018,True,High,Increasing
Denmark,Exports of goods,Exports of goods,Free on board (FOB),Millions,USD,111076000000.0,2019,True,High,Increasing
Denmark,Exports of goods,Exports of goods,Free on board (FOB),Millions,USD,108453000000.0,2020,True,High,Decreasing
Denmark,Exports of goods,Exports of goods,Free on board (FOB),Millions,USD,125942000000.0,2021,True,High,Increasing
Denmark,Exports of goods,Exports of goods,Free on board (FOB),Millions,USD,131308000000.0,2022,True,High,Increasing
Denmark,Exports of goods,Exports of goods,Free on board (FOB),Millions,USD,129139000000.0,2023,True,High,Decreasing
Denmark,Exports of goods,Exports of goods,Free on board (FOB),Millions,USD,133334000000.0,2024,True,High,Increasing
Denmark,Exports of goods,Exports of goods,Free on board (FOB),Millions,USD,148076000000.0,2025,True,High,Increasing
Denmark,Imports of goods,Imports of goods,Cost insurance freight (CIF),Millions,USD,85513000000.0,2016,False,High,No Data
Denmark,Imports of goods,Imports of goods,Cost insurance freight (CIF),Millions,USD,92956000000.0,2017,False,High,Increasing
Denmark,Imports of goods,Imports of goods,Cost insurance freight (CIF),Millions,USD,102753000000.0,2018,False,High,Increasing
Denmark,Imports of goods,Imports of goods,Cost insurance freight (CIF),Millions,USD,98184000000.0,2019,False,High,Decreasing
Denmark,Imports of goods,Imports of goods,Cost insurance freight (CIF),Millions,USD,98298000000.0,2020,False,High,Increasing
Denmark,Imports of goods,Imports of goods,Cost insurance freight (CIF),Millions,USD,120308000000.0,2021,False,High,Increasing
Denmark,Imports of goods,Imports of goods,Cost insurance freight (CIF),Millions,USD,129150000000.0,2022,False,High,Increasing
Denmark,Imports of goods,Imports of goods,Cost insurance freight (CIF),Millions,USD,120313000000.0,2023,False,High,Decreasing
Denmark,Imports of goods,Imports of goods,Cost insurance freight (CIF),Millions,USD,122831000000.0,2024,False,High,Increasing
Denmark,Imports of goods,Imports of goods,Cost insurance freight (CIF),Millions,USD,136464000000.0,2025,False,High,Increasing
Djibouti,Exports of goods,Exports of goods,Free on board (FOB),Millions,USD,1732000000.0,2016,True,Medium,No Data
Djibouti,Exports of goods,Exports of goods,Free on board (FOB),Millions,USD,3162000000.0,2017,True,Medium,Increasing
Djibouti,Exports of goods,Exports of goods,Free on board (FOB),Millions,USD,3522000000.0,2018,True,Medium,Increasing
Djibouti,Exports of goods,Exports of goods,Free on board (FOB),Millions,USD,3996000000.0,2019,True,Medium,Increasing
Djibouti,Exports of goods,Exports of goods,Free on board (FOB),Millions,USD,2785000000.0,2020,True,Medium,Decreasing
Djibouti,Exports of goods,Exports of goods,Free on board (FOB),Millions,USD,3829000000.0,2021,True,Medium,Increasing
Djibouti,Exports of goods,Exports of goods,Free on board (FOB),Millions,USD,4608000000.0,2022,True,Medium,Increasing
Djibouti,Exports of goods,Exports of goods,Free on board (FOB),Millions,USD,4785000000.0,2023,True,Medium,Increasing
Djibouti,Exports of goods,Exports of goods,Free on board (FOB),Millions,USD,5169000000.0,2024,True,Medium,Increasing
Djibouti,Exports of goods,Exports of goods,Free on board (FOB),Millions,USD,6090000000.0,2025,True,Medium,Increasing
Djibouti,Imports of goods,Imports of goods,Cost insurance freight (CIF),Millions,USD,2327000000.0,2016,False,Medium,No Data
Djibouti,Imports of goods,Imports of goods,Cost insurance freight (CIF),Millions,USD,3576000000.0,2017,False,Medium,Increasing
Djibouti,Imports of goods,Imports of goods,Cost insurance freight (CIF),Millions,USD,3603000000.0,2018,False,Medium,Increasing
Djibouti,Imports of goods,Imports of goods,Cost insurance freight (CIF),Millions,USD,4138000000.0,2019,False,Medium,Increasing
Djibouti,Imports of goods,Imports of goods,Cost insurance freight (CIF),Millions,USD,2911000000.0,2020,False,Medium,Decreasing
Djibouti,Imports of goods,Imports of goods,Cost insurance freight (CIF),Millions,USD,3972000000.0,2021,False,Medium,Increasing
Djibouti,Imports of goods,Imports of goods,Cost insurance freight (CIF),Millions,USD,5091000000.0,2022,False,Medium,Increasing
Djibouti,Imports of goods,Imports of goods,Cost insurance freight (CIF),Millions,USD,5295000000.0,2023,False,Medium,Increasing
Djibouti,Imports of goods,Imports of goods,Cost insurance freight (CIF),Millions,USD,5546000000.0,2024,False,Medium,Increasing
Djibouti,Imports of goods,Imports of goods,Cost insurance freight (CIF),Millions,USD,6264000000.0,2025,False,Medium,Increasing
Dominica,Exports of goods,Exports of goods,Free on board (FOB),Millions,USD,18000000.0,2016,True,Medium,No Data
Dominica,Exports of goods,Exports of goods,Free on board (FOB),Millions,USD,12000000.0,2017,True,Medium,Decreasing
Dominica,Exports of goods,Exports of goods,Free on board (FOB),Millions,USD,10000000.0,2018,True,Medium,Decreasing
Dominica,Exports of goods,Exports of goods,Free on board (FOB),Millions,USD,19000000.0,2019,True,Medium,Increasing
Dominica,Exports of goods,Exports of goods,Free on board (FOB),Millions,USD,16000000.0,2020,True,Medium,Decreasing
Dominica,Exports of goods,Exports of goods,Free on board (FOB),Millions,USD,20000000.0,2021,True,Medium,Increasing
Dominica,Exports of goods,Exports of goods,Free on board (FOB),Millions,USD,22000000.0,2022,True,Medium,Increasing
Dominica,Exports of goods,Exports of goods,Free on board (FOB),Millions,USD,22000000.0,2023,True,Medium,No Data
Dominica,Exports of goods,Exports of goods,Free on board (FOB),Millions,USD,29000000.0,2024,True,Medium,Increasing
Dominica,Exports of goods,Exports of goods,Free on board (FOB),Millions,USD,24000000.0,2025,True,Medium,Decreasing
Dominica,Imports of goods,Imports of goods,Cost insurance freight (CIF),Millions,USD,214000000.0,2016,False,Medium,No Data
Dominica,Imports of goods,Imports of goods,Cost insurance freight (CIF),Millions,USD,198000000.0,2017,False,Medium,Decreasing
Dominica,Imports of goods,Imports of goods,Cost insurance freight (CIF),Millions,USD,302000000.0,2018,False,Medium,Increasing
Dominica,Imports of goods,Imports of goods,Cost insurance freight (CIF),Millions,USD,319000000.0,2019,False,Medium,Increasing
Dominica,Imports of goods,Imports of goods,Cost insurance freight (CIF),Millions,USD,213000000.0,2020,False,Medium,Decreasing
Dominica,Imports of goods,Imports of goods,Cost insurance freight (CIF),Millions,USD,230000000.0,2021,False,Medium,Increasing
Dominica,Imports of goods,Imports of goods,Cost insurance freight (CIF),Millions,USD,266000000.0,2022,False,Medium,Increasing
Dominica,Imports of goods,Imports of goods,Cost insurance freight (CIF),Millions,USD,302000000.0,2023,False,Medium,Increasing
Dominica,Imports of goods,Imports of goods,Cost insurance freight (CIF),Millions,USD,262000000.0,2024,False,Medium,Decreasing
Dominica,Imports of goods,Imports of goods,Cost insurance freight (CIF),Millions,USD,259000000.0,2025,False,Medium,Decreasing
Dominican Republic,Exports of goods,Exports of goods,Free on board (FOB),Millions,USD,9839600000.0,2016,True,High,No Data
Dominican Republic,Exports of goods,Exports of goods,Free on board (FOB),Millions,USD,10134600000.0,2017,True,High,Increasing
Dominican Republic,Exports of goods,Exports of goods,Free on board (FOB),Millions,USD,10638100000.0,2018,True,High,Increasing
Dominican Republic,Exports of goods,Exports of goods,Free on board (FOB),Millions,USD,11192700000.0,2019,True,High,Increasing
Dominican Republic,Exports of goods,Exports of goods,Free on board (FOB),Millions,USD,10297300000.0,2020,True,High,Decreasing
Dominican Republic,Exports of goods,Exports of goods,Free on board (FOB),Millions,USD,12441800000.0,2021,True,High,Increasing
Dominican Republic,Exports of goods,Exports of goods,Free on board (FOB),Millions,USD,13751000000.0,2022,True,High,Increasing
Dominican Republic,Exports of goods,Exports of goods,Free on board (FOB),Millions,USD,12950000000.0,2023,True,High,Decreasing
Dominican Republic,Exports of goods,Exports of goods,Free on board (FOB),Millions,USD,13872000000.0,2024,True,High,Increasing
Dominican Republic,Exports of goods,Exports of goods,Free on board (FOB),Millions,USD,15579000000.0,2025,True,High,Increasing
Dominican Republic,Imports of goods,Imports of goods,Free on board (FOB),Millions,USD,17398000000.0,2016,False,High,No Data
Dominican Republic,Imports of goods,Imports of goods,Cost insurance freight (CIF),Millions,USD,17398600000.0,2016,False,High,Increasing
Dominican Republic,Imports of goods,Imports of goods,Free on board (FOB),Millions,USD,17735000000.0,2017,False,High,Increasing
Dominican Republic,Imports of goods,Imports of goods,Cost insurance freight (CIF),Millions,USD,17734300000.0,2017,False,High,Decreasing
Dominican Republic,Imports of goods,Imports of goods,Free on board (FOB),Millions,USD,20197000000.0,2018,False,High,Increasing
Dominican Republic,Imports of goods,Imports of goods,Cost insurance freight (CIF),Millions,USD,20197300000.0,2018,False,High,Increasing
Dominican Republic,Imports of goods,Imports of goods,Free on board (FOB),Millions,USD,20268000000.0,2019,False,High,Increasing
Dominican Republic,Imports of goods,Imports of goods,Cost insurance freight (CIF),Millions,USD,20267800000.0,2019,False,High,Decreasing
Dominican Republic,Imports of goods,Imports of goods,Free on board (FOB),Millions,USD,17046000000.0,2020,False,High,Decreasing
Dominican Republic,Imports of goods,Imports of goods,Cost insurance freight (CIF),Millions,USD,17046500000.0,2020,False,High,Increasing
Dominican Republic,Imports of goods,Imports of goods,Cost insurance freight (CIF),Millions,USD,24402100000.0,2021,False,High,Increasing
Dominican Republic,Imports of goods,Imports of goods,Cost insurance freight (CIF),Millions,USD,30913000000.0,2022,False,High,Increasing
Dominican Republic,Imports of goods,Imports of goods,Cost insurance freight (CIF),Millions,USD,28814000000.0,2023,False,High,Decreasing
Dominican Republic,Imports of goods,Imports of goods,Cost insurance freight (CIF),Millions,USD,29808000000.0,2024,False,High,Increasing
Dominican Republic,Imports of goods,Imports of goods,Cost insurance freight (CIF),Millions,USD,29752000000.0,2025,False,High,Decreasing
Ecuador,Exports of goods,Exports of goods,Free on board (FOB),Millions,USD,16798000000.0,2016,True,High,No Data
Ecuador,Exports of goods,Exports of goods,Free on board (FOB),Millions,USD,19122000000.0,2017,True,High,Increasing
Ecuador,Exports of goods,Exports of goods,Free on board (FOB),Millions,USD,21628000000.0,2018,True,High,Increasing
Ecuador,Exports of goods,Exports of goods,Free on board (FOB),Millions,USD,22330000000.0,2019,True,High,Increasing
Ecuador,Exports of goods,Exports of goods,Free on board (FOB),Millions,USD,20354000000.0,2020,True,High,Decreasing
Ecuador,Exports of goods,Exports of goods,Free on board (FOB),Millions,USD,26699000000.0,2021,True,High,Increasing
Ecuador,Exports of goods,Exports of goods,Free on board (FOB),Millions,USD,32659000000.0,2022,True,High,Increasing
Ecuador,Exports of goods,Exports of goods,Free on board (FOB),Millions,USD,31126000000.0,2023,True,High,Decreasing
Ecuador,Exports of goods,Exports of goods,Free on board (FOB),Millions,USD,34423000000.0,2024,True,High,Increasing
Ecuador,Exports of goods,Exports of goods,Free on board (FOB),Millions,USD,37150000000.0,2025,True,High,Increasing
Ecuador,Imports of goods,Imports of goods,Cost insurance freight (CIF),Millions,USD,16325000000.0,2016,False,High,No Data
Ecuador,Imports of goods,Imports of goods,Cost insurance freight (CIF),Millions,USD,20010000000.0,2017,False,High,Increasing
Ecuador,Imports of goods,Imports of goods,Cost insurance freight (CIF),Millions,USD,23177000000.0,2018,False,High,Increasing
Ecuador,Imports of goods,Imports of goods,Cost insurance freight (CIF),Millions,USD,22562000000.0,2019,False,High,Decreasing
Ecuador,Imports of goods,Imports of goods,Cost insurance freight (CIF),Millions,USD,17919000000.0,2020,False,High,Decreasing
Ecuador,Imports of goods,Imports of goods,Cost insurance freight (CIF),Millions,USD,25690000000.0,2021,False,High,Increasing
Ecuador,Imports of goods,Imports of goods,Cost insurance freight (CIF),Millions,USD,33048000000.0,2022,False,High,Increasing
Ecuador,Imports of goods,Imports of goods,Cost insurance freight (CIF),Millions,USD,30901000000.0,2023,False,High,Decreasing
Ecuador,Imports of goods,Imports of goods,Cost insurance freight (CIF),Millions,USD,29494000000.0,2024,False,High,Decreasing
Ecuador,Imports of goods,Imports of goods,Cost insurance freight (CIF),Millions,USD,32648000000.0,2025,False,High,Increasing
"Egypt, Arab Republic of",Exports of goods,Exports of goods,Free on board (FOB),Millions,USD,25468000000.0,2016,True,High,No Data
"Egypt, Arab Republic of",Exports of goods,Exports of goods,Free on board (FOB),Millions,USD,25604000000.0,2017,True,High,Increasing
"Egypt, Arab Republic of",Exports of goods,Exports of goods,Free on board (FOB),Millions,USD,27624000000.0,2018,True,High,Increasing
"Egypt, Arab Republic of",Exports of goods,Exports of goods,Free on board (FOB),Millions,USD,28999000000.0,2019,True,High,Increasing
"Egypt, Arab Republic of",Exports of goods,Exports of goods,Free on board (FOB),Millions,USD,27078000000.0,2020,True,High,Decreasing
"Egypt, Arab Republic of",Exports of goods,Exports of goods,Free on board (FOB),Millions,USD,41310000000.0,2021,True,High,Increasing
"Egypt, Arab Republic of",Exports of goods,Exports of goods,Free on board (FOB),Millions,USD,51279000000.0,2022,True,High,Increasing
"Egypt, Arab Republic of",Exports of goods,Exports of goods,Free on board (FOB),Millions,USD,42081000000.0,2023,True,High,Decreasing
"Egypt, Arab Republic of",Exports of goods,Exports of goods,Free on board (FOB),Millions,USD,42246000000.0,2024,True,High,Increasing
"Egypt, Arab Republic of",Exports of goods,Exports of goods,Free on board (FOB),Millions,USD,51713000000.0,2025,True,High,Increasing
"Egypt, Arab Republic of",Imports of goods,Imports of goods,Cost insurance freight (CIF),Millions,USD,55789000000.0,2016,False,High,No Data
"Egypt, Arab Republic of",Imports of goods,Imports of goods,Cost insurance freight (CIF),Millions,USD,61627000000.0,2017,False,High,Increasing
"Egypt, Arab Republic of",Imports of goods,Imports of goods,Cost insurance freight (CIF),Millions,USD,72000000000.0,2018,False,High,Increasing
"Egypt, Arab Republic of",Imports of goods,Imports of goods,Cost insurance freight (CIF),Millions,USD,71411000000.0,2019,False,High,Decreasing
"Egypt, Arab Republic of",Imports of goods,Imports of goods,Cost insurance freight (CIF),Millions,USD,60500000000.0,2020,False,High,Decreasing
"Egypt, Arab Republic of",Imports of goods,Imports of goods,Cost insurance freight (CIF),Millions,USD,74550000000.0,2021,False,High,Increasing
"Egypt, Arab Republic of",Imports of goods,Imports of goods,Cost insurance freight (CIF),Millions,USD,95669000000.0,2022,False,High,Increasing
"Egypt, Arab Republic of",Imports of goods,Imports of goods,Cost insurance freight (CIF),Millions,USD,83212000000.0,2023,False,High,Decreasing
"Egypt, Arab Republic of",Imports of goods,Imports of goods,Cost insurance freight (CIF),Millions,USD,86083000000.0,2024,False,High,Increasing
"Egypt, Arab Republic of",Imports of goods,Imports of goods,Cost insurance freight (CIF),Millions,USD,97639000000.0,2025,False,High,Increasing
El Salvador,Exports of goods,Exports of goods,Free on board (FOB),Millions,USD,5420000000.0,2016,True,Medium,No Data
El Salvador,Exports of goods,Exports of goods,Free on board (FOB),Millions,USD,5759000000.0,2017,True,Medium,Increasing
El Salvador,Exports of goods,Exports of goods,Free on board (FOB),Millions,USD,5907000000.0,2018,True,Medium,Increasing
El Salvador,Exports of goods,Exports of goods,Free on board (FOB),Millions,USD,5906000000.0,2019,True,Medium,Decreasing
El Salvador,Exports of goods,Exports of goods,Free on board (FOB),Millions,USD,4805000000.0,2020,True,Medium,Decreasing
El Salvador,Exports of goods,Exports of goods,Free on board (FOB),Millions,USD,6394000000.0,2021,True,Medium,Increasing
El Salvador,Exports of goods,Exports of goods,Free on board (FOB),Millions,USD,7117000000.0,2022,True,Medium,Increasing
El Salvador,Exports of goods,Exports of goods,Free on board (FOB),Millions,USD,6500000000.0,2023,True,Medium,Decreasing
El Salvador,Exports of goods,Exports of goods,Free on board (FOB),Millions,USD,6312000000.0,2024,True,Medium,Decreasing
El Salvador,Exports of goods,Exports of goods,Free on board (FOB),Millions,USD,6430000000.0,2025,True,Medium,Increasing
El Salvador,Imports of goods,Imports of goods,Cost insurance freight (CIF),Millions,USD,9825000000.0,2016,False,High,No Data
El Salvador,Imports of goods,Imports of goods,Cost insurance freight (CIF),Millions,USD,10572000000.0,2017,False,High,Increasing
El Salvador,Imports of goods,Imports of goods,Cost insurance freight (CIF),Millions,USD,11464000000.0,2018,False,High,Increasing
El Salvador,Imports of goods,Imports of goods,Free on board (FOB),Millions,USD,11159288576.0,2019,False,High,Decreasing
El Salvador,Imports of goods,Imports of goods,Cost insurance freight (CIF),Millions,USD,11603000000.0,2019,False,High,Increasing
El Salvador,Imports of goods,Imports of goods,Free on board (FOB),Millions,USD,9850992202.43,2020,False,High,Decreasing
El Salvador,Imports of goods,Imports of goods,Cost insurance freight (CIF),Millions,USD,9889000000.0,2020,False,High,Increasing
El Salvador,Imports of goods,Imports of goods,Free on board (FOB),Millions,USD,14439309713.89,2021,False,High,Increasing
El Salvador,Imports of goods,Imports of goods,Cost insurance freight (CIF),Millions,USD,14618000000.0,2021,False,High,Increasing
El Salvador,Imports of goods,Imports of goods,Cost insurance freight (CIF),Millions,USD,17108000000.0,2022,False,High,Increasing
El Salvador,Imports of goods,Imports of goods,Cost insurance freight (CIF),Millions,USD,15649000000.0,2023,False,High,Decreasing
El Salvador,Imports of goods,Imports of goods,Cost insurance freight (CIF),Millions,USD,15806000000.0,2024,False,High,Increasing
El Salvador,Imports of goods,Imports of goods,Cost insurance freight (CIF),Millions,USD,17849000000.0,2025,False,High,Increasing
"Equatorial Guinea, Republic of",Exports of goods,Exports of goods,Free on board (FOB),Billions,USD,4136999999.9999995,2016,True,Medium,No Data
"Equatorial Guinea, Republic of",Exports of goods,Exports of goods,Free on board (FOB),Billions,USD,4970000000.0,2017,True,Medium,Increasing
"Equatorial Guinea, Republic of",Exports of goods,Exports of goods,Free on board (FOB),Billions,USD,6052000000.0,2018,True,Medium,Increasing
"Equatorial Guinea, Republic of",Exports of goods,Exports of goods,Free on board (FOB),Billions,USD,5268000000.0,2019,True,Medium,Decreasing
"Equatorial Guinea, Republic of",Exports of goods,Exports of goods,Free on board (FOB),Billions,USD,2859000000.0,2020,True,Medium,Decreasing
"Equatorial Guinea, Republic of",Exports of goods,Exports of goods,Free on board (FOB),Billions,USD,3845000000.0,2021,True,Medium,Increasing
"Equatorial Guinea, Republic of",Exports of goods,Exports of goods,Free on board (FOB),Billions,USD,6661000000.0,2022,True,Medium,Increasing
"Equatorial Guinea, Republic of",Exports of goods,Exports of goods,Free on board (FOB),Billions,USD,3157000000.0,2023,True,Medium,Decreasing
"Equatorial Guinea, Republic of",Exports of goods,Exports of goods,Free on board (FOB),Billions,USD,2979000000.0,2024,True,Medium,Decreasing
"Equatorial Guinea, Republic of",Exports of goods,Exports of goods,Free on board (FOB),Billions,USD,2600000000.0,2025,True,Medium,Decreasing
"Equatorial Guinea, Republic of",Imports of goods,Imports of goods,Cost insurance freight (CIF),Billions,USD,3183000000.0,2016,False,Medium,No Data
"Equatorial Guinea, Republic of",Imports of goods,Imports of goods,Cost insurance freight (CIF),Billions,USD,2842000000.0,2017,False,Medium,Decreasing
"Equatorial Guinea, Republic of",Imports of goods,Imports of goods,Cost insurance freight (CIF),Billions,USD,2944000000.0,2018,False,Medium,Increasing
"Equatorial Guinea, Republic of",Imports of goods,Imports of goods,Cost insurance freight (CIF),Billions,USD,2100000000.0,2019,False,Medium,Decreasing
"Equatorial Guinea, Republic of",Imports of goods,Imports of goods,Cost insurance freight (CIF),Billions,USD,1547000000.0,2020,False,Medium,Decreasing
"Equatorial Guinea, Republic of",Imports of goods,Imports of goods,Cost insurance freight (CIF),Billions,USD,1746000000.0,2021,False,Medium,Increasing
"Equatorial Guinea, Republic of",Imports of goods,Imports of goods,Cost insurance freight (CIF),Billions,USD,1786000000.0,2022,False,Medium,Increasing
"Equatorial Guinea, Republic of",Imports of goods,Imports of goods,Cost insurance freight (CIF),Billions,USD,1538000000.0,2023,False,Medium,Decreasing
"Equatorial Guinea, Republic of",Imports of goods,Imports of goods,Cost insurance freight (CIF),Billions,USD,1517000000.0,2024,False,Medium,Decreasing
"Equatorial Guinea, Republic of",Imports of goods,Imports of goods,Cost insurance freight (CIF),Billions,USD,1700000000.0,2025,False,Medium,Increasing
"Eritrea, The State of",Exports of goods,Exports of goods,Free on board (FOB),Millions,USD,436000000.0,2016,True,Medium,No Data
"Eritrea, The State of",Exports of goods,Exports of goods,Free on board (FOB),Millions,USD,583000000.0,2017,True,Medium,Increasing
"Eritrea, The State of",Exports of goods,Exports of goods,Free on board (FOB),Millions,USD,669000000.0,2018,True,Medium,Increasing
"Eritrea, The State of",Exports of goods,Exports of goods,Free on board (FOB),Millions,USD,530000000.0,2019,True,Medium,Decreasing
"Eritrea, The State of",Exports of goods,Exports of goods,Free on board (FOB),Millions,USD,583000000.0,2020,True,Medium,Increasing
"Eritrea, The State of",Exports of goods,Exports of goods,Free on board (FOB),Millions,USD,500000000.0,2021,True,Medium,Decreasing
"Eritrea, The State of",Exports of goods,Exports of goods,Free on board (FOB),Millions,USD,598000000.0,2022,True,Medium,Increasing
"Eritrea, The State of",Exports of goods,Exports of goods,Free on board (FOB),Millions,USD,481000000.0,2023,True,Medium,Decreasing
"Eritrea, The State of",Exports of goods,Exports of goods,Free on board (FOB),Millions,USD,573000000.0,2024,True,Medium,Increasing
"Eritrea, The State of",Exports of goods,Exports of goods,Free on board (FOB),Millions,USD,631000000.0,2025,True,Medium,Increasing
"Eritrea, The State of",Imports of goods,Imports of goods,Cost insurance freight (CIF),Millions,USD,957000000.0,2016,False,Medium,No Data
"Eritrea, The State of",Imports of goods,Imports of goods,Cost insurance freight (CIF),Millions,USD,1026000000.0,2017,False,Medium,Increasing
"Eritrea, The State of",Imports of goods,Imports of goods,Cost insurance freight (CIF),Millions,USD,1065000000.0,2018,False,Medium,Increasing
"Eritrea, The State of",Imports of goods,Imports of goods,Cost insurance freight (CIF),Millions,USD,565000000.0,2019,False,Medium,Decreasing
"Eritrea, The State of",Imports of goods,Imports of goods,Cost insurance freight (CIF),Millions,USD,349000000.0,2020,False,Medium,Decreasing
"Eritrea, The State of",Imports of goods,Imports of goods,Cost insurance freight (CIF),Millions,USD,369000000.0,2021,False,Medium,Increasing
"Eritrea, The State of",Imports of goods,Imports of goods,Cost insurance freight (CIF),Millions,USD,519000000.0,2022,False,Medium,Increasing
"Eritrea, The State of",Imports of goods,Imports of goods,Cost insurance freight (CIF),Millions,USD,499000000.0,2023,False,Medium,Decreasing
"Eritrea, The State of",Imports of goods,Imports of goods,Cost insurance freight (CIF),Millions,USD,533000000.0,2024,False,Medium,Increasing
"Eritrea, The State of",Imports of goods,Imports of goods,Cost insurance freight (CIF),Millions,USD,524000000.0,2025,False,Medium,Decreasing
"Estonia, Republic of",Exports of goods,Exports of goods,Free on board (FOB),Billions,USD,13172000000.0,2016,True,High,No Data
"Estonia, Republic of",Exports of goods,Exports of goods,Free on board (FOB),Billions,USD,14559000000.0,2017,True,High,Increasing
"Estonia, Republic of",Exports of goods,Exports of goods,Free on board (FOB),Billions,USD,17017000000.0,2018,True,High,Increasing
"Estonia, Republic of",Exports of goods,Exports of goods,Free on board (FOB),Billions,USD,16101000000.0,2019,True,High,Decreasing
"Estonia, Republic of",Exports of goods,Exports of goods,Free on board (FOB),Billions,USD,16341000000.000002,2020,True,High,Increasing
"Estonia, Republic of",Exports of goods,Exports of goods,Free on board (FOB),Billions,USD,21558000000.0,2021,True,High,Increasing
"Estonia, Republic of",Exports of goods,Exports of goods,Free on board (FOB),Billions,USD,22859000000.0,2022,True,High,Increasing
"Estonia, Republic of",Exports of goods,Exports of goods,Free on board (FOB),Billions,USD,19615000000.0,2023,True,High,Decreasing
"Estonia, Republic of",Exports of goods,Exports of goods,Free on board (FOB),Billions,USD,18795000000.0,2024,True,High,Decreasing
"Estonia, Republic of",Exports of goods,Exports of goods,Free on board (FOB),Billions,USD,20981000000.0,2025,True,High,Increasing
"Estonia, Republic of",Imports of goods,Imports of goods,Cost insurance freight (CIF),Billions,USD,14959000000.0,2016,False,High,No Data
"Estonia, Republic of",Imports of goods,Imports of goods,Cost insurance freight (CIF),Billions,USD,16675000000.0,2017,False,High,Increasing
"Estonia, Republic of",Imports of goods,Imports of goods,Cost insurance freight (CIF),Billions,USD,19139000000.0,2018,False,High,Increasing
"Estonia, Republic of",Imports of goods,Imports of goods,Cost insurance freight (CIF),Billions,USD,18024000000.0,2019,False,High,Decreasing
"Estonia, Republic of",Imports of goods,Imports of goods,Cost insurance freight (CIF),Billions,USD,17324000000.0,2020,False,High,Decreasing
"Estonia, Republic of",Imports of goods,Imports of goods,Cost insurance freight (CIF),Billions,USD,23614000000.0,2021,False,High,Increasing
"Estonia, Republic of",Imports of goods,Imports of goods,Cost insurance freight (CIF),Billions,USD,26764000000.0,2022,False,High,Increasing
"Estonia, Republic of",Imports of goods,Imports of goods,Cost insurance freight (CIF),Billions,USD,22858000000.0,2023,False,High,Decreasing
"Estonia, Republic of",Imports of goods,Imports of goods,Cost insurance freight (CIF),Billions,USD,22434000000.0,2024,False,High,Decreasing
"Estonia, Republic of",Imports of goods,Imports of goods,Cost insurance freight (CIF),Billions,USD,25306000000.0,2025,False,High,Increasing
"Eswatini, Kingdom of",Exports of goods,Exports of goods,Free on board (FOB),Millions,USD,1633000000.0,2016,True,Medium,No Data
"Eswatini, Kingdom of",Exports of goods,Exports of goods,Free on board (FOB),Millions,USD,1801000000.0,2017,True,Medium,Increasing
"Eswatini, Kingdom of",Exports of goods,Exports of goods,Free on board (FOB),Millions,USD,1842000000.0,2018,True,Medium,Increasing
"Eswatini, Kingdom of",Exports of goods,Exports of goods,Free on board (FOB),Millions,USD,2002000000.0,2019,True,Medium,Increasing
"Eswatini, Kingdom of",Exports of goods,Exports of goods,Free on board (FOB),Millions,USD,1752000000.0,2020,True,Medium,Decreasing
"Eswatini, Kingdom of",Exports of goods,Exports of goods,Free on board (FOB),Millions,USD,2068000000.0,2021,True,Medium,Increasing
"Eswatini, Kingdom of",Exports of goods,Exports of goods,Free on board (FOB),Millions,USD,1991000000.0,2022,True,Medium,Decreasing
"Eswatini, Kingdom of",Exports of goods,Exports of goods,Free on board (FOB),Millions,USD,2096000000.0,2023,True,Medium,Increasing
"Eswatini, Kingdom of",Exports of goods,Exports of goods,Free on board (FOB),Millions,USD,2327000000.0,2024,True,Medium,Increasing
"Eswatini, Kingdom of",Exports of goods,Exports of goods,Free on board (FOB),Millions,USD,2370000000.0,2025,True,Medium,Increasing
"Eswatini, Kingdom of",Imports of goods,Imports of goods,Cost insurance freight (CIF),Millions,USD,1476000000.0,2016,False,Medium,No Data
"Eswatini, Kingdom of",Imports of goods,Imports of goods,Cost insurance freight (CIF),Millions,USD,1612000000.0,2017,False,Medium,Increasing
"Eswatini, Kingdom of",Imports of goods,Imports of goods,Cost insurance freight (CIF),Millions,USD,1858000000.0,2018,False,Medium,Increasing
"Eswatini, Kingdom of",Imports of goods,Imports of goods,Cost insurance freight (CIF),Millions,USD,1832000000.0,2019,False,Medium,Decreasing
"Eswatini, Kingdom of",Imports of goods,Imports of goods,Cost insurance freight (CIF),Millions,USD,1605000000.0,2020,False,Medium,Decreasing
"Eswatini, Kingdom of",Imports of goods,Imports of goods,Cost insurance freight (CIF),Millions,USD,2123000000.0,2021,False,Medium,Increasing
"Eswatini, Kingdom of",Imports of goods,Imports of goods,Cost insurance freight (CIF),Millions,USD,2124000000.0,2022,False,Medium,Increasing
"Eswatini, Kingdom of",Imports of goods,Imports of goods,Cost insurance freight (CIF),Millions,USD,2039000000.0,2023,False,Medium,Decreasing
"Eswatini, Kingdom of",Imports of goods,Imports of goods,Cost insurance freight (CIF),Millions,USD,2072000000.0,2024,False,Medium,Increasing
"Eswatini, Kingdom of",Imports of goods,Imports of goods,Cost insurance freight (CIF),Millions,USD,2090000000.0,2025,False,Medium,Increasing
"Ethiopia, The Federal Democratic Republic of",Exports of goods,Exports of goods,Free on board (FOB),Thousands,USD,2789000000.0,2016,True,Medium,No Data
"Ethiopia, The Federal Democratic Republic of",Exports of goods,Exports of goods,Free on board (FOB),Thousands,USD,3022000000.0,2017,True,Medium,Increasing
"Ethiopia, The Federal Democratic Republic of",Exports of goods,Exports of goods,Free on board (FOB),Thousands,USD,2704000000.0,2018,True,Medium,Decreasing
"Ethiopia, The Federal Democratic Republic of",Exports of goods,Exports of goods,Free on board (FOB),Thousands,USD,2741000000.0,2019,True,Medium,Increasing
"Ethiopia, The Federal Democratic Republic of",Exports of goods,Exports of goods,Free on board (FOB),Thousands,USD,3258000000.0,2020,True,Medium,Increasing
"Ethiopia, The Federal Democratic Republic of",Exports of goods,Exports of goods,Free on board (FOB),Thousands,USD,3949000000.0,2021,True,Medium,Increasing
"Ethiopia, The Federal Democratic Republic of",Exports of goods,Exports of goods,Free on board (FOB),Thousands,USD,3970000000.0,2022,True,Medium,Increasing
"Ethiopia, The Federal Democratic Republic of",Exports of goods,Exports of goods,Free on board (FOB),Thousands,USD,3468000000.0,2023,True,Medium,Decreasing
"Ethiopia, The Federal Democratic Republic of",Exports of goods,Exports of goods,Free on board (FOB),Thousands,USD,5472000000.0,2024,True,Medium,Increasing
"Ethiopia, The Federal Democratic Republic of",Exports of goods,Exports of goods,Free on board (FOB),Thousands,USD,7585000000.0,2025,True,Medium,Increasing
"Ethiopia, The Federal Democratic Republic of",Imports of goods,Imports of goods,Cost insurance freight (CIF),Thousands,USD,16429000000.0,2016,False,High,No Data
"Ethiopia, The Federal Democratic Republic of",Imports of goods,Imports of goods,Cost insurance freight (CIF),Thousands,USD,15761000000.0,2017,False,High,Decreasing
"Ethiopia, The Federal Democratic Republic of",Imports of goods,Imports of goods,Cost insurance freight (CIF),Thousands,USD,15305000000.0,2018,False,High,Decreasing
"Ethiopia, The Federal Democratic Republic of",Imports of goods,Imports of goods,Cost insurance freight (CIF),Thousands,USD,14554000000.0,2019,False,High,Decreasing
"Ethiopia, The Federal Democratic Republic of",Imports of goods,Imports of goods,Cost insurance freight (CIF),Thousands,USD,13115000000.0,2020,False,High,Decreasing
"Ethiopia, The Federal Democratic Republic of",Imports of goods,Imports of goods,Cost insurance freight (CIF),Thousands,USD,15973000000.0,2021,False,High,Increasing
"Ethiopia, The Federal Democratic Republic of",Imports of goods,Imports of goods,Cost insurance freight (CIF),Thousands,USD,18663000000.0,2022,False,High,Increasing
"Ethiopia, The Federal Democratic Republic of",Imports of goods,Imports of goods,Cost insurance freight (CIF),Thousands,USD,17251000000.0,2023,False,High,Decreasing
"Ethiopia, The Federal Democratic Republic of",Imports of goods,Imports of goods,Cost insurance freight (CIF),Thousands,USD,18605000000.0,2024,False,High,Increasing
"Ethiopia, The Federal Democratic Republic of",Imports of goods,Imports of goods,Cost insurance freight (CIF),Thousands,USD,23012000000.0,2025,False,High,Increasing
"Fiji, Republic of",Exports of goods,Exports of goods,Free on board (FOB),Millions,USD,922783459.0346456,2016,True,Medium,No Data
"Fiji, Republic of",Exports of goods,Exports of goods,Free on board (FOB),Millions,USD,988425780.2430016,2017,True,Medium,Increasing
"Fiji, Republic of",Exports of goods,Exports of goods,Free on board (FOB),Millions,USD,1005385687.213719,2018,True,Medium,Increasing
"Fiji, Republic of",Exports of goods,Exports of goods,Free on board (FOB),Millions,USD,1026369909.9285179,2019,True,Medium,Increasing
"Fiji, Republic of",Exports of goods,Exports of goods,Free on board (FOB),Millions,USD,828428640.3099259,2020,True,Medium,Decreasing
"Fiji, Republic of",Exports of goods,Exports of goods,Free on board (FOB),Millions,USD,867652507.5823078,2021,True,Medium,Increasing
"Fiji, Republic of",Exports of goods,Exports of goods,Free on board (FOB),Millions,USD,1041562384.036242,2022,True,Medium,Increasing
"Fiji, Republic of",Exports of goods,Exports of goods,Free on board (FOB),Millions,USD,1059475742.311239,2023,True,Medium,Increasing
"Fiji, Republic of",Exports of goods,Exports of goods,Free on board (FOB),Millions,USD,1124290682.461983,2024,True,Medium,Increasing
"Fiji, Republic of",Exports of goods,Exports of goods,Free on board (FOB),Millions,USD,1102617860.8675,2025,True,Medium,Decreasing
"Fiji, Republic of",Imports of goods,Imports of goods,Cost insurance freight (CIF),Millions,USD,2306741939.4947753,2016,False,Medium,No Data
"Fiji, Republic of",Imports of goods,Imports of goods,Cost insurance freight (CIF),Millions,USD,2406785276.238701,2017,False,Medium,Increasing
"Fiji, Republic of",Imports of goods,Imports of goods,Cost insurance freight (CIF),Millions,USD,2725561017.51967,2018,False,Medium,Increasing
"Fiji, Republic of",Imports of goods,Imports of goods,Cost insurance freight (CIF),Millions,USD,2779011547.2422957,2019,False,Medium,Increasing
"Fiji, Republic of",Imports of goods,Imports of goods,Cost insurance freight (CIF),Millions,USD,1731704858.516923,2020,False,Medium,Decreasing
"Fiji, Republic of",Imports of goods,Imports of goods,Cost insurance freight (CIF),Millions,USD,2028765932.936668,2021,False,Medium,Increasing
"Fiji, Republic of",Imports of goods,Imports of goods,Cost insurance freight (CIF),Millions,USD,3016667935.388694,2022,False,Medium,Increasing
"Fiji, Republic of",Imports of goods,Imports of goods,Cost insurance freight (CIF),Millions,USD,3183808827.0439973,2023,False,Medium,Increasing
"Fiji, Republic of",Imports of goods,Imports of goods,Cost insurance freight (CIF),Millions,USD,3138184289.764964,2024,False,Medium,Decreasing
"Fiji, Republic of",Imports of goods,Imports of goods,Cost insurance freight (CIF),Millions,USD,3213203625.044468,2025,False,Medium,Increasing
Finland,Exports of goods,Exports of goods,Free on board (FOB),Millions,USD,57907000000.0,2016,True,High,No Data
Finland,Exports of goods,Exports of goods,Free on board (FOB),Millions,USD,68074000000.0,2017,True,High,Increasing
Finland,Exports of goods,Exports of goods,Free on board (FOB),Millions,USD,75870000000.0,2018,True,High,Increasing
Finland,Exports of goods,Exports of goods,Free on board (FOB),Millions,USD,73469000000.0,2019,True,High,Decreasing
Finland,Exports of goods,Exports of goods,Free on board (FOB),Millions,USD,66221000000.0,2020,True,High,Decreasing
Finland,Exports of goods,Exports of goods,Free on board (FOB),Millions,USD,81996000000.0,2021,True,High,Increasing
Finland,Exports of goods,Exports of goods,Free on board (FOB),Millions,USD,86070000000.0,2022,True,High,Increasing
Finland,Exports of goods,Exports of goods,Free on board (FOB),Millions,USD,82561000000.0,2023,True,High,Decreasing
Finland,Exports of goods,Exports of goods,Free on board (FOB),Millions,USD,78038000000.0,2024,True,High,Decreasing
Finland,Exports of goods,Exports of goods,Free on board (FOB),Millions,USD,84027000000.0,2025,True,High,Increasing
Finland,Imports of goods,Imports of goods,Cost insurance freight (CIF),Millions,USD,60841000000.0,2016,False,High,No Data
Finland,Imports of goods,Imports of goods,Cost insurance freight (CIF),Millions,USD,70586000000.0,2017,False,High,Increasing
Finland,Imports of goods,Imports of goods,Cost insurance freight (CIF),Millions,USD,78623000000.0,2018,False,High,Increasing
Finland,Imports of goods,Imports of goods,Cost insurance freight (CIF),Millions,USD,73716000000.0,2019,False,High,Decreasing
Finland,Imports of goods,Imports of goods,Cost insurance freight (CIF),Millions,USD,68267000000.0,2020,False,High,Decreasing
Finland,Imports of goods,Imports of goods,Cost insurance freight (CIF),Millions,USD,86013000000.0,2021,False,High,Increasing
Finland,Imports of goods,Imports of goods,Cost insurance freight (CIF),Millions,USD,97329000000.0,2022,False,High,Increasing
Finland,Imports of goods,Imports of goods,Cost insurance freight (CIF),Millions,USD,83102000000.0,2023,False,High,Decreasing
Finland,Imports of goods,Imports of goods,Cost insurance freight (CIF),Millions,USD,80986000000.0,2024,False,High,Decreasing
Finland,Imports of goods,Imports of goods,Cost insurance freight (CIF),Millions,USD,85337000000.0,2025,False,High,Increasing
France,Exports of goods,Exports of goods,Free on board (FOB),Millions,USD,501178000000.0,2016,True,High,No Data
France,Exports of goods,Exports of goods,Free on board (FOB),Millions,USD,535298000000.0,2017,True,High,Increasing
France,Exports of goods,Exports of goods,Free on board (FOB),Millions,USD,582224000000.0,2018,True,High,Increasing
France,Exports of goods,Exports of goods,Free on board (FOB),Millions,USD,570953000000.0,2019,True,High,Decreasing
France,Exports of goods,Exports of goods,Free on board (FOB),Millions,USD,488638000000.0,2020,True,High,Decreasing
France,Exports of goods,Exports of goods,Free on board (FOB),Millions,USD,585020000000.0,2021,True,High,Increasing
France,Exports of goods,Exports of goods,Free on board (FOB),Millions,USD,620462000000.0,2022,True,High,Increasing
France,Exports of goods,Exports of goods,Free on board (FOB),Millions,USD,651124000000.0,2023,True,High,Increasing
France,Exports of goods,Exports of goods,Free on board (FOB),Millions,USD,640519000000.0,2024,True,High,Decreasing
France,Exports of goods,Exports of goods,Free on board (FOB),Millions,USD,683015000000.0,2025,True,High,Increasing
France,Imports of goods,Imports of goods,Cost insurance freight (CIF),Millions,USD,567659000000.0,2016,False,High,No Data
France,Imports of goods,Imports of goods,Cost insurance freight (CIF),Millions,USD,619335000000.0,2017,False,High,Increasing
France,Imports of goods,Imports of goods,Cost insurance freight (CIF),Millions,USD,676444000000.0,2018,False,High,Increasing
France,Imports of goods,Imports of goods,Cost insurance freight (CIF),Millions,USD,654658000000.0,2019,False,High,Decreasing
France,Imports of goods,Imports of goods,Cost insurance freight (CIF),Millions,USD,581297000000.0,2020,False,High,Decreasing
France,Imports of goods,Imports of goods,Cost insurance freight (CIF),Millions,USD,715083000000.0,2021,False,High,Increasing
France,Imports of goods,Imports of goods,Cost insurance freight (CIF),Millions,USD,823216000000.0,2022,False,High,Increasing
France,Imports of goods,Imports of goods,Cost insurance freight (CIF),Millions,USD,788176000000.0,2023,False,High,Decreasing
France,Imports of goods,Imports of goods,Cost insurance freight (CIF),Millions,USD,751836000000.0,2024,False,High,Decreasing
France,Imports of goods,Imports of goods,Cost insurance freight (CIF),Millions,USD,787731000000.0,2025,False,High,Increasing
Gabon,Exports of goods,Exports of goods,Free on board (FOB),Billions,USD,9503000000.0,2016,True,High,No Data
Gabon,Exports of goods,Exports of goods,Free on board (FOB),Billions,USD,5771000000.0,2017,True,Medium,Decreasing
Gabon,Exports of goods,Exports of goods,Free on board (FOB),Billions,USD,8584000000.0,2018,True,Medium,Increasing
Gabon,Exports of goods,Exports of goods,Free on board (FOB),Billions,USD,7714000000.0,2019,True,Medium,Decreasing
Gabon,Exports of goods,Exports of goods,Free on board (FOB),Billions,USD,7345000000.0,2020,True,Medium,Decreasing
Gabon,Exports of goods,Exports of goods,Free on board (FOB),Billions,USD,8031000000.000001,2021,True,Medium,Increasing
Gabon,Exports of goods,Exports of goods,Free on board (FOB),Billions,USD,10470000000.0,2022,True,High,Increasing
Gabon,Exports of goods,Exports of goods,Free on board (FOB),Billions,USD,12695000000.0,2023,True,High,Increasing
Gabon,Exports of goods,Exports of goods,Free on board (FOB),Billions,USD,13000000000.0,2024,True,High,Increasing
Gabon,Exports of goods,Exports of goods,Free on board (FOB),Billions,USD,11600000000.0,2025,True,High,Decreasing
Gabon,Imports of goods,Imports of goods,Cost insurance freight (CIF),Billions,USD,6172000000.0,2016,False,Medium,No Data
Gabon,Imports of goods,Imports of goods,Cost insurance freight (CIF),Billions,USD,3845000000.0,2017,False,Medium,Decreasing
Gabon,Imports of goods,Imports of goods,Cost insurance freight (CIF),Billions,USD,3493000000.0,2018,False,Medium,Decreasing
Gabon,Imports of goods,Imports of goods,Cost insurance freight (CIF),Billions,USD,3874000000.0,2019,False,Medium,Increasing
Gabon,Imports of goods,Imports of goods,Cost insurance freight (CIF),Billions,USD,3484000000.0,2020,False,Medium,Decreasing
Gabon,Imports of goods,Imports of goods,Cost insurance freight (CIF),Billions,USD,3646000000.0,2021,False,Medium,Increasing
Gabon,Imports of goods,Imports of goods,Cost insurance freight (CIF),Billions,USD,4059999999.9999995,2022,False,Medium,Increasing
Gabon,Imports of goods,Imports of goods,Cost insurance freight (CIF),Billions,USD,4216999999.9999995,2023,False,Medium,Increasing
Gabon,Imports of goods,Imports of goods,Cost insurance freight (CIF),Billions,USD,4000000000.0,2024,False,Medium,Decreasing
Gabon,Imports of goods,Imports of goods,Cost insurance freight (CIF),Billions,USD,4000000000.0,2025,False,Medium,No Data
"Gambia, The",Exports of goods,Exports of goods,Free on board (FOB),Millions,USD,89417074.6125798,2016,True,Medium,No Data
"Gambia, The",Exports of goods,Exports of goods,Free on board (FOB),Millions,USD,22181744.929414302,2017,True,Medium,Decreasing
"Gambia, The",Exports of goods,Exports of goods,Free on board (FOB),Millions,USD,12269207.6994887,2018,True,Medium,Decreasing
"Gambia, The",Exports of goods,Exports of goods,Free on board (FOB),Millions,USD,30784424.699412897,2019,True,Medium,Increasing
"Gambia, The",Exports of goods,Exports of goods,Free on board (FOB),Millions,USD,27813904.6127033,2020,True,Medium,Decreasing
"Gambia, The",Exports of goods,Exports of goods,Free on board (FOB),Millions,USD,25850717.7426345,2021,True,Medium,Decreasing
"Gambia, The",Exports of goods,Exports of goods,Free on board (FOB),Millions,USD,21603000.0,2022,True,Medium,Decreasing
"Gambia, The",Exports of goods,Exports of goods,Free on board (FOB),Millions,USD,12702000.0,2023,True,Medium,Decreasing
"Gambia, The",Imports of goods,Imports of goods,Cost insurance freight (CIF),Millions,USD,362323355.53783005,2016,False,Medium,No Data
"Gambia, The",Imports of goods,Imports of goods,Cost insurance freight (CIF),Millions,USD,547791156.45634,2017,False,Medium,Increasing
"Gambia, The",Imports of goods,Imports of goods,Cost insurance freight (CIF),Millions,USD,664632694.770968,2018,False,Medium,Increasing
"Gambia, The",Imports of goods,Imports of goods,Cost insurance freight (CIF),Millions,USD,608143830.131703,2019,False,Medium,Decreasing
"Gambia, The",Imports of goods,Imports of goods,Cost insurance freight (CIF),Millions,USD,676099011.209527,2020,False,Medium,Increasing
"Gambia, The",Imports of goods,Imports of goods,Cost insurance freight (CIF),Millions,USD,694187887.696065,2021,False,Medium,Increasing
"Gambia, The",Imports of goods,Imports of goods,Cost insurance freight (CIF),Millions,USD,751905000.0,2022,False,Medium,Increasing
"Gambia, The",Imports of goods,Imports of goods,Cost insurance freight (CIF),Millions,USD,754093000.0,2023,False,Medium,Increasing
Georgia,Exports of goods,Exports of goods,Free on board (FOB),Millions,USD,2117000000.0,2016,True,Medium,No Data
Georgia,Exports of goods,Exports of goods,Free on board (FOB),Millions,USD,2746000000.0,2017,True,Medium,Increasing
Georgia,Exports of goods,Exports of goods,Free on board (FOB),Millions,USD,3380000000.0,2018,True,Medium,Increasing
Georgia,Exports of goods,Exports of goods,Free on board (FOB),Millions,USD,3798000000.0,2019,True,Medium,Increasing
Georgia,Exports of goods,Exports of goods,Free on board (FOB),Millions,USD,3341000000.0,2020,True,Medium,Decreasing
Georgia,Exports of goods,Exports of goods,Free on board (FOB),Millions,USD,4243000000.0,2021,True,Medium,Increasing
Georgia,Exports of goods,Exports of goods,Free on board (FOB),Millions,USD,5583000000.0,2022,True,Medium,Increasing
Georgia,Exports of goods,Exports of goods,Free on board (FOB),Millions,USD,6086000000.0,2023,True,Medium,Increasing
Georgia,Exports of goods,Exports of goods,Free on board (FOB),Millions,USD,6559000000.0,2024,True,Medium,Increasing
Georgia,Exports of goods,Exports of goods,Free on board (FOB),Millions,USD,7291000000.0,2025,True,Medium,Increasing
Georgia,Imports of goods,Imports of goods,Cost insurance freight (CIF),Millions,USD,7342000000.0,2016,False,Medium,No Data
Georgia,Imports of goods,Imports of goods,Cost insurance freight (CIF),Millions,USD,8057000000.0,2017,False,Medium,Increasing
Georgia,Imports of goods,Imports of goods,Cost insurance freight (CIF),Millions,USD,9362000000.0,2018,False,High,Increasing
Georgia,Imports of goods,Imports of goods,Cost insurance freight (CIF),Millions,USD,9518000000.0,2019,False,High,Increasing
Georgia,Imports of goods,Imports of goods,Cost insurance freight (CIF),Millions,USD,8049000000.0,2020,False,Medium,Decreasing
Georgia,Imports of goods,Imports of goods,Cost insurance freight (CIF),Millions,USD,10099000000.0,2021,False,High,Increasing
Georgia,Imports of goods,Imports of goods,Cost insurance freight (CIF),Millions,USD,13540000000.0,2022,False,High,Increasing
Georgia,Imports of goods,Imports of goods,Cost insurance freight (CIF),Millions,USD,15611000000.0,2023,False,High,Increasing
Georgia,Imports of goods,Imports of goods,Cost insurance freight (CIF),Millions,USD,16889000000.0,2024,False,High,Increasing
Georgia,Imports of goods,Imports of goods,Cost insurance freight (CIF),Millions,USD,18530000000.0,2025,False,High,Increasing
Germany,Exports of goods,Exports of goods,Free on board (FOB),Millions,USD,1334356000000.0,2016,True,High,No Data
Germany,Exports of goods,Exports of goods,Free on board (FOB),Millions,USD,1448191000000.0,2017,True,High,Increasing
Germany,Exports of goods,Exports of goods,Free on board (FOB),Millions,USD,1560538000000.0,2018,True,High,Increasing
Germany,Exports of goods,Exports of goods,Free on board (FOB),Millions,USD,1489411000000.0,2019,True,High,Decreasing
Germany,Exports of goods,Exports of goods,Free on board (FOB),Millions,USD,1382534000000.0,2020,True,High,Decreasing
Germany,Exports of goods,Exports of goods,Free on board (FOB),Millions,USD,1627377000000.0,2021,True,High,Increasing
Germany,Exports of goods,Exports of goods,Free on board (FOB),Millions,USD,1676470000000.0,2022,True,High,Increasing
Germany,Exports of goods,Exports of goods,Free on board (FOB),Millions,USD,1702278000000.0,2023,True,High,Increasing
Germany,Exports of goods,Exports of goods,Free on board (FOB),Millions,USD,1676406000000.0,2024,True,High,Decreasing
Germany,Exports of goods,Exports of goods,Free on board (FOB),Millions,USD,1764939000000.0,2025,True,High,Increasing
Germany,Imports of goods,Imports of goods,Cost insurance freight (CIF),Millions,USD,1055327000000.0,2016,False,High,No Data
Germany,Imports of goods,Imports of goods,Cost insurance freight (CIF),Millions,USD,1162907000000.0,2017,False,High,Increasing
Germany,Imports of goods,Imports of goods,Cost insurance freight (CIF),Millions,USD,1284351000000.0,2018,False,High,Increasing
Germany,Imports of goods,Imports of goods,Cost insurance freight (CIF),Millions,USD,1233978000000.0,2019,False,High,Decreasing
Germany,Imports of goods,Imports of goods,Cost insurance freight (CIF),Millions,USD,1171782000000.0,2020,False,High,Decreasing
Germany,Imports of goods,Imports of goods,Cost insurance freight (CIF),Millions,USD,1411439000000.0,2021,False,High,Increasing
Germany,Imports of goods,Imports of goods,Cost insurance freight (CIF),Millions,USD,1583618000000.0,2022,False,High,Increasing
Germany,Imports of goods,Imports of goods,Cost insurance freight (CIF),Millions,USD,1467598000000.0,2023,False,High,Decreasing
Germany,Imports of goods,Imports of goods,Cost insurance freight (CIF),Millions,USD,1414154000000.0,2024,False,High,Decreasing
Germany,Imports of goods,Imports of goods,Cost insurance freight (CIF),Millions,USD,1538477000000.0,2025,False,High,Increasing
Ghana,Exports of goods,Exports of goods,Free on board (FOB),Millions,USD,11068731588.67775,2016,True,High,No Data
Ghana,Exports of goods,Exports of goods,Free on board (FOB),Millions,USD,13835020000.0,2017,True,High,Increasing
Ghana,Exports of goods,Exports of goods,Free on board (FOB),Millions,USD,14868067120.008131,2018,True,High,Increasing
Ghana,Exports of goods,Exports of goods,Free on board (FOB),Millions,USD,15579321756.93853,2019,True,High,Increasing
Ghana,Exports of goods,Exports of goods,Free on board (FOB),Millions,USD,14462372393.23861,2020,True,High,Decreasing
Ghana,Exports of goods,Exports of goods,Free on board (FOB),Millions,USD,14727459381.07282,2021,True,High,Increasing
Ghana,Exports of goods,Exports of goods,Free on board (FOB),Millions,USD,17494360981.46972,2022,True,High,Increasing
Ghana,Exports of goods,Exports of goods,Free on board (FOB),Millions,USD,16689114072.74556,2023,True,High,Decreasing
Ghana,Imports of goods,Imports of goods,Free on board (FOB),Millions,USD,12770461712.41306,2016,False,High,No Data
Ghana,Imports of goods,Imports of goods,Free on board (FOB),Millions,USD,12647350000.0,2017,False,High,Decreasing
Ghana,Imports of goods,Imports of goods,Free on board (FOB),Millions,USD,13089276045.75938,2018,False,High,Increasing
Ghana,Imports of goods,Imports of goods,Free on board (FOB),Millions,USD,13391838927.10718,2019,False,High,Increasing
Ghana,Imports of goods,Imports of goods,Free on board (FOB),Millions,USD,12428520589.396551,2020,False,High,Decreasing
Ghana,Imports of goods,Imports of goods,Free on board (FOB),Millions,USD,13628516077.214779,2021,False,High,Increasing
Ghana,Imports of goods,Imports of goods,Free on board (FOB),Millions,USD,14621226762.936651,2022,False,High,Increasing
Ghana,Imports of goods,Imports of goods,Free on board (FOB),Millions,USD,14010467480.37913,2023,False,High,Decreasing
Greece,Exports of goods,Exports of goods,Free on board (FOB),Billions,USD,28152000000.0,2016,True,High,No Data
Greece,Exports of goods,Exports of goods,Free on board (FOB),Billions,USD,32627000000.000004,2017,True,High,Increasing
Greece,Exports of goods,Exports of goods,Free on board (FOB),Billions,USD,39502000000.0,2018,True,High,Increasing
Greece,Exports of goods,Exports of goods,Free on board (FOB),Billions,USD,37907000000.0,2019,True,High,Decreasing
Greece,Exports of goods,Exports of goods,Free on board (FOB),Billions,USD,35215000000.0,2020,True,High,Decreasing
Greece,Exports of goods,Exports of goods,Free on board (FOB),Billions,USD,47218000000.0,2021,True,High,Increasing
Greece,Exports of goods,Exports of goods,Free on board (FOB),Billions,USD,58523000000.0,2022,True,High,Increasing
Greece,Exports of goods,Exports of goods,Free on board (FOB),Billions,USD,55152000000.0,2023,True,High,Decreasing
Greece,Exports of goods,Exports of goods,Free on board (FOB),Billions,USD,54093000000.0,2024,True,High,Decreasing
Greece,Exports of goods,Exports of goods,Free on board (FOB),Billions,USD,54950000000.0,2025,True,High,Increasing
Greece,Imports of goods,Imports of goods,Cost insurance freight (CIF),Billions,USD,46809000000.0,2016,False,High,No Data
Greece,Imports of goods,Imports of goods,Cost insurance freight (CIF),Billions,USD,53497000000.0,2017,False,High,Increasing
Greece,Imports of goods,Imports of goods,Cost insurance freight (CIF),Billions,USD,63877000000.0,2018,False,High,Increasing
Greece,Imports of goods,Imports of goods,Cost insurance freight (CIF),Billions,USD,62385000000.0,2019,False,High,Decreasing
Greece,Imports of goods,Imports of goods,Cost insurance freight (CIF),Billions,USD,55948000000.0,2020,False,High,Decreasing
Greece,Imports of goods,Imports of goods,Cost insurance freight (CIF),Billions,USD,77106000000.0,2021,False,High,Increasing
Greece,Imports of goods,Imports of goods,Cost insurance freight (CIF),Billions,USD,99283000000.0,2022,False,High,Increasing
Greece,Imports of goods,Imports of goods,Cost insurance freight (CIF),Billions,USD,89841000000.0,2023,False,High,Decreasing
Greece,Imports of goods,Imports of goods,Cost insurance freight (CIF),Billions,USD,92589000000.0,2024,False,High,Increasing
Greece,Imports of goods,Imports of goods,Cost insurance freight (CIF),Billions,USD,92890000000.0,2025,False,High,Increasing
Grenada,Exports of goods,Exports of goods,Free on board (FOB),Millions,USD,30000000.0,2016,True,Medium,No Data
Grenada,Exports of goods,Exports of goods,Free on board (FOB),Millions,USD,30000000.0,2017,True,Medium,No Data
Grenada,Exports of goods,Exports of goods,Free on board (FOB),Millions,USD,31000000.0,2018,True,Medium,Increasing
Grenada,Exports of goods,Exports of goods,Free on board (FOB),Millions,USD,34000000.0,2019,True,Medium,Increasing
Grenada,Exports of goods,Exports of goods,Free on board (FOB),Millions,USD,25000000.0,2020,True,Medium,Decreasing
Grenada,Exports of goods,Exports of goods,Free on board (FOB),Millions,USD,35000000.0,2021,True,Medium,Increasing
Grenada,Exports of goods,Exports of goods,Free on board (FOB),Millions,USD,37000000.0,2022,True,Medium,Increasing
Grenada,Exports of goods,Exports of goods,Free on board (FOB),Millions,USD,46000000.0,2023,True,Medium,Increasing
Grenada,Exports of goods,Exports of goods,Free on board (FOB),Millions,USD,43000000.0,2024,True,Medium,Decreasing
Grenada,Exports of goods,Exports of goods,Free on board (FOB),Millions,USD,35000000.0,2025,True,Medium,Decreasing
Grenada,Imports of goods,Imports of goods,Cost insurance freight (CIF),Millions,USD,351000000.0,2016,False,Medium,No Data
Grenada,Imports of goods,Imports of goods,Cost insurance freight (CIF),Millions,USD,420000000.0,2017,False,Medium,Increasing
Grenada,Imports of goods,Imports of goods,Cost insurance freight (CIF),Millions,USD,467000000.0,2018,False,Medium,Increasing
Grenada,Imports of goods,Imports of goods,Cost insurance freight (CIF),Millions,USD,480000000.0,2019,False,Medium,Increasing
Grenada,Imports of goods,Imports of goods,Cost insurance freight (CIF),Millions,USD,395000000.0,2020,False,Medium,Decreasing
Grenada,Imports of goods,Imports of goods,Cost insurance freight (CIF),Millions,USD,447000000.0,2021,False,Medium,Increasing
Grenada,Imports of goods,Imports of goods,Cost insurance freight (CIF),Millions,USD,589000000.0,2022,False,Medium,Increasing
Grenada,Imports of goods,Imports of goods,Cost insurance freight (CIF),Millions,USD,609000000.0,2023,False,Medium,Increasing
Grenada,Imports of goods,Imports of goods,Cost insurance freight (CIF),Millions,USD,635000000.0,2024,False,Medium,Increasing
Grenada,Imports of goods,Imports of goods,Cost insurance freight (CIF),Millions,USD,653000000.0,2025,False,Medium,Increasing
Guatemala,Exports of goods,Exports of goods,Free on board (FOB),Millions,USD,10447000000.0,2016,True,High,No Data
Guatemala,Exports of goods,Exports of goods,Free on board (FOB),Millions,USD,10989000000.0,2017,True,High,Increasing
Guatemala,Exports of goods,Exports of goods,Free on board (FOB),Millions,USD,10769000000.0,2018,True,High,Decreasing
Guatemala,Exports of goods,Exports of goods,Free on board (FOB),Millions,USD,11176000000.0,2019,True,High,Increasing
Guatemala,Exports of goods,Exports of goods,Free on board (FOB),Millions,USD,11521000000.0,2020,True,High,Increasing
Guatemala,Exports of goods,Exports of goods,Free on board (FOB),Millions,USD,13752000000.0,2021,True,High,Increasing
Guatemala,Exports of goods,Exports of goods,Free on board (FOB),Millions,USD,15696000000.0,2022,True,High,Increasing
Guatemala,Exports of goods,Exports of goods,Free on board (FOB),Millions,USD,14199000000.0,2023,True,High,Decreasing
Guatemala,Exports of goods,Exports of goods,Free on board (FOB),Millions,USD,14602000000.0,2024,True,High,Increasing
Guatemala,Exports of goods,Exports of goods,Free on board (FOB),Millions,USD,15558000000.0,2025,True,High,Increasing
Guatemala,Imports of goods,Imports of goods,Cost insurance freight (CIF),Millions,USD,17001000000.0,2016,False,High,No Data
Guatemala,Imports of goods,Imports of goods,Cost insurance freight (CIF),Millions,USD,18390000000.0,2017,False,High,Increasing
Guatemala,Imports of goods,Imports of goods,Cost insurance freight (CIF),Millions,USD,19699000000.0,2018,False,High,Increasing
Guatemala,Imports of goods,Imports of goods,Cost insurance freight (CIF),Millions,USD,19884000000.0,2019,False,High,Increasing
Guatemala,Imports of goods,Imports of goods,Cost insurance freight (CIF),Millions,USD,18207000000.0,2020,False,High,Decreasing
Guatemala,Imports of goods,Imports of goods,Cost insurance freight (CIF),Millions,USD,26606000000.0,2021,False,High,Increasing
Guatemala,Imports of goods,Imports of goods,Cost insurance freight (CIF),Millions,USD,32115000000.0,2022,False,High,Increasing
Guatemala,Imports of goods,Imports of goods,Cost insurance freight (CIF),Millions,USD,30317000000.0,2023,False,High,Decreasing
Guatemala,Imports of goods,Imports of goods,Cost insurance freight (CIF),Millions,USD,32487000000.0,2024,False,High,Increasing
Guatemala,Imports of goods,Imports of goods,Cost insurance freight (CIF),Millions,USD,34609000000.0,2025,False,High,Increasing
Guinea,Exports of goods,Exports of goods,Free on board (FOB),Billions,USD,2414000000.0,2016,True,Medium,No Data
Guinea,Exports of goods,Exports of goods,Free on board (FOB),Billions,USD,4594000000.0,2017,True,Medium,Increasing
Guinea,Exports of goods,Exports of goods,Free on board (FOB),Billions,USD,3978000000.0,2018,True,Medium,Decreasing
Guinea,Exports of goods,Exports of goods,Free on board (FOB),Billions,USD,3945000000.0,2019,True,Medium,Decreasing
Guinea,Exports of goods,Exports of goods,Free on board (FOB),Billions,USD,8931000000.0,2020,True,Medium,Increasing
Guinea,Exports of goods,Exports of goods,Free on board (FOB),Billions,USD,10239000000.0,2021,True,High,Increasing
Guinea,Exports of goods,Exports of goods,Free on board (FOB),Billions,USD,8753000000.0,2022,True,Medium,Decreasing
Guinea,Exports of goods,Exports of goods,Free on board (FOB),Billions,USD,9180000000.0,2023,True,High,Increasing
Guinea,Exports of goods,Exports of goods,Free on board (FOB),Billions,USD,9850000000.0,2024,True,High,Increasing
Guinea,Exports of goods,Exports of goods,Free on board (FOB),Billions,USD,15104000000.0,2025,True,High,Increasing
Guinea,Imports of goods,Imports of goods,Cost insurance freight (CIF),Billions,USD,4429000000.0,2016,False,Medium,No Data
Guinea,Imports of goods,Imports of goods,Cost insurance freight (CIF),Billions,USD,3484000000.0,2017,False,Medium,Decreasing
Guinea,Imports of goods,Imports of goods,Cost insurance freight (CIF),Billions,USD,3386000000.0,2018,False,Medium,Decreasing
Guinea,Imports of goods,Imports of goods,Cost insurance freight (CIF),Billions,USD,3470000000.0,2019,False,Medium,Increasing
Guinea,Imports of goods,Imports of goods,Cost insurance freight (CIF),Billions,USD,3727000000.0,2020,False,Medium,Increasing
Guinea,Imports of goods,Imports of goods,Cost insurance freight (CIF),Billions,USD,4187000000.0000005,2021,False,Medium,Increasing
Guinea,Imports of goods,Imports of goods,Cost insurance freight (CIF),Billions,USD,4843000000.0,2022,False,Medium,Increasing
Guinea,Imports of goods,Imports of goods,Cost insurance freight (CIF),Billions,USD,4844000000.0,2023,False,Medium,Increasing
Guinea,Imports of goods,Imports of goods,Cost insurance freight (CIF),Billions,USD,5881000000.0,2024,False,Medium,Increasing
Guinea,Imports of goods,Imports of goods,Cost insurance freight (CIF),Billions,USD,8343999999.999999,2025,False,Medium,Increasing
Guinea-Bissau,Exports of goods,Exports of goods,Free on board (FOB),Millions,USD,277000000.0,2016,True,Medium,No Data
Guinea-Bissau,Exports of goods,Exports of goods,Free on board (FOB),Millions,USD,339000000.0,2017,True,Medium,Increasing
Guinea-Bissau,Exports of goods,Exports of goods,Free on board (FOB),Millions,USD,339000000.0,2018,True,Medium,No Data
Guinea-Bissau,Exports of goods,Exports of goods,Free on board (FOB),Millions,USD,249000000.0,2019,True,Medium,Decreasing
Guinea-Bissau,Exports of goods,Exports of goods,Free on board (FOB),Millions,USD,214000000.0,2020,True,Medium,Decreasing
Guinea-Bissau,Exports of goods,Exports of goods,Free on board (FOB),Millions,USD,300000000.0,2021,True,Medium,Increasing
Guinea-Bissau,Exports of goods,Exports of goods,Free on board (FOB),Millions,USD,245000000.0,2022,True,Medium,Decreasing
Guinea-Bissau,Exports of goods,Exports of goods,Free on board (FOB),Millions,USD,240000000.0,2023,True,Medium,Decreasing
Guinea-Bissau,Exports of goods,Exports of goods,Free on board (FOB),Millions,USD,229000000.0,2024,True,Medium,Decreasing
Guinea-Bissau,Exports of goods,Exports of goods,Free on board (FOB),Millions,USD,313000000.0,2025,True,Medium,Increasing
Guinea-Bissau,Imports of goods,Imports of goods,Cost insurance freight (CIF),Millions,USD,279000000.0,2016,False,Medium,No Data
Guinea-Bissau,Imports of goods,Imports of goods,Cost insurance freight (CIF),Millions,USD,353000000.0,2017,False,Medium,Increasing
Guinea-Bissau,Imports of goods,Imports of goods,Cost insurance freight (CIF),Millions,USD,345000000.0,2018,False,Medium,Decreasing
Guinea-Bissau,Imports of goods,Imports of goods,Cost insurance freight (CIF),Millions,USD,385000000.0,2019,False,Medium,Increasing
Guinea-Bissau,Imports of goods,Imports of goods,Cost insurance freight (CIF),Millions,USD,361000000.0,2020,False,Medium,Decreasing
Guinea-Bissau,Imports of goods,Imports of goods,Cost insurance freight (CIF),Millions,USD,412000000.0,2021,False,Medium,Increasing
Guinea-Bissau,Imports of goods,Imports of goods,Cost insurance freight (CIF),Millions,USD,469000000.0,2022,False,Medium,Increasing
Guinea-Bissau,Imports of goods,Imports of goods,Cost insurance freight (CIF),Millions,USD,474000000.0,2023,False,Medium,Increasing
Guinea-Bissau,Imports of goods,Imports of goods,Cost insurance freight (CIF),Millions,USD,486000000.0,2024,False,Medium,Increasing
Guinea-Bissau,Imports of goods,Imports of goods,Cost insurance freight (CIF),Millions,USD,489000000.0,2025,False,Medium,Increasing
Guyana,Exports of goods,Exports of goods,Free on board (FOB),Millions,USD,1421600100.0,2016,True,Medium,No Data
Guyana,Exports of goods,Exports of goods,Free on board (FOB),Millions,USD,1427920800.0,2017,True,Medium,Increasing
Guyana,Exports of goods,Exports of goods,Free on board (FOB),Millions,USD,1363319700.0,2018,True,Medium,Decreasing
Guyana,Exports of goods,Exports of goods,Free on board (FOB),Millions,USD,1498798500.0,2019,True,Medium,Increasing
Guyana,Exports of goods,Exports of goods,Free on board (FOB),Millions,USD,2558639289.474191,2020,True,Medium,Increasing
Guyana,Exports of goods,Exports of goods,Free on board (FOB),Millions,USD,4317742584.213357,2021,True,Medium,Increasing
Guyana,Exports of goods,Exports of goods,Free on board (FOB),Millions,USD,11223187015.98492,2022,True,High,Increasing
Guyana,Exports of goods,Exports of goods,Free on board (FOB),Millions,USD,12915160730.19478,2023,True,High,Increasing
Guyana,Exports of goods,Exports of goods,Free on board (FOB),Millions,USD,19528569432.89621,2024,True,High,Increasing
Guyana,Exports of goods,Exports of goods,Free on board (FOB),Millions,USD,20003376654.45398,2025,True,High,Increasing
Guyana,Imports of goods,Imports of goods,Cost insurance freight (CIF),Millions,USD,1458026622.5598972,2016,False,Medium,No Data
Guyana,Imports of goods,Imports of goods,Cost insurance freight (CIF),Millions,USD,1637467177.977756,2017,False,Medium,Increasing
Guyana,Imports of goods,Imports of goods,Cost insurance freight (CIF),Millions,USD,2400686670.34737,2018,False,Medium,Increasing
Guyana,Imports of goods,Imports of goods,Cost insurance freight (CIF),Millions,USD,4027944939.091971,2019,False,Medium,Increasing
Guyana,Imports of goods,Imports of goods,Cost insurance freight (CIF),Millions,USD,2241203460.9093847,2020,False,Medium,Decreasing
Guyana,Imports of goods,Imports of goods,Cost insurance freight (CIF),Millions,USD,4364694260.927594,2021,False,Medium,Increasing
Guyana,Imports of goods,Imports of goods,Cost insurance freight (CIF),Millions,USD,3609675781.967167,2022,False,Medium,Decreasing
Guyana,Imports of goods,Imports of goods,Cost insurance freight (CIF),Millions,USD,6623146634.630187,2023,False,Medium,Increasing
Guyana,Imports of goods,Imports of goods,Cost insurance freight (CIF),Millions,USD,6815110390.739888,2024,False,Medium,Increasing
Guyana,Imports of goods,Imports of goods,Cost insurance freight (CIF),Millions,USD,10234637351.24783,2025,False,High,Increasing
Haiti,Exports of goods,Exports of goods,Free on board (FOB),Millions,USD,1007000000.0,2016,True,Medium,No Data
Haiti,Exports of goods,Exports of goods,Free on board (FOB),Millions,USD,982000000.0,2017,True,Medium,Decreasing
Haiti,Exports of goods,Exports of goods,Free on board (FOB),Millions,USD,1078000000.0,2018,True,Medium,Increasing
Haiti,Exports of goods,Exports of goods,Free on board (FOB),Millions,USD,1147000000.0,2019,True,Medium,Increasing
Haiti,Exports of goods,Exports of goods,Free on board (FOB),Millions,USD,885000000.0,2020,True,Medium,Decreasing
Haiti,Exports of goods,Exports of goods,Free on board (FOB),Millions,USD,1084000000.0,2021,True,Medium,Increasing
Haiti,Exports of goods,Exports of goods,Free on board (FOB),Millions,USD,1254000000.0,2022,True,Medium,Increasing
Haiti,Exports of goods,Exports of goods,Free on board (FOB),Millions,USD,956000000.0,2023,True,Medium,Decreasing
Haiti,Exports of goods,Exports of goods,Free on board (FOB),Millions,USD,680000000.0,2024,True,Medium,Decreasing
Haiti,Exports of goods,Exports of goods,Free on board (FOB),Millions,USD,554000000.0,2025,True,Medium,Decreasing
Haiti,Imports of goods,Imports of goods,Cost insurance freight (CIF),Millions,USD,3786000000.0,2016,False,Medium,No Data
Haiti,Imports of goods,Imports of goods,Cost insurance freight (CIF),Millions,USD,4221000000.0,2017,False,Medium,Increasing
Haiti,Imports of goods,Imports of goods,Cost insurance freight (CIF),Millions,USD,4917000000.0,2018,False,Medium,Increasing
Haiti,Imports of goods,Imports of goods,Cost insurance freight (CIF),Millions,USD,4505000000.0,2019,False,Medium,Decreasing
Haiti,Imports of goods,Imports of goods,Cost insurance freight (CIF),Millions,USD,3934000000.0,2020,False,Medium,Decreasing
Haiti,Imports of goods,Imports of goods,Cost insurance freight (CIF),Millions,USD,4717000000.0,2021,False,Medium,Increasing
Haiti,Imports of goods,Imports of goods,Cost insurance freight (CIF),Millions,USD,4744000000.0,2022,False,Medium,Increasing
Haiti,Imports of goods,Imports of goods,Cost insurance freight (CIF),Millions,USD,4715000000.0,2023,False,Medium,Decreasing
Haiti,Imports of goods,Imports of goods,Cost insurance freight (CIF),Millions,USD,4246000000.0,2024,False,Medium,Decreasing
Haiti,Imports of goods,Imports of goods,Cost insurance freight (CIF),Millions,USD,4628000000.0,2025,False,Medium,Increasing
Honduras,Exports of goods,Exports of goods,Free on board (FOB),Millions,USD,3887292650.046466,2016,True,Medium,No Data
Honduras,Exports of goods,Exports of goods,Free on board (FOB),Millions,USD,4564202771.28161,2017,True,Medium,Increasing
Honduras,Exports of goods,Exports of goods,Free on board (FOB),Millions,USD,4333349107.487857,2018,True,Medium,Decreasing
Honduras,Exports of goods,Exports of goods,Free on board (FOB),Millions,USD,4232961043.492527,2019,True,Medium,Decreasing
Honduras,Exports of goods,Exports of goods,Free on board (FOB),Millions,USD,4258555318.9167433,2020,True,Medium,Increasing
Honduras,Exports of goods,Exports of goods,Free on board (FOB),Millions,USD,5180563612.07005,2021,True,Medium,Increasing
Honduras,Exports of goods,Exports of goods,Free on board (FOB),Millions,USD,6116234187.924492,2022,True,Medium,Increasing
Honduras,Exports of goods,Exports of goods,Free on board (FOB),Millions,USD,5950965769.509328,2023,True,Medium,Decreasing
Honduras,Exports of goods,Exports of goods,Free on board (FOB),Millions,USD,5638313411.120118,2024,True,Medium,Decreasing
Honduras,Exports of goods,Exports of goods,Free on board (FOB),Millions,USD,6843860652.190075,2025,True,Medium,Increasing
Honduras,Imports of goods,Imports of goods,Cost insurance freight (CIF),Millions,USD,8912750791.574814,2016,False,Medium,No Data
Honduras,Imports of goods,Imports of goods,Cost insurance freight (CIF),Millions,USD,9684399873.87068,2017,False,High,Increasing
Honduras,Imports of goods,Imports of goods,Cost insurance freight (CIF),Millions,USD,10724418890.487501,2018,False,High,Increasing
Honduras,Imports of goods,Imports of goods,Cost insurance freight (CIF),Millions,USD,10354176695.9574,2019,False,High,Decreasing
Honduras,Imports of goods,Imports of goods,Cost insurance freight (CIF),Millions,USD,8957719375.718996,2020,False,Medium,Decreasing
Honduras,Imports of goods,Imports of goods,Cost insurance freight (CIF),Millions,USD,13472455712.16328,2021,False,High,Increasing
Honduras,Imports of goods,Imports of goods,Cost insurance freight (CIF),Millions,USD,16313636734.38169,2022,False,High,Increasing
Honduras,Imports of goods,Imports of goods,Cost insurance freight (CIF),Millions,USD,16051522084.27051,2023,False,High,Decreasing
Honduras,Imports of goods,Imports of goods,Cost insurance freight (CIF),Millions,USD,16259327772.35005,2024,False,High,Increasing
Honduras,Imports of goods,Imports of goods,Cost insurance freight (CIF),Millions,USD,17127494032.801409,2025,False,High,Increasing
"Hong Kong Special Administrative Region, People's Republic of China",Exports of goods,Exports of goods,Free on board (FOB),Millions,USD,516635000000.0,2016,True,High,No Data
"Hong Kong Special Administrative Region, People's Republic of China",Exports of goods,Exports of goods,Free on board (FOB),Millions,USD,549864000000.0,2017,True,High,Increasing
"Hong Kong Special Administrative Region, People's Republic of China",Exports of goods,Exports of goods,Free on board (FOB),Millions,USD,568454000000.0,2018,True,High,Increasing
"Hong Kong Special Administrative Region, People's Republic of China",Exports of goods,Exports of goods,Free on board (FOB),Millions,USD,534888000000.0,2019,True,High,Decreasing
"Hong Kong Special Administrative Region, People's Republic of China",Exports of goods,Exports of goods,Free on board (FOB),Millions,USD,548774000000.0,2020,True,High,Increasing
"Hong Kong Special Administrative Region, People's Republic of China",Exports of goods,Exports of goods,Free on board (FOB),Millions,USD,669904000000.0,2021,True,High,Increasing
"Hong Kong Special Administrative Region, People's Republic of China",Exports of goods,Exports of goods,Free on board (FOB),Millions,USD,609923000000.0,2022,True,High,Decreasing
"Hong Kong Special Administrative Region, People's Republic of China",Exports of goods,Exports of goods,Free on board (FOB),Millions,USD,573869000000.0,2023,True,High,Decreasing
"Hong Kong Special Administrative Region, People's Republic of China",Exports of goods,Exports of goods,Free on board (FOB),Millions,USD,639712000000.0,2024,True,High,Increasing
"Hong Kong Special Administrative Region, People's Republic of China",Exports of goods,Exports of goods,Free on board (FOB),Millions,USD,753579000000.0,2025,True,High,Increasing
"Hong Kong Special Administrative Region, People's Republic of China",Imports of goods,Imports of goods,Cost insurance freight (CIF),Millions,USD,546519000000.0,2016,False,High,No Data
"Hong Kong Special Administrative Region, People's Republic of China",Imports of goods,Imports of goods,Cost insurance freight (CIF),Millions,USD,588912000000.0,2017,False,High,Increasing
"Hong Kong Special Administrative Region, People's Republic of China",Imports of goods,Imports of goods,Cost insurance freight (CIF),Millions,USD,626614000000.0,2018,False,High,Increasing
"Hong Kong Special Administrative Region, People's Republic of China",Imports of goods,Imports of goods,Cost insurance freight (CIF),Millions,USD,577834000000.0,2019,False,High,Decreasing
"Hong Kong Special Administrative Region, People's Republic of China",Imports of goods,Imports of goods,Cost insurance freight (CIF),Millions,USD,569767000000.0,2020,False,High,Decreasing
"Hong Kong Special Administrative Region, People's Republic of China",Imports of goods,Imports of goods,Cost insurance freight (CIF),Millions,USD,712357000000.0,2021,False,High,Increasing
"Hong Kong Special Administrative Region, People's Republic of China",Imports of goods,Imports of goods,Cost insurance freight (CIF),Millions,USD,667553000000.0,2022,False,High,Decreasing
"Hong Kong Special Administrative Region, People's Republic of China",Imports of goods,Imports of goods,Cost insurance freight (CIF),Millions,USD,653696000000.0,2023,False,High,Decreasing
"Hong Kong Special Administrative Region, People's Republic of China",Imports of goods,Imports of goods,Cost insurance freight (CIF),Millions,USD,697077000000.0,2024,False,High,Increasing
"Hong Kong Special Administrative Region, People's Republic of China",Imports of goods,Imports of goods,Cost insurance freight (CIF),Millions,USD,831833000000.0,2025,False,High,Increasing
Hungary,Exports of goods,Exports of goods,Free on board (FOB),Billions,USD,101920000000.0,2016,True,High,No Data
Hungary,Exports of goods,Exports of goods,Free on board (FOB),Billions,USD,113805000000.0,2017,True,High,Increasing
Hungary,Exports of goods,Exports of goods,Free on board (FOB),Billions,USD,124705000000.0,2018,True,High,Increasing
Hungary,Exports of goods,Exports of goods,Free on board (FOB),Billions,USD,123797000000.0,2019,True,High,Decreasing
Hungary,Exports of goods,Exports of goods,Free on board (FOB),Billions,USD,120654000000.0,2020,True,High,Decreasing
Hungary,Exports of goods,Exports of goods,Free on board (FOB),Billions,USD,141831000000.0,2021,True,High,Increasing
Hungary,Exports of goods,Exports of goods,Free on board (FOB),Billions,USD,155793000000.0,2022,True,High,Increasing
Hungary,Exports of goods,Exports of goods,Free on board (FOB),Billions,USD,166427000000.0,2023,True,High,Increasing
Hungary,Exports of goods,Exports of goods,Free on board (FOB),Billions,USD,159268000000.0,2024,True,High,Decreasing
Hungary,Exports of goods,Exports of goods,Free on board (FOB),Billions,USD,168943000000.0,2025,True,High,Increasing
Hungary,Imports of goods,Imports of goods,Cost insurance freight (CIF),Billions,USD,93881000000.0,2016,False,High,No Data
Hungary,Imports of goods,Imports of goods,Cost insurance freight (CIF),Billions,USD,107522000000.0,2017,False,High,Increasing
Hungary,Imports of goods,Imports of goods,Cost insurance freight (CIF),Billions,USD,120740000000.0,2018,False,High,Increasing
Hungary,Imports of goods,Imports of goods,Cost insurance freight (CIF),Billions,USD,120589000000.0,2019,False,High,Decreasing
Hungary,Imports of goods,Imports of goods,Cost insurance freight (CIF),Billions,USD,116019000000.0,2020,False,High,Decreasing
Hungary,Imports of goods,Imports of goods,Cost insurance freight (CIF),Billions,USD,142917000000.0,2021,False,High,Increasing
Hungary,Imports of goods,Imports of goods,Cost insurance freight (CIF),Billions,USD,163973000000.0,2022,False,High,Increasing
Hungary,Imports of goods,Imports of goods,Cost insurance freight (CIF),Billions,USD,155815000000.0,2023,False,High,Decreasing
Hungary,Imports of goods,Imports of goods,Cost insurance freight (CIF),Billions,USD,150221000000.0,2024,False,High,Decreasing
Hungary,Imports of goods,Imports of goods,Cost insurance freight (CIF),Billions,USD,159955000000.0,2025,False,High,Increasing
Iceland,Exports of goods,Exports of goods,Free on board (FOB),Billions,USD,4437000000.0,2016,True,Medium,No Data
Iceland,Exports of goods,Exports of goods,Free on board (FOB),Billions,USD,4877000000.0,2017,True,Medium,Increasing
Iceland,Exports of goods,Exports of goods,Free on board (FOB),Billions,USD,5558000000.0,2018,True,Medium,Increasing
Iceland,Exports of goods,Exports of goods,Free on board (FOB),Billions,USD,5223000000.0,2019,True,Medium,Decreasing
Iceland,Exports of goods,Exports of goods,Free on board (FOB),Billions,USD,4582000000.0,2020,True,Medium,Decreasing
Iceland,Exports of goods,Exports of goods,Free on board (FOB),Billions,USD,5989000000.0,2021,True,Medium,Increasing
Iceland,Exports of goods,Exports of goods,Free on board (FOB),Billions,USD,7391000000.0,2022,True,Medium,Increasing
Iceland,Exports of goods,Exports of goods,Free on board (FOB),Billions,USD,6791000000.0,2023,True,Medium,Decreasing
Iceland,Exports of goods,Exports of goods,Free on board (FOB),Billions,USD,6936000000.0,2024,True,Medium,Increasing
Iceland,Exports of goods,Exports of goods,Free on board (FOB),Billions,USD,7182000000.0,2025,True,Medium,Increasing
Iceland,Imports of goods,Imports of goods,Cost insurance freight (CIF),Billions,USD,5671000000.0,2016,False,Medium,No Data
Iceland,Imports of goods,Imports of goods,Cost insurance freight (CIF),Billions,USD,6965000000.0,2017,False,Medium,Increasing
Iceland,Imports of goods,Imports of goods,Cost insurance freight (CIF),Billions,USD,7679000000.0,2018,False,Medium,Increasing
Iceland,Imports of goods,Imports of goods,Cost insurance freight (CIF),Billions,USD,6567000000.0,2019,False,Medium,Decreasing
Iceland,Imports of goods,Imports of goods,Cost insurance freight (CIF),Billions,USD,5697000000.0,2020,False,Medium,Decreasing
Iceland,Imports of goods,Imports of goods,Cost insurance freight (CIF),Billions,USD,7815000000.0,2021,False,Medium,Increasing
Iceland,Imports of goods,Imports of goods,Cost insurance freight (CIF),Billions,USD,9592000000.0,2022,False,High,Increasing
Iceland,Imports of goods,Imports of goods,Cost insurance freight (CIF),Billions,USD,9461000000.0,2023,False,High,Decreasing
Iceland,Imports of goods,Imports of goods,Cost insurance freight (CIF),Billions,USD,9810000000.0,2024,False,High,Increasing
Iceland,Imports of goods,Imports of goods,Cost insurance freight (CIF),Billions,USD,10967000000.0,2025,False,High,Increasing
India,Exports of goods,Exports of goods,Free on board (FOB),Billions,USD,264541999999.99997,2016,True,High,No Data
India,Exports of goods,Exports of goods,Free on board (FOB),Billions,USD,299242000000.0,2017,True,High,Increasing
India,Exports of goods,Exports of goods,Free on board (FOB),Billions,USD,324779000000.0,2018,True,High,Increasing
India,Exports of goods,Exports of goods,Free on board (FOB),Billions,USD,324339000000.0,2019,True,High,Decreasing
India,Exports of goods,Exports of goods,Free on board (FOB),Billions,USD,276410000000.0,2020,True,High,Decreasing
India,Exports of goods,Exports of goods,Free on board (FOB),Billions,USD,395425000000.0,2021,True,High,Increasing
India,Exports of goods,Exports of goods,Free on board (FOB),Billions,USD,453415000000.0,2022,True,High,Increasing
India,Exports of goods,Exports of goods,Free on board (FOB),Billions,USD,431559000000.0,2023,True,High,Decreasing
India,Exports of goods,Exports of goods,Free on board (FOB),Billions,USD,442885000000.0,2024,True,High,Increasing
India,Exports of goods,Exports of goods,Free on board (FOB),Billions,USD,445037000000.0,2025,True,High,Increasing
India,Imports of goods,Imports of goods,Cost insurance freight (CIF),Billions,USD,361649000000.0,2016,False,High,No Data
India,Imports of goods,Imports of goods,Cost insurance freight (CIF),Billions,USD,449925000000.0,2017,False,High,Increasing
India,Imports of goods,Imports of goods,Cost insurance freight (CIF),Billions,USD,514464000000.00006,2018,False,High,Increasing
India,Imports of goods,Imports of goods,Cost insurance freight (CIF),Billions,USD,486059000000.0,2019,False,High,Decreasing
India,Imports of goods,Imports of goods,Cost insurance freight (CIF),Billions,USD,373202000000.0,2020,False,High,Decreasing
India,Imports of goods,Imports of goods,Cost insurance freight (CIF),Billions,USD,573092000000.0,2021,False,High,Increasing
India,Imports of goods,Imports of goods,Cost insurance freight (CIF),Billions,USD,720442000000.0,2022,False,High,Increasing
India,Imports of goods,Imports of goods,Cost insurance freight (CIF),Billions,USD,673927000000.0,2023,False,High,Decreasing
India,Imports of goods,Imports of goods,Cost insurance freight (CIF),Billions,USD,718282000000.0,2024,False,High,Increasing
India,Imports of goods,Imports of goods,Cost insurance freight (CIF),Billions,USD,755326000000.0,2025,False,High,Increasing
Indonesia,Exports of goods,Exports of goods,Free on board (FOB),Billions,USD,144491000000.0,2016,True,High,No Data
Indonesia,Exports of goods,Exports of goods,Free on board (FOB),Billions,USD,168810000000.0,2017,True,High,Increasing
Indonesia,Exports of goods,Exports of goods,Free on board (FOB),Billions,USD,180123000000.0,2018,True,High,Increasing
Indonesia,Exports of goods,Exports of goods,Free on board (FOB),Billions,USD,167682000000.0,2019,True,High,Decreasing
Indonesia,Exports of goods,Exports of goods,Free on board (FOB),Billions,USD,163306000000.0,2020,True,High,Decreasing
Indonesia,Exports of goods,Exports of goods,Free on board (FOB),Billions,USD,231507000000.0,2021,True,High,Increasing
Indonesia,Exports of goods,Exports of goods,Free on board (FOB),Billions,USD,291978000000.0,2022,True,High,Increasing
Indonesia,Exports of goods,Exports of goods,Free on board (FOB),Billions,USD,258858000000.0,2023,True,High,Decreasing
Indonesia,Exports of goods,Exports of goods,Free on board (FOB),Billions,USD,266531000000.0,2024,True,High,Increasing
Indonesia,Exports of goods,Exports of goods,Free on board (FOB),Billions,USD,282908000000.0,2025,True,High,Increasing
Indonesia,Imports of goods,Imports of goods,Cost insurance freight (CIF),Billions,USD,135654000000.0,2016,False,High,No Data
Indonesia,Imports of goods,Imports of goods,Cost insurance freight (CIF),Billions,USD,156925000000.0,2017,False,High,Increasing
Indonesia,Imports of goods,Imports of goods,Cost insurance freight (CIF),Billions,USD,188708000000.0,2018,False,High,Increasing
Indonesia,Imports of goods,Imports of goods,Cost insurance freight (CIF),Billions,USD,171274000000.0,2019,False,High,Decreasing
Indonesia,Imports of goods,Imports of goods,Cost insurance freight (CIF),Billions,USD,141620000000.0,2020,False,High,Decreasing
Indonesia,Imports of goods,Imports of goods,Cost insurance freight (CIF),Billions,USD,196190000000.0,2021,False,High,Increasing
Indonesia,Imports of goods,Imports of goods,Cost insurance freight (CIF),Billions,USD,237446000000.0,2022,False,High,Increasing
Indonesia,Imports of goods,Imports of goods,Cost insurance freight (CIF),Billions,USD,221887000000.0,2023,False,High,Decreasing
Indonesia,Imports of goods,Imports of goods,Cost insurance freight (CIF),Billions,USD,235063000000.0,2024,False,High,Increasing
Indonesia,Imports of goods,Imports of goods,Cost insurance freight (CIF),Billions,USD,241855000000.0,2025,False,High,Increasing
"Iran, Islamic Republic of",Exports of goods,Exports of goods,Free on board (FOB),Billions,USD,72903000000.0,2016,True,High,No Data
"Iran, Islamic Republic of",Exports of goods,Exports of goods,Free on board (FOB),Billions,USD,92764000000.0,2017,True,High,Increasing
"Iran, Islamic Republic of",Exports of goods,Exports of goods,Free on board (FOB),Billions,USD,103422000000.0,2018,True,High,Increasing
"Iran, Islamic Republic of",Exports of goods,Exports of goods,Free on board (FOB),Billions,USD,65718000000.0,2019,True,High,Decreasing
"Iran, Islamic Republic of",Exports of goods,Exports of goods,Free on board (FOB),Billions,USD,46916000000.0,2020,True,High,Decreasing
"Iran, Islamic Republic of",Exports of goods,Exports of goods,Free on board (FOB),Billions,USD,71646000000.0,2021,True,High,Increasing
"Iran, Islamic Republic of",Exports of goods,Exports of goods,Free on board (FOB),Billions,USD,97852000000.0,2022,True,High,Increasing
"Iran, Islamic Republic of",Exports of goods,Exports of goods,Free on board (FOB),Billions,USD,97357000000.0,2023,True,High,Decreasing
"Iran, Islamic Republic of",Exports of goods,Exports of goods,Free on board (FOB),Billions,USD,112653000000.0,2024,True,High,Increasing
"Iran, Islamic Republic of",Exports of goods,Exports of goods,Free on board (FOB),Billions,USD,113224000000.0,2025,True,High,Increasing
"Iran, Islamic Republic of",Imports of goods,Imports of goods,Cost insurance freight (CIF),Billions,USD,43080000000.0,2016,False,High,No Data
"Iran, Islamic Republic of",Imports of goods,Imports of goods,Cost insurance freight (CIF),Billions,USD,49499000000.0,2017,False,High,Increasing
"Iran, Islamic Republic of",Imports of goods,Imports of goods,Cost insurance freight (CIF),Billions,USD,49353000000.0,2018,False,High,Decreasing
"Iran, Islamic Republic of",Imports of goods,Imports of goods,Cost insurance freight (CIF),Billions,USD,41828000000.0,2019,False,High,Decreasing
"Iran, Islamic Republic of",Imports of goods,Imports of goods,Cost insurance freight (CIF),Billions,USD,38757000000.0,2020,False,High,Decreasing
"Iran, Islamic Republic of",Imports of goods,Imports of goods,Cost insurance freight (CIF),Billions,USD,49085000000.0,2021,False,High,Increasing
"Iran, Islamic Republic of",Imports of goods,Imports of goods,Cost insurance freight (CIF),Billions,USD,58784000000.0,2022,False,High,Increasing
"Iran, Islamic Republic of",Imports of goods,Imports of goods,Cost insurance freight (CIF),Billions,USD,65825999999.99999,2023,False,High,Increasing
"Iran, Islamic Republic of",Imports of goods,Imports of goods,Cost insurance freight (CIF),Billions,USD,69414000000.0,2024,False,High,Increasing
"Iran, Islamic Republic of",Imports of goods,Imports of goods,Cost insurance freight (CIF),Billions,USD,65632000000.00001,2025,False,High,Decreasing
Iraq,Exports of goods,Exports of goods,Free on board (FOB),Billions,USD,41299000000.0,2016,True,High,No Data
Iraq,Exports of goods,Exports of goods,Free on board (FOB),Billions,USD,57559000000.0,2017,True,High,Increasing
Iraq,Exports of goods,Exports of goods,Free on board (FOB),Billions,USD,86359000000.0,2018,True,High,Increasing
Iraq,Exports of goods,Exports of goods,Free on board (FOB),Billions,USD,80212000000.0,2019,True,High,Decreasing
Iraq,Exports of goods,Exports of goods,Free on board (FOB),Billions,USD,46863000000.0,2020,True,High,Decreasing
Iraq,Exports of goods,Exports of goods,Free on board (FOB),Billions,USD,73083000000.0,2021,True,High,Increasing
Iraq,Exports of goods,Exports of goods,Free on board (FOB),Billions,USD,118046000000.0,2022,True,High,Increasing
Iraq,Exports of goods,Exports of goods,Free on board (FOB),Billions,USD,99150000000.0,2023,True,High,Decreasing
Iraq,Exports of goods,Exports of goods,Free on board (FOB),Billions,USD,100990000000.0,2024,True,High,Increasing
Iraq,Exports of goods,Exports of goods,Free on board (FOB),Billions,USD,92912000000.0,2025,True,High,Decreasing
Iraq,Imports of goods,Imports of goods,Cost insurance freight (CIF),Billions,USD,34208000000.0,2016,False,High,No Data
Iraq,Imports of goods,Imports of goods,Cost insurance freight (CIF),Billions,USD,38066000000.0,2017,False,High,Increasing
Iraq,Imports of goods,Imports of goods,Cost insurance freight (CIF),Billions,USD,46417000000.0,2018,False,High,Increasing
Iraq,Imports of goods,Imports of goods,Cost insurance freight (CIF),Billions,USD,57581000000.0,2019,False,High,Increasing
Iraq,Imports of goods,Imports of goods,Cost insurance freight (CIF),Billions,USD,48293000000.0,2020,False,High,Decreasing
Iraq,Imports of goods,Imports of goods,Cost insurance freight (CIF),Billions,USD,40849000000.0,2021,False,High,Decreasing
Iraq,Imports of goods,Imports of goods,Cost insurance freight (CIF),Billions,USD,55194000000.0,2022,False,High,Increasing
Iraq,Imports of goods,Imports of goods,Cost insurance freight (CIF),Billions,USD,65827000000.0,2023,False,High,Increasing
Iraq,Imports of goods,Imports of goods,Cost insurance freight (CIF),Billions,USD,87411000000.0,2024,False,High,Increasing
Iraq,Imports of goods,Imports of goods,Cost insurance freight (CIF),Billions,USD,85186000000.0,2025,False,High,Decreasing
Ireland,Exports of goods,Exports of goods,Free on board (FOB),Billions,USD,130863000000.0,2016,True,High,No Data
Ireland,Exports of goods,Exports of goods,Free on board (FOB),Billions,USD,137360000000.00002,2017,True,High,Increasing
Ireland,Exports of goods,Exports of goods,Free on board (FOB),Billions,USD,164794000000.0,2018,True,High,Increasing
Ireland,Exports of goods,Exports of goods,Free on board (FOB),Billions,USD,169626000000.0,2019,True,High,Increasing
Ireland,Exports of goods,Exports of goods,Free on board (FOB),Billions,USD,180105000000.0,2020,True,High,Increasing
Ireland,Exports of goods,Exports of goods,Free on board (FOB),Billions,USD,190660000000.0,2021,True,High,Increasing
Ireland,Exports of goods,Exports of goods,Free on board (FOB),Billions,USD,214155000000.0,2022,True,High,Increasing
Ireland,Exports of goods,Exports of goods,Free on board (FOB),Billions,USD,208320000000.0,2023,True,High,Decreasing
Ireland,Exports of goods,Exports of goods,Free on board (FOB),Billions,USD,241202000000.0,2024,True,High,Increasing
Ireland,Exports of goods,Exports of goods,Free on board (FOB),Billions,USD,290629000000.0,2025,True,High,Increasing
Ireland,Imports of goods,Imports of goods,Cost insurance freight (CIF),Billions,USD,81184000000.0,2016,False,High,No Data
Ireland,Imports of goods,Imports of goods,Cost insurance freight (CIF),Billions,USD,93198000000.0,2017,False,High,Increasing
Ireland,Imports of goods,Imports of goods,Cost insurance freight (CIF),Billions,USD,107669000000.0,2018,False,High,Increasing
Ireland,Imports of goods,Imports of goods,Cost insurance freight (CIF),Billions,USD,101103000000.0,2019,False,High,Decreasing
Ireland,Imports of goods,Imports of goods,Cost insurance freight (CIF),Billions,USD,99824000000.0,2020,False,High,Decreasing
Ireland,Imports of goods,Imports of goods,Cost insurance freight (CIF),Billions,USD,120301000000.0,2021,False,High,Increasing
Ireland,Imports of goods,Imports of goods,Cost insurance freight (CIF),Billions,USD,147269000000.0,2022,False,High,Increasing
Ireland,Imports of goods,Imports of goods,Cost insurance freight (CIF),Billions,USD,151098000000.0,2023,False,High,Increasing
Ireland,Imports of goods,Imports of goods,Cost insurance freight (CIF),Billions,USD,144017000000.0,2024,False,High,Decreasing
Ireland,Imports of goods,Imports of goods,Cost insurance freight (CIF),Billions,USD,161503000000.0,2025,False,High,Increasing
Israel,Exports of goods,Exports of goods,Free on board (FOB),Billions,USD,60572000000.0,2016,True,High,No Data
Israel,Exports of goods,Exports of goods,Free on board (FOB),Billions,USD,61151000000.0,2017,True,High,Increasing
Israel,Exports of goods,Exports of goods,Free on board (FOB),Billions,USD,61952000000.0,2018,True,High,Increasing
Israel,Exports of goods,Exports of goods,Free on board (FOB),Billions,USD,58506000000.0,2019,True,High,Decreasing
Israel,Exports of goods,Exports of goods,Free on board (FOB),Billions,USD,50152000000.0,2020,True,High,Decreasing
Israel,Exports of goods,Exports of goods,Free on board (FOB),Billions,USD,60159000000.0,2021,True,High,Increasing
Israel,Exports of goods,Exports of goods,Free on board (FOB),Billions,USD,72571000000.0,2022,True,High,Increasing
Israel,Exports of goods,Exports of goods,Free on board (FOB),Billions,USD,63344000000.0,2023,True,High,Decreasing
Israel,Exports of goods,Exports of goods,Free on board (FOB),Billions,USD,60254000000.0,2024,True,High,Decreasing
Israel,Exports of goods,Exports of goods,Free on board (FOB),Billions,USD,59011000000.0,2025,True,High,Decreasing
Israel,Imports of goods,Imports of goods,Cost insurance freight (CIF),Billions,USD,65812000000.0,2016,False,High,No Data
Israel,Imports of goods,Imports of goods,Cost insurance freight (CIF),Billions,USD,69127000000.0,2017,False,High,Increasing
Israel,Imports of goods,Imports of goods,Cost insurance freight (CIF),Billions,USD,76596000000.0,2018,False,High,Increasing
Israel,Imports of goods,Imports of goods,Cost insurance freight (CIF),Billions,USD,76591000000.0,2019,False,High,Decreasing
Israel,Imports of goods,Imports of goods,Cost insurance freight (CIF),Billions,USD,69259000000.0,2020,False,High,Decreasing
Israel,Imports of goods,Imports of goods,Cost insurance freight (CIF),Billions,USD,92155000000.0,2021,False,High,Increasing
Israel,Imports of goods,Imports of goods,Cost insurance freight (CIF),Billions,USD,107754000000.0,2022,False,High,Increasing
Israel,Imports of goods,Imports of goods,Cost insurance freight (CIF),Billions,USD,91889000000.0,2023,False,High,Decreasing
Israel,Imports of goods,Imports of goods,Cost insurance freight (CIF),Billions,USD,91864000000.0,2024,False,High,Decreasing
Israel,Imports of goods,Imports of goods,Cost insurance freight (CIF),Billions,USD,95480000000.0,2025,False,High,Increasing
Italy,Exports of goods,Exports of goods,Free on board (FOB),Millions,USD,461737000000.0,2016,True,High,No Data
Italy,Exports of goods,Exports of goods,Free on board (FOB),Millions,USD,507418000000.0,2017,True,High,Increasing
Italy,Exports of goods,Exports of goods,Free on board (FOB),Millions,USD,549527000000.0,2018,True,High,Increasing
Italy,Exports of goods,Exports of goods,Free on board (FOB),Millions,USD,537718000000.0,2019,True,High,Decreasing
Italy,Exports of goods,Exports of goods,Free on board (FOB),Millions,USD,499792000000.0,2020,True,High,Decreasing
Italy,Exports of goods,Exports of goods,Free on board (FOB),Millions,USD,615637000000.0,2021,True,High,Increasing
Italy,Exports of goods,Exports of goods,Free on board (FOB),Millions,USD,658556000000.0,2022,True,High,Increasing
Italy,Exports of goods,Exports of goods,Free on board (FOB),Millions,USD,676724000000.0,2023,True,High,Increasing
Italy,Exports of goods,Exports of goods,Free on board (FOB),Millions,USD,673478000000.0,2024,True,High,Decreasing
Italy,Exports of goods,Exports of goods,Free on board (FOB),Millions,USD,726612000000.0,2025,True,High,Increasing
Italy,Imports of goods,Imports of goods,Cost insurance freight (CIF),Millions,USD,406787000000.0,2016,False,High,No Data
Italy,Imports of goods,Imports of goods,Cost insurance freight (CIF),Millions,USD,453123000000.0,2017,False,High,Increasing
Italy,Imports of goods,Imports of goods,Cost insurance freight (CIF),Millions,USD,503240000000.0,2018,False,High,Increasing
Italy,Imports of goods,Imports of goods,Cost insurance freight (CIF),Millions,USD,475006000000.0,2019,False,High,Decreasing
Italy,Imports of goods,Imports of goods,Cost insurance freight (CIF),Millions,USD,426867000000.0,2020,False,High,Decreasing
Italy,Imports of goods,Imports of goods,Cost insurance freight (CIF),Millions,USD,567421000000.0,2021,False,High,Increasing
Italy,Imports of goods,Imports of goods,Cost insurance freight (CIF),Millions,USD,694308000000.0,2022,False,High,Increasing
Italy,Imports of goods,Imports of goods,Cost insurance freight (CIF),Millions,USD,639879000000.0,2023,False,High,Decreasing
Italy,Imports of goods,Imports of goods,Cost insurance freight (CIF),Millions,USD,621389000000.0,2024,False,High,Decreasing
Italy,Imports of goods,Imports of goods,Cost insurance freight (CIF),Millions,USD,668838000000.0,2025,False,High,Increasing
Jamaica,Exports of goods,Exports of goods,Free on board (FOB),Millions,USD,1188218891.3900921,2016,True,Medium,No Data
Jamaica,Exports of goods,Exports of goods,Free on board (FOB),Millions,USD,1363709100.508649,2017,True,Medium,Increasing
Jamaica,Exports of goods,Exports of goods,Free on board (FOB),Millions,USD,1879204602.860066,2018,True,Medium,Increasing
Jamaica,Exports of goods,Exports of goods,Free on board (FOB),Millions,USD,1653124036.510824,2019,True,Medium,Decreasing
Jamaica,Exports of goods,Exports of goods,Free on board (FOB),Millions,USD,1250599410.815439,2020,True,Medium,Decreasing
Jamaica,Exports of goods,Exports of goods,Free on board (FOB),Millions,USD,1480709903.599143,2021,True,Medium,Increasing
Jamaica,Exports of goods,Exports of goods,Free on board (FOB),Millions,USD,1901415953.896485,2022,True,Medium,Increasing
Jamaica,Exports of goods,Exports of goods,Free on board (FOB),Millions,USD,1997667828.2448578,2023,True,Medium,Increasing
Jamaica,Exports of goods,Exports of goods,Free on board (FOB),Millions,USD,1906906489.19,2024,True,Medium,Decreasing
Jamaica,Exports of goods,Exports of goods,Free on board (FOB),Millions,USD,1652184631.948585,2025,True,Medium,Decreasing
Jamaica,Imports of goods,Imports of goods,Cost insurance freight (CIF),Millions,USD,4851133405.03759,2016,False,Medium,No Data
Jamaica,Imports of goods,Imports of goods,Cost insurance freight (CIF),Millions,USD,5533488345.510026,2017,False,Medium,Increasing
Jamaica,Imports of goods,Imports of goods,Cost insurance freight (CIF),Millions,USD,6126007435.864028,2018,False,Medium,Increasing
Jamaica,Imports of goods,Imports of goods,Cost insurance freight (CIF),Millions,USD,6403377483.93575,2019,False,Medium,Increasing
Jamaica,Imports of goods,Imports of goods,Cost insurance freight (CIF),Millions,USD,4765479228.715191,2020,False,Medium,Decreasing
Jamaica,Imports of goods,Imports of goods,Cost insurance freight (CIF),Millions,USD,5970851707.833108,2021,False,Medium,Increasing
Jamaica,Imports of goods,Imports of goods,Cost insurance freight (CIF),Millions,USD,7731215976.609964,2022,False,Medium,Increasing
Jamaica,Imports of goods,Imports of goods,Cost insurance freight (CIF),Millions,USD,7591468057.35312,2023,False,Medium,Decreasing
Jamaica,Imports of goods,Imports of goods,Cost insurance freight (CIF),Millions,USD,7287947649.66,2024,False,Medium,Decreasing
Jamaica,Imports of goods,Imports of goods,Cost insurance freight (CIF),Millions,USD,7523701169.624285,2025,False,Medium,Increasing
Japan,Exports of goods,Exports of goods,Free on board (FOB),Thousands,USD,645052000000.0,2016,True,High,No Data
Japan,Exports of goods,Exports of goods,Free on board (FOB),Thousands,USD,698329000000.0,2017,True,High,Increasing
Japan,Exports of goods,Exports of goods,Free on board (FOB),Thousands,USD,738144000000.0,2018,True,High,Increasing
Japan,Exports of goods,Exports of goods,Free on board (FOB),Thousands,USD,705563000000.0,2019,True,High,Decreasing
Japan,Exports of goods,Exports of goods,Free on board (FOB),Thousands,USD,641319000000.0,2020,True,High,Decreasing
Japan,Exports of goods,Exports of goods,Free on board (FOB),Thousands,USD,756032000000.0,2021,True,High,Increasing
Japan,Exports of goods,Exports of goods,Free on board (FOB),Thousands,USD,746826000000.0,2022,True,High,Decreasing
Japan,Exports of goods,Exports of goods,Free on board (FOB),Thousands,USD,717254000000.0,2023,True,High,Decreasing
Japan,Exports of goods,Exports of goods,Free on board (FOB),Thousands,USD,707007000000.0,2024,True,High,Decreasing
Japan,Exports of goods,Exports of goods,Free on board (FOB),Thousands,USD,738034000000.0,2025,True,High,Increasing
Japan,Imports of goods,Imports of goods,Cost insurance freight (CIF),Thousands,USD,607728000000.0,2016,False,High,No Data
Japan,Imports of goods,Imports of goods,Cost insurance freight (CIF),Thousands,USD,672095000000.0,2017,False,High,Increasing
Japan,Imports of goods,Imports of goods,Cost insurance freight (CIF),Thousands,USD,748486000000.0,2018,False,High,Increasing
Japan,Imports of goods,Imports of goods,Cost insurance freight (CIF),Thousands,USD,720955000000.0,2019,False,High,Decreasing
Japan,Imports of goods,Imports of goods,Cost insurance freight (CIF),Thousands,USD,635460000000.0,2020,False,High,Decreasing
Japan,Imports of goods,Imports of goods,Cost insurance freight (CIF),Thousands,USD,768975000000.0,2021,False,High,Increasing
Japan,Imports of goods,Imports of goods,Cost insurance freight (CIF),Thousands,USD,899941000000.0,2022,False,High,Increasing
Japan,Imports of goods,Imports of goods,Cost insurance freight (CIF),Thousands,USD,787198000000.0,2023,False,High,Decreasing
Japan,Imports of goods,Imports of goods,Cost insurance freight (CIF),Thousands,USD,744548000000.0,2024,False,High,Decreasing
Japan,Imports of goods,Imports of goods,Cost insurance freight (CIF),Thousands,USD,757145000000.0,2025,False,High,Increasing
Jordan,Exports of goods,Exports of goods,Free on board (FOB),Millions,USD,7549000000.0,2016,True,Medium,No Data
Jordan,Exports of goods,Exports of goods,Free on board (FOB),Millions,USD,7512000000.0,2017,True,Medium,Decreasing
Jordan,Exports of goods,Exports of goods,Free on board (FOB),Millions,USD,7750000000.0,2018,True,Medium,Increasing
Jordan,Exports of goods,Exports of goods,Free on board (FOB),Millions,USD,8318000000.0,2019,True,Medium,Increasing
Jordan,Exports of goods,Exports of goods,Free on board (FOB),Millions,USD,7944000000.0,2020,True,Medium,Decreasing
Jordan,Exports of goods,Exports of goods,Free on board (FOB),Millions,USD,9359000000.0,2021,True,High,Increasing
Jordan,Exports of goods,Exports of goods,Free on board (FOB),Millions,USD,12780000000.0,2022,True,High,Increasing
Jordan,Exports of goods,Exports of goods,Free on board (FOB),Millions,USD,12553000000.0,2023,True,High,Decreasing
Jordan,Exports of goods,Exports of goods,Free on board (FOB),Millions,USD,13534000000.0,2024,True,High,Increasing
Jordan,Exports of goods,Exports of goods,Free on board (FOB),Millions,USD,14914000000.0,2025,True,High,Increasing
Jordan,Imports of goods,Imports of goods,Cost insurance freight (CIF),Millions,USD,19325000000.0,2016,False,High,No Data
Jordan,Imports of goods,Imports of goods,Cost insurance freight (CIF),Millions,USD,20498000000.0,2017,False,High,Increasing
Jordan,Imports of goods,Imports of goods,Cost insurance freight (CIF),Millions,USD,20310000000.0,2018,False,High,Decreasing
Jordan,Imports of goods,Imports of goods,Cost insurance freight (CIF),Millions,USD,19170000000.0,2019,False,High,Decreasing
Jordan,Imports of goods,Imports of goods,Cost insurance freight (CIF),Millions,USD,17232000000.0,2020,False,High,Decreasing
Jordan,Imports of goods,Imports of goods,Cost insurance freight (CIF),Millions,USD,21542000000.0,2021,False,High,Increasing
Jordan,Imports of goods,Imports of goods,Cost insurance freight (CIF),Millions,USD,27363000000.0,2022,False,High,Increasing
Jordan,Imports of goods,Imports of goods,Cost insurance freight (CIF),Millions,USD,25757000000.0,2023,False,High,Decreasing
Jordan,Imports of goods,Imports of goods,Cost insurance freight (CIF),Millions,USD,26895000000.0,2024,False,High,Increasing
Jordan,Imports of goods,Imports of goods,Cost insurance freight (CIF),Millions,USD,28945000000.0,2025,False,High,Increasing
"Kazakhstan, Republic of",Exports of goods,Exports of goods,Free on board (FOB),Millions,USD,36686000000.0,2016,True,High,No Data
"Kazakhstan, Republic of",Exports of goods,Exports of goods,Free on board (FOB),Millions,USD,48303000000.0,2017,True,High,Increasing
"Kazakhstan, Republic of",Exports of goods,Exports of goods,Free on board (FOB),Millions,USD,60956000000.0,2018,True,High,Increasing
"Kazakhstan, Republic of",Exports of goods,Exports of goods,Free on board (FOB),Millions,USD,57309000000.0,2019,True,High,Decreasing
"Kazakhstan, Republic of",Exports of goods,Exports of goods,Free on board (FOB),Millions,USD,46447000000.0,2020,True,High,Decreasing
"Kazakhstan, Republic of",Exports of goods,Exports of goods,Free on board (FOB),Millions,USD,60624000000.0,2021,True,High,Increasing
"Kazakhstan, Republic of",Exports of goods,Exports of goods,Free on board (FOB),Millions,USD,84594000000.0,2022,True,High,Increasing
"Kazakhstan, Republic of",Exports of goods,Exports of goods,Free on board (FOB),Millions,USD,78533000000.0,2023,True,High,Decreasing
"Kazakhstan, Republic of",Exports of goods,Exports of goods,Free on board (FOB),Millions,USD,82470000000.0,2024,True,High,Increasing
"Kazakhstan, Republic of",Exports of goods,Exports of goods,Free on board (FOB),Millions,USD,78796000000.0,2025,True,High,Decreasing
"Kazakhstan, Republic of",Imports of goods,Imports of goods,Cost insurance freight (CIF),Millions,USD,24995000000.0,2016,False,High,No Data
"Kazakhstan, Republic of",Imports of goods,Imports of goods,Cost insurance freight (CIF),Millions,USD,29265000000.0,2017,False,High,Increasing
"Kazakhstan, Republic of",Imports of goods,Imports of goods,Cost insurance freight (CIF),Millions,USD,32534000000.0,2018,False,High,Increasing
"Kazakhstan, Republic of",Imports of goods,Imports of goods,Cost insurance freight (CIF),Millions,USD,37758000000.0,2019,False,High,Increasing
"Kazakhstan, Republic of",Imports of goods,Imports of goods,Cost insurance freight (CIF),Millions,USD,37221000000.0,2020,False,High,Decreasing
"Kazakhstan, Republic of",Imports of goods,Imports of goods,Cost insurance freight (CIF),Millions,USD,41171000000.0,2021,False,High,Increasing
"Kazakhstan, Republic of",Imports of goods,Imports of goods,Cost insurance freight (CIF),Millions,USD,50935000000.0,2022,False,High,Increasing
"Kazakhstan, Republic of",Imports of goods,Imports of goods,Cost insurance freight (CIF),Millions,USD,60654000000.0,2023,False,High,Increasing
"Kazakhstan, Republic of",Imports of goods,Imports of goods,Cost insurance freight (CIF),Millions,USD,59132000000.0,2024,False,High,Decreasing
"Kazakhstan, Republic of",Imports of goods,Imports of goods,Cost insurance freight (CIF),Millions,USD,64461000000.0,2025,False,High,Increasing
Kenya,Exports of goods,Exports of goods,Free on board (FOB),Millions,USD,5695000000.0,2016,True,Medium,No Data
Kenya,Exports of goods,Exports of goods,Free on board (FOB),Millions,USD,5747000000.0,2017,True,Medium,Increasing
Kenya,Exports of goods,Exports of goods,Free on board (FOB),Millions,USD,6052000000.0,2018,True,Medium,Increasing
Kenya,Exports of goods,Exports of goods,Free on board (FOB),Millions,USD,5838000000.0,2019,True,Medium,Decreasing
Kenya,Exports of goods,Exports of goods,Free on board (FOB),Millions,USD,6033000000.0,2020,True,Medium,Increasing
Kenya,Exports of goods,Exports of goods,Free on board (FOB),Millions,USD,6739000000.0,2021,True,Medium,Increasing
Kenya,Exports of goods,Exports of goods,Free on board (FOB),Millions,USD,7410000000.0,2022,True,Medium,Increasing
Kenya,Exports of goods,Exports of goods,Free on board (FOB),Millions,USD,7191000000.0,2023,True,Medium,Decreasing
Kenya,Exports of goods,Exports of goods,Free on board (FOB),Millions,USD,8237000000.0,2024,True,Medium,Increasing
Kenya,Exports of goods,Exports of goods,Free on board (FOB),Millions,USD,8602000000.0,2025,True,Medium,Increasing
Kenya,Imports of goods,Imports of goods,Cost insurance freight (CIF),Millions,USD,14107000000.0,2016,False,High,No Data
Kenya,Imports of goods,Imports of goods,Cost insurance freight (CIF),Millions,USD,16687000000.0,2017,False,High,Increasing
Kenya,Imports of goods,Imports of goods,Cost insurance freight (CIF),Millions,USD,17378000000.0,2018,False,High,Increasing
Kenya,Imports of goods,Imports of goods,Cost insurance freight (CIF),Millions,USD,17655000000.0,2019,False,High,Increasing
Kenya,Imports of goods,Imports of goods,Cost insurance freight (CIF),Millions,USD,15435000000.0,2020,False,High,Decreasing
Kenya,Imports of goods,Imports of goods,Cost insurance freight (CIF),Millions,USD,19559000000.0,2021,False,High,Increasing
Kenya,Imports of goods,Imports of goods,Cost insurance freight (CIF),Millions,USD,21166000000.0,2022,False,High,Increasing
Kenya,Imports of goods,Imports of goods,Cost insurance freight (CIF),Millions,USD,18584000000.0,2023,False,High,Decreasing
Kenya,Imports of goods,Imports of goods,Cost insurance freight (CIF),Millions,USD,20088000000.0,2024,False,High,Increasing
Kenya,Imports of goods,Imports of goods,Cost insurance freight (CIF),Millions,USD,21614000000.0,2025,False,High,Increasing
Kiribati,Exports of goods,Exports of goods,Free on board (FOB),Thousands,USD,11000000.0,2016,True,Medium,No Data
Kiribati,Exports of goods,Exports of goods,Free on board (FOB),Thousands,USD,15000000.0,2017,True,Medium,Increasing
Kiribati,Exports of goods,Exports of goods,Free on board (FOB),Thousands,USD,8000000.0,2018,True,Medium,Decreasing
Kiribati,Exports of goods,Exports of goods,Free on board (FOB),Thousands,USD,12000000.0,2019,True,Medium,Increasing
Kiribati,Exports of goods,Exports of goods,Free on board (FOB),Thousands,USD,9000000.0,2020,True,Medium,Decreasing
Kiribati,Exports of goods,Exports of goods,Free on board (FOB),Thousands,USD,9000000.0,2021,True,Medium,No Data
Kiribati,Exports of goods,Exports of goods,Free on board (FOB),Thousands,USD,9000000.0,2022,True,Medium,No Data
Kiribati,Exports of goods,Exports of goods,Free on board (FOB),Thousands,USD,19000000.0,2023,True,Medium,Increasing
Kiribati,Exports of goods,Exports of goods,Free on board (FOB),Thousands,USD,24000000.0,2024,True,Medium,Increasing
Kiribati,Exports of goods,Exports of goods,Free on board (FOB),Thousands,USD,20000000.0,2025,True,Medium,Decreasing
Kiribati,Imports of goods,Imports of goods,Cost insurance freight (CIF),Thousands,USD,137000000.0,2016,False,Medium,No Data
Kiribati,Imports of goods,Imports of goods,Cost insurance freight (CIF),Thousands,USD,131000000.0,2017,False,Medium,Decreasing
Kiribati,Imports of goods,Imports of goods,Cost insurance freight (CIF),Thousands,USD,122000000.0,2018,False,Medium,Decreasing
Kiribati,Imports of goods,Imports of goods,Cost insurance freight (CIF),Thousands,USD,132000000.0,2019,False,Medium,Increasing
Kiribati,Imports of goods,Imports of goods,Cost insurance freight (CIF),Thousands,USD,133000000.0,2020,False,Medium,Increasing
Kiribati,Imports of goods,Imports of goods,Cost insurance freight (CIF),Thousands,USD,176000000.0,2021,False,Medium,Increasing
Kiribati,Imports of goods,Imports of goods,Cost insurance freight (CIF),Thousands,USD,202000000.0,2022,False,Medium,Increasing
Kiribati,Imports of goods,Imports of goods,Cost insurance freight (CIF),Thousands,USD,308000000.0,2023,False,Medium,Increasing
Kiribati,Imports of goods,Imports of goods,Cost insurance freight (CIF),Thousands,USD,334000000.0,2024,False,Medium,Increasing
Kiribati,Imports of goods,Imports of goods,Cost insurance freight (CIF),Thousands,USD,496000000.0,2025,False,Medium,Increasing
"Korea, Republic of",Exports of goods,Exports of goods,Free on board (FOB),Billions,USD,495426000000.0,2016,True,High,No Data
"Korea, Republic of",Exports of goods,Exports of goods,Free on board (FOB),Billions,USD,573694000000.0,2017,True,High,Increasing
"Korea, Republic of",Exports of goods,Exports of goods,Free on board (FOB),Billions,USD,604859000000.0,2018,True,High,Increasing
"Korea, Republic of",Exports of goods,Exports of goods,Free on board (FOB),Billions,USD,542232000000.0,2019,True,High,Decreasing
"Korea, Republic of",Exports of goods,Exports of goods,Free on board (FOB),Billions,USD,512498000000.00006,2020,True,High,Decreasing
"Korea, Republic of",Exports of goods,Exports of goods,Free on board (FOB),Billions,USD,644401000000.0,2021,True,High,Increasing
"Korea, Republic of",Exports of goods,Exports of goods,Free on board (FOB),Billions,USD,683585000000.0,2022,True,High,Increasing
"Korea, Republic of",Exports of goods,Exports of goods,Free on board (FOB),Billions,USD,632226000000.0,2023,True,High,Decreasing
"Korea, Republic of",Exports of goods,Exports of goods,Free on board (FOB),Billions,USD,683610000000.0,2024,True,High,Increasing
"Korea, Republic of",Exports of goods,Exports of goods,Free on board (FOB),Billions,USD,709331000000.0,2025,True,High,Increasing
"Korea, Republic of",Imports of goods,Imports of goods,Cost insurance freight (CIF),Billions,USD,406192000000.0,2016,False,High,No Data
"Korea, Republic of",Imports of goods,Imports of goods,Cost insurance freight (CIF),Billions,USD,478478000000.0,2017,False,High,Increasing
"Korea, Republic of",Imports of goods,Imports of goods,Cost insurance freight (CIF),Billions,USD,535203000000.0,2018,False,High,Increasing
"Korea, Republic of",Imports of goods,Imports of goods,Cost insurance freight (CIF),Billions,USD,503341000000.0,2019,False,High,Decreasing
"Korea, Republic of",Imports of goods,Imports of goods,Cost insurance freight (CIF),Billions,USD,467633000000.0,2020,False,High,Decreasing
"Korea, Republic of",Imports of goods,Imports of goods,Cost insurance freight (CIF),Billions,USD,615095000000.0,2021,False,High,Increasing
"Korea, Republic of",Imports of goods,Imports of goods,Cost insurance freight (CIF),Billions,USD,731370000000.0,2022,False,High,Increasing
"Korea, Republic of",Imports of goods,Imports of goods,Cost insurance freight (CIF),Billions,USD,642572000000.0,2023,False,High,Decreasing
"Korea, Republic of",Imports of goods,Imports of goods,Cost insurance freight (CIF),Billions,USD,631768000000.0,2024,False,High,Decreasing
"Korea, Republic of",Imports of goods,Imports of goods,Cost insurance freight (CIF),Billions,USD,631897000000.0,2025,False,High,Increasing
"Kosovo, Republic of",Exports of goods,Exports of goods,Free on board (FOB),Millions,USD,342501112.77594537,2016,True,Medium,No Data
"Kosovo, Republic of",Exports of goods,Exports of goods,Free on board (FOB),Millions,USD,428325415.6787986,2017,True,Medium,Increasing
"Kosovo, Republic of",Exports of goods,Exports of goods,Free on board (FOB),Millions,USD,432532075.1255076,2018,True,Medium,Increasing
"Kosovo, Republic of",Exports of goods,Exports of goods,Free on board (FOB),Millions,USD,428925562.0172815,2019,True,Medium,Decreasing
"Kosovo, Republic of",Exports of goods,Exports of goods,Free on board (FOB),Millions,USD,544265607.7409718,2020,True,Medium,Increasing
"Kosovo, Republic of",Exports of goods,Exports of goods,Free on board (FOB),Millions,USD,885546460.7082949,2021,True,Medium,Increasing
"Kosovo, Republic of",Exports of goods,Exports of goods,Free on board (FOB),Millions,USD,1048478239.7991159,2022,True,Medium,Increasing
"Kosovo, Republic of",Exports of goods,Exports of goods,Free on board (FOB),Millions,USD,944195873.4789368,2023,True,Medium,Decreasing
"Kosovo, Republic of",Exports of goods,Exports of goods,Free on board (FOB),Millions,USD,1021831911.917998,2024,True,Medium,Increasing
"Kosovo, Republic of",Exports of goods,Exports of goods,Free on board (FOB),Millions,USD,1068090051.5062189,2025,True,Medium,Increasing
"Kosovo, Republic of",Imports of goods,Imports of goods,Cost insurance freight (CIF),Millions,USD,3088103999.899465,2016,False,Medium,No Data
"Kosovo, Republic of",Imports of goods,Imports of goods,Cost insurance freight (CIF),Millions,USD,3456752803.80789,2017,False,Medium,Increasing
"Kosovo, Republic of",Imports of goods,Imports of goods,Cost insurance freight (CIF),Millions,USD,3942260793.494062,2018,False,Medium,Increasing
"Kosovo, Republic of",Imports of goods,Imports of goods,Cost insurance freight (CIF),Millions,USD,3910922070.452562,2019,False,Medium,Decreasing
"Kosovo, Republic of",Imports of goods,Imports of goods,Cost insurance freight (CIF),Millions,USD,3780956101.359809,2020,False,Medium,Decreasing
"Kosovo, Republic of",Imports of goods,Imports of goods,Cost insurance freight (CIF),Millions,USD,5491547281.0710125,2021,False,Medium,Increasing
"Kosovo, Republic of",Imports of goods,Imports of goods,Cost insurance freight (CIF),Millions,USD,5924183586.429863,2022,False,Medium,Increasing
"Kosovo, Republic of",Imports of goods,Imports of goods,Cost insurance freight (CIF),Millions,USD,6395914848.953711,2023,False,Medium,Increasing
"Kosovo, Republic of",Imports of goods,Imports of goods,Cost insurance freight (CIF),Millions,USD,6848576884.142435,2024,False,Medium,Increasing
"Kosovo, Republic of",Imports of goods,Imports of goods,Cost insurance freight (CIF),Millions,USD,7982458252.475553,2025,False,Medium,Increasing
Kuwait,Exports of goods,Exports of goods,Free on board (FOB),Millions,USD,46273000000.0,2016,True,High,No Data
Kuwait,Exports of goods,Exports of goods,Free on board (FOB),Millions,USD,55016000000.0,2017,True,High,Increasing
Kuwait,Exports of goods,Exports of goods,Free on board (FOB),Millions,USD,71938000000.0,2018,True,High,Increasing
Kuwait,Exports of goods,Exports of goods,Free on board (FOB),Millions,USD,64483000000.0,2019,True,High,Decreasing
Kuwait,Exports of goods,Exports of goods,Free on board (FOB),Millions,USD,40116000000.0,2020,True,High,Decreasing
Kuwait,Exports of goods,Exports of goods,Free on board (FOB),Millions,USD,63127000000.0,2021,True,High,Increasing
Kuwait,Exports of goods,Exports of goods,Free on board (FOB),Millions,USD,99984000000.0,2022,True,High,Increasing
Kuwait,Exports of goods,Exports of goods,Free on board (FOB),Millions,USD,83980000000.0,2023,True,High,Decreasing
Kuwait,Exports of goods,Exports of goods,Free on board (FOB),Millions,USD,75150000000.0,2024,True,High,Decreasing
Kuwait,Exports of goods,Exports of goods,Free on board (FOB),Millions,USD,72073000000.0,2025,True,High,Decreasing
Kuwait,Imports of goods,Imports of goods,Cost insurance freight (CIF),Millions,USD,30825000000.0,2016,False,High,No Data
Kuwait,Imports of goods,Imports of goods,Cost insurance freight (CIF),Millions,USD,33572000000.0,2017,False,High,Increasing
Kuwait,Imports of goods,Imports of goods,Cost insurance freight (CIF),Millions,USD,35864000000.0,2018,False,High,Increasing
Kuwait,Imports of goods,Imports of goods,Cost insurance freight (CIF),Millions,USD,33575000000.0,2019,False,High,Decreasing
Kuwait,Imports of goods,Imports of goods,Cost insurance freight (CIF),Millions,USD,27738000000.0,2020,False,High,Decreasing
Kuwait,Imports of goods,Imports of goods,Cost insurance freight (CIF),Millions,USD,31889000000.0,2021,False,High,Increasing
Kuwait,Imports of goods,Imports of goods,Cost insurance freight (CIF),Millions,USD,34569000000.0,2022,False,High,Increasing
Kuwait,Imports of goods,Imports of goods,Cost insurance freight (CIF),Millions,USD,37490000000.0,2023,False,High,Increasing
Kuwait,Imports of goods,Imports of goods,Cost insurance freight (CIF),Millions,USD,38061000000.0,2024,False,High,Increasing
Kuwait,Imports of goods,Imports of goods,Cost insurance freight (CIF),Millions,USD,41612000000.0,2025,False,High,Increasing
Kyrgyz Republic,Exports of goods,Exports of goods,Free on board (FOB),Millions,USD,1574000000.0,2016,True,Medium,No Data
Kyrgyz Republic,Exports of goods,Exports of goods,Free on board (FOB),Millions,USD,1764000000.0,2017,True,Medium,Increasing
Kyrgyz Republic,Exports of goods,Exports of goods,Free on board (FOB),Millions,USD,1837000000.0,2018,True,Medium,Increasing
Kyrgyz Republic,Exports of goods,Exports of goods,Free on board (FOB),Millions,USD,1987000000.0,2019,True,Medium,Increasing
Kyrgyz Republic,Exports of goods,Exports of goods,Free on board (FOB),Millions,USD,1973000000.0,2020,True,Medium,Decreasing
Kyrgyz Republic,Exports of goods,Exports of goods,Free on board (FOB),Millions,USD,2752000000.0,2021,True,Medium,Increasing
Kyrgyz Republic,Exports of goods,Exports of goods,Free on board (FOB),Millions,USD,2254000000.0,2022,True,Medium,Decreasing
Kyrgyz Republic,Exports of goods,Exports of goods,Free on board (FOB),Millions,USD,3385000000.0,2023,True,Medium,Increasing
Kyrgyz Republic,Exports of goods,Exports of goods,Free on board (FOB),Millions,USD,5143000000.0,2024,True,Medium,Increasing
Kyrgyz Republic,Exports of goods,Exports of goods,Free on board (FOB),Millions,USD,2852000000.0,2025,True,Medium,Decreasing
Kyrgyz Republic,Imports of goods,Imports of goods,Cost insurance freight (CIF),Millions,USD,4000000000.0,2016,False,Medium,No Data
Kyrgyz Republic,Imports of goods,Imports of goods,Cost insurance freight (CIF),Millions,USD,4495000000.0,2017,False,Medium,Increasing
Kyrgyz Republic,Imports of goods,Imports of goods,Cost insurance freight (CIF),Millions,USD,5291000000.0,2018,False,Medium,Increasing
Kyrgyz Republic,Imports of goods,Imports of goods,Cost insurance freight (CIF),Millions,USD,4989000000.0,2019,False,Medium,Decreasing
Kyrgyz Republic,Imports of goods,Imports of goods,Cost insurance freight (CIF),Millions,USD,3719000000.0,2020,False,Medium,Decreasing
Kyrgyz Republic,Imports of goods,Imports of goods,Cost insurance freight (CIF),Millions,USD,5580000000.0,2021,False,Medium,Increasing
Kyrgyz Republic,Imports of goods,Imports of goods,Cost insurance freight (CIF),Millions,USD,9804000000.0,2022,False,High,Increasing
Kyrgyz Republic,Imports of goods,Imports of goods,Cost insurance freight (CIF),Millions,USD,12518000000.0,2023,False,High,Increasing
Kyrgyz Republic,Imports of goods,Imports of goods,Cost insurance freight (CIF),Millions,USD,12489000000.0,2024,False,High,Decreasing
Kyrgyz Republic,Imports of goods,Imports of goods,Cost insurance freight (CIF),Millions,USD,12973000000.0,2025,False,High,Increasing
Lao People's Democratic Republic,Exports of goods,Exports of goods,Free on board (FOB),Thousands,USD,4245000000.0,2016,True,Medium,No Data
Lao People's Democratic Republic,Exports of goods,Exports of goods,Free on board (FOB),Thousands,USD,4873000000.0,2017,True,Medium,Increasing
Lao People's Democratic Republic,Exports of goods,Exports of goods,Free on board (FOB),Thousands,USD,5408000000.0,2018,True,Medium,Increasing
Lao People's Democratic Republic,Exports of goods,Exports of goods,Free on board (FOB),Thousands,USD,5806000000.0,2019,True,Medium,Increasing
Lao People's Democratic Republic,Exports of goods,Exports of goods,Free on board (FOB),Thousands,USD,6115000000.0,2020,True,Medium,Increasing
Lao People's Democratic Republic,Exports of goods,Exports of goods,Free on board (FOB),Thousands,USD,7695000000.0,2021,True,Medium,Increasing
Lao People's Democratic Republic,Exports of goods,Exports of goods,Free on board (FOB),Thousands,USD,8198000000.0,2022,True,Medium,Increasing
Lao People's Democratic Republic,Exports of goods,Exports of goods,Free on board (FOB),Thousands,USD,8370000000.0,2023,True,Medium,Increasing
Lao People's Democratic Republic,Exports of goods,Exports of goods,Free on board (FOB),Thousands,USD,9386000000.0,2024,True,High,Increasing
Lao People's Democratic Republic,Exports of goods,Exports of goods,Free on board (FOB),Thousands,USD,12377000000.0,2025,True,High,Increasing
Lao People's Democratic Republic,Imports of goods,Imports of goods,Cost insurance freight (CIF),Thousands,USD,5372000000.0,2016,False,Medium,No Data
Lao People's Democratic Republic,Imports of goods,Imports of goods,Cost insurance freight (CIF),Thousands,USD,5667000000.0,2017,False,Medium,Increasing
Lao People's Democratic Republic,Imports of goods,Imports of goods,Cost insurance freight (CIF),Thousands,USD,6315000000.0,2018,False,Medium,Increasing
Lao People's Democratic Republic,Imports of goods,Imports of goods,Cost insurance freight (CIF),Thousands,USD,6272000000.0,2019,False,Medium,Decreasing
Lao People's Democratic Republic,Imports of goods,Imports of goods,Cost insurance freight (CIF),Thousands,USD,5370000000.0,2020,False,Medium,Decreasing
Lao People's Democratic Republic,Imports of goods,Imports of goods,Cost insurance freight (CIF),Thousands,USD,6275000000.0,2021,False,Medium,Increasing
Lao People's Democratic Republic,Imports of goods,Imports of goods,Cost insurance freight (CIF),Thousands,USD,7244000000.0,2022,False,Medium,Increasing
Lao People's Democratic Republic,Imports of goods,Imports of goods,Cost insurance freight (CIF),Thousands,USD,7649000000.0,2023,False,Medium,Increasing
Lao People's Democratic Republic,Imports of goods,Imports of goods,Cost insurance freight (CIF),Thousands,USD,8663000000.0,2024,False,Medium,Increasing
Lao People's Democratic Republic,Imports of goods,Imports of goods,Cost insurance freight (CIF),Thousands,USD,10342000000.0,2025,False,High,Increasing
"Latvia, Republic of",Exports of goods,Exports of goods,Free on board (FOB),Millions,USD,12294000000.0,2016,True,High,No Data
"Latvia, Republic of",Exports of goods,Exports of goods,Free on board (FOB),Millions,USD,14126000000.0,2017,True,High,Increasing
"Latvia, Republic of",Exports of goods,Exports of goods,Free on board (FOB),Millions,USD,16167000000.0,2018,True,High,Increasing
"Latvia, Republic of",Exports of goods,Exports of goods,Free on board (FOB),Millions,USD,15705000000.0,2019,True,High,Decreasing
"Latvia, Republic of",Exports of goods,Exports of goods,Free on board (FOB),Millions,USD,16338000000.0,2020,True,High,Increasing
"Latvia, Republic of",Exports of goods,Exports of goods,Free on board (FOB),Millions,USD,20832000000.0,2021,True,High,Increasing
"Latvia, Republic of",Exports of goods,Exports of goods,Free on board (FOB),Millions,USD,24102000000.0,2022,True,High,Increasing
"Latvia, Republic of",Exports of goods,Exports of goods,Free on board (FOB),Millions,USD,22596000000.0,2023,True,High,Decreasing
"Latvia, Republic of",Exports of goods,Exports of goods,Free on board (FOB),Millions,USD,20644000000.0,2024,True,High,Decreasing
"Latvia, Republic of",Exports of goods,Exports of goods,Free on board (FOB),Millions,USD,22389000000.0,2025,True,High,Increasing
"Latvia, Republic of",Imports of goods,Imports of goods,Cost insurance freight (CIF),Millions,USD,14435000000.0,2016,False,High,No Data
"Latvia, Republic of",Imports of goods,Imports of goods,Cost insurance freight (CIF),Millions,USD,17032000000.0,2017,False,High,Increasing
"Latvia, Republic of",Imports of goods,Imports of goods,Cost insurance freight (CIF),Millions,USD,19681000000.0,2018,False,High,Increasing
"Latvia, Republic of",Imports of goods,Imports of goods,Cost insurance freight (CIF),Millions,USD,18957000000.0,2019,False,High,Decreasing
"Latvia, Republic of",Imports of goods,Imports of goods,Cost insurance freight (CIF),Millions,USD,18442000000.0,2020,False,High,Decreasing
"Latvia, Republic of",Imports of goods,Imports of goods,Cost insurance freight (CIF),Millions,USD,23764000000.0,2021,False,High,Increasing
"Latvia, Republic of",Imports of goods,Imports of goods,Cost insurance freight (CIF),Millions,USD,28802000000.0,2022,False,High,Increasing
"Latvia, Republic of",Imports of goods,Imports of goods,Cost insurance freight (CIF),Millions,USD,26615000000.0,2023,False,High,Decreasing
"Latvia, Republic of",Imports of goods,Imports of goods,Cost insurance freight (CIF),Millions,USD,23718000000.0,2024,False,High,Decreasing
"Latvia, Republic of",Imports of goods,Imports of goods,Cost insurance freight (CIF),Millions,USD,26453000000.0,2025,False,High,Increasing
Lebanon,Exports of goods,Exports of goods,Free on board (FOB),Millions,USD,3931000000.0,2016,True,Medium,No Data
Lebanon,Exports of goods,Exports of goods,Free on board (FOB),Millions,USD,4025000000.0,2017,True,Medium,Increasing
Lebanon,Exports of goods,Exports of goods,Free on board (FOB),Millions,USD,3830000000.0,2018,True,Medium,Decreasing
Lebanon,Exports of goods,Exports of goods,Free on board (FOB),Millions,USD,4829000000.0,2019,True,Medium,Increasing
Lebanon,Exports of goods,Exports of goods,Free on board (FOB),Millions,USD,4084000000.0,2020,True,Medium,Decreasing
Lebanon,Exports of goods,Exports of goods,Free on board (FOB),Millions,USD,4137000000.0,2021,True,Medium,Increasing
Lebanon,Exports of goods,Exports of goods,Free on board (FOB),Millions,USD,4486000000.0,2022,True,Medium,Increasing
Lebanon,Exports of goods,Exports of goods,Free on board (FOB),Millions,USD,4138000000.0,2023,True,Medium,Decreasing
Lebanon,Exports of goods,Exports of goods,Free on board (FOB),Millions,USD,3783000000.0,2024,True,Medium,Decreasing
Lebanon,Exports of goods,Exports of goods,Free on board (FOB),Millions,USD,4598000000.0,2025,True,Medium,Increasing
Lebanon,Imports of goods,Imports of goods,Cost insurance freight (CIF),Millions,USD,19368000000.0,2016,False,High,No Data
Lebanon,Imports of goods,Imports of goods,Cost insurance freight (CIF),Millions,USD,19911000000.0,2017,False,High,Increasing
Lebanon,Imports of goods,Imports of goods,Cost insurance freight (CIF),Millions,USD,20397000000.0,2018,False,High,Increasing
Lebanon,Imports of goods,Imports of goods,Cost insurance freight (CIF),Millions,USD,19641000000.0,2019,False,High,Decreasing
Lebanon,Imports of goods,Imports of goods,Cost insurance freight (CIF),Millions,USD,11354000000.0,2020,False,High,Decreasing
Lebanon,Imports of goods,Imports of goods,Cost insurance freight (CIF),Millions,USD,13857000000.0,2021,False,High,Increasing
Lebanon,Imports of goods,Imports of goods,Cost insurance freight (CIF),Millions,USD,19495000000.0,2022,False,High,Increasing
Lebanon,Imports of goods,Imports of goods,Cost insurance freight (CIF),Millions,USD,18124000000.0,2023,False,High,Decreasing
Lebanon,Imports of goods,Imports of goods,Cost insurance freight (CIF),Millions,USD,17308000000.0,2024,False,High,Decreasing
Lebanon,Imports of goods,Imports of goods,Cost insurance freight (CIF),Millions,USD,21672000000.0,2025,False,High,Increasing
"Lesotho, Kingdom of",Exports of goods,Exports of goods,Free on board (FOB),Millions,USD,893212033.6694971,2016,True,Medium,No Data
"Lesotho, Kingdom of",Exports of goods,Exports of goods,Free on board (FOB),Millions,USD,650566415.6669327,2017,True,Medium,Decreasing
"Lesotho, Kingdom of",Exports of goods,Exports of goods,Free on board (FOB),Millions,USD,1120690598.718782,2018,True,Medium,Increasing
"Lesotho, Kingdom of",Exports of goods,Exports of goods,Free on board (FOB),Millions,USD,931199317.2517618,2019,True,Medium,Decreasing
"Lesotho, Kingdom of",Exports of goods,Exports of goods,Free on board (FOB),Millions,USD,857362921.2174307,2020,True,Medium,Decreasing
"Lesotho, Kingdom of",Exports of goods,Exports of goods,Free on board (FOB),Millions,USD,933900265.2804644,2021,True,Medium,Increasing
"Lesotho, Kingdom of",Exports of goods,Exports of goods,Free on board (FOB),Millions,USD,894717138.5704939,2022,True,Medium,Decreasing
"Lesotho, Kingdom of",Exports of goods,Exports of goods,Free on board (FOB),Millions,USD,824120369.7452664,2023,True,Medium,Decreasing
"Lesotho, Kingdom of",Imports of goods,Imports of goods,Cost insurance freight (CIF),Millions,USD,1610187608.393524,2016,False,Medium,No Data
"Lesotho, Kingdom of",Imports of goods,Imports of goods,Cost insurance freight (CIF),Millions,USD,2061143206.161401,2017,False,Medium,Increasing
"Lesotho, Kingdom of",Imports of goods,Imports of goods,Cost insurance freight (CIF),Millions,USD,1675524103.025208,2018,False,Medium,Decreasing
"Lesotho, Kingdom of",Imports of goods,Imports of goods,Cost insurance freight (CIF),Millions,USD,2321318247.656794,2019,False,Medium,Increasing
"Lesotho, Kingdom of",Imports of goods,Imports of goods,Cost insurance freight (CIF),Millions,USD,1392413813.362823,2020,False,Medium,Decreasing
"Lesotho, Kingdom of",Imports of goods,Imports of goods,Cost insurance freight (CIF),Millions,USD,1822901132.650376,2021,False,Medium,Increasing
"Lesotho, Kingdom of",Imports of goods,Imports of goods,Cost insurance freight (CIF),Millions,USD,1855613047.34112,2022,False,Medium,Increasing
"Lesotho, Kingdom of",Imports of goods,Imports of goods,Cost insurance freight (CIF),Millions,USD,1723211291.166997,2023,False,Medium,Decreasing
Liberia,Exports of goods,Exports of goods,Free on board (FOB),Millions,USD,279000000.0,2016,True,Medium,No Data
Liberia,Exports of goods,Exports of goods,Free on board (FOB),Millions,USD,358000000.0,2017,True,Medium,Increasing
Liberia,Exports of goods,Exports of goods,Free on board (FOB),Millions,USD,548000000.0,2018,True,Medium,Increasing
Liberia,Exports of goods,Exports of goods,Free on board (FOB),Millions,USD,543000000.0,2019,True,Medium,Decreasing
Liberia,Exports of goods,Exports of goods,Free on board (FOB),Millions,USD,608000000.0,2020,True,Medium,Increasing
Liberia,Exports of goods,Exports of goods,Free on board (FOB),Millions,USD,881000000.0,2021,True,Medium,Increasing
Liberia,Exports of goods,Exports of goods,Free on board (FOB),Millions,USD,1027000000.0,2022,True,Medium,Increasing
Liberia,Exports of goods,Exports of goods,Free on board (FOB),Millions,USD,1105000000.0,2023,True,Medium,Increasing
Liberia,Exports of goods,Exports of goods,Free on board (FOB),Millions,USD,1310000000.0,2024,True,Medium,Increasing
Liberia,Exports of goods,Exports of goods,Free on board (FOB),Millions,USD,2068000000.0,2025,True,Medium,Increasing
Liberia,Imports of goods,Imports of goods,Cost insurance freight (CIF),Millions,USD,1302000000.0,2016,False,Medium,No Data
Liberia,Imports of goods,Imports of goods,Cost insurance freight (CIF),Millions,USD,1089000000.0,2017,False,Medium,Decreasing
Liberia,Imports of goods,Imports of goods,Cost insurance freight (CIF),Millions,USD,1143000000.0,2018,False,Medium,Increasing
Liberia,Imports of goods,Imports of goods,Cost insurance freight (CIF),Millions,USD,1033000000.0,2019,False,Medium,Decreasing
Liberia,Imports of goods,Imports of goods,Cost insurance freight (CIF),Millions,USD,1102000000.0,2020,False,Medium,Increasing
Liberia,Imports of goods,Imports of goods,Cost insurance freight (CIF),Millions,USD,1480000000.0,2021,False,Medium,Increasing
Liberia,Imports of goods,Imports of goods,Cost insurance freight (CIF),Millions,USD,1720000000.0,2022,False,Medium,Increasing
Liberia,Imports of goods,Imports of goods,Cost insurance freight (CIF),Millions,USD,2076000000.0,2023,False,Medium,Increasing
Liberia,Imports of goods,Imports of goods,Cost insurance freight (CIF),Millions,USD,1677000000.0,2024,False,Medium,Decreasing
Liberia,Imports of goods,Imports of goods,Cost insurance freight (CIF),Millions,USD,2494000000.0,2025,False,Medium,Increasing
Libya,Exports of goods,Exports of goods,Free on board (FOB),Millions,USD,20880000000.0,2016,True,High,No Data
Libya,Exports of goods,Exports of goods,Free on board (FOB),Millions,USD,20881000000.0,2017,True,High,Increasing
Libya,Exports of goods,Exports of goods,Free on board (FOB),Millions,USD,30994000000.0,2018,True,High,Increasing
Libya,Exports of goods,Exports of goods,Free on board (FOB),Millions,USD,29250000000.0,2019,True,High,Decreasing
Libya,Exports of goods,Exports of goods,Free on board (FOB),Millions,USD,8443000000.0,2020,True,Medium,Decreasing
Libya,Exports of goods,Exports of goods,Free on board (FOB),Millions,USD,30972000000.0,2021,True,High,Increasing
Libya,Exports of goods,Exports of goods,Free on board (FOB),Millions,USD,39196000000.0,2022,True,High,Increasing
Libya,Exports of goods,Exports of goods,Free on board (FOB),Millions,USD,33079000000.0,2023,True,High,Decreasing
Libya,Exports of goods,Exports of goods,Free on board (FOB),Millions,USD,30191000000.0,2024,True,High,Decreasing
Libya,Exports of goods,Exports of goods,Free on board (FOB),Millions,USD,30085000000.0,2025,True,High,Decreasing
Libya,Imports of goods,Imports of goods,Cost insurance freight (CIF),Millions,USD,10658000000.0,2016,False,High,No Data
Libya,Imports of goods,Imports of goods,Cost insurance freight (CIF),Millions,USD,9406000000.0,2017,False,High,Decreasing
Libya,Imports of goods,Imports of goods,Cost insurance freight (CIF),Millions,USD,13741000000.0,2018,False,High,Increasing
Libya,Imports of goods,Imports of goods,Cost insurance freight (CIF),Millions,USD,15105000000.0,2019,False,High,Increasing
Libya,Imports of goods,Imports of goods,Cost insurance freight (CIF),Millions,USD,11099000000.0,2020,False,High,Decreasing
Libya,Imports of goods,Imports of goods,Cost insurance freight (CIF),Millions,USD,14956000000.0,2021,False,High,Increasing
Libya,Imports of goods,Imports of goods,Cost insurance freight (CIF),Millions,USD,16127000000.0,2022,False,High,Increasing
Libya,Imports of goods,Imports of goods,Cost insurance freight (CIF),Millions,USD,18195000000.0,2023,False,High,Increasing
Libya,Imports of goods,Imports of goods,Cost insurance freight (CIF),Millions,USD,18500000000.0,2024,False,High,Increasing
Libya,Imports of goods,Imports of goods,Cost insurance freight (CIF),Millions,USD,19312000000.0,2025,False,High,Increasing
"Lithuania, Republic of",Exports of goods,Exports of goods,Free on board (FOB),Millions,USD,25011000000.0,2016,True,High,No Data
"Lithuania, Republic of",Exports of goods,Exports of goods,Free on board (FOB),Millions,USD,29900000000.0,2017,True,High,Increasing
"Lithuania, Republic of",Exports of goods,Exports of goods,Free on board (FOB),Millions,USD,33337000000.0,2018,True,High,Increasing
"Lithuania, Republic of",Exports of goods,Exports of goods,Free on board (FOB),Millions,USD,33151000000.0,2019,True,High,Decreasing
"Lithuania, Republic of",Exports of goods,Exports of goods,Free on board (FOB),Millions,USD,32805000000.0,2020,True,High,Decreasing
"Lithuania, Republic of",Exports of goods,Exports of goods,Free on board (FOB),Millions,USD,40707000000.0,2021,True,High,Increasing
"Lithuania, Republic of",Exports of goods,Exports of goods,Free on board (FOB),Millions,USD,46484000000.0,2022,True,High,Increasing
"Lithuania, Republic of",Exports of goods,Exports of goods,Free on board (FOB),Millions,USD,42980000000.0,2023,True,High,Decreasing
"Lithuania, Republic of",Exports of goods,Exports of goods,Free on board (FOB),Millions,USD,39813000000.0,2024,True,High,Decreasing
"Lithuania, Republic of",Exports of goods,Exports of goods,Free on board (FOB),Millions,USD,41627000000.0,2025,True,High,Increasing
"Lithuania, Republic of",Imports of goods,Imports of goods,Cost insurance freight (CIF),Millions,USD,27376000000.0,2016,False,High,No Data
"Lithuania, Republic of",Imports of goods,Imports of goods,Cost insurance freight (CIF),Millions,USD,32261000000.0,2017,False,High,Increasing
"Lithuania, Republic of",Imports of goods,Imports of goods,Cost insurance freight (CIF),Millions,USD,36503000000.0,2018,False,High,Increasing
"Lithuania, Republic of",Imports of goods,Imports of goods,Cost insurance freight (CIF),Millions,USD,35760000000.0,2019,False,High,Decreasing
"Lithuania, Republic of",Imports of goods,Imports of goods,Cost insurance freight (CIF),Millions,USD,33329000000.0,2020,False,High,Decreasing
"Lithuania, Republic of",Imports of goods,Imports of goods,Cost insurance freight (CIF),Millions,USD,44488000000.0,2021,False,High,Increasing
"Lithuania, Republic of",Imports of goods,Imports of goods,Cost insurance freight (CIF),Millions,USD,55094000000.0,2022,False,High,Increasing
"Lithuania, Republic of",Imports of goods,Imports of goods,Cost insurance freight (CIF),Millions,USD,48487000000.0,2023,False,High,Decreasing
"Lithuania, Republic of",Imports of goods,Imports of goods,Cost insurance freight (CIF),Millions,USD,44771000000.0,2024,False,High,Decreasing
"Lithuania, Republic of",Imports of goods,Imports of goods,Cost insurance freight (CIF),Millions,USD,49007000000.0,2025,False,High,Increasing
Luxembourg,Exports of goods,Exports of goods,Free on board (FOB),Millions,USD,15796000000.0,2016,True,High,No Data
Luxembourg,Exports of goods,Exports of goods,Free on board (FOB),Millions,USD,15760000000.0,2017,True,High,Decreasing
Luxembourg,Exports of goods,Exports of goods,Free on board (FOB),Millions,USD,16412000000.0,2018,True,High,Increasing
Luxembourg,Exports of goods,Exports of goods,Free on board (FOB),Millions,USD,16453000000.0,2019,True,High,Increasing
Luxembourg,Exports of goods,Exports of goods,Free on board (FOB),Millions,USD,13839000000.0,2020,True,High,Decreasing
Luxembourg,Exports of goods,Exports of goods,Free on board (FOB),Millions,USD,16801000000.0,2021,True,High,Increasing
Luxembourg,Exports of goods,Exports of goods,Free on board (FOB),Millions,USD,17378000000.0,2022,True,High,Increasing
Luxembourg,Exports of goods,Exports of goods,Free on board (FOB),Millions,USD,17188000000.0,2023,True,High,Decreasing
Luxembourg,Exports of goods,Exports of goods,Free on board (FOB),Millions,USD,16197000000.0,2024,True,High,Decreasing
Luxembourg,Exports of goods,Exports of goods,Free on board (FOB),Millions,USD,18328000000.0,2025,True,High,Increasing
Luxembourg,Imports of goods,Imports of goods,Cost insurance freight (CIF),Millions,USD,21873000000.0,2016,False,High,No Data
Luxembourg,Imports of goods,Imports of goods,Cost insurance freight (CIF),Millions,USD,22874000000.0,2017,False,High,Increasing
Luxembourg,Imports of goods,Imports of goods,Cost insurance freight (CIF),Millions,USD,24175000000.0,2018,False,High,Increasing
Luxembourg,Imports of goods,Imports of goods,Cost insurance freight (CIF),Millions,USD,24264000000.0,2019,False,High,Increasing
Luxembourg,Imports of goods,Imports of goods,Cost insurance freight (CIF),Millions,USD,21165000000.0,2020,False,High,Decreasing
Luxembourg,Imports of goods,Imports of goods,Cost insurance freight (CIF),Millions,USD,26171000000.0,2021,False,High,Increasing
Luxembourg,Imports of goods,Imports of goods,Cost insurance freight (CIF),Millions,USD,27021000000.0,2022,False,High,Increasing
Luxembourg,Imports of goods,Imports of goods,Cost insurance freight (CIF),Millions,USD,26298000000.0,2023,False,High,Decreasing
Luxembourg,Imports of goods,Imports of goods,Cost insurance freight (CIF),Millions,USD,26047000000.0,2024,False,High,Decreasing
Luxembourg,Imports of goods,Imports of goods,Cost insurance freight (CIF),Millions,USD,28179000000.0,2025,False,High,Increasing
"Macao Special Administrative Region, People's Republic of China",Exports of goods,Exports of goods,Free on board (FOB),Millions,USD,1257000000.0,2016,True,Medium,No Data
"Macao Special Administrative Region, People's Republic of China",Exports of goods,Exports of goods,Free on board (FOB),Millions,USD,1406000000.0,2017,True,Medium,Increasing
"Macao Special Administrative Region, People's Republic of China",Exports of goods,Exports of goods,Free on board (FOB),Millions,USD,1510000000.0,2018,True,Medium,Increasing
"Macao Special Administrative Region, People's Republic of China",Exports of goods,Exports of goods,Free on board (FOB),Millions,USD,1586000000.0,2019,True,Medium,Increasing
"Macao Special Administrative Region, People's Republic of China",Exports of goods,Exports of goods,Free on board (FOB),Millions,USD,1353000000.0,2020,True,Medium,Decreasing
"Macao Special Administrative Region, People's Republic of China",Exports of goods,Exports of goods,Free on board (FOB),Millions,USD,1620000000.0,2021,True,Medium,Increasing
"Macao Special Administrative Region, People's Republic of China",Exports of goods,Exports of goods,Free on board (FOB),Millions,USD,1677000000.0,2022,True,Medium,Increasing
"Macao Special Administrative Region, People's Republic of China",Exports of goods,Exports of goods,Free on board (FOB),Millions,USD,1654000000.0,2023,True,Medium,Decreasing
"Macao Special Administrative Region, People's Republic of China",Exports of goods,Exports of goods,Free on board (FOB),Millions,USD,1678000000.0,2024,True,Medium,Increasing
"Macao Special Administrative Region, People's Republic of China",Exports of goods,Exports of goods,Free on board (FOB),Millions,USD,1734000000.0,2025,True,Medium,Increasing
"Macao Special Administrative Region, People's Republic of China",Imports of goods,Imports of goods,Cost insurance freight (CIF),Millions,USD,8924000000.0,2016,False,Medium,No Data
"Macao Special Administrative Region, People's Republic of China",Imports of goods,Imports of goods,Cost insurance freight (CIF),Millions,USD,9451000000.0,2017,False,High,Increasing
"Macao Special Administrative Region, People's Republic of China",Imports of goods,Imports of goods,Cost insurance freight (CIF),Millions,USD,11162000000.0,2018,False,High,Increasing
"Macao Special Administrative Region, People's Republic of China",Imports of goods,Imports of goods,Cost insurance freight (CIF),Millions,USD,11167000000.0,2019,False,High,Increasing
"Macao Special Administrative Region, People's Republic of China",Imports of goods,Imports of goods,Cost insurance freight (CIF),Millions,USD,11588000000.0,2020,False,High,Increasing
"Macao Special Administrative Region, People's Republic of China",Imports of goods,Imports of goods,Cost insurance freight (CIF),Millions,USD,19219000000.0,2021,False,High,Increasing
"Macao Special Administrative Region, People's Republic of China",Imports of goods,Imports of goods,Cost insurance freight (CIF),Millions,USD,17338000000.0,2022,False,High,Decreasing
"Macao Special Administrative Region, People's Republic of China",Imports of goods,Imports of goods,Cost insurance freight (CIF),Millions,USD,17542000000.0,2023,False,High,Increasing
"Macao Special Administrative Region, People's Republic of China",Imports of goods,Imports of goods,Cost insurance freight (CIF),Millions,USD,16011000000.0,2024,False,High,Decreasing
"Macao Special Administrative Region, People's Republic of China",Imports of goods,Imports of goods,Cost insurance freight (CIF),Millions,USD,15541000000.0,2025,False,High,Decreasing
"Madagascar, Republic of",Exports of goods,Exports of goods,Free on board (FOB),Millions,USD,2257700817.310492,2016,True,Medium,No Data
"Madagascar, Republic of",Exports of goods,Exports of goods,Free on board (FOB),Millions,USD,2852243119.6489654,2017,True,Medium,Increasing
"Madagascar, Republic of",Exports of goods,Exports of goods,Free on board (FOB),Millions,USD,3131275845.240411,2018,True,Medium,Increasing
"Madagascar, Republic of",Exports of goods,Exports of goods,Free on board (FOB),Millions,USD,2690543661.80631,2019,True,Medium,Decreasing
"Madagascar, Republic of",Exports of goods,Exports of goods,Free on board (FOB),Millions,USD,2006132933.895029,2020,True,Medium,Decreasing
"Madagascar, Republic of",Exports of goods,Exports of goods,Free on board (FOB),Millions,USD,2729695519.641661,2021,True,Medium,Increasing
"Madagascar, Republic of",Imports of goods,Imports of goods,Cost insurance freight (CIF),Millions,USD,2971226556.34769,2016,False,Medium,No Data
"Madagascar, Republic of",Imports of goods,Imports of goods,Cost insurance freight (CIF),Millions,USD,3670381327.2242217,2017,False,Medium,Increasing
"Madagascar, Republic of",Imports of goods,Imports of goods,Cost insurance freight (CIF),Millions,USD,4073913783.546282,2018,False,Medium,Increasing
"Madagascar, Republic of",Imports of goods,Imports of goods,Cost insurance freight (CIF),Millions,USD,3906790545.127566,2019,False,Medium,Decreasing
"Madagascar, Republic of",Imports of goods,Imports of goods,Cost insurance freight (CIF),Millions,USD,3219072065.59187,2020,False,Medium,Decreasing
"Madagascar, Republic of",Imports of goods,Imports of goods,Cost insurance freight (CIF),Millions,USD,4409800308.4874115,2021,False,Medium,Increasing
Malaysia,Exports of goods,Exports of goods,Free on board (FOB),Millions,USD,189743000000.0,2016,True,High,No Data
Malaysia,Exports of goods,Exports of goods,Free on board (FOB),Millions,USD,218130000000.0,2017,True,High,Increasing
Malaysia,Exports of goods,Exports of goods,Free on board (FOB),Millions,USD,247456000000.0,2018,True,High,Increasing
Malaysia,Exports of goods,Exports of goods,Free on board (FOB),Millions,USD,238193000000.0,2019,True,High,Decreasing
Malaysia,Exports of goods,Exports of goods,Free on board (FOB),Millions,USD,234765000000.0,2020,True,High,Decreasing
Malaysia,Exports of goods,Exports of goods,Free on board (FOB),Millions,USD,299426000000.0,2021,True,High,Increasing
Malaysia,Exports of goods,Exports of goods,Free on board (FOB),Millions,USD,352094000000.0,2022,True,High,Increasing
Malaysia,Exports of goods,Exports of goods,Free on board (FOB),Millions,USD,312966000000.0,2023,True,High,Decreasing
Malaysia,Exports of goods,Exports of goods,Free on board (FOB),Millions,USD,330760000000.0,2024,True,High,Increasing
Malaysia,Exports of goods,Exports of goods,Free on board (FOB),Millions,USD,375999000000.0,2025,True,High,Increasing
Malaysia,Imports of goods,Imports of goods,Cost insurance freight (CIF),Millions,USD,168684000000.0,2016,False,High,No Data
Malaysia,Imports of goods,Imports of goods,Cost insurance freight (CIF),Millions,USD,195416000000.0,2017,False,High,Increasing
Malaysia,Imports of goods,Imports of goods,Cost insurance freight (CIF),Millions,USD,217603000000.0,2018,False,High,Increasing
Malaysia,Imports of goods,Imports of goods,Cost insurance freight (CIF),Millions,USD,204998000000.0,2019,False,High,Decreasing
Malaysia,Imports of goods,Imports of goods,Cost insurance freight (CIF),Millions,USD,190861000000.0,2020,False,High,Decreasing
Malaysia,Imports of goods,Imports of goods,Cost insurance freight (CIF),Millions,USD,238239000000.0,2021,False,High,Increasing
Malaysia,Imports of goods,Imports of goods,Cost insurance freight (CIF),Millions,USD,293799000000.0,2022,False,High,Increasing
Malaysia,Imports of goods,Imports of goods,Cost insurance freight (CIF),Millions,USD,265667000000.0,2023,False,High,Decreasing
Malaysia,Imports of goods,Imports of goods,Cost insurance freight (CIF),Millions,USD,300217000000.0,2024,False,High,Increasing
Malaysia,Imports of goods,Imports of goods,Cost insurance freight (CIF),Millions,USD,339711000000.0,2025,False,High,Increasing
Maldives,Exports of goods,Exports of goods,Free on board (FOB),Millions,USD,256249810.067907,2016,True,Medium,No Data
Maldives,Exports of goods,Exports of goods,Free on board (FOB),Millions,USD,318350177.3939904,2017,True,Medium,Increasing
Maldives,Exports of goods,Exports of goods,Free on board (FOB),Millions,USD,339383540.3718521,2018,True,Medium,Increasing
Maldives,Exports of goods,Exports of goods,Free on board (FOB),Millions,USD,360756335.6924616,2019,True,Medium,Increasing
Maldives,Exports of goods,Exports of goods,Free on board (FOB),Millions,USD,285732135.0381698,2020,True,Medium,Decreasing
Maldives,Exports of goods,Exports of goods,Free on board (FOB),Millions,USD,285393680.7781371,2021,True,Medium,Decreasing
Maldives,Exports of goods,Exports of goods,Free on board (FOB),Millions,USD,399795380.8761446,2022,True,Medium,Increasing
Maldives,Exports of goods,Exports of goods,Free on board (FOB),Millions,USD,440777255.74063575,2023,True,Medium,Increasing
Maldives,Exports of goods,Exports of goods,Free on board (FOB),Millions,USD,382744276.7123285,2024,True,Medium,Decreasing
Maldives,Exports of goods,Exports of goods,Free on board (FOB),Millions,USD,443698429.82225955,2025,True,Medium,Increasing
Maldives,Imports of goods,Imports of goods,Cost insurance freight (CIF),Millions,USD,2125838162.550719,2016,False,Medium,No Data
Maldives,Imports of goods,Imports of goods,Free on board (FOB),Millions,USD,2096850109.0921319,2017,False,Medium,Decreasing
Maldives,Imports of goods,Imports of goods,Cost insurance freight (CIF),Millions,USD,2360400449.836637,2017,False,Medium,Increasing
Maldives,Imports of goods,Imports of goods,Free on board (FOB),Millions,USD,2628828775.002706,2018,False,Medium,Increasing
Maldives,Imports of goods,Imports of goods,Cost insurance freight (CIF),Millions,USD,2961041873.718362,2018,False,Medium,Increasing
Maldives,Imports of goods,Imports of goods,Free on board (FOB),Millions,USD,2594122851.284646,2019,False,Medium,Decreasing
Maldives,Imports of goods,Imports of goods,Cost insurance freight (CIF),Millions,USD,2888038048.649569,2019,False,Medium,Increasing
Maldives,Imports of goods,Imports of goods,Free on board (FOB),Millions,USD,1642470745.518278,2020,False,Medium,Decreasing
Maldives,Imports of goods,Imports of goods,Cost insurance freight (CIF),Millions,USD,1838201046.023952,2020,False,Medium,Increasing
Maldives,Imports of goods,Imports of goods,Free on board (FOB),Millions,USD,2256572385.066158,2021,False,Medium,Increasing
Maldives,Imports of goods,Imports of goods,Cost insurance freight (CIF),Millions,USD,2573314346.039742,2021,False,Medium,Increasing
Maldives,Imports of goods,Imports of goods,Free on board (FOB),Millions,USD,3116866360.778466,2022,False,Medium,Increasing
Maldives,Imports of goods,Imports of goods,Cost insurance freight (CIF),Millions,USD,3515966729.962841,2022,False,Medium,Increasing
Maldives,Imports of goods,Imports of goods,Free on board (FOB),Millions,USD,3112578693.586616,2023,False,Medium,Decreasing
Maldives,Imports of goods,Imports of goods,Cost insurance freight (CIF),Millions,USD,3501611299.458314,2023,False,Medium,Increasing
Maldives,Imports of goods,Imports of goods,Free on board (FOB),Millions,USD,3251379860.2316113,2024,False,Medium,Decreasing
Maldives,Imports of goods,Imports of goods,Cost insurance freight (CIF),Millions,USD,3637182677.1481543,2024,False,Medium,Increasing
Maldives,Imports of goods,Imports of goods,Free on board (FOB),Millions,USD,3196286356.864923,2025,False,Medium,Decreasing
Maldives,Imports of goods,Imports of goods,Cost insurance freight (CIF),Millions,USD,3618978872.679685,2025,False,Medium,Increasing
Mali,Exports of goods,Exports of goods,Free on board (FOB),Billions,USD,2826000000.0,2016,True,Medium,No Data
Mali,Exports of goods,Exports of goods,Free on board (FOB),Billions,USD,2896000000.0,2017,True,Medium,Increasing
Mali,Exports of goods,Exports of goods,Free on board (FOB),Billions,USD,3584000000.0,2018,True,Medium,Increasing
Mali,Exports of goods,Exports of goods,Free on board (FOB),Billions,USD,3675000000.0,2019,True,Medium,Increasing
Mali,Exports of goods,Exports of goods,Free on board (FOB),Billions,USD,4794000000.0,2020,True,Medium,Increasing
Mali,Exports of goods,Exports of goods,Free on board (FOB),Billions,USD,4858000000.0,2021,True,Medium,Increasing
Mali,Exports of goods,Exports of goods,Free on board (FOB),Billions,USD,5376000000.0,2022,True,Medium,Increasing
Mali,Exports of goods,Exports of goods,Free on board (FOB),Billions,USD,5655000000.0,2023,True,Medium,Increasing
Mali,Exports of goods,Exports of goods,Free on board (FOB),Billions,USD,5534000000.0,2024,True,Medium,Decreasing
Mali,Exports of goods,Exports of goods,Free on board (FOB),Billions,USD,4855000000.0,2025,True,Medium,Decreasing
Mali,Imports of goods,Imports of goods,Cost insurance freight (CIF),Billions,USD,4051000000.0,2016,False,Medium,No Data
Mali,Imports of goods,Imports of goods,Cost insurance freight (CIF),Billions,USD,4285999999.9999995,2017,False,Medium,Increasing
Mali,Imports of goods,Imports of goods,Cost insurance freight (CIF),Billions,USD,4722000000.0,2018,False,Medium,Increasing
Mali,Imports of goods,Imports of goods,Cost insurance freight (CIF),Billions,USD,5134000000.0,2019,False,Medium,Increasing
Mali,Imports of goods,Imports of goods,Cost insurance freight (CIF),Billions,USD,5107000000.0,2020,False,Medium,Decreasing
Mali,Imports of goods,Imports of goods,Cost insurance freight (CIF),Billions,USD,6296000000.0,2021,False,Medium,Increasing
Mali,Imports of goods,Imports of goods,Cost insurance freight (CIF),Billions,USD,7141000000.0,2022,False,Medium,Increasing
Mali,Imports of goods,Imports of goods,Cost insurance freight (CIF),Billions,USD,6987000000.0,2023,False,Medium,Decreasing
Mali,Imports of goods,Imports of goods,Cost insurance freight (CIF),Billions,USD,6770000000.0,2024,False,Medium,Decreasing
Mali,Imports of goods,Imports of goods,Cost insurance freight (CIF),Billions,USD,6977000000.0,2025,False,Medium,Increasing
Malta,Exports of goods,Exports of goods,Free on board (FOB),Millions,USD,3186000000.0,2016,True,Medium,No Data
Malta,Exports of goods,Exports of goods,Free on board (FOB),Millions,USD,2856000000.0,2017,True,Medium,Decreasing
Malta,Exports of goods,Exports of goods,Free on board (FOB),Millions,USD,3189000000.0,2018,True,Medium,Increasing
Malta,Exports of goods,Exports of goods,Free on board (FOB),Millions,USD,3179000000.0,2019,True,Medium,Decreasing
Malta,Exports of goods,Exports of goods,Free on board (FOB),Millions,USD,2838000000.0,2020,True,Medium,Decreasing
Malta,Exports of goods,Exports of goods,Free on board (FOB),Millions,USD,3062000000.0,2021,True,Medium,Increasing
Malta,Exports of goods,Exports of goods,Free on board (FOB),Millions,USD,3253000000.0,2022,True,Medium,Increasing
Malta,Exports of goods,Exports of goods,Free on board (FOB),Millions,USD,3468000000.0,2023,True,Medium,Increasing
Malta,Exports of goods,Exports of goods,Free on board (FOB),Millions,USD,3783000000.0,2024,True,Medium,Increasing
Malta,Exports of goods,Exports of goods,Free on board (FOB),Millions,USD,3821000000.0,2025,True,Medium,Increasing
Malta,Imports of goods,Imports of goods,Cost insurance freight (CIF),Millions,USD,6443000000.0,2016,False,Medium,No Data
Malta,Imports of goods,Imports of goods,Cost insurance freight (CIF),Millions,USD,5997000000.0,2017,False,Medium,Decreasing
Malta,Imports of goods,Imports of goods,Cost insurance freight (CIF),Millions,USD,6768000000.0,2018,False,Medium,Increasing
Malta,Imports of goods,Imports of goods,Cost insurance freight (CIF),Millions,USD,7389000000.0,2019,False,Medium,Increasing
Malta,Imports of goods,Imports of goods,Cost insurance freight (CIF),Millions,USD,5717000000.0,2020,False,Medium,Decreasing
Malta,Imports of goods,Imports of goods,Cost insurance freight (CIF),Millions,USD,7132000000.0,2021,False,Medium,Increasing
Malta,Imports of goods,Imports of goods,Cost insurance freight (CIF),Millions,USD,8518000000.0,2022,False,Medium,Increasing
Malta,Imports of goods,Imports of goods,Cost insurance freight (CIF),Millions,USD,8403000000.0,2023,False,Medium,Decreasing
Malta,Imports of goods,Imports of goods,Cost insurance freight (CIF),Millions,USD,9461000000.0,2024,False,High,Increasing
Malta,Imports of goods,Imports of goods,Cost insurance freight (CIF),Millions,USD,9271000000.0,2025,False,High,Decreasing
"Marshall Islands, Republic of the",Exports of goods,Exports of goods,Free on board (FOB),Millions,USD,36000000.0,2016,True,Medium,No Data
"Marshall Islands, Republic of the",Exports of goods,Exports of goods,Free on board (FOB),Millions,USD,40000000.0,2017,True,Medium,Increasing
"Marshall Islands, Republic of the",Exports of goods,Exports of goods,Free on board (FOB),Millions,USD,41000000.0,2018,True,Medium,Increasing
"Marshall Islands, Republic of the",Exports of goods,Exports of goods,Free on board (FOB),Millions,USD,55000000.0,2019,True,Medium,Increasing
"Marshall Islands, Republic of the",Exports of goods,Exports of goods,Free on board (FOB),Millions,USD,44000000.0,2020,True,Medium,Decreasing
"Marshall Islands, Republic of the",Exports of goods,Exports of goods,Free on board (FOB),Millions,USD,90000000.0,2021,True,Medium,Increasing
"Marshall Islands, Republic of the",Exports of goods,Exports of goods,Free on board (FOB),Millions,USD,96000000.0,2022,True,Medium,Increasing
"Marshall Islands, Republic of the",Exports of goods,Exports of goods,Free on board (FOB),Millions,USD,64000000.0,2023,True,Medium,Decreasing
"Marshall Islands, Republic of the",Exports of goods,Exports of goods,Free on board (FOB),Millions,USD,67000000.0,2024,True,Medium,Increasing
"Marshall Islands, Republic of the",Exports of goods,Exports of goods,Free on board (FOB),Millions,USD,72000000.0,2025,True,Medium,Increasing
"Marshall Islands, Republic of the",Imports of goods,Imports of goods,Cost insurance freight (CIF),Millions,USD,97000000.0,2016,False,Medium,No Data
"Marshall Islands, Republic of the",Imports of goods,Imports of goods,Cost insurance freight (CIF),Millions,USD,90000000.0,2017,False,Medium,Decreasing
"Marshall Islands, Republic of the",Imports of goods,Imports of goods,Cost insurance freight (CIF),Millions,USD,75000000.0,2018,False,Medium,Decreasing
"Marshall Islands, Republic of the",Imports of goods,Imports of goods,Cost insurance freight (CIF),Millions,USD,68000000.0,2019,False,Medium,Decreasing
"Marshall Islands, Republic of the",Imports of goods,Imports of goods,Cost insurance freight (CIF),Millions,USD,74000000.0,2020,False,Medium,Increasing
"Marshall Islands, Republic of the",Imports of goods,Imports of goods,Cost insurance freight (CIF),Millions,USD,81000000.0,2021,False,Medium,Increasing
"Marshall Islands, Republic of the",Imports of goods,Imports of goods,Cost insurance freight (CIF),Millions,USD,94000000.0,2022,False,Medium,Increasing
"Marshall Islands, Republic of the",Imports of goods,Imports of goods,Cost insurance freight (CIF),Millions,USD,104000000.0,2023,False,Medium,Increasing
"Marshall Islands, Republic of the",Imports of goods,Imports of goods,Cost insurance freight (CIF),Millions,USD,100000000.0,2024,False,Medium,Decreasing
"Marshall Islands, Republic of the",Imports of goods,Imports of goods,Cost insurance freight (CIF),Millions,USD,111000000.0,2025,False,Medium,Increasing
"Mauritania, Islamic Republic of",Exports of goods,Exports of goods,Free on board (FOB),Millions,USD,1637285679.922622,2016,True,Medium,No Data
"Mauritania, Islamic Republic of",Exports of goods,Exports of goods,Free on board (FOB),Millions,USD,1944804881.7228858,2017,True,Medium,Increasing
"Mauritania, Islamic Republic of",Exports of goods,Exports of goods,Free on board (FOB),Millions,USD,2176772490.969701,2018,True,Medium,Increasing
"Mauritania, Islamic Republic of",Exports of goods,Exports of goods,Free on board (FOB),Millions,USD,2812406876.807208,2019,True,Medium,Increasing
"Mauritania, Islamic Republic of",Imports of goods,Imports of goods,Cost insurance freight (CIF),Millions,USD,2113294774.1414642,2016,False,Medium,No Data
"Mauritania, Islamic Republic of",Imports of goods,Imports of goods,Cost insurance freight (CIF),Millions,USD,3241030880.948812,2017,False,Medium,Increasing
"Mauritania, Islamic Republic of",Imports of goods,Imports of goods,Cost insurance freight (CIF),Millions,USD,3174539718.232422,2018,False,Medium,Decreasing
"Mauritania, Islamic Republic of",Imports of goods,Imports of goods,Cost insurance freight (CIF),Millions,USD,3425229294.347022,2019,False,Medium,Increasing
Mauritius,Exports of goods,Exports of goods,Free on board (FOB),Millions,USD,2359000000.0,2016,True,Medium,No Data
Mauritius,Exports of goods,Exports of goods,Free on board (FOB),Millions,USD,2342000000.0,2017,True,Medium,Decreasing
Mauritius,Exports of goods,Exports of goods,Free on board (FOB),Millions,USD,2365000000.0,2018,True,Medium,Increasing
Mauritius,Exports of goods,Exports of goods,Free on board (FOB),Millions,USD,2222000000.0,2019,True,Medium,Decreasing
Mauritius,Exports of goods,Exports of goods,Free on board (FOB),Millions,USD,1789000000.0,2020,True,Medium,Decreasing
Mauritius,Exports of goods,Exports of goods,Free on board (FOB),Millions,USD,1962000000.0,2021,True,Medium,Increasing
Mauritius,Exports of goods,Exports of goods,Free on board (FOB),Millions,USD,2388000000.0,2022,True,Medium,Increasing
Mauritius,Exports of goods,Exports of goods,Free on board (FOB),Millions,USD,2295000000.0,2023,True,Medium,Decreasing
Mauritius,Exports of goods,Exports of goods,Free on board (FOB),Millions,USD,2368000000.0,2024,True,Medium,Increasing
Mauritius,Exports of goods,Exports of goods,Free on board (FOB),Millions,USD,2341000000.0,2025,True,Medium,Decreasing
Mauritius,Imports of goods,Imports of goods,Cost insurance freight (CIF),Millions,USD,4655000000.0,2016,False,Medium,No Data
Mauritius,Imports of goods,Imports of goods,Cost insurance freight (CIF),Millions,USD,5254000000.0,2017,False,Medium,Increasing
Mauritius,Imports of goods,Imports of goods,Cost insurance freight (CIF),Millions,USD,5661000000.0,2018,False,Medium,Increasing
Mauritius,Imports of goods,Imports of goods,Cost insurance freight (CIF),Millions,USD,5596000000.0,2019,False,Medium,Decreasing
Mauritius,Imports of goods,Imports of goods,Cost insurance freight (CIF),Millions,USD,4220000000.0,2020,False,Medium,Decreasing
Mauritius,Imports of goods,Imports of goods,Cost insurance freight (CIF),Millions,USD,5134000000.0,2021,False,Medium,Increasing
Mauritius,Imports of goods,Imports of goods,Cost insurance freight (CIF),Millions,USD,6609000000.0,2022,False,Medium,Increasing
Mauritius,Imports of goods,Imports of goods,Cost insurance freight (CIF),Millions,USD,6273000000.0,2023,False,Medium,Decreasing
Mauritius,Imports of goods,Imports of goods,Cost insurance freight (CIF),Millions,USD,6844000000.0,2024,False,Medium,Increasing
Mauritius,Imports of goods,Imports of goods,Cost insurance freight (CIF),Millions,USD,6937000000.0,2025,False,Medium,Increasing
Mexico,Exports of goods,Exports of goods,Free on board (FOB),Billions,USD,373948000000.0,2016,True,High,No Data
Mexico,Exports of goods,Exports of goods,Free on board (FOB),Billions,USD,409432000000.0,2017,True,High,Increasing
Mexico,Exports of goods,Exports of goods,Free on board (FOB),Billions,USD,450714000000.0,2018,True,High,Increasing
Mexico,Exports of goods,Exports of goods,Free on board (FOB),Billions,USD,460603000000.0,2019,True,High,Increasing
Mexico,Exports of goods,Exports of goods,Free on board (FOB),Billions,USD,417172000000.0,2020,True,High,Decreasing
Mexico,Exports of goods,Exports of goods,Free on board (FOB),Billions,USD,494949000000.0,2021,True,High,Increasing
Mexico,Exports of goods,Exports of goods,Free on board (FOB),Billions,USD,577696000000.0,2022,True,High,Increasing
Mexico,Exports of goods,Exports of goods,Free on board (FOB),Billions,USD,593002000000.0,2023,True,High,Increasing
Mexico,Exports of goods,Exports of goods,Free on board (FOB),Billions,USD,617679000000.0,2024,True,High,Increasing
Mexico,Exports of goods,Exports of goods,Free on board (FOB),Billions,USD,664839000000.0,2025,True,High,Increasing
Mexico,Imports of goods,Imports of goods,Cost insurance freight (CIF),Billions,USD,397524000000.0,2016,False,High,No Data
Mexico,Imports of goods,Imports of goods,Cost insurance freight (CIF),Billions,USD,432181000000.0,2017,False,High,Increasing
Mexico,Imports of goods,Imports of goods,Cost insurance freight (CIF),Billions,USD,476836000000.0,2018,False,High,Increasing
Mexico,Imports of goods,Imports of goods,Cost insurance freight (CIF),Billions,USD,467117000000.0,2019,False,High,Decreasing
Mexico,Imports of goods,Imports of goods,Cost insurance freight (CIF),Billions,USD,393278000000.0,2020,False,High,Decreasing
Mexico,Imports of goods,Imports of goods,Cost insurance freight (CIF),Billions,USD,522453999999.99994,2021,False,High,Increasing
Mexico,Imports of goods,Imports of goods,Cost insurance freight (CIF),Billions,USD,627543000000.0,2022,False,High,Increasing
Mexico,Imports of goods,Imports of goods,Cost insurance freight (CIF),Billions,USD,628455000000.0,2023,False,High,Increasing
Mexico,Imports of goods,Imports of goods,Cost insurance freight (CIF),Billions,USD,655300000000.0,2024,False,High,Increasing
Mexico,Imports of goods,Imports of goods,Cost insurance freight (CIF),Billions,USD,683017000000.0,2025,False,High,Increasing
"Micronesia, Federated States of",Exports of goods,Exports of goods,Free on board (FOB),Millions,USD,49000000.0,2016,True,Medium,No Data
"Micronesia, Federated States of",Exports of goods,Exports of goods,Free on board (FOB),Millions,USD,46000000.0,2017,True,Medium,Decreasing
"Micronesia, Federated States of",Exports of goods,Exports of goods,Free on board (FOB),Millions,USD,47000000.0,2018,True,Medium,Increasing
"Micronesia, Federated States of",Exports of goods,Exports of goods,Free on board (FOB),Millions,USD,41000000.0,2019,True,Medium,Decreasing
"Micronesia, Federated States of",Exports of goods,Exports of goods,Free on board (FOB),Millions,USD,125000000.0,2020,True,Medium,Increasing
"Micronesia, Federated States of",Exports of goods,Exports of goods,Free on board (FOB),Millions,USD,115000000.0,2021,True,Medium,Decreasing
"Micronesia, Federated States of",Exports of goods,Exports of goods,Free on board (FOB),Millions,USD,111000000.0,2022,True,Medium,Decreasing
"Micronesia, Federated States of",Exports of goods,Exports of goods,Free on board (FOB),Millions,USD,106000000.0,2023,True,Medium,Decreasing
"Micronesia, Federated States of",Exports of goods,Exports of goods,Free on board (FOB),Millions,USD,185000000.0,2024,True,Medium,Increasing
"Micronesia, Federated States of",Exports of goods,Exports of goods,Free on board (FOB),Millions,USD,109000000.0,2025,True,Medium,Decreasing
"Micronesia, Federated States of",Imports of goods,Imports of goods,Cost insurance freight (CIF),Millions,USD,186000000.0,2016,False,Medium,No Data
"Micronesia, Federated States of",Imports of goods,Imports of goods,Cost insurance freight (CIF),Millions,USD,183000000.0,2017,False,Medium,Decreasing
"Micronesia, Federated States of",Imports of goods,Imports of goods,Cost insurance freight (CIF),Millions,USD,198000000.0,2018,False,Medium,Increasing
"Micronesia, Federated States of",Imports of goods,Imports of goods,Cost insurance freight (CIF),Millions,USD,215000000.0,2019,False,Medium,Increasing
"Micronesia, Federated States of",Imports of goods,Imports of goods,Cost insurance freight (CIF),Millions,USD,213000000.0,2020,False,Medium,Decreasing
"Micronesia, Federated States of",Imports of goods,Imports of goods,Cost insurance freight (CIF),Millions,USD,254000000.0,2021,False,Medium,Increasing
"Micronesia, Federated States of",Imports of goods,Imports of goods,Cost insurance freight (CIF),Millions,USD,278000000.0,2022,False,Medium,Increasing
"Micronesia, Federated States of",Imports of goods,Imports of goods,Cost insurance freight (CIF),Millions,USD,301000000.0,2023,False,Medium,Increasing
"Micronesia, Federated States of",Imports of goods,Imports of goods,Cost insurance freight (CIF),Millions,USD,291000000.0,2024,False,Medium,Decreasing
"Micronesia, Federated States of",Imports of goods,Imports of goods,Cost insurance freight (CIF),Millions,USD,310000000.0,2025,False,Medium,Increasing
"Moldova, Republic of",Exports of goods,Exports of goods,Free on board (FOB),Millions,USD,2045000000.0,2016,True,Medium,No Data
"Moldova, Republic of",Exports of goods,Exports of goods,Free on board (FOB),Millions,USD,2424000000.0,2017,True,Medium,Increasing
"Moldova, Republic of",Exports of goods,Exports of goods,Free on board (FOB),Millions,USD,2707000000.0,2018,True,Medium,Increasing
"Moldova, Republic of",Exports of goods,Exports of goods,Free on board (FOB),Millions,USD,2779000000.0,2019,True,Medium,Increasing
"Moldova, Republic of",Exports of goods,Exports of goods,Free on board (FOB),Millions,USD,2467000000.0,2020,True,Medium,Decreasing
"Moldova, Republic of",Exports of goods,Exports of goods,Free on board (FOB),Millions,USD,3145000000.0,2021,True,Medium,Increasing
"Moldova, Republic of",Exports of goods,Exports of goods,Free on board (FOB),Millions,USD,4332000000.0,2022,True,Medium,Increasing
"Moldova, Republic of",Exports of goods,Exports of goods,Free on board (FOB),Millions,USD,4049000000.0,2023,True,Medium,Decreasing
"Moldova, Republic of",Exports of goods,Exports of goods,Free on board (FOB),Millions,USD,3555000000.0,2024,True,Medium,Decreasing
"Moldova, Republic of",Exports of goods,Exports of goods,Free on board (FOB),Millions,USD,3782000000.0,2025,True,Medium,Increasing
"Moldova, Republic of",Imports of goods,Imports of goods,Cost insurance freight (CIF),Millions,USD,4020000000.0,2016,False,Medium,No Data
"Moldova, Republic of",Imports of goods,Imports of goods,Cost insurance freight (CIF),Millions,USD,4832000000.0,2017,False,Medium,Increasing
"Moldova, Republic of",Imports of goods,Imports of goods,Cost insurance freight (CIF),Millions,USD,5761000000.0,2018,False,Medium,Increasing
"Moldova, Republic of",Imports of goods,Imports of goods,Cost insurance freight (CIF),Millions,USD,5843000000.0,2019,False,Medium,Increasing
"Moldova, Republic of",Imports of goods,Imports of goods,Cost insurance freight (CIF),Millions,USD,5417000000.0,2020,False,Medium,Decreasing
"Moldova, Republic of",Imports of goods,Imports of goods,Cost insurance freight (CIF),Millions,USD,7177000000.0,2021,False,Medium,Increasing
"Moldova, Republic of",Imports of goods,Imports of goods,Cost insurance freight (CIF),Millions,USD,9219000000.0,2022,False,High,Increasing
"Moldova, Republic of",Imports of goods,Imports of goods,Cost insurance freight (CIF),Millions,USD,8675000000.0,2023,False,Medium,Decreasing
"Moldova, Republic of",Imports of goods,Imports of goods,Cost insurance freight (CIF),Millions,USD,9065000000.0,2024,False,Medium,Increasing
"Moldova, Republic of",Imports of goods,Imports of goods,Cost insurance freight (CIF),Millions,USD,10922000000.0,2025,False,High,Increasing
Mongolia,Exports of goods,Exports of goods,Free on board (FOB),Millions,USD,4917331000.0,2016,True,Medium,No Data
Mongolia,Exports of goods,Exports of goods,Free on board (FOB),Millions,USD,6200593000.0,2017,True,Medium,Increasing
Mongolia,Exports of goods,Exports of goods,Free on board (FOB),Millions,USD,7011765000.0,2018,True,Medium,Increasing
Mongolia,Exports of goods,Exports of goods,Free on board (FOB),Millions,USD,7619753900.0,2019,True,Medium,Increasing
Mongolia,Exports of goods,Exports of goods,Free on board (FOB),Millions,USD,7576319499.999999,2020,True,Medium,Decreasing
Mongolia,Exports of goods,Exports of goods,Free on board (FOB),Millions,USD,9241123165.0,2021,True,High,Increasing
Mongolia,Exports of goods,Exports of goods,Free on board (FOB),Millions,USD,12538588942.0,2022,True,High,Increasing
Mongolia,Exports of goods,Exports of goods,Free on board (FOB),Millions,USD,15186897415.150002,2023,True,High,Increasing
Mongolia,Exports of goods,Exports of goods,Free on board (FOB),Millions,USD,15783377905.92,2024,True,High,Increasing
Mongolia,Exports of goods,Exports of goods,Free on board (FOB),Millions,USD,15761147125.53,2025,True,High,Decreasing
Mongolia,Imports of goods,Imports of goods,Cost insurance freight (CIF),Millions,USD,3357940500.0,2016,False,Medium,No Data
Mongolia,Imports of goods,Imports of goods,Cost insurance freight (CIF),Millions,USD,4337322400.000001,2017,False,Medium,Increasing
Mongolia,Imports of goods,Imports of goods,Cost insurance freight (CIF),Millions,USD,5875032100.0,2018,False,Medium,Increasing
Mongolia,Imports of goods,Imports of goods,Cost insurance freight (CIF),Millions,USD,6127438799.999999,2019,False,Medium,Increasing
Mongolia,Imports of goods,Imports of goods,Cost insurance freight (CIF),Millions,USD,5293939400.0,2020,False,Medium,Decreasing
Mongolia,Imports of goods,Imports of goods,Cost insurance freight (CIF),Millions,USD,6845453270.0,2021,False,Medium,Increasing
Mongolia,Imports of goods,Imports of goods,Cost insurance freight (CIF),Millions,USD,8704393822.0,2022,False,Medium,Increasing
Mongolia,Imports of goods,Imports of goods,Cost insurance freight (CIF),Millions,USD,9250247910.0,2023,False,High,Increasing
Mongolia,Imports of goods,Imports of goods,Cost insurance freight (CIF),Millions,USD,11614658555.0,2024,False,High,Increasing
Mongolia,Imports of goods,Imports of goods,Cost insurance freight (CIF),Millions,USD,11393820342.0,2025,False,High,Decreasing
Montenegro,Exports of goods,Exports of goods,Free on board (FOB),Thousands,USD,359000000.0,2016,True,Medium,No Data
Montenegro,Exports of goods,Exports of goods,Free on board (FOB),Thousands,USD,423000000.0,2017,True,Medium,Increasing
Montenegro,Exports of goods,Exports of goods,Free on board (FOB),Thousands,USD,472000000.0,2018,True,Medium,Increasing
Montenegro,Exports of goods,Exports of goods,Free on board (FOB),Thousands,USD,465000000.0,2019,True,Medium,Decreasing
Montenegro,Exports of goods,Exports of goods,Free on board (FOB),Thousands,USD,420000000.0,2020,True,Medium,Decreasing
Montenegro,Exports of goods,Exports of goods,Free on board (FOB),Thousands,USD,516000000.0,2021,True,Medium,Increasing
Montenegro,Exports of goods,Exports of goods,Free on board (FOB),Thousands,USD,743000000.0,2022,True,Medium,Increasing
Montenegro,Exports of goods,Exports of goods,Free on board (FOB),Thousands,USD,730000000.0,2023,True,Medium,Decreasing
Montenegro,Exports of goods,Exports of goods,Free on board (FOB),Thousands,USD,665000000.0,2024,True,Medium,Decreasing
Montenegro,Exports of goods,Exports of goods,Free on board (FOB),Thousands,USD,648000000.0,2025,True,Medium,Decreasing
Montenegro,Imports of goods,Imports of goods,Cost insurance freight (CIF),Thousands,USD,2285000000.0,2016,False,Medium,No Data
Montenegro,Imports of goods,Imports of goods,Cost insurance freight (CIF),Thousands,USD,2613000000.0,2017,False,Medium,Increasing
Montenegro,Imports of goods,Imports of goods,Cost insurance freight (CIF),Thousands,USD,3008000000.0,2018,False,Medium,Increasing
Montenegro,Imports of goods,Imports of goods,Cost insurance freight (CIF),Thousands,USD,2910000000.0,2019,False,Medium,Decreasing
Montenegro,Imports of goods,Imports of goods,Cost insurance freight (CIF),Thousands,USD,2405000000.0,2020,False,Medium,Decreasing
Montenegro,Imports of goods,Imports of goods,Cost insurance freight (CIF),Thousands,USD,2956000000.0,2021,False,Medium,Increasing
Montenegro,Imports of goods,Imports of goods,Cost insurance freight (CIF),Thousands,USD,3703000000.0,2022,False,Medium,Increasing
Montenegro,Imports of goods,Imports of goods,Cost insurance freight (CIF),Thousands,USD,4122000000.0,2023,False,Medium,Increasing
Montenegro,Imports of goods,Imports of goods,Cost insurance freight (CIF),Thousands,USD,4400000000.0,2024,False,Medium,Increasing
Montenegro,Imports of goods,Imports of goods,Cost insurance freight (CIF),Thousands,USD,5060000000.0,2025,False,Medium,Increasing
"Montserrat, United Kingdom-British Overseas Territory",Exports of goods,Exports of goods,Free on board (FOB),Millions,USD,4000000.0,2016,True,Medium,No Data
"Montserrat, United Kingdom-British Overseas Territory",Exports of goods,Exports of goods,Free on board (FOB),Millions,USD,6000000.0,2017,True,Medium,Increasing
"Montserrat, United Kingdom-British Overseas Territory",Exports of goods,Exports of goods,Free on board (FOB),Millions,USD,5000000.0,2018,True,Medium,Decreasing
"Montserrat, United Kingdom-British Overseas Territory",Exports of goods,Exports of goods,Free on board (FOB),Millions,USD,6000000.0,2019,True,Medium,Increasing
"Montserrat, United Kingdom-British Overseas Territory",Exports of goods,Exports of goods,Free on board (FOB),Millions,USD,6000000.0,2020,True,Medium,No Data
"Montserrat, United Kingdom-British Overseas Territory",Exports of goods,Exports of goods,Free on board (FOB),Millions,USD,8000000.0,2021,True,Medium,Increasing
"Montserrat, United Kingdom-British Overseas Territory",Exports of goods,Exports of goods,Free on board (FOB),Millions,USD,7000000.0,2022,True,Medium,Decreasing
"Montserrat, United Kingdom-British Overseas Territory",Exports of goods,Exports of goods,Free on board (FOB),Millions,USD,6000000.0,2023,True,Medium,Decreasing
"Montserrat, United Kingdom-British Overseas Territory",Exports of goods,Exports of goods,Free on board (FOB),Millions,USD,6000000.0,2024,True,Medium,No Data
"Montserrat, United Kingdom-British Overseas Territory",Exports of goods,Exports of goods,Free on board (FOB),Millions,USD,11000000.0,2025,True,Medium,Increasing
"Montserrat, United Kingdom-British Overseas Territory",Imports of goods,Imports of goods,Cost insurance freight (CIF),Millions,USD,36000000.0,2016,False,Medium,No Data
"Montserrat, United Kingdom-British Overseas Territory",Imports of goods,Imports of goods,Cost insurance freight (CIF),Millions,USD,30000000.0,2017,False,Medium,Decreasing
"Montserrat, United Kingdom-British Overseas Territory",Imports of goods,Imports of goods,Cost insurance freight (CIF),Millions,USD,34000000.0,2018,False,Medium,Increasing
"Montserrat, United Kingdom-British Overseas Territory",Imports of goods,Imports of goods,Cost insurance freight (CIF),Millions,USD,33000000.0,2019,False,Medium,Decreasing
"Montserrat, United Kingdom-British Overseas Territory",Imports of goods,Imports of goods,Cost insurance freight (CIF),Millions,USD,31000000.0,2020,False,Medium,Decreasing
"Montserrat, United Kingdom-British Overseas Territory",Imports of goods,Imports of goods,Cost insurance freight (CIF),Millions,USD,36000000.0,2021,False,Medium,Increasing
"Montserrat, United Kingdom-British Overseas Territory",Imports of goods,Imports of goods,Cost insurance freight (CIF),Millions,USD,39000000.0,2022,False,Medium,Increasing
"Montserrat, United Kingdom-British Overseas Territory",Imports of goods,Imports of goods,Cost insurance freight (CIF),Millions,USD,47000000.0,2023,False,Medium,Increasing
"Montserrat, United Kingdom-British Overseas Territory",Imports of goods,Imports of goods,Cost insurance freight (CIF),Millions,USD,46000000.0,2024,False,Medium,Decreasing
"Montserrat, United Kingdom-British Overseas Territory",Imports of goods,Imports of goods,Cost insurance freight (CIF),Millions,USD,51000000.0,2025,False,Medium,Increasing
Morocco,Exports of goods,Exports of goods,Free on board (FOB),Millions,USD,22661000000.0,2016,True,High,No Data
Morocco,Exports of goods,Exports of goods,Free on board (FOB),Millions,USD,25273000000.0,2017,True,High,Increasing
Morocco,Exports of goods,Exports of goods,Free on board (FOB),Millions,USD,28609000000.0,2018,True,High,Increasing
Morocco,Exports of goods,Exports of goods,Free on board (FOB),Millions,USD,29131000000.0,2019,True,High,Increasing
Morocco,Exports of goods,Exports of goods,Free on board (FOB),Millions,USD,27160000000.0,2020,True,High,Decreasing
Morocco,Exports of goods,Exports of goods,Free on board (FOB),Millions,USD,35845000000.0,2021,True,High,Increasing
Morocco,Exports of goods,Exports of goods,Free on board (FOB),Millions,USD,41479000000.0,2022,True,High,Increasing
Morocco,Exports of goods,Exports of goods,Free on board (FOB),Millions,USD,41642000000.0,2023,True,High,Increasing
Morocco,Exports of goods,Exports of goods,Free on board (FOB),Millions,USD,45225000000.0,2024,True,High,Increasing
Morocco,Exports of goods,Exports of goods,Free on board (FOB),Millions,USD,49777000000.0,2025,True,High,Increasing
Morocco,Imports of goods,Imports of goods,Cost insurance freight (CIF),Millions,USD,41389000000.0,2016,False,High,No Data
Morocco,Imports of goods,Imports of goods,Cost insurance freight (CIF),Millions,USD,44490000000.0,2017,False,High,Increasing
Morocco,Imports of goods,Imports of goods,Cost insurance freight (CIF),Millions,USD,51039000000.0,2018,False,High,Increasing
Morocco,Imports of goods,Imports of goods,Cost insurance freight (CIF),Millions,USD,50736000000.0,2019,False,High,Decreasing
Morocco,Imports of goods,Imports of goods,Cost insurance freight (CIF),Millions,USD,43831000000.0,2020,False,High,Decreasing
Morocco,Imports of goods,Imports of goods,Cost insurance freight (CIF),Millions,USD,58035000000.0,2021,False,High,Increasing
Morocco,Imports of goods,Imports of goods,Cost insurance freight (CIF),Millions,USD,71807000000.0,2022,False,High,Increasing
Morocco,Imports of goods,Imports of goods,Cost insurance freight (CIF),Millions,USD,68633000000.0,2023,False,High,Decreasing
Morocco,Imports of goods,Imports of goods,Cost insurance freight (CIF),Millions,USD,75698000000.0,2024,False,High,Increasing
Morocco,Imports of goods,Imports of goods,Cost insurance freight (CIF),Millions,USD,87389000000.0,2025,False,High,Increasing
"Mozambique, Republic of",Exports of goods,Exports of goods,Free on board (FOB),Millions,USD,3328235536.3975997,2016,True,Medium,No Data
"Mozambique, Republic of",Exports of goods,Exports of goods,Free on board (FOB),Millions,USD,4725302368.26398,2017,True,Medium,Increasing
"Mozambique, Republic of",Exports of goods,Exports of goods,Free on board (FOB),Millions,USD,5195579533.264969,2018,True,Medium,Increasing
"Mozambique, Republic of",Exports of goods,Exports of goods,Free on board (FOB),Millions,USD,4717519778.108163,2019,True,Medium,Decreasing
"Mozambique, Republic of",Exports of goods,Exports of goods,Free on board (FOB),Millions,USD,3588450286.869398,2020,True,Medium,Decreasing
"Mozambique, Republic of",Imports of goods,Imports of goods,Free on board (FOB),Millions,USD,4732896768.447819,2016,False,Medium,No Data
"Mozambique, Republic of",Imports of goods,Imports of goods,Free on board (FOB),Millions,USD,5223088839.925423,2017,False,Medium,Increasing
"Mozambique, Republic of",Imports of goods,Imports of goods,Free on board (FOB),Millions,USD,6168680144.519204,2018,False,Medium,Increasing
"Mozambique, Republic of",Imports of goods,Imports of goods,Free on board (FOB),Millions,USD,6798704799.289535,2019,False,Medium,Increasing
"Mozambique, Republic of",Imports of goods,Imports of goods,Free on board (FOB),Millions,USD,5882699897.514709,2020,False,Medium,Decreasing
Myanmar,Exports of goods,Exports of goods,Free on board (FOB),Millions,USD,11836500000.0,2016,True,High,No Data
Myanmar,Exports of goods,Exports of goods,Free on board (FOB),Millions,USD,13878000000.0,2017,True,High,Increasing
Myanmar,Exports of goods,Exports of goods,Free on board (FOB),Millions,USD,16703599999.999998,2018,True,High,Increasing
Myanmar,Exports of goods,Exports of goods,Free on board (FOB),Millions,USD,18117600000.0,2019,True,High,Increasing
Myanmar,Exports of goods,Exports of goods,Free on board (FOB),Millions,USD,16936500000.0,2020,True,High,Decreasing
Myanmar,Imports of goods,Imports of goods,Cost insurance freight (CIF),Millions,USD,15705900000.0,2016,False,High,No Data
Myanmar,Imports of goods,Imports of goods,Cost insurance freight (CIF),Millions,USD,19253400000.0,2017,False,High,Increasing
Myanmar,Imports of goods,Imports of goods,Cost insurance freight (CIF),Millions,USD,19355200000.0,2018,False,High,Increasing
Myanmar,Imports of goods,Imports of goods,Cost insurance freight (CIF),Millions,USD,18611000000.0,2019,False,High,Decreasing
Myanmar,Imports of goods,Imports of goods,Cost insurance freight (CIF),Millions,USD,17964500000.0,2020,False,High,Decreasing
Namibia,Exports of goods,Exports of goods,Free on board (FOB),Millions,USD,4826945816.65099,2016,True,Medium,No Data
Namibia,Exports of goods,Exports of goods,Free on board (FOB),Millions,USD,5188283428.926234,2017,True,Medium,Increasing
Namibia,Exports of goods,Exports of goods,Free on board (FOB),Millions,USD,7457735960.792913,2018,True,Medium,Increasing
Namibia,Exports of goods,Exports of goods,Free on board (FOB),Millions,USD,6395321979.7399435,2019,True,Medium,Decreasing
Namibia,Exports of goods,Exports of goods,Free on board (FOB),Millions,USD,5413508214.607021,2020,True,Medium,Decreasing
Namibia,Exports of goods,Exports of goods,Free on board (FOB),Millions,USD,4502756386.495777,2021,True,Medium,Decreasing
Namibia,Exports of goods,Exports of goods,Free on board (FOB),Millions,USD,5950967982.389551,2022,True,Medium,Increasing
Namibia,Exports of goods,Exports of goods,Free on board (FOB),Millions,USD,5627893940.754464,2023,True,Medium,Decreasing
Namibia,Exports of goods,Exports of goods,Free on board (FOB),Millions,USD,6454695428.354879,2024,True,Medium,Increasing
Namibia,Exports of goods,Exports of goods,Free on board (FOB),Millions,USD,7031809629.300233,2025,True,Medium,Increasing
Namibia,Imports of goods,Imports of goods,Cost insurance freight (CIF),Millions,USD,6720161231.737686,2016,False,Medium,No Data
Namibia,Imports of goods,Imports of goods,Cost insurance freight (CIF),Millions,USD,6981506136.64222,2017,False,Medium,Increasing
Namibia,Imports of goods,Imports of goods,Cost insurance freight (CIF),Millions,USD,8767514063.534088,2018,False,Medium,Increasing
Namibia,Imports of goods,Imports of goods,Cost insurance freight (CIF),Millions,USD,7767233547.886278,2019,False,Medium,Decreasing
Namibia,Imports of goods,Imports of goods,Cost insurance freight (CIF),Millions,USD,6619955963.543499,2020,False,Medium,Decreasing
Namibia,Imports of goods,Imports of goods,Cost insurance freight (CIF),Millions,USD,6608945015.022906,2021,False,Medium,Decreasing
Namibia,Imports of goods,Imports of goods,Cost insurance freight (CIF),Millions,USD,7894508990.998322,2022,False,Medium,Increasing
Namibia,Imports of goods,Imports of goods,Cost insurance freight (CIF),Millions,USD,7391313593.650372,2023,False,Medium,Decreasing
Namibia,Imports of goods,Imports of goods,Cost insurance freight (CIF),Millions,USD,8727894857.640388,2024,False,Medium,Increasing
Namibia,Imports of goods,Imports of goods,Cost insurance freight (CIF),Millions,USD,8424131524.256048,2025,False,Medium,Decreasing
Nepal,Exports of goods,Exports of goods,Free on board (FOB),Millions,USD,725204829.2714672,2017,True,Medium,No Data
Nepal,Exports of goods,Exports of goods,Free on board (FOB),Millions,USD,785140382.4818515,2018,True,Medium,Increasing
Nepal,Exports of goods,Exports of goods,Free on board (FOB),Millions,USD,952077660.236423,2019,True,Medium,Increasing
Nepal,Exports of goods,Exports of goods,Free on board (FOB),Millions,USD,849239442.2289548,2020,True,Medium,Decreasing
Nepal,Exports of goods,Exports of goods,Free on board (FOB),Millions,USD,1638985972.669626,2021,True,Medium,Increasing
Nepal,Exports of goods,Exports of goods,Free on board (FOB),Millions,USD,1316046375.206746,2022,True,Medium,Decreasing
Nepal,Exports of goods,Exports of goods,Free on board (FOB),Millions,USD,1158573619.485259,2023,True,Medium,Decreasing
Nepal,Exports of goods,Exports of goods,Free on board (FOB),Millions,USD,1216886105.907185,2024,True,Medium,Increasing
Nepal,Exports of goods,Exports of goods,Free on board (FOB),Millions,USD,2302898875.321245,2025,True,Medium,Increasing
Nepal,Imports of goods,Imports of goods,Cost insurance freight (CIF),Millions,USD,10147764630.737928,2017,False,High,No Data
Nepal,Imports of goods,Imports of goods,Cost insurance freight (CIF),Millions,USD,12839932854.80225,2018,False,High,Increasing
Nepal,Imports of goods,Imports of goods,Cost insurance freight (CIF),Millions,USD,12368689538.12018,2019,False,High,Decreasing
Nepal,Imports of goods,Imports of goods,Cost insurance freight (CIF),Millions,USD,9684511647.095499,2020,False,High,Decreasing
Nepal,Imports of goods,Imports of goods,Cost insurance freight (CIF),Millions,USD,15673889555.22842,2021,False,High,Increasing
Nepal,Imports of goods,Imports of goods,Cost insurance freight (CIF),Millions,USD,13998488484.14611,2022,False,High,Decreasing
Nepal,Imports of goods,Imports of goods,Cost insurance freight (CIF),Millions,USD,12030280158.10356,2023,False,High,Decreasing
Nepal,Imports of goods,Imports of goods,Cost insurance freight (CIF),Millions,USD,12056234429.86563,2024,False,High,Increasing
Nepal,Imports of goods,Imports of goods,Cost insurance freight (CIF),Millions,USD,13729305767.84428,2025,False,High,Increasing
"Netherlands, The",Exports of goods,Exports of goods,Free on board (FOB),Millions,USD,570605000000.0,2016,True,High,No Data
"Netherlands, The",Exports of goods,Exports of goods,Free on board (FOB),Millions,USD,652065000000.0,2017,True,High,Increasing
"Netherlands, The",Exports of goods,Exports of goods,Free on board (FOB),Millions,USD,726698000000.0,2018,True,High,Increasing
"Netherlands, The",Exports of goods,Exports of goods,Free on board (FOB),Millions,USD,708597000000.0,2019,True,High,Decreasing
"Netherlands, The",Exports of goods,Exports of goods,Free on board (FOB),Millions,USD,674601000000.0,2020,True,High,Decreasing
"Netherlands, The",Exports of goods,Exports of goods,Free on board (FOB),Millions,USD,840032000000.0,2021,True,High,Increasing
"Netherlands, The",Exports of goods,Exports of goods,Free on board (FOB),Millions,USD,963492000000.0,2022,True,High,Increasing
"Netherlands, The",Exports of goods,Exports of goods,Free on board (FOB),Millions,USD,935048000000.0,2023,True,High,Decreasing
"Netherlands, The",Exports of goods,Exports of goods,Free on board (FOB),Millions,USD,920541000000.0,2024,True,High,Decreasing
"Netherlands, The",Exports of goods,Exports of goods,Free on board (FOB),Millions,USD,989799000000.0,2025,True,High,Increasing
"Netherlands, The",Imports of goods,Imports of goods,Cost insurance freight (CIF),Millions,USD,500798000000.0,2016,False,High,No Data
"Netherlands, The",Imports of goods,Imports of goods,Cost insurance freight (CIF),Millions,USD,574646000000.0,2017,False,High,Increasing
"Netherlands, The",Imports of goods,Imports of goods,Cost insurance freight (CIF),Millions,USD,645502000000.0,2018,False,High,Increasing
"Netherlands, The",Imports of goods,Imports of goods,Cost insurance freight (CIF),Millions,USD,635678000000.0,2019,False,High,Decreasing
"Netherlands, The",Imports of goods,Imports of goods,Cost insurance freight (CIF),Millions,USD,595121000000.0,2020,False,High,Decreasing
"Netherlands, The",Imports of goods,Imports of goods,Cost insurance freight (CIF),Millions,USD,757378000000.0,2021,False,High,Increasing
"Netherlands, The",Imports of goods,Imports of goods,Cost insurance freight (CIF),Millions,USD,896716000000.0,2022,False,High,Increasing
"Netherlands, The",Imports of goods,Imports of goods,Cost insurance freight (CIF),Millions,USD,843568000000.0,2023,False,High,Decreasing
"Netherlands, The",Imports of goods,Imports of goods,Cost insurance freight (CIF),Millions,USD,816620000000.0,2024,False,High,Decreasing
"Netherlands, The",Imports of goods,Imports of goods,Cost insurance freight (CIF),Millions,USD,873888000000.0,2025,False,High,Increasing
New Zealand,Exports of goods,Exports of goods,Free on board (FOB),Millions,USD,33755000000.0,2016,True,High,No Data
New Zealand,Exports of goods,Exports of goods,Free on board (FOB),Millions,USD,38077000000.0,2017,True,High,Increasing
New Zealand,Exports of goods,Exports of goods,Free on board (FOB),Millions,USD,39673000000.0,2018,True,High,Increasing
New Zealand,Exports of goods,Exports of goods,Free on board (FOB),Millions,USD,39516000000.0,2019,True,High,Decreasing
New Zealand,Exports of goods,Exports of goods,Free on board (FOB),Millions,USD,38377000000.0,2020,True,High,Decreasing
New Zealand,Exports of goods,Exports of goods,Free on board (FOB),Millions,USD,44776000000.0,2021,True,High,Increasing
New Zealand,Exports of goods,Exports of goods,Free on board (FOB),Millions,USD,45100000000.0,2022,True,High,Increasing
New Zealand,Exports of goods,Exports of goods,Free on board (FOB),Millions,USD,41399000000.0,2023,True,High,Decreasing
New Zealand,Exports of goods,Exports of goods,Free on board (FOB),Millions,USD,42289000000.0,2024,True,High,Increasing
New Zealand,Exports of goods,Exports of goods,Free on board (FOB),Millions,USD,46497000000.0,2025,True,High,Increasing
New Zealand,Imports of goods,Imports of goods,Cost insurance freight (CIF),Millions,USD,36080000000.0,2016,False,High,No Data
New Zealand,Imports of goods,Imports of goods,Cost insurance freight (CIF),Millions,USD,40124000000.0,2017,False,High,Increasing
New Zealand,Imports of goods,Imports of goods,Cost insurance freight (CIF),Millions,USD,43791000000.0,2018,False,High,Increasing
New Zealand,Imports of goods,Imports of goods,Cost insurance freight (CIF),Millions,USD,42363000000.0,2019,False,High,Decreasing
New Zealand,Imports of goods,Imports of goods,Cost insurance freight (CIF),Millions,USD,37152000000.0,2020,False,High,Decreasing
New Zealand,Imports of goods,Imports of goods,Cost insurance freight (CIF),Millions,USD,49856000000.0,2021,False,High,Increasing
New Zealand,Imports of goods,Imports of goods,Cost insurance freight (CIF),Millions,USD,54220000000.0,2022,False,High,Increasing
New Zealand,Imports of goods,Imports of goods,Cost insurance freight (CIF),Millions,USD,49956000000.0,2023,False,High,Decreasing
New Zealand,Imports of goods,Imports of goods,Cost insurance freight (CIF),Millions,USD,46862000000.0,2024,False,High,Decreasing
New Zealand,Imports of goods,Imports of goods,Cost insurance freight (CIF),Millions,USD,47457000000.0,2025,False,High,Increasing
Nicaragua,Exports of goods,Exports of goods,Free on board (FOB),Millions,USD,4782000000.0,2016,True,Medium,No Data
Nicaragua,Exports of goods,Exports of goods,Free on board (FOB),Millions,USD,5170000000.0,2017,True,Medium,Increasing
Nicaragua,Exports of goods,Exports of goods,Free on board (FOB),Millions,USD,5014000000.0,2018,True,Medium,Decreasing
Nicaragua,Exports of goods,Exports of goods,Free on board (FOB),Millions,USD,5272000000.0,2019,True,Medium,Increasing
Nicaragua,Exports of goods,Exports of goods,Free on board (FOB),Millions,USD,5087000000.0,2020,True,Medium,Decreasing
Nicaragua,Exports of goods,Exports of goods,Free on board (FOB),Millions,USD,6495000000.0,2021,True,Medium,Increasing
Nicaragua,Exports of goods,Exports of goods,Free on board (FOB),Millions,USD,7360000000.0,2022,True,Medium,Increasing
Nicaragua,Exports of goods,Exports of goods,Free on board (FOB),Millions,USD,7378000000.0,2023,True,Medium,Increasing
Nicaragua,Exports of goods,Exports of goods,Free on board (FOB),Millions,USD,7522000000.0,2024,True,Medium,Increasing
Nicaragua,Exports of goods,Exports of goods,Free on board (FOB),Millions,USD,8893000000.0,2025,True,Medium,Increasing
Nicaragua,Imports of goods,Imports of goods,Cost insurance freight (CIF),Millions,USD,5827000000.0,2016,False,Medium,No Data
Nicaragua,Imports of goods,Imports of goods,Cost insurance freight (CIF),Millions,USD,7708000000.0,2017,False,Medium,Increasing
Nicaragua,Imports of goods,Imports of goods,Cost insurance freight (CIF),Millions,USD,7351000000.0,2018,False,Medium,Decreasing
Nicaragua,Imports of goods,Imports of goods,Cost insurance freight (CIF),Millions,USD,6837000000.0,2019,False,Medium,Decreasing
Nicaragua,Imports of goods,Imports of goods,Cost insurance freight (CIF),Millions,USD,6377000000.0,2020,False,Medium,Decreasing
Nicaragua,Imports of goods,Imports of goods,Cost insurance freight (CIF),Millions,USD,10166000000.0,2021,False,High,Increasing
Nicaragua,Imports of goods,Imports of goods,Cost insurance freight (CIF),Millions,USD,11247000000.0,2022,False,High,Increasing
Nicaragua,Imports of goods,Imports of goods,Cost insurance freight (CIF),Millions,USD,10916000000.0,2023,False,High,Decreasing
Nicaragua,Imports of goods,Imports of goods,Cost insurance freight (CIF),Millions,USD,11468000000.0,2024,False,High,Increasing
Nicaragua,Imports of goods,Imports of goods,Cost insurance freight (CIF),Millions,USD,12432000000.0,2025,False,High,Increasing
Niger,Exports of goods,Exports of goods,Free on board (FOB),Billions,USD,1032000000.0,2016,True,Medium,No Data
Niger,Exports of goods,Exports of goods,Free on board (FOB),Billions,USD,1206000000.0,2017,True,Medium,Increasing
Niger,Exports of goods,Exports of goods,Free on board (FOB),Billions,USD,1202000000.0,2018,True,Medium,Decreasing
Niger,Exports of goods,Exports of goods,Free on board (FOB),Billions,USD,1126000000.0,2019,True,Medium,Decreasing
Niger,Exports of goods,Exports of goods,Free on board (FOB),Billions,USD,1116000000.0,2020,True,Medium,Decreasing
Niger,Exports of goods,Exports of goods,Free on board (FOB),Billions,USD,1212000000.0,2021,True,Medium,Increasing
Niger,Exports of goods,Exports of goods,Free on board (FOB),Billions,USD,1046000000.0,2022,True,Medium,Decreasing
Niger,Exports of goods,Exports of goods,Free on board (FOB),Billions,USD,992000000.0,2023,True,Medium,Decreasing
Niger,Exports of goods,Exports of goods,Free on board (FOB),Billions,USD,1516000000.0,2024,True,Medium,Increasing
Niger,Exports of goods,Exports of goods,Free on board (FOB),Billions,USD,1900000000.0,2025,True,Medium,Increasing
Niger,Imports of goods,Imports of goods,Cost insurance freight (CIF),Billions,USD,2162000000.0,2016,False,Medium,No Data
Niger,Imports of goods,Imports of goods,Cost insurance freight (CIF),Billions,USD,2459000000.0,2017,False,Medium,Increasing
Niger,Imports of goods,Imports of goods,Cost insurance freight (CIF),Billions,USD,2875000000.0,2018,False,Medium,Increasing
Niger,Imports of goods,Imports of goods,Cost insurance freight (CIF),Billions,USD,2931000000.0,2019,False,Medium,Increasing
Niger,Imports of goods,Imports of goods,Cost insurance freight (CIF),Billions,USD,3109000000.0,2020,False,Medium,Increasing
Niger,Imports of goods,Imports of goods,Cost insurance freight (CIF),Billions,USD,3557000000.0,2021,False,Medium,Increasing
Niger,Imports of goods,Imports of goods,Cost insurance freight (CIF),Billions,USD,3923000000.0,2022,False,Medium,Increasing
Niger,Imports of goods,Imports of goods,Cost insurance freight (CIF),Billions,USD,3262000000.0,2023,False,Medium,Decreasing
Niger,Imports of goods,Imports of goods,Cost insurance freight (CIF),Billions,USD,2526000000.0,2024,False,Medium,Decreasing
Niger,Imports of goods,Imports of goods,Cost insurance freight (CIF),Billions,USD,2700000000.0,2025,False,Medium,Increasing
Nigeria,Exports of goods,Exports of goods,Free on board (FOB),Units,USD,33303000000.0,2016,True,High,No Data
Nigeria,Exports of goods,Exports of goods,Free on board (FOB),Units,USD,44468000000.0,2017,True,High,Increasing
Nigeria,Exports of goods,Exports of goods,Free on board (FOB),Units,USD,60546000000.0,2018,True,High,Increasing
Nigeria,Exports of goods,Exports of goods,Free on board (FOB),Units,USD,62531000000.0,2019,True,High,Increasing
Nigeria,Exports of goods,Exports of goods,Free on board (FOB),Units,USD,35634000000.0,2020,True,High,Decreasing
Nigeria,Exports of goods,Exports of goods,Free on board (FOB),Units,USD,46871000000.0,2021,True,High,Increasing
Nigeria,Exports of goods,Exports of goods,Free on board (FOB),Units,USD,63076000000.0,2022,True,High,Increasing
Nigeria,Exports of goods,Exports of goods,Free on board (FOB),Units,USD,55183000000.0,2023,True,High,Decreasing
Nigeria,Exports of goods,Exports of goods,Free on board (FOB),Units,USD,53319000000.0,2024,True,High,Decreasing
Nigeria,Exports of goods,Exports of goods,Free on board (FOB),Units,USD,55468000000.0,2025,True,High,Increasing
Nigeria,Imports of goods,Imports of goods,Cost insurance freight (CIF),Units,USD,35532000000.0,2016,False,High,No Data
Nigeria,Imports of goods,Imports of goods,Cost insurance freight (CIF),Units,USD,31272000000.0,2017,False,High,Decreasing
Nigeria,Imports of goods,Imports of goods,Cost insurance freight (CIF),Units,USD,43008000000.0,2018,False,High,Increasing
Nigeria,Imports of goods,Imports of goods,Cost insurance freight (CIF),Units,USD,55257000000.0,2019,False,High,Increasing
Nigeria,Imports of goods,Imports of goods,Cost insurance freight (CIF),Units,USD,35740000000.0,2020,False,High,Decreasing
Nigeria,Imports of goods,Imports of goods,Cost insurance freight (CIF),Units,USD,51880000000.0,2021,False,High,Increasing
Nigeria,Imports of goods,Imports of goods,Cost insurance freight (CIF),Units,USD,60351000000.0,2022,False,High,Increasing
Nigeria,Imports of goods,Imports of goods,Cost insurance freight (CIF),Units,USD,49428000000.0,2023,False,High,Decreasing
Nigeria,Imports of goods,Imports of goods,Cost insurance freight (CIF),Units,USD,41263000000.0,2024,False,High,Decreasing
Nigeria,Imports of goods,Imports of goods,Cost insurance freight (CIF),Units,USD,41451000000.0,2025,False,High,Increasing
"North Macedonia, Republic of",Exports of goods,Exports of goods,Free on board (FOB),Thousands,USD,4791000000.0,2016,True,Medium,No Data
"North Macedonia, Republic of",Exports of goods,Exports of goods,Free on board (FOB),Thousands,USD,5668000000.0,2017,True,Medium,Increasing
"North Macedonia, Republic of",Exports of goods,Exports of goods,Free on board (FOB),Thousands,USD,6912000000.0,2018,True,Medium,Increasing
"North Macedonia, Republic of",Exports of goods,Exports of goods,Free on board (FOB),Thousands,USD,7189000000.0,2019,True,Medium,Increasing
"North Macedonia, Republic of",Exports of goods,Exports of goods,Free on board (FOB),Thousands,USD,6641000000.0,2020,True,Medium,Decreasing
"North Macedonia, Republic of",Exports of goods,Exports of goods,Free on board (FOB),Thousands,USD,8241000000.0,2021,True,Medium,Increasing
"North Macedonia, Republic of",Exports of goods,Exports of goods,Free on board (FOB),Thousands,USD,8727000000.0,2022,True,Medium,Increasing
"North Macedonia, Republic of",Exports of goods,Exports of goods,Free on board (FOB),Thousands,USD,8998000000.0,2023,True,Medium,Increasing
"North Macedonia, Republic of",Exports of goods,Exports of goods,Free on board (FOB),Thousands,USD,8421000000.0,2024,True,Medium,Decreasing
"North Macedonia, Republic of",Exports of goods,Exports of goods,Free on board (FOB),Thousands,USD,9054000000.0,2025,True,Medium,Increasing
"North Macedonia, Republic of",Imports of goods,Imports of goods,Cost insurance freight (CIF),Thousands,USD,6758000000.0,2016,False,Medium,No Data
"North Macedonia, Republic of",Imports of goods,Imports of goods,Cost insurance freight (CIF),Thousands,USD,7723000000.0,2017,False,Medium,Increasing
"North Macedonia, Republic of",Imports of goods,Imports of goods,Cost insurance freight (CIF),Thousands,USD,9049000000.0,2018,False,Medium,Increasing
"North Macedonia, Republic of",Imports of goods,Imports of goods,Cost insurance freight (CIF),Thousands,USD,9472000000.0,2019,False,High,Increasing
"North Macedonia, Republic of",Imports of goods,Imports of goods,Cost insurance freight (CIF),Thousands,USD,8714000000.0,2020,False,Medium,Decreasing
"North Macedonia, Republic of",Imports of goods,Imports of goods,Cost insurance freight (CIF),Thousands,USD,11396000000.0,2021,False,High,Increasing
"North Macedonia, Republic of",Imports of goods,Imports of goods,Cost insurance freight (CIF),Thousands,USD,12755000000.0,2022,False,High,Increasing
"North Macedonia, Republic of",Imports of goods,Imports of goods,Cost insurance freight (CIF),Thousands,USD,12056000000.0,2023,False,High,Decreasing
"North Macedonia, Republic of",Imports of goods,Imports of goods,Cost insurance freight (CIF),Thousands,USD,11966000000.0,2024,False,High,Decreasing
"North Macedonia, Republic of",Imports of goods,Imports of goods,Cost insurance freight (CIF),Thousands,USD,13059000000.0,2025,False,High,Increasing
Norway,Exports of goods,Exports of goods,Free on board (FOB),Billions,USD,88410000000.0,2016,True,High,No Data
Norway,Exports of goods,Exports of goods,Free on board (FOB),Billions,USD,101054000000.0,2017,True,High,Increasing
Norway,Exports of goods,Exports of goods,Free on board (FOB),Billions,USD,121791000000.0,2018,True,High,Increasing
Norway,Exports of goods,Exports of goods,Free on board (FOB),Billions,USD,102799000000.0,2019,True,High,Decreasing
Norway,Exports of goods,Exports of goods,Free on board (FOB),Billions,USD,84460000000.0,2020,True,High,Decreasing
Norway,Exports of goods,Exports of goods,Free on board (FOB),Billions,USD,160106000000.0,2021,True,High,Increasing
Norway,Exports of goods,Exports of goods,Free on board (FOB),Billions,USD,250518000000.0,2022,True,High,Increasing
Norway,Exports of goods,Exports of goods,Free on board (FOB),Billions,USD,178608000000.0,2023,True,High,Decreasing
Norway,Exports of goods,Exports of goods,Free on board (FOB),Billions,USD,168145000000.0,2024,True,High,Decreasing
Norway,Exports of goods,Exports of goods,Free on board (FOB),Billions,USD,170968000000.0,2025,True,High,Increasing
Norway,Imports of goods,Imports of goods,Cost insurance freight (CIF),Billions,USD,72109000000.0,2016,False,High,No Data
Norway,Imports of goods,Imports of goods,Cost insurance freight (CIF),Billions,USD,81250000000.0,2017,False,High,Increasing
Norway,Imports of goods,Imports of goods,Cost insurance freight (CIF),Billions,USD,86600000000.0,2018,False,High,Increasing
Norway,Imports of goods,Imports of goods,Cost insurance freight (CIF),Billions,USD,85319000000.0,2019,False,High,Decreasing
Norway,Imports of goods,Imports of goods,Cost insurance freight (CIF),Billions,USD,80448000000.0,2020,False,High,Decreasing
Norway,Imports of goods,Imports of goods,Cost insurance freight (CIF),Billions,USD,97763000000.0,2021,False,High,Increasing
Norway,Imports of goods,Imports of goods,Cost insurance freight (CIF),Billions,USD,105732000000.0,2022,False,High,Increasing
Norway,Imports of goods,Imports of goods,Cost insurance freight (CIF),Billions,USD,99530000000.0,2023,False,High,Decreasing
Norway,Imports of goods,Imports of goods,Cost insurance freight (CIF),Billions,USD,101199000000.0,2024,False,High,Increasing
Norway,Imports of goods,Imports of goods,Cost insurance freight (CIF),Billions,USD,107921000000.0,2025,False,High,Increasing
Oman,Exports of goods,Exports of goods,Free on board (FOB),Millions,USD,32407022106.63199,2017,True,High,No Data
Oman,Exports of goods,Exports of goods,Free on board (FOB),Millions,USD,41760979916.77503,2018,True,High,Increasing
Oman,Exports of goods,Exports of goods,Free on board (FOB),Millions,USD,38742083841.35241,2019,True,High,Decreasing
Oman,Exports of goods,Exports of goods,Free on board (FOB),Millions,USD,31806745133.94018,2020,True,High,Decreasing
Oman,Exports of goods,Exports of goods,Free on board (FOB),Millions,USD,43090866273.08192,2021,True,High,Increasing
Oman,Exports of goods,Exports of goods,Free on board (FOB),Millions,USD,65710901526.658,2022,True,High,Increasing
Oman,Exports of goods,Exports of goods,Free on board (FOB),Millions,USD,59547368314.69441,2023,True,High,Decreasing
Oman,Exports of goods,Exports of goods,Free on board (FOB),Millions,USD,65159862605.98179,2024,True,High,Increasing
Oman,Imports of goods,Imports of goods,Cost insurance freight (CIF),Millions,USD,27289726918.07542,2017,False,High,No Data
Oman,Imports of goods,Imports of goods,Cost insurance freight (CIF),Millions,USD,25770094806.241867,2018,False,High,Decreasing
Oman,Imports of goods,Imports of goods,Cost insurance freight (CIF),Millions,USD,23506550033.81015,2019,False,High,Decreasing
Oman,Imports of goods,Imports of goods,Cost insurance freight (CIF),Millions,USD,27929907903.77113,2020,False,High,Increasing
Oman,Imports of goods,Imports of goods,Cost insurance freight (CIF),Millions,USD,30918262527.95838,2021,False,High,Increasing
Oman,Imports of goods,Imports of goods,Cost insurance freight (CIF),Millions,USD,38573029843.953186,2022,False,High,Increasing
Oman,Imports of goods,Imports of goods,Cost insurance freight (CIF),Millions,USD,38776207339.401825,2023,False,High,Increasing
Oman,Imports of goods,Imports of goods,Cost insurance freight (CIF),Millions,USD,43466513342.00259,2024,False,High,Increasing
Pakistan,Exports of goods,Exports of goods,Free on board (FOB),Millions,USD,20355189980.81636,2016,True,High,No Data
Pakistan,Exports of goods,Exports of goods,Free on board (FOB),Millions,USD,21477012761.503212,2017,True,High,Increasing
Pakistan,Exports of goods,Exports of goods,Free on board (FOB),Millions,USD,23344411465.33587,2018,True,High,Increasing
Pakistan,Exports of goods,Exports of goods,Free on board (FOB),Millions,USD,23268398792.018177,2019,True,High,Decreasing
Pakistan,Exports of goods,Exports of goods,Free on board (FOB),Millions,USD,21951062818.63573,2020,True,High,Decreasing
Pakistan,Imports of goods,Imports of goods,Cost insurance freight (CIF),Millions,USD,46798639082.245445,2016,False,High,No Data
Pakistan,Imports of goods,Imports of goods,Cost insurance freight (CIF),Millions,USD,57211114268.831505,2017,False,High,Increasing
Pakistan,Imports of goods,Imports of goods,Cost insurance freight (CIF),Millions,USD,59865361110.3505,2018,False,High,Increasing
Pakistan,Imports of goods,Imports of goods,Cost insurance freight (CIF),Millions,USD,49931420574.32939,2019,False,High,Decreasing
Pakistan,Imports of goods,Imports of goods,Cost insurance freight (CIF),Millions,USD,45752589455.88082,2020,False,High,Decreasing
"Palau, Republic of",Exports of goods,Exports of goods,Free on board (FOB),Millions,USD,7000000.0,2016,True,Medium,No Data
"Palau, Republic of",Exports of goods,Exports of goods,Free on board (FOB),Millions,USD,6000000.0,2017,True,Medium,Decreasing
"Palau, Republic of",Exports of goods,Exports of goods,Free on board (FOB),Millions,USD,4000000.0,2018,True,Medium,Decreasing
"Palau, Republic of",Exports of goods,Exports of goods,Free on board (FOB),Millions,USD,4000000.0,2019,True,Medium,No Data
"Palau, Republic of",Exports of goods,Exports of goods,Free on board (FOB),Millions,USD,7000000.0,2020,True,Medium,Increasing
"Palau, Republic of",Exports of goods,Exports of goods,Free on board (FOB),Millions,USD,2000000.0,2021,True,Medium,Decreasing
"Palau, Republic of",Exports of goods,Exports of goods,Free on board (FOB),Millions,USD,8000000.0,2022,True,Medium,Increasing
"Palau, Republic of",Exports of goods,Exports of goods,Free on board (FOB),Millions,USD,7000000.0,2023,True,Medium,Decreasing
"Palau, Republic of",Exports of goods,Exports of goods,Free on board (FOB),Millions,USD,3000000.0,2024,True,Medium,Decreasing
"Palau, Republic of",Exports of goods,Exports of goods,Free on board (FOB),Millions,USD,3000000.0,2025,True,Medium,No Data
"Palau, Republic of",Imports of goods,Imports of goods,Cost insurance freight (CIF),Millions,USD,154000000.0,2016,False,Medium,No Data
"Palau, Republic of",Imports of goods,Imports of goods,Cost insurance freight (CIF),Millions,USD,182000000.0,2017,False,Medium,Increasing
"Palau, Republic of",Imports of goods,Imports of goods,Cost insurance freight (CIF),Millions,USD,176000000.0,2018,False,Medium,Decreasing
"Palau, Republic of",Imports of goods,Imports of goods,Cost insurance freight (CIF),Millions,USD,193000000.0,2019,False,Medium,Increasing
"Palau, Republic of",Imports of goods,Imports of goods,Cost insurance freight (CIF),Millions,USD,149000000.0,2020,False,Medium,Decreasing
"Palau, Republic of",Imports of goods,Imports of goods,Cost insurance freight (CIF),Millions,USD,156000000.0,2021,False,Medium,Increasing
"Palau, Republic of",Imports of goods,Imports of goods,Cost insurance freight (CIF),Millions,USD,207000000.0,2022,False,Medium,Increasing
"Palau, Republic of",Imports of goods,Imports of goods,Cost insurance freight (CIF),Millions,USD,196000000.0,2023,False,Medium,Decreasing
"Palau, Republic of",Imports of goods,Imports of goods,Cost insurance freight (CIF),Millions,USD,138000000.0,2024,False,Medium,Decreasing
"Palau, Republic of",Imports of goods,Imports of goods,Cost insurance freight (CIF),Millions,USD,162000000.0,2025,False,Medium,Increasing
Panama,Exports of goods,Exports of goods,Free on board (FOB),Thousands,USD,636000000.0,2016,True,Medium,No Data
Panama,Exports of goods,Exports of goods,Free on board (FOB),Thousands,USD,660000000.0,2017,True,Medium,Increasing
Panama,Exports of goods,Exports of goods,Free on board (FOB),Thousands,USD,673000000.0,2018,True,Medium,Increasing
Panama,Exports of goods,Exports of goods,Free on board (FOB),Thousands,USD,1504000000.0,2019,True,Medium,Increasing
Panama,Exports of goods,Exports of goods,Free on board (FOB),Thousands,USD,1726000000.0,2020,True,Medium,Increasing
Panama,Exports of goods,Exports of goods,Free on board (FOB),Thousands,USD,3558000000.0,2021,True,Medium,Increasing
Panama,Exports of goods,Exports of goods,Free on board (FOB),Thousands,USD,3652000000.0,2022,True,Medium,Increasing
Panama,Exports of goods,Exports of goods,Free on board (FOB),Thousands,USD,3367000000.0,2023,True,Medium,Decreasing
Panama,Exports of goods,Exports of goods,Free on board (FOB),Thousands,USD,965000000.0,2024,True,Medium,Decreasing
Panama,Exports of goods,Exports of goods,Free on board (FOB),Thousands,USD,1323000000.0,2025,True,Medium,Increasing
Panama,Imports of goods,Imports of goods,Cost insurance freight (CIF),Thousands,USD,11697000000.0,2016,False,High,No Data
Panama,Imports of goods,Imports of goods,Cost insurance freight (CIF),Thousands,USD,12724000000.0,2017,False,High,Increasing
Panama,Imports of goods,Imports of goods,Cost insurance freight (CIF),Thousands,USD,13232000000.0,2018,False,High,Increasing
Panama,Imports of goods,Imports of goods,Cost insurance freight (CIF),Thousands,USD,12836000000.0,2019,False,High,Decreasing
Panama,Imports of goods,Imports of goods,Cost insurance freight (CIF),Thousands,USD,8077000000.0,2020,False,Medium,Decreasing
Panama,Imports of goods,Imports of goods,Cost insurance freight (CIF),Thousands,USD,11558000000.0,2021,False,High,Increasing
Panama,Imports of goods,Imports of goods,Cost insurance freight (CIF),Thousands,USD,15230000000.0,2022,False,High,Increasing
Panama,Imports of goods,Imports of goods,Cost insurance freight (CIF),Thousands,USD,14527000000.0,2023,False,High,Decreasing
Panama,Imports of goods,Imports of goods,Cost insurance freight (CIF),Thousands,USD,13991000000.0,2024,False,High,Decreasing
Panama,Imports of goods,Imports of goods,Cost insurance freight (CIF),Thousands,USD,14156000000.0,2025,False,High,Increasing
Papua New Guinea,Exports of goods,Exports of goods,Free on board (FOB),Millions,USD,8194000000.0,2016,True,Medium,No Data
Papua New Guinea,Exports of goods,Exports of goods,Free on board (FOB),Millions,USD,9952000000.0,2017,True,High,Increasing
Papua New Guinea,Exports of goods,Exports of goods,Free on board (FOB),Millions,USD,10524000000.0,2018,True,High,Increasing
Papua New Guinea,Exports of goods,Exports of goods,Free on board (FOB),Millions,USD,10946000000.0,2019,True,High,Increasing
Papua New Guinea,Exports of goods,Exports of goods,Free on board (FOB),Millions,USD,9077000000.0,2020,True,Medium,Decreasing
Papua New Guinea,Exports of goods,Exports of goods,Free on board (FOB),Millions,USD,10842000000.0,2021,True,High,Increasing
Papua New Guinea,Exports of goods,Exports of goods,Free on board (FOB),Millions,USD,14614000000.0,2022,True,High,Increasing
Papua New Guinea,Exports of goods,Exports of goods,Free on board (FOB),Millions,USD,12831000000.0,2023,True,High,Decreasing
Papua New Guinea,Exports of goods,Exports of goods,Free on board (FOB),Millions,USD,13975000000.0,2024,True,High,Increasing
Papua New Guinea,Exports of goods,Exports of goods,Free on board (FOB),Millions,USD,15541000000.0,2025,True,High,Increasing
Papua New Guinea,Imports of goods,Imports of goods,Cost insurance freight (CIF),Millions,USD,2068000000.0,2016,False,Medium,No Data
Papua New Guinea,Imports of goods,Imports of goods,Cost insurance freight (CIF),Millions,USD,3059000000.0,2017,False,Medium,Increasing
Papua New Guinea,Imports of goods,Imports of goods,Cost insurance freight (CIF),Millions,USD,3519000000.0,2018,False,Medium,Increasing
Papua New Guinea,Imports of goods,Imports of goods,Cost insurance freight (CIF),Millions,USD,4127000000.0,2019,False,Medium,Increasing
Papua New Guinea,Imports of goods,Imports of goods,Cost insurance freight (CIF),Millions,USD,3591000000.0,2020,False,Medium,Decreasing
Papua New Guinea,Imports of goods,Imports of goods,Cost insurance freight (CIF),Millions,USD,4368000000.0,2021,False,Medium,Increasing
Papua New Guinea,Imports of goods,Imports of goods,Cost insurance freight (CIF),Millions,USD,5879000000.0,2022,False,Medium,Increasing
Papua New Guinea,Imports of goods,Imports of goods,Cost insurance freight (CIF),Millions,USD,5409000000.0,2023,False,Medium,Decreasing
Papua New Guinea,Imports of goods,Imports of goods,Cost insurance freight (CIF),Millions,USD,5019000000.0,2024,False,Medium,Decreasing
Papua New Guinea,Imports of goods,Imports of goods,Cost insurance freight (CIF),Millions,USD,4620000000.0,2025,False,Medium,Decreasing
Paraguay,Exports of goods,Exports of goods,Free on board (FOB),Thousands,USD,8494000000.0,2016,True,Medium,No Data
Paraguay,Exports of goods,Exports of goods,Free on board (FOB),Thousands,USD,8680000000.0,2017,True,Medium,Increasing
Paraguay,Exports of goods,Exports of goods,Free on board (FOB),Thousands,USD,9041000000.0,2018,True,Medium,Increasing
Paraguay,Exports of goods,Exports of goods,Free on board (FOB),Thousands,USD,7968000000.0,2019,True,Medium,Decreasing
Paraguay,Exports of goods,Exports of goods,Free on board (FOB),Thousands,USD,8517000000.0,2020,True,Medium,Increasing
Paraguay,Exports of goods,Exports of goods,Free on board (FOB),Thousands,USD,10548000000.0,2021,True,High,Increasing
Paraguay,Exports of goods,Exports of goods,Free on board (FOB),Thousands,USD,9956000000.0,2022,True,High,Decreasing
Paraguay,Exports of goods,Exports of goods,Free on board (FOB),Thousands,USD,11891000000.0,2023,True,High,Increasing
Paraguay,Exports of goods,Exports of goods,Free on board (FOB),Thousands,USD,10881000000.0,2024,True,High,Decreasing
Paraguay,Exports of goods,Exports of goods,Free on board (FOB),Thousands,USD,11082000000.0,2025,True,High,Increasing
Paraguay,Imports of goods,Imports of goods,Cost insurance freight (CIF),Thousands,USD,9752000000.0,2016,False,High,No Data
Paraguay,Imports of goods,Imports of goods,Cost insurance freight (CIF),Thousands,USD,11873000000.0,2017,False,High,Increasing
Paraguay,Imports of goods,Imports of goods,Cost insurance freight (CIF),Thousands,USD,13336000000.0,2018,False,High,Increasing
Paraguay,Imports of goods,Imports of goods,Cost insurance freight (CIF),Thousands,USD,12543000000.0,2019,False,High,Decreasing
Paraguay,Imports of goods,Imports of goods,Cost insurance freight (CIF),Thousands,USD,10219000000.0,2020,False,High,Decreasing
Paraguay,Imports of goods,Imports of goods,Cost insurance freight (CIF),Thousands,USD,13560000000.0,2021,False,High,Increasing
Paraguay,Imports of goods,Imports of goods,Cost insurance freight (CIF),Thousands,USD,15853000000.0,2022,False,High,Increasing
Paraguay,Imports of goods,Imports of goods,Cost insurance freight (CIF),Thousands,USD,16104000000.0,2023,False,High,Increasing
Paraguay,Imports of goods,Imports of goods,Cost insurance freight (CIF),Thousands,USD,17210000000.0,2024,False,High,Increasing
Paraguay,Imports of goods,Imports of goods,Cost insurance freight (CIF),Thousands,USD,19130000000.0,2025,False,High,Increasing
Peru,Exports of goods,Exports of goods,Free on board (FOB),Millions,USD,36516000000.0,2016,True,High,No Data
Peru,Exports of goods,Exports of goods,Free on board (FOB),Millions,USD,43455000000.0,2017,True,High,Increasing
Peru,Exports of goods,Exports of goods,Free on board (FOB),Millions,USD,48019000000.0,2018,True,High,Increasing
Peru,Exports of goods,Exports of goods,Free on board (FOB),Millions,USD,46445000000.0,2019,True,High,Decreasing
Peru,Exports of goods,Exports of goods,Free on board (FOB),Millions,USD,39599000000.0,2020,True,High,Decreasing
Peru,Exports of goods,Exports of goods,Free on board (FOB),Millions,USD,59648000000.0,2021,True,High,Increasing
Peru,Exports of goods,Exports of goods,Free on board (FOB),Millions,USD,62910000000.0,2022,True,High,Increasing
Peru,Exports of goods,Exports of goods,Free on board (FOB),Millions,USD,64714000000.0,2023,True,High,Increasing
Peru,Exports of goods,Exports of goods,Free on board (FOB),Millions,USD,74713000000.0,2024,True,High,Increasing
Peru,Exports of goods,Exports of goods,Free on board (FOB),Millions,USD,82693000000.0,2025,True,High,Increasing
Peru,Imports of goods,Imports of goods,Cost insurance freight (CIF),Millions,USD,36253000000.0,2016,False,High,No Data
Peru,Imports of goods,Imports of goods,Cost insurance freight (CIF),Millions,USD,39885000000.0,2017,False,High,Increasing
Peru,Imports of goods,Imports of goods,Cost insurance freight (CIF),Millions,USD,43261000000.0,2018,False,High,Increasing
Peru,Imports of goods,Imports of goods,Cost insurance freight (CIF),Millions,USD,42283000000.0,2019,False,High,Decreasing
Peru,Imports of goods,Imports of goods,Cost insurance freight (CIF),Millions,USD,36142000000.0,2020,False,High,Decreasing
Peru,Imports of goods,Imports of goods,Cost insurance freight (CIF),Millions,USD,50892000000.0,2021,False,High,Increasing
Peru,Imports of goods,Imports of goods,Cost insurance freight (CIF),Millions,USD,60980000000.0,2022,False,High,Increasing
Peru,Imports of goods,Imports of goods,Cost insurance freight (CIF),Millions,USD,52395000000.0,2023,False,High,Decreasing
Peru,Imports of goods,Imports of goods,Cost insurance freight (CIF),Millions,USD,55200000000.0,2024,False,High,Increasing
Peru,Imports of goods,Imports of goods,Cost insurance freight (CIF),Millions,USD,60632000000.0,2025,False,High,Increasing
Philippines,Exports of goods,Exports of goods,Free on board (FOB),Millions,USD,57406074543.21604,2016,True,High,No Data
Philippines,Exports of goods,Exports of goods,Free on board (FOB),Millions,USD,68712710512.651596,2017,True,High,Increasing
Philippines,Exports of goods,Exports of goods,Free on board (FOB),Millions,USD,69307438300.66362,2018,True,High,Increasing
Philippines,Exports of goods,Exports of goods,Free on board (FOB),Millions,USD,70927001764.27309,2019,True,High,Increasing
Philippines,Exports of goods,Exports of goods,Free on board (FOB),Millions,USD,65214540870.75705,2020,True,High,Decreasing
Philippines,Exports of goods,Exports of goods,Free on board (FOB),Millions,USD,74653210068.2576,2021,True,High,Increasing
Philippines,Exports of goods,Exports of goods,Free on board (FOB),Millions,USD,78836903333.20012,2022,True,High,Increasing
Philippines,Exports of goods,Exports of goods,Free on board (FOB),Millions,USD,73528000000.0,2023,True,High,Decreasing
Philippines,Exports of goods,Exports of goods,Free on board (FOB),Millions,USD,72982000000.0,2024,True,High,Decreasing
Philippines,Exports of goods,Exports of goods,Free on board (FOB),Millions,USD,83758000000.0,2025,True,High,Increasing
Philippines,Imports of goods,Imports of goods,Free on board (FOB),Millions,USD,84108039046.71901,2016,False,High,No Data
Philippines,Imports of goods,Imports of goods,Cost insurance freight (CIF),Millions,USD,89435103741.17053,2016,False,High,Increasing
Philippines,Imports of goods,Imports of goods,Free on board (FOB),Millions,USD,96093239708.18802,2017,False,High,Increasing
Philippines,Imports of goods,Imports of goods,Cost insurance freight (CIF),Millions,USD,101900757697.0887,2017,False,High,Increasing
Philippines,Imports of goods,Imports of goods,Free on board (FOB),Millions,USD,112840830595.92,2018,False,High,Increasing
Philippines,Imports of goods,Imports of goods,Cost insurance freight (CIF),Millions,USD,119329140217.3906,2018,False,High,Increasing
Philippines,Imports of goods,Imports of goods,Free on board (FOB),Millions,USD,111593077338.05011,2019,False,High,Decreasing
Philippines,Imports of goods,Imports of goods,Cost insurance freight (CIF),Millions,USD,117374269261.51671,2019,False,High,Increasing
Philippines,Imports of goods,Imports of goods,Free on board (FOB),Millions,USD,89811528741.64024,2020,False,High,Decreasing
Philippines,Imports of goods,Imports of goods,Cost insurance freight (CIF),Millions,USD,95161259094.17046,2020,False,High,Increasing
Philippines,Imports of goods,Imports of goods,Free on board (FOB),Millions,USD,116882955349.6388,2021,False,High,Increasing
Philippines,Imports of goods,Imports of goods,Cost insurance freight (CIF),Millions,USD,123486246456.7129,2021,False,High,Increasing
Philippines,Imports of goods,Imports of goods,Free on board (FOB),Millions,USD,137155002458.0092,2022,False,High,Increasing
Philippines,Imports of goods,Imports of goods,Cost insurance freight (CIF),Millions,USD,145060091588.8895,2022,False,High,Increasing
Philippines,Imports of goods,Imports of goods,Cost insurance freight (CIF),Millions,USD,133805000000.0,2023,False,High,Decreasing
Philippines,Imports of goods,Imports of goods,Cost insurance freight (CIF),Millions,USD,134881000000.0,2024,False,High,Increasing
Philippines,Imports of goods,Imports of goods,Cost insurance freight (CIF),Millions,USD,141730000000.0,2025,False,High,Increasing
"Poland, Republic of",Exports of goods,Exports of goods,Free on board (FOB),Billions,USD,203816000000.0,2016,True,High,No Data
"Poland, Republic of",Exports of goods,Exports of goods,Free on board (FOB),Billions,USD,234363000000.0,2017,True,High,Increasing
"Poland, Republic of",Exports of goods,Exports of goods,Free on board (FOB),Billions,USD,263571000000.00003,2018,True,High,Increasing
"Poland, Republic of",Exports of goods,Exports of goods,Free on board (FOB),Billions,USD,266595000000.00003,2019,True,High,Increasing
"Poland, Republic of",Exports of goods,Exports of goods,Free on board (FOB),Billions,USD,273836000000.0,2020,True,High,Increasing
"Poland, Republic of",Exports of goods,Exports of goods,Free on board (FOB),Billions,USD,340634000000.0,2021,True,High,Increasing
"Poland, Republic of",Exports of goods,Exports of goods,Free on board (FOB),Billions,USD,360541000000.0,2022,True,High,Increasing
"Poland, Republic of",Exports of goods,Exports of goods,Free on board (FOB),Billions,USD,381517000000.0,2023,True,High,Increasing
"Poland, Republic of",Exports of goods,Exports of goods,Free on board (FOB),Billions,USD,382847000000.0,2024,True,High,Increasing
"Poland, Republic of",Exports of goods,Exports of goods,Free on board (FOB),Billions,USD,413897000000.0,2025,True,High,Increasing
"Poland, Republic of",Imports of goods,Imports of goods,Cost insurance freight (CIF),Billions,USD,199505000000.0,2016,False,High,No Data
"Poland, Republic of",Imports of goods,Imports of goods,Cost insurance freight (CIF),Billions,USD,233811000000.0,2017,False,High,Increasing
"Poland, Republic of",Imports of goods,Imports of goods,Cost insurance freight (CIF),Billions,USD,268959000000.0,2018,False,High,Increasing
"Poland, Republic of",Imports of goods,Imports of goods,Cost insurance freight (CIF),Billions,USD,265279999999.99997,2019,False,High,Decreasing
"Poland, Republic of",Imports of goods,Imports of goods,Cost insurance freight (CIF),Billions,USD,261625999999.99997,2020,False,High,Decreasing
"Poland, Republic of",Imports of goods,Imports of goods,Cost insurance freight (CIF),Billions,USD,342077000000.0,2021,False,High,Increasing
"Poland, Republic of",Imports of goods,Imports of goods,Cost insurance freight (CIF),Billions,USD,381186000000.0,2022,False,High,Increasing
"Poland, Republic of",Imports of goods,Imports of goods,Cost insurance freight (CIF),Billions,USD,370077000000.0,2023,False,High,Decreasing
"Poland, Republic of",Imports of goods,Imports of goods,Cost insurance freight (CIF),Billions,USD,382257000000.0,2024,False,High,Increasing
"Poland, Republic of",Imports of goods,Imports of goods,Cost insurance freight (CIF),Billions,USD,420914000000.0,2025,False,High,Increasing
Portugal,Exports of goods,Exports of goods,Free on board (FOB),Millions,USD,55374000000.0,2016,True,High,No Data
Portugal,Exports of goods,Exports of goods,Free on board (FOB),Millions,USD,62128000000.0,2017,True,High,Increasing
Portugal,Exports of goods,Exports of goods,Free on board (FOB),Millions,USD,68360000000.0,2018,True,High,Increasing
Portugal,Exports of goods,Exports of goods,Free on board (FOB),Millions,USD,67064000000.0,2019,True,High,Decreasing
Portugal,Exports of goods,Exports of goods,Free on board (FOB),Millions,USD,61495000000.0,2020,True,High,Decreasing
Portugal,Exports of goods,Exports of goods,Free on board (FOB),Millions,USD,75229000000.0,2021,True,High,Increasing
Portugal,Exports of goods,Exports of goods,Free on board (FOB),Millions,USD,82464000000.0,2022,True,High,Increasing
Portugal,Exports of goods,Exports of goods,Free on board (FOB),Millions,USD,83621000000.0,2023,True,High,Increasing
Portugal,Exports of goods,Exports of goods,Free on board (FOB),Millions,USD,85368000000.0,2024,True,High,Increasing
Portugal,Exports of goods,Exports of goods,Free on board (FOB),Millions,USD,89486000000.0,2025,True,High,Increasing
Portugal,Imports of goods,Imports of goods,Cost insurance freight (CIF),Millions,USD,67953000000.0,2016,False,High,No Data
Portugal,Imports of goods,Imports of goods,Cost insurance freight (CIF),Millions,USD,78765000000.0,2017,False,High,Increasing
Portugal,Imports of goods,Imports of goods,Cost insurance freight (CIF),Millions,USD,89060000000.0,2018,False,High,Increasing
Portugal,Imports of goods,Imports of goods,Cost insurance freight (CIF),Millions,USD,89539000000.0,2019,False,High,Increasing
Portugal,Imports of goods,Imports of goods,Cost insurance freight (CIF),Millions,USD,77894000000.0,2020,False,High,Decreasing
Portugal,Imports of goods,Imports of goods,Cost insurance freight (CIF),Millions,USD,98201000000.0,2021,False,High,Increasing
Portugal,Imports of goods,Imports of goods,Cost insurance freight (CIF),Millions,USD,115158000000.0,2022,False,High,Increasing
Portugal,Imports of goods,Imports of goods,Cost insurance freight (CIF),Millions,USD,113683000000.0,2023,False,High,Decreasing
Portugal,Imports of goods,Imports of goods,Cost insurance freight (CIF),Millions,USD,116023000000.0,2024,False,High,Increasing
Portugal,Imports of goods,Imports of goods,Cost insurance freight (CIF),Millions,USD,126067000000.0,2025,False,High,Increasing
Qatar,Exports of goods,Exports of goods,Free on board (FOB),Millions,USD,57308686813.18681,2016,True,High,No Data
Qatar,Exports of goods,Exports of goods,Free on board (FOB),Millions,USD,67498178571.42858,2017,True,High,Increasing
Qatar,Exports of goods,Exports of goods,Free on board (FOB),Millions,USD,84294096153.84616,2018,True,High,Increasing
Qatar,Exports of goods,Exports of goods,Free on board (FOB),Millions,USD,72934945054.94504,2019,True,High,Decreasing
Qatar,Exports of goods,Exports of goods,Free on board (FOB),Millions,USD,51504148351.648346,2020,True,High,Decreasing
Qatar,Exports of goods,Exports of goods,Free on board (FOB),Millions,USD,87361075233.38873,2021,True,High,Increasing
Qatar,Exports of goods,Exports of goods,Free on board (FOB),Millions,USD,131067746528.21289,2022,True,High,Increasing
Qatar,Exports of goods,Exports of goods,Free on board (FOB),Millions,USD,97756227279.73488,2023,True,High,Decreasing
Qatar,Exports of goods,Exports of goods,Free on board (FOB),Millions,USD,95044251694.23021,2024,True,High,Decreasing
Qatar,Exports of goods,Exports of goods,Free on board (FOB),Millions,USD,90037032512.9508,2025,True,High,Decreasing
Qatar,Imports of goods,Imports of goods,Cost insurance freight (CIF),Millions,USD,32060096153.84615,2016,False,High,No Data
Qatar,Imports of goods,Imports of goods,Cost insurance freight (CIF),Millions,USD,29896387362.63736,2017,False,High,Decreasing
Qatar,Imports of goods,Imports of goods,Cost insurance freight (CIF),Millions,USD,31695945054.94505,2018,False,High,Increasing
Qatar,Imports of goods,Imports of goods,Cost insurance freight (CIF),Millions,USD,29178063186.81318,2019,False,High,Decreasing
Qatar,Imports of goods,Imports of goods,Cost insurance freight (CIF),Millions,USD,25834887362.63736,2020,False,High,Decreasing
Qatar,Imports of goods,Imports of goods,Cost insurance freight (CIF),Millions,USD,28068906431.57637,2021,False,High,Increasing
Qatar,Imports of goods,Imports of goods,Cost insurance freight (CIF),Millions,USD,33479010708.552204,2022,False,High,Increasing
Qatar,Imports of goods,Imports of goods,Cost insurance freight (CIF),Millions,USD,31416539734.19781,2023,False,High,Decreasing
Qatar,Imports of goods,Imports of goods,Cost insurance freight (CIF),Millions,USD,35802044848.701645,2024,False,High,Increasing
Qatar,Imports of goods,Imports of goods,Cost insurance freight (CIF),Millions,USD,38058717501.9849,2025,False,High,Increasing
Romania,Exports of goods,Exports of goods,Free on board (FOB),Millions,USD,63534000000.0,2016,True,High,No Data
Romania,Exports of goods,Exports of goods,Free on board (FOB),Millions,USD,70763000000.0,2017,True,High,Increasing
Romania,Exports of goods,Exports of goods,Free on board (FOB),Millions,USD,79661000000.0,2018,True,High,Increasing
Romania,Exports of goods,Exports of goods,Free on board (FOB),Millions,USD,76872000000.0,2019,True,High,Decreasing
Romania,Exports of goods,Exports of goods,Free on board (FOB),Millions,USD,70718000000.0,2020,True,High,Decreasing
Romania,Exports of goods,Exports of goods,Free on board (FOB),Millions,USD,87387000000.0,2021,True,High,Increasing
Romania,Exports of goods,Exports of goods,Free on board (FOB),Millions,USD,96699000000.0,2022,True,High,Increasing
Romania,Exports of goods,Exports of goods,Free on board (FOB),Millions,USD,100607000000.0,2023,True,High,Increasing
Romania,Exports of goods,Exports of goods,Free on board (FOB),Millions,USD,100290000000.0,2024,True,High,Decreasing
Romania,Exports of goods,Exports of goods,Free on board (FOB),Millions,USD,109136000000.0,2025,True,High,Increasing
Romania,Imports of goods,Imports of goods,Cost insurance freight (CIF),Millions,USD,74560000000.0,2016,False,High,No Data
Romania,Imports of goods,Imports of goods,Cost insurance freight (CIF),Millions,USD,85486000000.0,2017,False,High,Increasing
Romania,Imports of goods,Imports of goods,Cost insurance freight (CIF),Millions,USD,97747000000.0,2018,False,High,Increasing
Romania,Imports of goods,Imports of goods,Cost insurance freight (CIF),Millions,USD,96545000000.0,2019,False,High,Decreasing
Romania,Imports of goods,Imports of goods,Cost insurance freight (CIF),Millions,USD,92131000000.0,2020,False,High,Decreasing
Romania,Imports of goods,Imports of goods,Cost insurance freight (CIF),Millions,USD,116201000000.0,2021,False,High,Increasing
Romania,Imports of goods,Imports of goods,Cost insurance freight (CIF),Millions,USD,132469000000.0,2022,False,High,Increasing
Romania,Imports of goods,Imports of goods,Cost insurance freight (CIF),Millions,USD,131930000000.0,2023,False,High,Decreasing
Romania,Imports of goods,Imports of goods,Cost insurance freight (CIF),Millions,USD,136473000000.0,2024,False,High,Increasing
Romania,Imports of goods,Imports of goods,Cost insurance freight (CIF),Millions,USD,146036000000.0,2025,False,High,Increasing
Russian Federation,Exports of goods,Exports of goods,Free on board (FOB),Millions,USD,281710000000.0,2016,True,High,No Data
Russian Federation,Exports of goods,Exports of goods,Free on board (FOB),Millions,USD,352943000000.0,2017,True,High,Increasing
Russian Federation,Exports of goods,Exports of goods,Free on board (FOB),Millions,USD,443914000000.0,2018,True,High,Increasing
Russian Federation,Exports of goods,Exports of goods,Free on board (FOB),Millions,USD,419721000000.0,2019,True,High,Decreasing
Russian Federation,Exports of goods,Exports of goods,Free on board (FOB),Millions,USD,333530000000.0,2020,True,High,Decreasing
Russian Federation,Exports of goods,Exports of goods,Free on board (FOB),Millions,USD,494161000000.0,2021,True,High,Increasing
Russian Federation,Exports of goods,Exports of goods,Free on board (FOB),Millions,USD,592075000000.0,2022,True,High,Increasing
Russian Federation,Exports of goods,Exports of goods,Free on board (FOB),Millions,USD,424749000000.0,2023,True,High,Decreasing
Russian Federation,Exports of goods,Exports of goods,Free on board (FOB),Millions,USD,433634000000.0,2024,True,High,Increasing
Russian Federation,Exports of goods,Exports of goods,Free on board (FOB),Millions,USD,422074000000.0,2025,True,High,Decreasing
Russian Federation,Imports of goods,Imports of goods,Cost insurance freight (CIF),Millions,USD,191493000000.0,2016,False,High,No Data
Russian Federation,Imports of goods,Imports of goods,Free on board (FOB),Millions,USD,191493000000.0,2016,False,High,No Data
Russian Federation,Imports of goods,Imports of goods,Cost insurance freight (CIF),Millions,USD,238384000000.0,2017,False,High,Increasing
Russian Federation,Imports of goods,Imports of goods,Free on board (FOB),Millions,USD,238384000000.0,2017,False,High,No Data
Russian Federation,Imports of goods,Imports of goods,Cost insurance freight (CIF),Millions,USD,248856000000.0,2018,False,High,Increasing
Russian Federation,Imports of goods,Imports of goods,Free on board (FOB),Millions,USD,248856000000.0,2018,False,High,No Data
Russian Federation,Imports of goods,Imports of goods,Cost insurance freight (CIF),Millions,USD,253876000000.0,2019,False,High,Increasing
Russian Federation,Imports of goods,Imports of goods,Free on board (FOB),Millions,USD,253876000000.0,2019,False,High,No Data
Russian Federation,Imports of goods,Imports of goods,Cost insurance freight (CIF),Millions,USD,240088000000.0,2020,False,High,Decreasing
Russian Federation,Imports of goods,Imports of goods,Free on board (FOB),Millions,USD,240088000000.0,2020,False,High,No Data
Russian Federation,Imports of goods,Imports of goods,Cost insurance freight (CIF),Millions,USD,301046000000.0,2021,False,High,Increasing
Russian Federation,Imports of goods,Imports of goods,Free on board (FOB),Millions,USD,301046000000.0,2021,False,High,No Data
Russian Federation,Imports of goods,Imports of goods,Cost insurance freight (CIF),Millions,USD,276511000000.0,2022,False,High,Decreasing
Russian Federation,Imports of goods,Imports of goods,Free on board (FOB),Millions,USD,276511000000.0,2022,False,High,No Data
Russian Federation,Imports of goods,Imports of goods,Cost insurance freight (CIF),Millions,USD,303086000000.0,2023,False,High,Increasing
Russian Federation,Imports of goods,Imports of goods,Free on board (FOB),Millions,USD,303086000000.0,2023,False,High,No Data
Russian Federation,Imports of goods,Imports of goods,Cost insurance freight (CIF),Millions,USD,301550000000.0,2024,False,High,Decreasing
Russian Federation,Imports of goods,Imports of goods,Free on board (FOB),Millions,USD,301550000000.0,2024,False,High,No Data
Russian Federation,Imports of goods,Imports of goods,Cost insurance freight (CIF),Millions,USD,302710000000.0,2025,False,High,Increasing
Russian Federation,Imports of goods,Imports of goods,Free on board (FOB),Millions,USD,304976000000.0,2025,False,High,Increasing
Rwanda,Exports of goods,Exports of goods,Free on board (FOB),Millions,USD,668762580.5113324,2017,True,Medium,No Data
Rwanda,Exports of goods,Exports of goods,Free on board (FOB),Millions,USD,695507521.2308533,2018,True,Medium,Increasing
Rwanda,Exports of goods,Exports of goods,Free on board (FOB),Millions,USD,784204849.3139905,2019,True,Medium,Increasing
Rwanda,Exports of goods,Exports of goods,Free on board (FOB),Millions,USD,1098641992.037651,2020,True,Medium,Increasing
Rwanda,Exports of goods,Exports of goods,Free on board (FOB),Millions,USD,1011956956.259181,2021,True,Medium,Decreasing
Rwanda,Exports of goods,Exports of goods,Free on board (FOB),Millions,USD,1322533628.272947,2022,True,Medium,Increasing
Rwanda,Exports of goods,Exports of goods,Free on board (FOB),Millions,USD,1674039819.5933568,2023,True,Medium,Increasing
Rwanda,Exports of goods,Exports of goods,Free on board (FOB),Millions,USD,2313588903.843971,2024,True,Medium,Increasing
Rwanda,Exports of goods,Exports of goods,Free on board (FOB),Millions,USD,1574386236.3207712,2025,True,Medium,Decreasing
Rwanda,Imports of goods,Imports of goods,Cost insurance freight (CIF),Millions,USD,2946433267.4449177,2017,False,Medium,No Data
Rwanda,Imports of goods,Imports of goods,Cost insurance freight (CIF),Millions,USD,2955373334.962243,2018,False,Medium,Increasing
Rwanda,Imports of goods,Imports of goods,Cost insurance freight (CIF),Millions,USD,3139557748.758177,2019,False,Medium,Increasing
Rwanda,Imports of goods,Imports of goods,Cost insurance freight (CIF),Millions,USD,3530694423.333579,2020,False,Medium,Increasing
Rwanda,Imports of goods,Imports of goods,Cost insurance freight (CIF),Millions,USD,3851882762.974085,2021,False,Medium,Increasing
Rwanda,Imports of goods,Imports of goods,Cost insurance freight (CIF),Millions,USD,5144996580.825725,2022,False,Medium,Increasing
Rwanda,Imports of goods,Imports of goods,Cost insurance freight (CIF),Millions,USD,6108466356.439166,2023,False,Medium,Increasing
Rwanda,Imports of goods,Imports of goods,Cost insurance freight (CIF),Millions,USD,6345145956.791204,2024,False,Medium,Increasing
Rwanda,Imports of goods,Imports of goods,Cost insurance freight (CIF),Millions,USD,5509155699.512995,2025,False,Medium,Decreasing
Samoa,Exports of goods,Exports of goods,Free on board (FOB),Thousands,USD,56174976.197310254,2016,True,Medium,No Data
Samoa,Exports of goods,Exports of goods,Free on board (FOB),Thousands,USD,44073868.17291534,2017,True,Medium,Decreasing
Samoa,Exports of goods,Exports of goods,Free on board (FOB),Thousands,USD,45993446.87036766,2018,True,Medium,Increasing
Samoa,Exports of goods,Exports of goods,Free on board (FOB),Thousands,USD,49062439.64914097,2019,True,Medium,Increasing
Samoa,Exports of goods,Exports of goods,Free on board (FOB),Thousands,USD,37236369.68152368,2020,True,Medium,Decreasing
Samoa,Exports of goods,Exports of goods,Free on board (FOB),Thousands,USD,28825262.87445654,2021,True,Medium,Decreasing
Samoa,Exports of goods,Exports of goods,Free on board (FOB),Thousands,USD,41580005.74574684,2022,True,Medium,Increasing
Samoa,Exports of goods,Exports of goods,Free on board (FOB),Thousands,USD,42456848.3482402,2023,True,Medium,Increasing
Samoa,Exports of goods,Exports of goods,Free on board (FOB),Thousands,USD,41831955.4263354,2024,True,Medium,Decreasing
Samoa,Exports of goods,Exports of goods,Free on board (FOB),Thousands,USD,25749838.6700681,2025,True,Medium,Decreasing
Samoa,Imports of goods,Imports of goods,Cost insurance freight (CIF),Thousands,USD,350490445.5897628,2016,False,Medium,No Data
Samoa,Imports of goods,Imports of goods,Cost insurance freight (CIF),Thousands,USD,352799284.6720099,2017,False,Medium,Increasing
Samoa,Imports of goods,Imports of goods,Cost insurance freight (CIF),Thousands,USD,362755148.3738451,2018,False,Medium,Increasing
Samoa,Imports of goods,Imports of goods,Cost insurance freight (CIF),Thousands,USD,389005514.7694472,2019,False,Medium,Increasing
Samoa,Imports of goods,Imports of goods,Cost insurance freight (CIF),Thousands,USD,311570137.89601934,2020,False,Medium,Decreasing
Samoa,Imports of goods,Imports of goods,Cost insurance freight (CIF),Thousands,USD,367887805.19316995,2021,False,Medium,Increasing
Samoa,Imports of goods,Imports of goods,Cost insurance freight (CIF),Thousands,USD,439989287.2715346,2022,False,Medium,Increasing
Samoa,Imports of goods,Imports of goods,Cost insurance freight (CIF),Thousands,USD,468075823.7924403,2023,False,Medium,Increasing
Samoa,Imports of goods,Imports of goods,Cost insurance freight (CIF),Thousands,USD,482980976.864424,2024,False,Medium,Increasing
Samoa,Imports of goods,Imports of goods,Cost insurance freight (CIF),Thousands,USD,480132197.86295635,2025,False,Medium,Decreasing
"San Marino, Republic of",Exports of goods,Exports of goods,Free on board (FOB),Millions,USD,2417761682.4093227,2016,True,Medium,No Data
"San Marino, Republic of",Exports of goods,Exports of goods,Free on board (FOB),Millions,USD,2454610910.9036436,2017,True,Medium,Increasing
"San Marino, Republic of",Exports of goods,Exports of goods,Free on board (FOB),Millions,USD,2717790836.895524,2018,True,Medium,Increasing
"San Marino, Republic of",Exports of goods,Exports of goods,Free on board (FOB),Millions,USD,2713206946.937931,2019,True,Medium,Decreasing
"San Marino, Republic of",Exports of goods,Exports of goods,Free on board (FOB),Millions,USD,2496635351.791695,2020,True,Medium,Decreasing
"San Marino, Republic of",Exports of goods,Exports of goods,Free on board (FOB),Millions,USD,3196806290.82423,2021,True,Medium,Increasing
"San Marino, Republic of",Exports of goods,Exports of goods,Free on board (FOB),Millions,USD,3540560773.330144,2022,True,Medium,Increasing
"San Marino, Republic of",Exports of goods,Exports of goods,Free on board (FOB),Millions,USD,3702144176.371206,2023,True,Medium,Increasing
"San Marino, Republic of",Exports of goods,Exports of goods,Free on board (FOB),Millions,USD,3696337795.1732903,2024,True,Medium,Decreasing
"San Marino, Republic of",Exports of goods,Exports of goods,Free on board (FOB),Millions,USD,4012976765.5366983,2025,True,Medium,Increasing
"San Marino, Republic of",Imports of goods,Imports of goods,Cost insurance freight (CIF),Millions,USD,1907195744.5111558,2016,False,Medium,No Data
"San Marino, Republic of",Imports of goods,Imports of goods,Cost insurance freight (CIF),Millions,USD,1960469543.454207,2017,False,Medium,Increasing
"San Marino, Republic of",Imports of goods,Imports of goods,Cost insurance freight (CIF),Millions,USD,2089016118.802248,2018,False,Medium,Increasing
"San Marino, Republic of",Imports of goods,Imports of goods,Cost insurance freight (CIF),Millions,USD,2004909163.1737518,2019,False,Medium,Decreasing
"San Marino, Republic of",Imports of goods,Imports of goods,Cost insurance freight (CIF),Millions,USD,1879733971.666871,2020,False,Medium,Decreasing
"San Marino, Republic of",Imports of goods,Imports of goods,Cost insurance freight (CIF),Millions,USD,2497085382.1419044,2021,False,Medium,Increasing
"San Marino, Republic of",Imports of goods,Imports of goods,Cost insurance freight (CIF),Millions,USD,2768015866.812036,2022,False,Medium,Increasing
"San Marino, Republic of",Imports of goods,Imports of goods,Cost insurance freight (CIF),Millions,USD,2674643710.21321,2023,False,Medium,Decreasing
"San Marino, Republic of",Imports of goods,Imports of goods,Cost insurance freight (CIF),Millions,USD,2594300339.658666,2024,False,Medium,Decreasing
"San Marino, Republic of",Imports of goods,Imports of goods,Cost insurance freight (CIF),Millions,USD,2677787783.326739,2025,False,Medium,Increasing
Saudi Arabia,Exports of goods,Exports of goods,Free on board (FOB),Millions,USD,183579471830.9334,2016,True,High,No Data
Saudi Arabia,Exports of goods,Exports of goods,Free on board (FOB),Millions,USD,221835010088.0,2017,True,High,Increasing
Saudi Arabia,Exports of goods,Exports of goods,Free on board (FOB),Millions,USD,294373462930.9333,2018,True,High,Increasing
Saudi Arabia,Exports of goods,Exports of goods,Free on board (FOB),Millions,USD,261534308008.2666,2019,True,High,Decreasing
Saudi Arabia,Exports of goods,Exports of goods,Free on board (FOB),Millions,USD,173853856716.0,2020,True,High,Decreasing
Saudi Arabia,Exports of goods,Exports of goods,Free on board (FOB),Millions,USD,276179093526.39996,2021,True,High,Increasing
Saudi Arabia,Exports of goods,Exports of goods,Free on board (FOB),Millions,USD,411184230120.5333,2022,True,High,Increasing
Saudi Arabia,Exports of goods,Exports of goods,Free on board (FOB),Millions,USD,320018434729.6,2023,True,High,Decreasing
Saudi Arabia,Exports of goods,Exports of goods,Free on board (FOB),Millions,USD,305499394994.39996,2024,True,High,Decreasing
Saudi Arabia,Exports of goods,Exports of goods,Free on board (FOB),Millions,USD,311992318375.19995,2025,True,High,Increasing
Saudi Arabia,Imports of goods,Imports of goods,Cost insurance freight (CIF),Millions,USD,140169590081.0667,2016,False,High,No Data
Saudi Arabia,Imports of goods,Imports of goods,Cost insurance freight (CIF),Millions,USD,134519097796.53328,2017,False,High,Decreasing
Saudi Arabia,Imports of goods,Imports of goods,Cost insurance freight (CIF),Millions,USD,137064717386.40001,2018,False,High,Increasing
Saudi Arabia,Imports of goods,Imports of goods,Cost insurance freight (CIF),Millions,USD,144334712968.0,2019,False,High,Increasing
Saudi Arabia,Imports of goods,Imports of goods,Cost insurance freight (CIF),Millions,USD,137997491805.33328,2020,False,High,Decreasing
Saudi Arabia,Imports of goods,Imports of goods,Cost insurance freight (CIF),Millions,USD,152849372624.5333,2021,False,High,Increasing
Saudi Arabia,Imports of goods,Imports of goods,Cost insurance freight (CIF),Millions,USD,189876799671.4667,2022,False,High,Increasing
Saudi Arabia,Imports of goods,Imports of goods,Cost insurance freight (CIF),Millions,USD,206939802279.2001,2023,False,High,Increasing
Saudi Arabia,Imports of goods,Imports of goods,Cost insurance freight (CIF),Millions,USD,232806274861.06668,2024,False,High,Increasing
Saudi Arabia,Imports of goods,Imports of goods,Cost insurance freight (CIF),Millions,USD,253286709998.93332,2025,False,High,Increasing
Senegal,Exports of goods,Exports of goods,Free on board (FOB),Millions,USD,2621902272.390953,2016,True,Medium,No Data
Senegal,Exports of goods,Exports of goods,Free on board (FOB),Millions,USD,2998887377.487329,2017,True,Medium,Increasing
Senegal,Exports of goods,Exports of goods,Free on board (FOB),Millions,USD,3623336797.7005053,2018,True,Medium,Increasing
Senegal,Exports of goods,Exports of goods,Free on board (FOB),Millions,USD,4179234269.530485,2019,True,Medium,Increasing
Senegal,Exports of goods,Exports of goods,Free on board (FOB),Millions,USD,3927965296.628838,2020,True,Medium,Decreasing
Senegal,Exports of goods,Exports of goods,Free on board (FOB),Millions,USD,5194857127.092696,2021,True,Medium,Increasing
Senegal,Exports of goods,Exports of goods,Free on board (FOB),Millions,USD,5709543961.191312,2022,True,Medium,Increasing
Senegal,Exports of goods,Exports of goods,Free on board (FOB),Millions,USD,5316166328.304361,2023,True,Medium,Decreasing
Senegal,Exports of goods,Exports of goods,Free on board (FOB),Millions,USD,6443142587.38946,2024,True,Medium,Increasing
Senegal,Exports of goods,Exports of goods,Free on board (FOB),Millions,USD,10239376038.32842,2025,True,High,Increasing
Senegal,Imports of goods,Imports of goods,Cost insurance freight (CIF),Millions,USD,5434456232.952575,2016,False,Medium,No Data
Senegal,Imports of goods,Imports of goods,Cost insurance freight (CIF),Millions,USD,6743863772.777482,2017,False,Medium,Increasing
Senegal,Imports of goods,Imports of goods,Cost insurance freight (CIF),Millions,USD,8073704553.702767,2018,False,Medium,Increasing
Senegal,Imports of goods,Imports of goods,Cost insurance freight (CIF),Millions,USD,8145009780.882319,2019,False,Medium,Increasing
Senegal,Imports of goods,Imports of goods,Cost insurance freight (CIF),Millions,USD,7812731326.674104,2020,False,Medium,Decreasing
Senegal,Imports of goods,Imports of goods,Cost insurance freight (CIF),Millions,USD,9677420036.86944,2021,False,High,Increasing
Senegal,Imports of goods,Imports of goods,Cost insurance freight (CIF),Millions,USD,12064389841.084631,2022,False,High,Increasing
Senegal,Imports of goods,Imports of goods,Cost insurance freight (CIF),Millions,USD,11886025929.40797,2023,False,High,Decreasing
Senegal,Imports of goods,Imports of goods,Cost insurance freight (CIF),Millions,USD,11808976121.75119,2024,False,High,Decreasing
Senegal,Imports of goods,Imports of goods,Cost insurance freight (CIF),Millions,USD,12521027012.13209,2025,False,High,Increasing
"Serbia, Republic of",Exports of goods,Exports of goods,Free on board (FOB),Millions,USD,14873000000.0,2016,True,High,No Data
"Serbia, Republic of",Exports of goods,Exports of goods,Free on board (FOB),Millions,USD,16992000000.0,2017,True,High,Increasing
"Serbia, Republic of",Exports of goods,Exports of goods,Free on board (FOB),Millions,USD,19229000000.0,2018,True,High,Increasing
"Serbia, Republic of",Exports of goods,Exports of goods,Free on board (FOB),Millions,USD,19631000000.0,2019,True,High,Increasing
"Serbia, Republic of",Exports of goods,Exports of goods,Free on board (FOB),Millions,USD,19498000000.0,2020,True,High,Decreasing
"Serbia, Republic of",Exports of goods,Exports of goods,Free on board (FOB),Millions,USD,25565000000.0,2021,True,High,Increasing
"Serbia, Republic of",Exports of goods,Exports of goods,Free on board (FOB),Millions,USD,29056000000.0,2022,True,High,Increasing
"Serbia, Republic of",Exports of goods,Exports of goods,Free on board (FOB),Millions,USD,30933000000.0,2023,True,High,Increasing
"Serbia, Republic of",Exports of goods,Exports of goods,Free on board (FOB),Millions,USD,31587000000.0,2024,True,High,Increasing
"Serbia, Republic of",Exports of goods,Exports of goods,Free on board (FOB),Millions,USD,37313000000.0,2025,True,High,Increasing
"Serbia, Republic of",Imports of goods,Imports of goods,Cost insurance freight (CIF),Millions,USD,19246000000.0,2016,False,High,No Data
"Serbia, Republic of",Imports of goods,Imports of goods,Cost insurance freight (CIF),Millions,USD,21946000000.0,2017,False,High,Increasing
"Serbia, Republic of",Imports of goods,Imports of goods,Cost insurance freight (CIF),Millions,USD,25883000000.0,2018,False,High,Increasing
"Serbia, Republic of",Imports of goods,Imports of goods,Cost insurance freight (CIF),Millions,USD,26731000000.0,2019,False,High,Increasing
"Serbia, Republic of",Imports of goods,Imports of goods,Cost insurance freight (CIF),Millions,USD,26233000000.0,2020,False,High,Decreasing
"Serbia, Republic of",Imports of goods,Imports of goods,Cost insurance freight (CIF),Millions,USD,33797000000.0,2021,False,High,Increasing
"Serbia, Republic of",Imports of goods,Imports of goods,Cost insurance freight (CIF),Millions,USD,41150000000.0,2022,False,High,Increasing
"Serbia, Republic of",Imports of goods,Imports of goods,Cost insurance freight (CIF),Millions,USD,39835000000.0,2023,False,High,Decreasing
"Serbia, Republic of",Imports of goods,Imports of goods,Cost insurance freight (CIF),Millions,USD,42247000000.0,2024,False,High,Increasing
"Serbia, Republic of",Imports of goods,Imports of goods,Cost insurance freight (CIF),Millions,USD,47226000000.0,2025,False,High,Increasing
Seychelles,Exports of goods,Exports of goods,Free on board (FOB),Millions,USD,460000000.0,2016,True,Medium,No Data
Seychelles,Exports of goods,Exports of goods,Free on board (FOB),Millions,USD,547000000.0,2017,True,Medium,Increasing
Seychelles,Exports of goods,Exports of goods,Free on board (FOB),Millions,USD,569000000.0,2018,True,Medium,Increasing
Seychelles,Exports of goods,Exports of goods,Free on board (FOB),Millions,USD,518000000.0,2019,True,Medium,Decreasing
Seychelles,Exports of goods,Exports of goods,Free on board (FOB),Millions,USD,432000000.0,2020,True,Medium,Decreasing
Seychelles,Exports of goods,Exports of goods,Free on board (FOB),Millions,USD,464000000.0,2021,True,Medium,Increasing
Seychelles,Exports of goods,Exports of goods,Free on board (FOB),Millions,USD,537000000.0,2022,True,Medium,Increasing
Seychelles,Exports of goods,Exports of goods,Free on board (FOB),Millions,USD,541000000.0,2023,True,Medium,Increasing
Seychelles,Exports of goods,Exports of goods,Free on board (FOB),Millions,USD,557000000.0,2024,True,Medium,Increasing
Seychelles,Exports of goods,Exports of goods,Free on board (FOB),Millions,USD,550000000.0,2025,True,Medium,Decreasing
Seychelles,Imports of goods,Imports of goods,Cost insurance freight (CIF),Millions,USD,1040000000.0,2016,False,Medium,No Data
Seychelles,Imports of goods,Imports of goods,Cost insurance freight (CIF),Millions,USD,1302000000.0,2017,False,Medium,Increasing
Seychelles,Imports of goods,Imports of goods,Cost insurance freight (CIF),Millions,USD,1271000000.0,2018,False,Medium,Decreasing
Seychelles,Imports of goods,Imports of goods,Cost insurance freight (CIF),Millions,USD,1167000000.0,2019,False,Medium,Decreasing
Seychelles,Imports of goods,Imports of goods,Cost insurance freight (CIF),Millions,USD,1004000000.0,2020,False,Medium,Decreasing
Seychelles,Imports of goods,Imports of goods,Cost insurance freight (CIF),Millions,USD,1133000000.0,2021,False,Medium,Increasing
Seychelles,Imports of goods,Imports of goods,Cost insurance freight (CIF),Millions,USD,1364000000.0,2022,False,Medium,Increasing
Seychelles,Imports of goods,Imports of goods,Cost insurance freight (CIF),Millions,USD,1451000000.0,2023,False,Medium,Increasing
Seychelles,Imports of goods,Imports of goods,Cost insurance freight (CIF),Millions,USD,1446000000.0,2024,False,Medium,Decreasing
Seychelles,Imports of goods,Imports of goods,Cost insurance freight (CIF),Millions,USD,1520000000.0,2025,False,Medium,Increasing
Sierra Leone,Exports of goods,Exports of goods,Free on board (FOB),Millions,USD,624000000.0,2016,True,Medium,No Data
Sierra Leone,Exports of goods,Exports of goods,Free on board (FOB),Millions,USD,567000000.0,2017,True,Medium,Decreasing
Sierra Leone,Exports of goods,Exports of goods,Free on board (FOB),Millions,USD,554000000.0,2018,True,Medium,Decreasing
Sierra Leone,Exports of goods,Exports of goods,Free on board (FOB),Millions,USD,635000000.0,2019,True,Medium,Increasing
Sierra Leone,Exports of goods,Exports of goods,Free on board (FOB),Millions,USD,423000000.0,2020,True,Medium,Decreasing
Sierra Leone,Exports of goods,Exports of goods,Free on board (FOB),Millions,USD,697000000.0,2021,True,Medium,Increasing
Sierra Leone,Exports of goods,Exports of goods,Free on board (FOB),Millions,USD,1059000000.0,2022,True,Medium,Increasing
Sierra Leone,Exports of goods,Exports of goods,Free on board (FOB),Millions,USD,1328000000.0,2023,True,Medium,Increasing
Sierra Leone,Exports of goods,Exports of goods,Free on board (FOB),Millions,USD,1437000000.0,2024,True,Medium,Increasing
Sierra Leone,Exports of goods,Exports of goods,Free on board (FOB),Millions,USD,1534000000.0,2025,True,Medium,Increasing
Sierra Leone,Imports of goods,Imports of goods,Cost insurance freight (CIF),Millions,USD,1068000000.0,2016,False,Medium,No Data
Sierra Leone,Imports of goods,Imports of goods,Cost insurance freight (CIF),Millions,USD,1301000000.0,2017,False,Medium,Increasing
Sierra Leone,Imports of goods,Imports of goods,Cost insurance freight (CIF),Millions,USD,1354000000.0,2018,False,Medium,Increasing
Sierra Leone,Imports of goods,Imports of goods,Cost insurance freight (CIF),Millions,USD,1502000000.0,2019,False,Medium,Increasing
Sierra Leone,Imports of goods,Imports of goods,Cost insurance freight (CIF),Millions,USD,2146000000.0,2020,False,Medium,Increasing
Sierra Leone,Imports of goods,Imports of goods,Cost insurance freight (CIF),Millions,USD,1803000000.0,2021,False,Medium,Decreasing
Sierra Leone,Imports of goods,Imports of goods,Cost insurance freight (CIF),Millions,USD,1966000000.0,2022,False,Medium,Increasing
Sierra Leone,Imports of goods,Imports of goods,Cost insurance freight (CIF),Millions,USD,1922000000.0,2023,False,Medium,Decreasing
Sierra Leone,Imports of goods,Imports of goods,Cost insurance freight (CIF),Millions,USD,2049000000.0,2024,False,Medium,Increasing
Sierra Leone,Imports of goods,Imports of goods,Cost insurance freight (CIF),Millions,USD,1893000000.0,2025,False,Medium,Decreasing
Singapore,Exports of goods,Exports of goods,Free on board (FOB),Millions,USD,338081959535.7403,2016,True,High,No Data
Singapore,Exports of goods,Exports of goods,Free on board (FOB),Millions,USD,373236667619.0104,2017,True,High,Increasing
Singapore,Exports of goods,Exports of goods,Free on board (FOB),Millions,USD,411759474304.4522,2018,True,High,Increasing
Singapore,Exports of goods,Exports of goods,Free on board (FOB),Millions,USD,390340987457.9366,2019,True,High,Decreasing
Singapore,Exports of goods,Exports of goods,Free on board (FOB),Millions,USD,357952717305.9403,2020,True,High,Decreasing
Singapore,Exports of goods,Exports of goods,Free on board (FOB),Millions,USD,406040986093.7436,2021,True,High,Increasing
Singapore,Exports of goods,Exports of goods,Free on board (FOB),Millions,USD,475243795062.4873,2022,True,High,Increasing
Singapore,Exports of goods,Exports of goods,Free on board (FOB),Millions,USD,422354455414.8727,2023,True,High,Decreasing
Singapore,Exports of goods,Exports of goods,Free on board (FOB),Millions,USD,488781780631.6187,2024,True,High,Increasing
Singapore,Exports of goods,Exports of goods,Free on board (FOB),Millions,USD,566872000000.0,2025,True,High,Increasing
Singapore,Imports of goods,Imports of goods,Cost insurance freight (CIF),Millions,USD,291908307931.6585,2016,False,High,No Data
Singapore,Imports of goods,Imports of goods,Cost insurance freight (CIF),Millions,USD,327688779047.31573,2017,False,High,Increasing
Singapore,Imports of goods,Imports of goods,Cost insurance freight (CIF),Millions,USD,370503679740.9217,2018,False,High,Increasing
Singapore,Imports of goods,Imports of goods,Cost insurance freight (CIF),Millions,USD,358983650303.33276,2019,False,High,Decreasing
Singapore,Imports of goods,Imports of goods,Cost insurance freight (CIF),Millions,USD,345297227897.4004,2020,False,High,Decreasing
Singapore,Imports of goods,Imports of goods,Cost insurance freight (CIF),Millions,USD,456805056283.8062,2021,False,High,Increasing
Singapore,Imports of goods,Imports of goods,Cost insurance freight (CIF),Millions,USD,514873675927.2489,2022,False,High,Increasing
Singapore,Imports of goods,Imports of goods,Cost insurance freight (CIF),Millions,USD,475305493781.944,2023,False,High,Decreasing
Singapore,Imports of goods,Imports of goods,Cost insurance freight (CIF),Millions,USD,475612118148.5107,2024,False,High,Increasing
Singapore,Imports of goods,Imports of goods,Cost insurance freight (CIF),Millions,USD,505838000000.0,2025,False,High,Increasing
Slovak Republic,Exports of goods,Exports of goods,Free on board (FOB),Millions,USD,77059000000.0,2016,True,High,No Data
Slovak Republic,Exports of goods,Exports of goods,Free on board (FOB),Millions,USD,83414000000.0,2017,True,High,Increasing
Slovak Republic,Exports of goods,Exports of goods,Free on board (FOB),Millions,USD,93425000000.0,2018,True,High,Increasing
Slovak Republic,Exports of goods,Exports of goods,Free on board (FOB),Millions,USD,89508000000.0,2019,True,High,Decreasing
Slovak Republic,Exports of goods,Exports of goods,Free on board (FOB),Millions,USD,86639000000.0,2020,True,High,Decreasing
Slovak Republic,Exports of goods,Exports of goods,Free on board (FOB),Millions,USD,103892000000.0,2021,True,High,Increasing
Slovak Republic,Exports of goods,Exports of goods,Free on board (FOB),Millions,USD,108385000000.0,2022,True,High,Increasing
Slovak Republic,Exports of goods,Exports of goods,Free on board (FOB),Millions,USD,117496000000.0,2023,True,High,Increasing
Slovak Republic,Exports of goods,Exports of goods,Free on board (FOB),Millions,USD,115794000000.0,2024,True,High,Decreasing
Slovak Republic,Exports of goods,Exports of goods,Free on board (FOB),Millions,USD,125599000000.0,2025,True,High,Increasing
Slovak Republic,Imports of goods,Imports of goods,Cost insurance freight (CIF),Millions,USD,74678000000.0,2016,False,High,No Data
Slovak Republic,Imports of goods,Imports of goods,Cost insurance freight (CIF),Millions,USD,81616000000.0,2017,False,High,Increasing
Slovak Republic,Imports of goods,Imports of goods,Cost insurance freight (CIF),Millions,USD,92901000000.0,2018,False,High,Increasing
Slovak Republic,Imports of goods,Imports of goods,Cost insurance freight (CIF),Millions,USD,90001000000.0,2019,False,High,Decreasing
Slovak Republic,Imports of goods,Imports of goods,Cost insurance freight (CIF),Millions,USD,84395000000.0,2020,False,High,Decreasing
Slovak Republic,Imports of goods,Imports of goods,Cost insurance freight (CIF),Millions,USD,103891000000.0,2021,False,High,Increasing
Slovak Republic,Imports of goods,Imports of goods,Cost insurance freight (CIF),Millions,USD,112467000000.0,2022,False,High,Increasing
Slovak Republic,Imports of goods,Imports of goods,Cost insurance freight (CIF),Millions,USD,113523000000.0,2023,False,High,Increasing
Slovak Republic,Imports of goods,Imports of goods,Cost insurance freight (CIF),Millions,USD,113804000000.0,2024,False,High,Increasing
Slovak Republic,Imports of goods,Imports of goods,Cost insurance freight (CIF),Millions,USD,122640000000.0,2025,False,High,Increasing
"Slovenia, Republic of",Exports of goods,Exports of goods,Free on board (FOB),Thousands,USD,32918000000.0,2016,True,High,No Data
"Slovenia, Republic of",Exports of goods,Exports of goods,Free on board (FOB),Thousands,USD,38441000000.0,2017,True,High,Increasing
"Slovenia, Republic of",Exports of goods,Exports of goods,Free on board (FOB),Thousands,USD,44202000000.0,2018,True,High,Increasing
"Slovenia, Republic of",Exports of goods,Exports of goods,Free on board (FOB),Thousands,USD,44944000000.0,2019,True,High,Increasing
"Slovenia, Republic of",Exports of goods,Exports of goods,Free on board (FOB),Thousands,USD,44833000000.0,2020,True,High,Decreasing
"Slovenia, Republic of",Exports of goods,Exports of goods,Free on board (FOB),Thousands,USD,57351000000.0,2021,True,High,Increasing
"Slovenia, Republic of",Exports of goods,Exports of goods,Free on board (FOB),Thousands,USD,69715000000.0,2022,True,High,Increasing
"Slovenia, Republic of",Exports of goods,Exports of goods,Free on board (FOB),Thousands,USD,73045000000.0,2023,True,High,Increasing
"Slovenia, Republic of",Exports of goods,Exports of goods,Free on board (FOB),Thousands,USD,78906000000.0,2024,True,High,Increasing
"Slovenia, Republic of",Exports of goods,Exports of goods,Free on board (FOB),Thousands,USD,96710000000.0,2025,True,High,Increasing
"Slovenia, Republic of",Imports of goods,Imports of goods,Cost insurance freight (CIF),Thousands,USD,30536000000.0,2016,False,High,No Data
"Slovenia, Republic of",Imports of goods,Imports of goods,Cost insurance freight (CIF),Thousands,USD,36079000000.0,2017,False,High,Increasing
"Slovenia, Republic of",Imports of goods,Imports of goods,Cost insurance freight (CIF),Thousands,USD,42268000000.0,2018,False,High,Increasing
"Slovenia, Republic of",Imports of goods,Imports of goods,Cost insurance freight (CIF),Thousands,USD,44008000000.0,2019,False,High,Increasing
"Slovenia, Republic of",Imports of goods,Imports of goods,Cost insurance freight (CIF),Thousands,USD,42226000000.0,2020,False,High,Decreasing
"Slovenia, Republic of",Imports of goods,Imports of goods,Cost insurance freight (CIF),Thousands,USD,57561000000.0,2021,False,High,Increasing
"Slovenia, Republic of",Imports of goods,Imports of goods,Cost insurance freight (CIF),Thousands,USD,69762000000.0,2022,False,High,Increasing
"Slovenia, Republic of",Imports of goods,Imports of goods,Cost insurance freight (CIF),Thousands,USD,71634000000.0,2023,False,High,Increasing
"Slovenia, Republic of",Imports of goods,Imports of goods,Cost insurance freight (CIF),Thousands,USD,84454000000.0,2024,False,High,Increasing
"Slovenia, Republic of",Imports of goods,Imports of goods,Cost insurance freight (CIF),Thousands,USD,92573000000.0,2025,False,High,Increasing
Solomon Islands,Exports of goods,Exports of goods,Free on board (FOB),Millions,USD,437000000.0,2016,True,Medium,No Data
Solomon Islands,Exports of goods,Exports of goods,Free on board (FOB),Millions,USD,500000000.0,2017,True,Medium,Increasing
Solomon Islands,Exports of goods,Exports of goods,Free on board (FOB),Millions,USD,569000000.0,2018,True,Medium,Increasing
Solomon Islands,Exports of goods,Exports of goods,Free on board (FOB),Millions,USD,461000000.0,2019,True,Medium,Decreasing
Solomon Islands,Exports of goods,Exports of goods,Free on board (FOB),Millions,USD,379000000.0,2020,True,Medium,Decreasing
Solomon Islands,Exports of goods,Exports of goods,Free on board (FOB),Millions,USD,371000000.0,2021,True,Medium,Decreasing
Solomon Islands,Exports of goods,Exports of goods,Free on board (FOB),Millions,USD,340000000.0,2022,True,Medium,Decreasing
Solomon Islands,Exports of goods,Exports of goods,Free on board (FOB),Millions,USD,431000000.0,2023,True,Medium,Increasing
Solomon Islands,Exports of goods,Exports of goods,Free on board (FOB),Millions,USD,507000000.0,2024,True,Medium,Increasing
Solomon Islands,Exports of goods,Exports of goods,Free on board (FOB),Millions,USD,677000000.0,2025,True,Medium,Increasing
Solomon Islands,Imports of goods,Imports of goods,Cost insurance freight (CIF),Millions,USD,454000000.0,2016,False,Medium,No Data
Solomon Islands,Imports of goods,Imports of goods,Cost insurance freight (CIF),Millions,USD,572000000.0,2017,False,Medium,Increasing
Solomon Islands,Imports of goods,Imports of goods,Cost insurance freight (CIF),Millions,USD,601000000.0,2018,False,Medium,Increasing
Solomon Islands,Imports of goods,Imports of goods,Cost insurance freight (CIF),Millions,USD,590000000.0,2019,False,Medium,Decreasing
Solomon Islands,Imports of goods,Imports of goods,Cost insurance freight (CIF),Millions,USD,453000000.0,2020,False,Medium,Decreasing
Solomon Islands,Imports of goods,Imports of goods,Cost insurance freight (CIF),Millions,USD,526000000.0,2021,False,Medium,Increasing
Solomon Islands,Imports of goods,Imports of goods,Cost insurance freight (CIF),Millions,USD,613000000.0,2022,False,Medium,Increasing
Solomon Islands,Imports of goods,Imports of goods,Cost insurance freight (CIF),Millions,USD,707000000.0,2023,False,Medium,Increasing
Solomon Islands,Imports of goods,Imports of goods,Cost insurance freight (CIF),Millions,USD,739000000.0,2024,False,Medium,Increasing
Solomon Islands,Imports of goods,Imports of goods,Cost insurance freight (CIF),Millions,USD,790000000.0,2025,False,Medium,Increasing
South Africa,Exports of goods,Exports of goods,Free on board (FOB),Billions,USD,76215000000.0,2016,True,High,No Data
South Africa,Exports of goods,Exports of goods,Free on board (FOB),Billions,USD,88946000000.0,2017,True,High,Increasing
South Africa,Exports of goods,Exports of goods,Free on board (FOB),Billions,USD,93971000000.0,2018,True,High,Increasing
South Africa,Exports of goods,Exports of goods,Free on board (FOB),Billions,USD,90015000000.0,2019,True,High,Decreasing
South Africa,Exports of goods,Exports of goods,Free on board (FOB),Billions,USD,85836000000.0,2020,True,High,Decreasing
South Africa,Exports of goods,Exports of goods,Free on board (FOB),Billions,USD,123571000000.0,2021,True,High,Increasing
South Africa,Exports of goods,Exports of goods,Free on board (FOB),Billions,USD,124221000000.0,2022,True,High,Increasing
South Africa,Exports of goods,Exports of goods,Free on board (FOB),Billions,USD,112222000000.0,2023,True,High,Decreasing
South Africa,Exports of goods,Exports of goods,Free on board (FOB),Billions,USD,111420000000.0,2024,True,High,Decreasing
South Africa,Exports of goods,Exports of goods,Free on board (FOB),Billions,USD,116381000000.0,2025,True,High,Increasing
South Africa,Imports of goods,Imports of goods,Cost insurance freight (CIF),Billions,USD,91692000000.0,2016,False,High,No Data
South Africa,Imports of goods,Imports of goods,Free on board (FOB),Billions,USD,75102000000.0,2016,False,High,Decreasing
South Africa,Imports of goods,Imports of goods,Cost insurance freight (CIF),Billions,USD,101576000000.0,2017,False,High,Increasing
South Africa,Imports of goods,Imports of goods,Free on board (FOB),Billions,USD,83196000000.0,2017,False,High,Decreasing
South Africa,Imports of goods,Imports of goods,Cost insurance freight (CIF),Billions,USD,113971000000.0,2018,False,High,Increasing
South Africa,Imports of goods,Imports of goods,Free on board (FOB),Billions,USD,93349000000.0,2018,False,High,Decreasing
South Africa,Imports of goods,Imports of goods,Cost insurance freight (CIF),Billions,USD,107539000000.0,2019,False,High,Increasing
South Africa,Imports of goods,Imports of goods,Free on board (FOB),Billions,USD,88082000000.0,2019,False,High,Decreasing
South Africa,Imports of goods,Imports of goods,Cost insurance freight (CIF),Billions,USD,84062000000.0,2020,False,High,Decreasing
South Africa,Imports of goods,Imports of goods,Free on board (FOB),Billions,USD,68852000000.0,2020,False,High,Decreasing
South Africa,Imports of goods,Imports of goods,Cost insurance freight (CIF),Billions,USD,113989000000.0,2021,False,High,Increasing
South Africa,Imports of goods,Imports of goods,Free on board (FOB),Billions,USD,93364000000.0,2021,False,High,Decreasing
South Africa,Imports of goods,Imports of goods,Cost insurance freight (CIF),Billions,USD,136207000000.0,2022,False,High,Increasing
South Africa,Imports of goods,Imports of goods,Free on board (FOB),Billions,USD,109247000000.0,2022,False,High,Decreasing
South Africa,Imports of goods,Imports of goods,Cost insurance freight (CIF),Billions,USD,130745000000.0,2023,False,High,Increasing
South Africa,Imports of goods,Imports of goods,Free on board (FOB),Billions,USD,105409000000.0,2023,False,High,Decreasing
South Africa,Imports of goods,Imports of goods,Cost insurance freight (CIF),Billions,USD,123470000000.0,2024,False,High,Increasing
South Africa,Imports of goods,Imports of goods,Free on board (FOB),Billions,USD,100632000000.0,2024,False,High,Decreasing
South Africa,Imports of goods,Imports of goods,Cost insurance freight (CIF),Billions,USD,128080000000.00002,2025,False,High,Increasing
South Africa,Imports of goods,Imports of goods,Free on board (FOB),Billions,USD,105134000000.0,2025,False,High,Decreasing
Spain,Exports of goods,Exports of goods,Free on board (FOB),Thousands,USD,289981000000.0,2016,True,High,No Data
Spain,Exports of goods,Exports of goods,Free on board (FOB),Thousands,USD,319531000000.0,2017,True,High,Increasing
Spain,Exports of goods,Exports of goods,Free on board (FOB),Thousands,USD,346753000000.0,2018,True,High,Increasing
Spain,Exports of goods,Exports of goods,Free on board (FOB),Thousands,USD,334016000000.0,2019,True,High,Decreasing
Spain,Exports of goods,Exports of goods,Free on board (FOB),Thousands,USD,308317000000.0,2020,True,High,Decreasing
Spain,Exports of goods,Exports of goods,Free on board (FOB),Thousands,USD,379969000000.0,2021,True,High,Increasing
Spain,Exports of goods,Exports of goods,Free on board (FOB),Thousands,USD,415460000000.0,2022,True,High,Increasing
Spain,Exports of goods,Exports of goods,Free on board (FOB),Thousands,USD,422486000000.0,2023,True,High,Increasing
Spain,Exports of goods,Exports of goods,Free on board (FOB),Thousands,USD,428504000000.0,2024,True,High,Increasing
Spain,Exports of goods,Exports of goods,Free on board (FOB),Thousands,USD,445106000000.0,2025,True,High,Increasing
Spain,Imports of goods,Imports of goods,Cost insurance freight (CIF),Thousands,USD,310921000000.0,2016,False,High,No Data
Spain,Imports of goods,Imports of goods,Cost insurance freight (CIF),Thousands,USD,351980000000.0,2017,False,High,Increasing
Spain,Imports of goods,Imports of goods,Cost insurance freight (CIF),Thousands,USD,390561000000.0,2018,False,High,Increasing
Spain,Imports of goods,Imports of goods,Cost insurance freight (CIF),Thousands,USD,372750000000.0,2019,False,High,Decreasing
Spain,Imports of goods,Imports of goods,Cost insurance freight (CIF),Thousands,USD,326193000000.0,2020,False,High,Decreasing
Spain,Imports of goods,Imports of goods,Cost insurance freight (CIF),Thousands,USD,419701000000.0,2021,False,High,Increasing
Spain,Imports of goods,Imports of goods,Cost insurance freight (CIF),Thousands,USD,494260000000.0,2022,False,High,Increasing
Spain,Imports of goods,Imports of goods,Cost insurance freight (CIF),Thousands,USD,469877000000.0,2023,False,High,Decreasing
Spain,Imports of goods,Imports of goods,Cost insurance freight (CIF),Thousands,USD,479332000000.0,2024,False,High,Increasing
Spain,Imports of goods,Imports of goods,Cost insurance freight (CIF),Thousands,USD,513316000000.0,2025,False,High,Increasing
Sri Lanka,Exports of goods,Exports of goods,Free on board (FOB),Millions,USD,10310000000.0,2016,True,High,No Data
Sri Lanka,Exports of goods,Exports of goods,Free on board (FOB),Millions,USD,11360000000.0,2017,True,High,Increasing
Sri Lanka,Exports of goods,Exports of goods,Free on board (FOB),Millions,USD,11890000000.0,2018,True,High,Increasing
Sri Lanka,Exports of goods,Exports of goods,Free on board (FOB),Millions,USD,11940000000.0,2019,True,High,Increasing
Sri Lanka,Exports of goods,Exports of goods,Free on board (FOB),Millions,USD,10047000000.0,2020,True,High,Decreasing
Sri Lanka,Exports of goods,Exports of goods,Free on board (FOB),Millions,USD,12498000000.0,2021,True,High,Increasing
Sri Lanka,Exports of goods,Exports of goods,Free on board (FOB),Millions,USD,13107000000.0,2022,True,High,Increasing
Sri Lanka,Exports of goods,Exports of goods,Free on board (FOB),Millions,USD,11911000000.0,2023,True,High,Decreasing
Sri Lanka,Exports of goods,Exports of goods,Free on board (FOB),Millions,USD,12773000000.0,2024,True,High,Increasing
Sri Lanka,Exports of goods,Exports of goods,Free on board (FOB),Millions,USD,13581000000.0,2025,True,High,Increasing
Sri Lanka,Imports of goods,Imports of goods,Cost insurance freight (CIF),Millions,USD,19184000000.0,2016,False,High,No Data
Sri Lanka,Imports of goods,Imports of goods,Cost insurance freight (CIF),Millions,USD,20980000000.0,2017,False,High,Increasing
Sri Lanka,Imports of goods,Imports of goods,Cost insurance freight (CIF),Millions,USD,22233000000.0,2018,False,High,Increasing
Sri Lanka,Imports of goods,Imports of goods,Cost insurance freight (CIF),Millions,USD,19937000000.0,2019,False,High,Decreasing
Sri Lanka,Imports of goods,Imports of goods,Cost insurance freight (CIF),Millions,USD,16056000000.0,2020,False,High,Decreasing
Sri Lanka,Imports of goods,Imports of goods,Cost insurance freight (CIF),Millions,USD,20638000000.0,2021,False,High,Increasing
Sri Lanka,Imports of goods,Imports of goods,Cost insurance freight (CIF),Millions,USD,18291000000.0,2022,False,High,Decreasing
Sri Lanka,Imports of goods,Imports of goods,Cost insurance freight (CIF),Millions,USD,16812000000.0,2023,False,High,Decreasing
Sri Lanka,Imports of goods,Imports of goods,Cost insurance freight (CIF),Millions,USD,18842000000.0,2024,False,High,Increasing
Sri Lanka,Imports of goods,Imports of goods,Cost insurance freight (CIF),Millions,USD,21480000000.0,2025,False,High,Increasing
St. Kitts and Nevis,Exports of goods,Exports of goods,Free on board (FOB),Millions,USD,51000000.0,2016,True,Medium,No Data
St. Kitts and Nevis,Exports of goods,Exports of goods,Free on board (FOB),Millions,USD,50000000.0,2017,True,Medium,Decreasing
St. Kitts and Nevis,Exports of goods,Exports of goods,Free on board (FOB),Millions,USD,54000000.0,2018,True,Medium,Increasing
St. Kitts and Nevis,Exports of goods,Exports of goods,Free on board (FOB),Millions,USD,58000000.0,2019,True,Medium,Increasing
St. Kitts and Nevis,Exports of goods,Exports of goods,Free on board (FOB),Millions,USD,52000000.0,2020,True,Medium,Decreasing
St. Kitts and Nevis,Exports of goods,Exports of goods,Free on board (FOB),Millions,USD,50000000.0,2021,True,Medium,Decreasing
St. Kitts and Nevis,Exports of goods,Exports of goods,Free on board (FOB),Millions,USD,29000000.0,2022,True,Medium,Decreasing
St. Kitts and Nevis,Exports of goods,Exports of goods,Free on board (FOB),Millions,USD,25000000.0,2023,True,Medium,Decreasing
St. Kitts and Nevis,Exports of goods,Exports of goods,Free on board (FOB),Millions,USD,31000000.0,2024,True,Medium,Increasing
St. Kitts and Nevis,Exports of goods,Exports of goods,Free on board (FOB),Millions,USD,34000000.0,2025,True,Medium,Increasing
St. Kitts and Nevis,Imports of goods,Imports of goods,Cost insurance freight (CIF),Millions,USD,333000000.0,2016,False,Medium,No Data
St. Kitts and Nevis,Imports of goods,Imports of goods,Cost insurance freight (CIF),Millions,USD,309000000.0,2017,False,Medium,Decreasing
St. Kitts and Nevis,Imports of goods,Imports of goods,Cost insurance freight (CIF),Millions,USD,335000000.0,2018,False,Medium,Increasing
St. Kitts and Nevis,Imports of goods,Imports of goods,Cost insurance freight (CIF),Millions,USD,338000000.0,2019,False,Medium,Increasing
St. Kitts and Nevis,Imports of goods,Imports of goods,Cost insurance freight (CIF),Millions,USD,271000000.0,2020,False,Medium,Decreasing
St. Kitts and Nevis,Imports of goods,Imports of goods,Cost insurance freight (CIF),Millions,USD,260000000.0,2021,False,Medium,Decreasing
St. Kitts and Nevis,Imports of goods,Imports of goods,Cost insurance freight (CIF),Millions,USD,326000000.0,2022,False,Medium,Increasing
St. Kitts and Nevis,Imports of goods,Imports of goods,Cost insurance freight (CIF),Millions,USD,333000000.0,2023,False,Medium,Increasing
St. Kitts and Nevis,Imports of goods,Imports of goods,Cost insurance freight (CIF),Millions,USD,368000000.0,2024,False,Medium,Increasing
St. Kitts and Nevis,Imports of goods,Imports of goods,Cost insurance freight (CIF),Millions,USD,410000000.0,2025,False,Medium,Increasing
St. Lucia,Exports of goods,Exports of goods,Free on board (FOB),Millions,USD,120000000.0,2016,True,Medium,No Data
St. Lucia,Exports of goods,Exports of goods,Free on board (FOB),Millions,USD,127000000.0,2017,True,Medium,Increasing
St. Lucia,Exports of goods,Exports of goods,Free on board (FOB),Millions,USD,62000000.0,2018,True,Medium,Decreasing
St. Lucia,Exports of goods,Exports of goods,Free on board (FOB),Millions,USD,82000000.0,2019,True,Medium,Increasing
St. Lucia,Exports of goods,Exports of goods,Free on board (FOB),Millions,USD,55000000.0,2020,True,Medium,Decreasing
St. Lucia,Exports of goods,Exports of goods,Free on board (FOB),Millions,USD,59000000.0,2021,True,Medium,Increasing
St. Lucia,Exports of goods,Exports of goods,Free on board (FOB),Millions,USD,79000000.0,2022,True,Medium,Increasing
St. Lucia,Exports of goods,Exports of goods,Free on board (FOB),Millions,USD,80000000.0,2023,True,Medium,Increasing
St. Lucia,Exports of goods,Exports of goods,Free on board (FOB),Millions,USD,92000000.0,2024,True,Medium,Increasing
St. Lucia,Exports of goods,Exports of goods,Free on board (FOB),Millions,USD,85000000.0,2025,True,Medium,Decreasing
St. Lucia,Imports of goods,Imports of goods,Cost insurance freight (CIF),Millions,USD,655000000.0,2016,False,Medium,No Data
St. Lucia,Imports of goods,Imports of goods,Cost insurance freight (CIF),Millions,USD,655000000.0,2017,False,Medium,No Data
St. Lucia,Imports of goods,Imports of goods,Cost insurance freight (CIF),Millions,USD,659000000.0,2018,False,Medium,Increasing
St. Lucia,Imports of goods,Imports of goods,Cost insurance freight (CIF),Millions,USD,598000000.0,2019,False,Medium,Decreasing
St. Lucia,Imports of goods,Imports of goods,Cost insurance freight (CIF),Millions,USD,504000000.0,2020,False,Medium,Decreasing
St. Lucia,Imports of goods,Imports of goods,Cost insurance freight (CIF),Millions,USD,602000000.0,2021,False,Medium,Increasing
St. Lucia,Imports of goods,Imports of goods,Cost insurance freight (CIF),Millions,USD,834000000.0,2022,False,Medium,Increasing
St. Lucia,Imports of goods,Imports of goods,Cost insurance freight (CIF),Millions,USD,900000000.0,2023,False,Medium,Increasing
St. Lucia,Imports of goods,Imports of goods,Cost insurance freight (CIF),Millions,USD,964000000.0,2024,False,Medium,Increasing
St. Lucia,Imports of goods,Imports of goods,Cost insurance freight (CIF),Millions,USD,1009000000.0,2025,False,Medium,Increasing
St. Vincent and the Grenadines,Exports of goods,Exports of goods,Free on board (FOB),Millions,USD,47000000.0,2016,True,Medium,No Data
St. Vincent and the Grenadines,Exports of goods,Exports of goods,Free on board (FOB),Millions,USD,42000000.0,2017,True,Medium,Decreasing
St. Vincent and the Grenadines,Exports of goods,Exports of goods,Free on board (FOB),Millions,USD,44000000.0,2018,True,Medium,Increasing
St. Vincent and the Grenadines,Exports of goods,Exports of goods,Free on board (FOB),Millions,USD,39000000.0,2019,True,Medium,Decreasing
St. Vincent and the Grenadines,Exports of goods,Exports of goods,Free on board (FOB),Millions,USD,55000000.0,2020,True,Medium,Increasing
St. Vincent and the Grenadines,Exports of goods,Exports of goods,Free on board (FOB),Millions,USD,35000000.0,2021,True,Medium,Decreasing
St. Vincent and the Grenadines,Exports of goods,Exports of goods,Free on board (FOB),Millions,USD,46000000.0,2022,True,Medium,Increasing
St. Vincent and the Grenadines,Exports of goods,Exports of goods,Free on board (FOB),Millions,USD,41000000.0,2023,True,Medium,Decreasing
St. Vincent and the Grenadines,Exports of goods,Exports of goods,Free on board (FOB),Millions,USD,57000000.0,2024,True,Medium,Increasing
St. Vincent and the Grenadines,Exports of goods,Exports of goods,Free on board (FOB),Millions,USD,37000000.0,2025,True,Medium,Decreasing
St. Vincent and the Grenadines,Imports of goods,Imports of goods,Cost insurance freight (CIF),Millions,USD,335000000.0,2016,False,Medium,No Data
St. Vincent and the Grenadines,Imports of goods,Imports of goods,Cost insurance freight (CIF),Millions,USD,330000000.0,2017,False,Medium,Decreasing
St. Vincent and the Grenadines,Imports of goods,Imports of goods,Cost insurance freight (CIF),Millions,USD,354000000.0,2018,False,Medium,Increasing
St. Vincent and the Grenadines,Imports of goods,Imports of goods,Cost insurance freight (CIF),Millions,USD,335000000.0,2019,False,Medium,Decreasing
St. Vincent and the Grenadines,Imports of goods,Imports of goods,Cost insurance freight (CIF),Millions,USD,321000000.0,2020,False,Medium,Decreasing
St. Vincent and the Grenadines,Imports of goods,Imports of goods,Cost insurance freight (CIF),Millions,USD,373000000.0,2021,False,Medium,Increasing
St. Vincent and the Grenadines,Imports of goods,Imports of goods,Cost insurance freight (CIF),Millions,USD,438000000.0,2022,False,Medium,Increasing
St. Vincent and the Grenadines,Imports of goods,Imports of goods,Cost insurance freight (CIF),Millions,USD,456000000.0,2023,False,Medium,Increasing
St. Vincent and the Grenadines,Imports of goods,Imports of goods,Cost insurance freight (CIF),Millions,USD,506000000.0,2024,False,Medium,Increasing
St. Vincent and the Grenadines,Imports of goods,Imports of goods,Cost insurance freight (CIF),Millions,USD,509000000.0,2025,False,Medium,Increasing
Sudan,Exports of goods,Exports of goods,Free on board (FOB),Millions,USD,3094000000.0,2016,True,Medium,No Data
Sudan,Exports of goods,Exports of goods,Free on board (FOB),Millions,USD,4100000000.0,2017,True,Medium,Increasing
Sudan,Exports of goods,Exports of goods,Free on board (FOB),Millions,USD,3478000000.0,2018,True,Medium,Decreasing
Sudan,Exports of goods,Exports of goods,Free on board (FOB),Millions,USD,3735000000.0,2019,True,Medium,Increasing
Sudan,Exports of goods,Exports of goods,Free on board (FOB),Millions,USD,3803000000.0,2020,True,Medium,Increasing
Sudan,Exports of goods,Exports of goods,Free on board (FOB),Millions,USD,5027000000.0,2021,True,Medium,Increasing
Sudan,Exports of goods,Exports of goods,Free on board (FOB),Millions,USD,4357000000.0,2022,True,Medium,Decreasing
Sudan,Exports of goods,Exports of goods,Free on board (FOB),Millions,USD,3628000000.0,2023,True,Medium,Decreasing
Sudan,Exports of goods,Exports of goods,Free on board (FOB),Millions,USD,3134000000.0,2024,True,Medium,Decreasing
Sudan,Exports of goods,Exports of goods,Free on board (FOB),Millions,USD,2800000000.0,2025,True,Medium,Decreasing
Sudan,Imports of goods,Imports of goods,Cost insurance freight (CIF),Millions,USD,8311000000.0,2016,False,Medium,No Data
Sudan,Imports of goods,Imports of goods,Cost insurance freight (CIF),Millions,USD,9134000000.0,2017,False,Medium,Increasing
Sudan,Imports of goods,Imports of goods,Cost insurance freight (CIF),Millions,USD,7850000000.0,2018,False,Medium,Decreasing
Sudan,Imports of goods,Imports of goods,Cost insurance freight (CIF),Millions,USD,9291000000.0,2019,False,High,Increasing
Sudan,Imports of goods,Imports of goods,Cost insurance freight (CIF),Millions,USD,9838000000.0,2020,False,High,Increasing
Sudan,Imports of goods,Imports of goods,Cost insurance freight (CIF),Millions,USD,9894000000.0,2021,False,High,Increasing
Sudan,Imports of goods,Imports of goods,Cost insurance freight (CIF),Millions,USD,11095000000.0,2022,False,High,Increasing
Sudan,Imports of goods,Imports of goods,Cost insurance freight (CIF),Millions,USD,7317000000.0,2023,False,Medium,Decreasing
Sudan,Imports of goods,Imports of goods,Cost insurance freight (CIF),Millions,USD,4911000000.0,2024,False,Medium,Decreasing
Sudan,Imports of goods,Imports of goods,Cost insurance freight (CIF),Millions,USD,6200000000.0,2025,False,Medium,Increasing
Suriname,Exports of goods,Exports of goods,Free on board (FOB),Millions,USD,1439000000.0,2016,True,Medium,No Data
Suriname,Exports of goods,Exports of goods,Free on board (FOB),Millions,USD,1992000000.0,2017,True,Medium,Increasing
Suriname,Exports of goods,Exports of goods,Free on board (FOB),Millions,USD,2180000000.0,2018,True,Medium,Increasing
Suriname,Exports of goods,Exports of goods,Free on board (FOB),Millions,USD,2291000000.0,2021,True,Medium,Increasing
Suriname,Exports of goods,Exports of goods,Free on board (FOB),Millions,USD,2836000000.0,2022,True,Medium,Increasing
Suriname,Exports of goods,Exports of goods,Free on board (FOB),Millions,USD,2311000000.0,2023,True,Medium,Decreasing
Suriname,Exports of goods,Exports of goods,Free on board (FOB),Millions,USD,1484000000.0,2024,True,Medium,Decreasing
Suriname,Exports of goods,Exports of goods,Free on board (FOB),Millions,USD,2690000000.0,2025,True,Medium,Increasing
Suriname,Imports of goods,Imports of goods,Cost insurance freight (CIF),Millions,USD,1252000000.0,2016,False,Medium,No Data
Suriname,Imports of goods,Imports of goods,Cost insurance freight (CIF),Millions,USD,1280000000.0,2017,False,Medium,Increasing
Suriname,Imports of goods,Imports of goods,Cost insurance freight (CIF),Millions,USD,1527000000.0,2018,False,Medium,Increasing
Suriname,Imports of goods,Imports of goods,Cost insurance freight (CIF),Millions,USD,1711000000.0,2019,False,Medium,Increasing
Suriname,Imports of goods,Imports of goods,Cost insurance freight (CIF),Millions,USD,1533000000.0,2020,False,Medium,Decreasing
Suriname,Imports of goods,Imports of goods,Cost insurance freight (CIF),Millions,USD,1381000000.0,2021,False,Medium,Decreasing
Suriname,Imports of goods,Imports of goods,Cost insurance freight (CIF),Millions,USD,1803000000.0,2022,False,Medium,Increasing
Suriname,Imports of goods,Imports of goods,Cost insurance freight (CIF),Millions,USD,1697000000.0,2023,False,Medium,Decreasing
Suriname,Imports of goods,Imports of goods,Cost insurance freight (CIF),Millions,USD,1751000000.0,2024,False,Medium,Increasing
Suriname,Imports of goods,Imports of goods,Cost insurance freight (CIF),Millions,USD,2200000000.0,2025,False,Medium,Increasing
Sweden,Exports of goods,Exports of goods,Free on board (FOB),Millions,USD,139289000000.0,2016,True,High,No Data
Sweden,Exports of goods,Exports of goods,Free on board (FOB),Millions,USD,152921000000.0,2017,True,High,Increasing
Sweden,Exports of goods,Exports of goods,Free on board (FOB),Millions,USD,165967000000.0,2018,True,High,Increasing
Sweden,Exports of goods,Exports of goods,Free on board (FOB),Millions,USD,160575000000.0,2019,True,High,Decreasing
Sweden,Exports of goods,Exports of goods,Free on board (FOB),Millions,USD,155496000000.0,2020,True,High,Decreasing
Sweden,Exports of goods,Exports of goods,Free on board (FOB),Millions,USD,189522000000.0,2021,True,High,Increasing
Sweden,Exports of goods,Exports of goods,Free on board (FOB),Millions,USD,197736000000.0,2022,True,High,Increasing
Sweden,Exports of goods,Exports of goods,Free on board (FOB),Millions,USD,197469000000.0,2023,True,High,Decreasing
Sweden,Exports of goods,Exports of goods,Free on board (FOB),Millions,USD,195663000000.0,2024,True,High,Decreasing
Sweden,Exports of goods,Exports of goods,Free on board (FOB),Millions,USD,206844000000.0,2025,True,High,Increasing
Sweden,Imports of goods,Imports of goods,Cost insurance freight (CIF),Millions,USD,141022000000.0,2016,False,High,No Data
Sweden,Imports of goods,Imports of goods,Cost insurance freight (CIF),Millions,USD,154216000000.0,2017,False,High,Increasing
Sweden,Imports of goods,Imports of goods,Cost insurance freight (CIF),Millions,USD,170604000000.0,2018,False,High,Increasing
Sweden,Imports of goods,Imports of goods,Cost insurance freight (CIF),Millions,USD,158971000000.0,2019,False,High,Decreasing
Sweden,Imports of goods,Imports of goods,Cost insurance freight (CIF),Millions,USD,149985000000.0,2020,False,High,Decreasing
Sweden,Imports of goods,Imports of goods,Cost insurance freight (CIF),Millions,USD,187108000000.0,2021,False,High,Increasing
Sweden,Imports of goods,Imports of goods,Cost insurance freight (CIF),Millions,USD,203086000000.0,2022,False,High,Increasing
Sweden,Imports of goods,Imports of goods,Cost insurance freight (CIF),Millions,USD,193139000000.0,2023,False,High,Decreasing
Sweden,Imports of goods,Imports of goods,Cost insurance freight (CIF),Millions,USD,189668000000.0,2024,False,High,Decreasing
Sweden,Imports of goods,Imports of goods,Cost insurance freight (CIF),Millions,USD,202275000000.0,2025,False,High,Increasing
Switzerland,Exports of goods,Exports of goods,Free on board (FOB),Millions,USD,302900000000.0,2016,True,High,No Data
Switzerland,Exports of goods,Exports of goods,Free on board (FOB),Millions,USD,299603000000.0,2017,True,High,Decreasing
Switzerland,Exports of goods,Exports of goods,Free on board (FOB),Millions,USD,310747000000.0,2018,True,High,Increasing
Switzerland,Exports of goods,Exports of goods,Free on board (FOB),Millions,USD,313933000000.0,2019,True,High,Increasing
Switzerland,Exports of goods,Exports of goods,Free on board (FOB),Millions,USD,319319000000.0,2020,True,High,Increasing
Switzerland,Exports of goods,Exports of goods,Free on board (FOB),Millions,USD,380192000000.0,2021,True,High,Increasing
Switzerland,Exports of goods,Exports of goods,Free on board (FOB),Millions,USD,400693000000.0,2022,True,High,Increasing
Switzerland,Exports of goods,Exports of goods,Free on board (FOB),Millions,USD,419982000000.0,2023,True,High,Increasing
Switzerland,Exports of goods,Exports of goods,Free on board (FOB),Millions,USD,447308000000.0,2024,True,High,Increasing
Switzerland,Exports of goods,Exports of goods,Free on board (FOB),Millions,USD,554126000000.0,2025,True,High,Increasing
Switzerland,Imports of goods,Imports of goods,Cost insurance freight (CIF),Millions,USD,270128000000.0,2016,False,High,No Data
Switzerland,Imports of goods,Imports of goods,Cost insurance freight (CIF),Millions,USD,269835000000.0,2017,False,High,Decreasing
Switzerland,Imports of goods,Imports of goods,Cost insurance freight (CIF),Millions,USD,279527000000.0,2018,False,High,Increasing
Switzerland,Imports of goods,Imports of goods,Cost insurance freight (CIF),Millions,USD,277830000000.0,2019,False,High,Decreasing
Switzerland,Imports of goods,Imports of goods,Cost insurance freight (CIF),Millions,USD,291983000000.0,2020,False,High,Increasing
Switzerland,Imports of goods,Imports of goods,Cost insurance freight (CIF),Millions,USD,324071000000.0,2021,False,High,Increasing
Switzerland,Imports of goods,Imports of goods,Cost insurance freight (CIF),Millions,USD,357116000000.0,2022,False,High,Increasing
Switzerland,Imports of goods,Imports of goods,Cost insurance freight (CIF),Millions,USD,365613000000.0,2023,False,High,Increasing
Switzerland,Imports of goods,Imports of goods,Cost insurance freight (CIF),Millions,USD,371954000000.0,2024,False,High,Increasing
Switzerland,Imports of goods,Imports of goods,Cost insurance freight (CIF),Millions,USD,509811000000.0,2025,False,High,Increasing
Syrian Arab Republic,Exports of goods,Exports of goods,Free on board (FOB),Millions,USD,2377000000.0,2016,True,Medium,No Data
Syrian Arab Republic,Exports of goods,Exports of goods,Free on board (FOB),Millions,USD,2555000000.0,2017,True,Medium,Increasing
Syrian Arab Republic,Exports of goods,Exports of goods,Free on board (FOB),Millions,USD,2400000000.0,2018,True,Medium,Decreasing
Syrian Arab Republic,Exports of goods,Exports of goods,Free on board (FOB),Millions,USD,2609000000.0,2019,True,Medium,Increasing
Syrian Arab Republic,Exports of goods,Exports of goods,Free on board (FOB),Millions,USD,2727000000.0,2020,True,Medium,Increasing
Syrian Arab Republic,Exports of goods,Exports of goods,Free on board (FOB),Millions,USD,1823000000.0,2021,True,Medium,Decreasing
Syrian Arab Republic,Exports of goods,Exports of goods,Free on board (FOB),Millions,USD,1936000000.0,2022,True,Medium,Increasing
Syrian Arab Republic,Exports of goods,Exports of goods,Free on board (FOB),Millions,USD,3231000000.0,2023,True,Medium,Increasing
Syrian Arab Republic,Exports of goods,Exports of goods,Free on board (FOB),Millions,USD,3325000000.0,2024,True,Medium,Increasing
Syrian Arab Republic,Exports of goods,Exports of goods,Free on board (FOB),Millions,USD,3385000000.0,2025,True,Medium,Increasing
Syrian Arab Republic,Imports of goods,Imports of goods,Cost insurance freight (CIF),Millions,USD,4934000000.0,2016,False,Medium,No Data
Syrian Arab Republic,Imports of goods,Imports of goods,Cost insurance freight (CIF),Millions,USD,6153000000.0,2017,False,Medium,Increasing
Syrian Arab Republic,Imports of goods,Imports of goods,Cost insurance freight (CIF),Millions,USD,7164000000.0,2018,False,Medium,Increasing
Syrian Arab Republic,Imports of goods,Imports of goods,Cost insurance freight (CIF),Millions,USD,6833000000.0,2019,False,Medium,Decreasing
Syrian Arab Republic,Imports of goods,Imports of goods,Cost insurance freight (CIF),Millions,USD,5696000000.0,2020,False,Medium,Decreasing
Syrian Arab Republic,Imports of goods,Imports of goods,Cost insurance freight (CIF),Millions,USD,6320000000.0,2021,False,Medium,Increasing
Syrian Arab Republic,Imports of goods,Imports of goods,Cost insurance freight (CIF),Millions,USD,6708000000.0,2022,False,Medium,Increasing
Syrian Arab Republic,Imports of goods,Imports of goods,Cost insurance freight (CIF),Millions,USD,6001000000.0,2023,False,Medium,Decreasing
Syrian Arab Republic,Imports of goods,Imports of goods,Cost insurance freight (CIF),Millions,USD,6454000000.0,2024,False,Medium,Increasing
Syrian Arab Republic,Imports of goods,Imports of goods,Cost insurance freight (CIF),Millions,USD,7905000000.0,2025,False,Medium,Increasing
"São Tomé and Príncipe, Democratic Republic of",Exports of goods,Exports of goods,Free on board (FOB),Thousands,USD,14000000.0,2016,True,Medium,No Data
"São Tomé and Príncipe, Democratic Republic of",Exports of goods,Exports of goods,Free on board (FOB),Thousands,USD,15000000.0,2017,True,Medium,Increasing
"São Tomé and Príncipe, Democratic Republic of",Exports of goods,Exports of goods,Free on board (FOB),Thousands,USD,16000000.0,2018,True,Medium,Increasing
"São Tomé and Príncipe, Democratic Republic of",Exports of goods,Exports of goods,Free on board (FOB),Thousands,USD,13000000.0,2019,True,Medium,Decreasing
"São Tomé and Príncipe, Democratic Republic of",Exports of goods,Exports of goods,Free on board (FOB),Thousands,USD,14000000.0,2020,True,Medium,Increasing
"São Tomé and Príncipe, Democratic Republic of",Exports of goods,Exports of goods,Free on board (FOB),Thousands,USD,21000000.0,2021,True,Medium,Increasing
"São Tomé and Príncipe, Democratic Republic of",Exports of goods,Exports of goods,Free on board (FOB),Thousands,USD,22000000.0,2022,True,Medium,Increasing
"São Tomé and Príncipe, Democratic Republic of",Exports of goods,Exports of goods,Free on board (FOB),Thousands,USD,24000000.0,2023,True,Medium,Increasing
"São Tomé and Príncipe, Democratic Republic of",Exports of goods,Exports of goods,Free on board (FOB),Thousands,USD,29000000.0,2024,True,Medium,Increasing
"São Tomé and Príncipe, Democratic Republic of",Exports of goods,Exports of goods,Free on board (FOB),Thousands,USD,38000000.0,2025,True,Medium,Increasing
"São Tomé and Príncipe, Democratic Republic of",Imports of goods,Imports of goods,Cost insurance freight (CIF),Thousands,USD,139000000.0,2016,False,Medium,No Data
"São Tomé and Príncipe, Democratic Republic of",Imports of goods,Imports of goods,Cost insurance freight (CIF),Thousands,USD,147000000.0,2017,False,Medium,Increasing
"São Tomé and Príncipe, Democratic Republic of",Imports of goods,Imports of goods,Cost insurance freight (CIF),Thousands,USD,148000000.0,2018,False,Medium,Increasing
"São Tomé and Príncipe, Democratic Republic of",Imports of goods,Imports of goods,Cost insurance freight (CIF),Thousands,USD,148000000.0,2019,False,Medium,No Data
"São Tomé and Príncipe, Democratic Republic of",Imports of goods,Imports of goods,Cost insurance freight (CIF),Thousands,USD,138000000.0,2020,False,Medium,Decreasing
"São Tomé and Príncipe, Democratic Republic of",Imports of goods,Imports of goods,Cost insurance freight (CIF),Thousands,USD,166000000.0,2021,False,Medium,Increasing
"São Tomé and Príncipe, Democratic Republic of",Imports of goods,Imports of goods,Cost insurance freight (CIF),Thousands,USD,196000000.0,2022,False,Medium,Increasing
"São Tomé and Príncipe, Democratic Republic of",Imports of goods,Imports of goods,Cost insurance freight (CIF),Thousands,USD,184000000.0,2023,False,Medium,Decreasing
"São Tomé and Príncipe, Democratic Republic of",Imports of goods,Imports of goods,Cost insurance freight (CIF),Thousands,USD,153000000.0,2024,False,Medium,Decreasing
"São Tomé and Príncipe, Democratic Republic of",Imports of goods,Imports of goods,Cost insurance freight (CIF),Thousands,USD,183000000.0,2025,False,Medium,Increasing
Taiwan Province of China,Exports of goods,Exports of goods,Free on board (FOB),Millions,USD,280321000000.0,2016,True,High,No Data
Taiwan Province of China,Exports of goods,Exports of goods,Free on board (FOB),Millions,USD,317250000000.0,2017,True,High,Increasing
Taiwan Province of China,Exports of goods,Exports of goods,Free on board (FOB),Millions,USD,335908000000.0,2018,True,High,Increasing
Taiwan Province of China,Exports of goods,Exports of goods,Free on board (FOB),Millions,USD,330622000000.0,2019,True,High,Decreasing
Taiwan Province of China,Exports of goods,Exports of goods,Free on board (FOB),Millions,USD,347193000000.0,2020,True,High,Increasing
Taiwan Province of China,Exports of goods,Exports of goods,Free on board (FOB),Millions,USD,447692000000.0,2021,True,High,Increasing
Taiwan Province of China,Exports of goods,Exports of goods,Free on board (FOB),Millions,USD,477777000000.0,2022,True,High,Increasing
Taiwan Province of China,Exports of goods,Exports of goods,Free on board (FOB),Millions,USD,432337000000.0,2023,True,High,Decreasing
Taiwan Province of China,Exports of goods,Exports of goods,Free on board (FOB),Millions,USD,474367000000.0,2024,True,High,Increasing
Taiwan Province of China,Exports of goods,Exports of goods,Free on board (FOB),Millions,USD,640974000000.0,2025,True,High,Increasing
Taiwan Province of China,Imports of goods,Imports of goods,Cost insurance freight (CIF),Millions,USD,230568000000.0,2016,False,High,No Data
Taiwan Province of China,Imports of goods,Imports of goods,Cost insurance freight (CIF),Millions,USD,259266000000.0,2017,False,High,Increasing
Taiwan Province of China,Imports of goods,Imports of goods,Cost insurance freight (CIF),Millions,USD,286331000000.0,2018,False,High,Increasing
Taiwan Province of China,Imports of goods,Imports of goods,Cost insurance freight (CIF),Millions,USD,287165000000.0,2019,False,High,Increasing
Taiwan Province of China,Imports of goods,Imports of goods,Cost insurance freight (CIF),Millions,USD,288053000000.0,2020,False,High,Increasing
Taiwan Province of China,Imports of goods,Imports of goods,Cost insurance freight (CIF),Millions,USD,382100000000.0,2021,False,High,Increasing
Taiwan Province of China,Imports of goods,Imports of goods,Cost insurance freight (CIF),Millions,USD,435836000000.0,2022,False,High,Increasing
Taiwan Province of China,Imports of goods,Imports of goods,Cost insurance freight (CIF),Millions,USD,358960000000.0,2023,False,High,Decreasing
Taiwan Province of China,Imports of goods,Imports of goods,Cost insurance freight (CIF),Millions,USD,401114000000.0,2024,False,High,Increasing
Taiwan Province of China,Imports of goods,Imports of goods,Cost insurance freight (CIF),Millions,USD,494301000000.0,2025,False,High,Increasing
"Tajikistan, Republic of",Exports of goods,Exports of goods,Free on board (FOB),Millions,USD,899000000.0,2016,True,Medium,No Data
"Tajikistan, Republic of",Exports of goods,Exports of goods,Free on board (FOB),Millions,USD,1198000000.0,2017,True,Medium,Increasing
"Tajikistan, Republic of",Exports of goods,Exports of goods,Free on board (FOB),Millions,USD,1073000000.0,2018,True,Medium,Decreasing
"Tajikistan, Republic of",Exports of goods,Exports of goods,Free on board (FOB),Millions,USD,1174000000.0,2019,True,Medium,Increasing
"Tajikistan, Republic of",Exports of goods,Exports of goods,Free on board (FOB),Millions,USD,1407000000.0,2020,True,Medium,Increasing
"Tajikistan, Republic of",Exports of goods,Exports of goods,Free on board (FOB),Millions,USD,2150000000.0,2021,True,Medium,Increasing
"Tajikistan, Republic of",Exports of goods,Exports of goods,Free on board (FOB),Millions,USD,2142000000.0,2022,True,Medium,Decreasing
"Tajikistan, Republic of",Exports of goods,Exports of goods,Free on board (FOB),Millions,USD,2449000000.0,2023,True,Medium,Increasing
"Tajikistan, Republic of",Exports of goods,Exports of goods,Free on board (FOB),Millions,USD,1947000000.0,2024,True,Medium,Decreasing
"Tajikistan, Republic of",Exports of goods,Exports of goods,Free on board (FOB),Millions,USD,2489000000.0,2025,True,Medium,Increasing
"Tajikistan, Republic of",Imports of goods,Imports of goods,Cost insurance freight (CIF),Millions,USD,3031000000.0,2016,False,Medium,No Data
"Tajikistan, Republic of",Imports of goods,Imports of goods,Cost insurance freight (CIF),Millions,USD,2775000000.0,2017,False,Medium,Decreasing
"Tajikistan, Republic of",Imports of goods,Imports of goods,Cost insurance freight (CIF),Millions,USD,3151000000.0,2018,False,Medium,Increasing
"Tajikistan, Republic of",Imports of goods,Imports of goods,Cost insurance freight (CIF),Millions,USD,3349000000.0,2019,False,Medium,Increasing
"Tajikistan, Republic of",Imports of goods,Imports of goods,Cost insurance freight (CIF),Millions,USD,3151000000.0,2020,False,Medium,Decreasing
"Tajikistan, Republic of",Imports of goods,Imports of goods,Cost insurance freight (CIF),Millions,USD,4210000000.0,2021,False,Medium,Increasing
"Tajikistan, Republic of",Imports of goods,Imports of goods,Cost insurance freight (CIF),Millions,USD,5168000000.0,2022,False,Medium,Increasing
"Tajikistan, Republic of",Imports of goods,Imports of goods,Cost insurance freight (CIF),Millions,USD,5880000000.0,2023,False,Medium,Increasing
"Tajikistan, Republic of",Imports of goods,Imports of goods,Cost insurance freight (CIF),Millions,USD,7010000000.0,2024,False,Medium,Increasing
"Tajikistan, Republic of",Imports of goods,Imports of goods,Cost insurance freight (CIF),Millions,USD,8307000000.0,2025,False,Medium,Increasing
"Tanzania, United Republic of",Exports of goods,Exports of goods,Free on board (FOB),Millions,USD,4398321549.672728,2016,True,Medium,No Data
"Tanzania, United Republic of",Exports of goods,Exports of goods,Free on board (FOB),Millions,USD,4105800286.1717777,2017,True,Medium,Decreasing
"Tanzania, United Republic of",Exports of goods,Exports of goods,Free on board (FOB),Millions,USD,3909335060.6186566,2018,True,Medium,Decreasing
"Tanzania, United Republic of",Exports of goods,Exports of goods,Free on board (FOB),Millions,USD,5005000000.0,2019,True,Medium,Increasing
"Tanzania, United Republic of",Exports of goods,Exports of goods,Free on board (FOB),Millions,USD,6061000000.0,2020,True,Medium,Increasing
"Tanzania, United Republic of",Exports of goods,Exports of goods,Free on board (FOB),Millions,USD,6391000000.0,2021,True,Medium,Increasing
"Tanzania, United Republic of",Exports of goods,Exports of goods,Free on board (FOB),Millions,USD,6826000000.0,2022,True,Medium,Increasing
"Tanzania, United Republic of",Exports of goods,Exports of goods,Free on board (FOB),Millions,USD,7275000000.0,2023,True,Medium,Increasing
"Tanzania, United Republic of",Exports of goods,Exports of goods,Free on board (FOB),Millions,USD,8701000000.0,2024,True,Medium,Increasing
"Tanzania, United Republic of",Exports of goods,Exports of goods,Free on board (FOB),Millions,USD,9957000000.0,2025,True,High,Increasing
"Tanzania, United Republic of",Imports of goods,Imports of goods,Cost insurance freight (CIF),Millions,USD,7888721450.5764675,2016,False,Medium,No Data
"Tanzania, United Republic of",Imports of goods,Imports of goods,Cost insurance freight (CIF),Millions,USD,7891702441.704665,2017,False,Medium,Increasing
"Tanzania, United Republic of",Imports of goods,Imports of goods,Cost insurance freight (CIF),Millions,USD,8521492781.444145,2018,False,Medium,Increasing
"Tanzania, United Republic of",Imports of goods,Imports of goods,Cost insurance freight (CIF),Millions,USD,9452000000.0,2019,False,High,Increasing
"Tanzania, United Republic of",Imports of goods,Imports of goods,Cost insurance freight (CIF),Millions,USD,8440000000.0,2020,False,Medium,Decreasing
"Tanzania, United Republic of",Imports of goods,Imports of goods,Cost insurance freight (CIF),Millions,USD,10024000000.0,2021,False,High,Increasing
"Tanzania, United Republic of",Imports of goods,Imports of goods,Cost insurance freight (CIF),Millions,USD,14218000000.0,2022,False,High,Increasing
"Tanzania, United Republic of",Imports of goods,Imports of goods,Cost insurance freight (CIF),Millions,USD,13730000000.0,2023,False,High,Decreasing
"Tanzania, United Republic of",Imports of goods,Imports of goods,Cost insurance freight (CIF),Millions,USD,14195000000.0,2024,False,High,Increasing
"Tanzania, United Republic of",Imports of goods,Imports of goods,Cost insurance freight (CIF),Millions,USD,14810000000.0,2025,False,High,Increasing
Thailand,Exports of goods,Exports of goods,Free on board (FOB),Billions,USD,215387000000.0,2016,True,High,No Data
Thailand,Exports of goods,Exports of goods,Free on board (FOB),Billions,USD,236635000000.0,2017,True,High,Increasing
Thailand,Exports of goods,Exports of goods,Free on board (FOB),Billions,USD,252955000000.0,2018,True,High,Increasing
Thailand,Exports of goods,Exports of goods,Free on board (FOB),Billions,USD,246269000000.0,2019,True,High,Decreasing
Thailand,Exports of goods,Exports of goods,Free on board (FOB),Billions,USD,231635000000.0,2020,True,High,Decreasing
Thailand,Exports of goods,Exports of goods,Free on board (FOB),Billions,USD,272005000000.0,2021,True,High,Increasing
Thailand,Exports of goods,Exports of goods,Free on board (FOB),Billions,USD,287424000000.0,2022,True,High,Increasing
Thailand,Exports of goods,Exports of goods,Free on board (FOB),Billions,USD,285072000000.0,2023,True,High,Decreasing
Thailand,Exports of goods,Exports of goods,Free on board (FOB),Billions,USD,300739000000.0,2024,True,High,Increasing
Thailand,Exports of goods,Exports of goods,Free on board (FOB),Billions,USD,339637000000.0,2025,True,High,Increasing
Thailand,Imports of goods,Imports of goods,Cost insurance freight (CIF),Billions,USD,194198000000.0,2016,False,High,No Data
Thailand,Imports of goods,Imports of goods,Cost insurance freight (CIF),Billions,USD,221520000000.0,2017,False,High,Increasing
Thailand,Imports of goods,Imports of goods,Cost insurance freight (CIF),Billions,USD,248202000000.0,2018,False,High,Increasing
Thailand,Imports of goods,Imports of goods,Cost insurance freight (CIF),Billions,USD,236260000000.0,2019,False,High,Decreasing
Thailand,Imports of goods,Imports of goods,Cost insurance freight (CIF),Billions,USD,206156000000.0,2020,False,High,Decreasing
Thailand,Imports of goods,Imports of goods,Cost insurance freight (CIF),Billions,USD,267341999999.99997,2021,False,High,Increasing
Thailand,Imports of goods,Imports of goods,Cost insurance freight (CIF),Billions,USD,301030000000.0,2022,False,High,Increasing
Thailand,Imports of goods,Imports of goods,Cost insurance freight (CIF),Billions,USD,288509000000.0,2023,False,High,Decreasing
Thailand,Imports of goods,Imports of goods,Cost insurance freight (CIF),Billions,USD,305524000000.0,2024,False,High,Increasing
Thailand,Imports of goods,Imports of goods,Cost insurance freight (CIF),Billions,USD,344944000000.0,2025,False,High,Increasing
"Timor-Leste, Democratic Republic of",Exports of goods,Exports of goods,Free on board (FOB),Thousands,USD,25274000.0,2016,True,Medium,No Data
"Timor-Leste, Democratic Republic of",Exports of goods,Exports of goods,Free on board (FOB),Thousands,USD,14068000.0,2017,True,Medium,Decreasing
"Timor-Leste, Democratic Republic of",Exports of goods,Exports of goods,Free on board (FOB),Thousands,USD,21484000.0,2018,True,Medium,Increasing
"Timor-Leste, Democratic Republic of",Imports of goods,Imports of goods,Free on board (FOB),Thousands,USD,506089000.0,2016,False,Medium,No Data
"Timor-Leste, Democratic Republic of",Imports of goods,Imports of goods,Free on board (FOB),Thousands,USD,578973000.0,2017,False,Medium,Increasing
"Timor-Leste, Democratic Republic of",Imports of goods,Imports of goods,Free on board (FOB),Thousands,USD,519818000.0,2018,False,Medium,Decreasing
Togo,Exports of goods,Exports of goods,Free on board (FOB),Millions,USD,849573861.150241,2016,True,Medium,No Data
Togo,Exports of goods,Exports of goods,Free on board (FOB),Millions,USD,867069579.285149,2017,True,Medium,Increasing
Togo,Exports of goods,Exports of goods,Free on board (FOB),Millions,USD,1080000000.0,2018,True,Medium,Increasing
Togo,Exports of goods,Exports of goods,Free on board (FOB),Millions,USD,1055000000.0,2019,True,Medium,Decreasing
Togo,Exports of goods,Exports of goods,Free on board (FOB),Millions,USD,1008000000.0,2020,True,Medium,Decreasing
Togo,Imports of goods,Imports of goods,Cost insurance freight (CIF),Millions,USD,1858070198.9271998,2016,False,Medium,No Data
Togo,Imports of goods,Imports of goods,Cost insurance freight (CIF),Millions,USD,1635602263.31686,2017,False,Medium,Decreasing
Togo,Imports of goods,Imports of goods,Cost insurance freight (CIF),Millions,USD,2116000000.0,2018,False,Medium,Increasing
Togo,Imports of goods,Imports of goods,Cost insurance freight (CIF),Millions,USD,2091000000.0,2019,False,Medium,Decreasing
Togo,Imports of goods,Imports of goods,Cost insurance freight (CIF),Millions,USD,2166000000.0,2020,False,Medium,Increasing
Tonga,Exports of goods,Exports of goods,Free on board (FOB),Millions,USD,21000000.0,2016,True,Medium,No Data
Tonga,Exports of goods,Exports of goods,Free on board (FOB),Millions,USD,19000000.0,2017,True,Medium,Decreasing
Tonga,Exports of goods,Exports of goods,Free on board (FOB),Millions,USD,13000000.0,2018,True,Medium,Decreasing
Tonga,Exports of goods,Exports of goods,Free on board (FOB),Millions,USD,20000000.0,2019,True,Medium,Increasing
Tonga,Exports of goods,Exports of goods,Free on board (FOB),Millions,USD,15000000.0,2020,True,Medium,Decreasing
Tonga,Exports of goods,Exports of goods,Free on board (FOB),Millions,USD,16000000.0,2021,True,Medium,Increasing
Tonga,Exports of goods,Exports of goods,Free on board (FOB),Millions,USD,13000000.0,2022,True,Medium,Decreasing
Tonga,Exports of goods,Exports of goods,Free on board (FOB),Millions,USD,10000000.0,2023,True,Medium,Decreasing
Tonga,Exports of goods,Exports of goods,Free on board (FOB),Millions,USD,9000000.0,2024,True,Medium,Decreasing
Tonga,Exports of goods,Exports of goods,Free on board (FOB),Millions,USD,13000000.0,2025,True,Medium,Increasing
Tonga,Imports of goods,Imports of goods,Cost insurance freight (CIF),Millions,USD,229000000.0,2016,False,Medium,No Data
Tonga,Imports of goods,Imports of goods,Cost insurance freight (CIF),Millions,USD,231000000.0,2017,False,Medium,Increasing
Tonga,Imports of goods,Imports of goods,Cost insurance freight (CIF),Millions,USD,230000000.0,2018,False,Medium,Decreasing
Tonga,Imports of goods,Imports of goods,Cost insurance freight (CIF),Millions,USD,238000000.0,2019,False,Medium,Increasing
Tonga,Imports of goods,Imports of goods,Cost insurance freight (CIF),Millions,USD,229000000.0,2020,False,Medium,Decreasing
Tonga,Imports of goods,Imports of goods,Cost insurance freight (CIF),Millions,USD,246000000.0,2021,False,Medium,Increasing
Tonga,Imports of goods,Imports of goods,Cost insurance freight (CIF),Millions,USD,268000000.0,2022,False,Medium,Increasing
Tonga,Imports of goods,Imports of goods,Cost insurance freight (CIF),Millions,USD,272000000.0,2023,False,Medium,Increasing
Tonga,Imports of goods,Imports of goods,Cost insurance freight (CIF),Millions,USD,295000000.0,2024,False,Medium,Increasing
Tonga,Imports of goods,Imports of goods,Cost insurance freight (CIF),Millions,USD,255000000.0,2025,False,Medium,Decreasing
Trinidad and Tobago,Exports of goods,Exports of goods,Free on board (FOB),Millions,USD,7633000000.0,2016,True,Medium,No Data
Trinidad and Tobago,Exports of goods,Exports of goods,Free on board (FOB),Millions,USD,8741000000.0,2017,True,Medium,Increasing
Trinidad and Tobago,Exports of goods,Exports of goods,Free on board (FOB),Millions,USD,10532000000.0,2018,True,High,Increasing
Trinidad and Tobago,Exports of goods,Exports of goods,Free on board (FOB),Millions,USD,7192000000.0,2019,True,Medium,Decreasing
Trinidad and Tobago,Exports of goods,Exports of goods,Free on board (FOB),Millions,USD,5519000000.0,2020,True,Medium,Decreasing
Trinidad and Tobago,Exports of goods,Exports of goods,Free on board (FOB),Millions,USD,8620000000.0,2021,True,Medium,Increasing
Trinidad and Tobago,Exports of goods,Exports of goods,Free on board (FOB),Millions,USD,13286000000.0,2022,True,High,Increasing
Trinidad and Tobago,Exports of goods,Exports of goods,Free on board (FOB),Millions,USD,7864000000.0,2023,True,Medium,Decreasing
Trinidad and Tobago,Exports of goods,Exports of goods,Free on board (FOB),Millions,USD,7899000000.0,2024,True,Medium,Increasing
Trinidad and Tobago,Exports of goods,Exports of goods,Free on board (FOB),Millions,USD,6816000000.0,2025,True,Medium,Decreasing
Trinidad and Tobago,Imports of goods,Imports of goods,Cost insurance freight (CIF),Millions,USD,8052000000.0,2016,False,Medium,No Data
Trinidad and Tobago,Imports of goods,Imports of goods,Cost insurance freight (CIF),Millions,USD,6893000000.0,2017,False,Medium,Decreasing
Trinidad and Tobago,Imports of goods,Imports of goods,Cost insurance freight (CIF),Millions,USD,7719000000.0,2018,False,Medium,Increasing
Trinidad and Tobago,Imports of goods,Imports of goods,Cost insurance freight (CIF),Millions,USD,6334000000.0,2019,False,Medium,Decreasing
Trinidad and Tobago,Imports of goods,Imports of goods,Cost insurance freight (CIF),Millions,USD,4876000000.0,2020,False,Medium,Decreasing
Trinidad and Tobago,Imports of goods,Imports of goods,Cost insurance freight (CIF),Millions,USD,5761000000.0,2021,False,Medium,Increasing
Trinidad and Tobago,Imports of goods,Imports of goods,Cost insurance freight (CIF),Millions,USD,6217000000.0,2022,False,Medium,Increasing
Trinidad and Tobago,Imports of goods,Imports of goods,Cost insurance freight (CIF),Millions,USD,9163000000.0,2023,False,Medium,Increasing
Trinidad and Tobago,Imports of goods,Imports of goods,Cost insurance freight (CIF),Millions,USD,7669000000.0,2024,False,Medium,Decreasing
Trinidad and Tobago,Imports of goods,Imports of goods,Cost insurance freight (CIF),Millions,USD,5797000000.0,2025,False,Medium,Decreasing
Tunisia,Exports of goods,Exports of goods,Free on board (FOB),Millions,USD,13572000000.0,2016,True,High,No Data
Tunisia,Exports of goods,Exports of goods,Free on board (FOB),Millions,USD,14203000000.0,2017,True,High,Increasing
Tunisia,Exports of goods,Exports of goods,Free on board (FOB),Millions,USD,15536000000.0,2018,True,High,Increasing
Tunisia,Exports of goods,Exports of goods,Free on board (FOB),Millions,USD,14933000000.0,2019,True,High,Decreasing
Tunisia,Exports of goods,Exports of goods,Free on board (FOB),Millions,USD,13798000000.0,2020,True,High,Decreasing
Tunisia,Exports of goods,Exports of goods,Free on board (FOB),Millions,USD,16677000000.0,2021,True,High,Increasing
Tunisia,Exports of goods,Exports of goods,Free on board (FOB),Millions,USD,18561000000.0,2022,True,High,Increasing
Tunisia,Exports of goods,Exports of goods,Free on board (FOB),Millions,USD,19986000000.0,2023,True,High,Increasing
Tunisia,Exports of goods,Exports of goods,Free on board (FOB),Millions,USD,19972000000.0,2024,True,High,Decreasing
Tunisia,Exports of goods,Exports of goods,Free on board (FOB),Millions,USD,21291000000.0,2025,True,High,Increasing
Tunisia,Imports of goods,Imports of goods,Cost insurance freight (CIF),Millions,USD,19461000000.0,2016,False,High,No Data
Tunisia,Imports of goods,Imports of goods,Cost insurance freight (CIF),Millions,USD,20656000000.0,2017,False,High,Increasing
Tunisia,Imports of goods,Imports of goods,Cost insurance freight (CIF),Millions,USD,22698000000.0,2018,False,High,Increasing
Tunisia,Imports of goods,Imports of goods,Cost insurance freight (CIF),Millions,USD,21563000000.0,2019,False,High,Decreasing
Tunisia,Imports of goods,Imports of goods,Cost insurance freight (CIF),Millions,USD,18359000000.0,2020,False,High,Decreasing
Tunisia,Imports of goods,Imports of goods,Cost insurance freight (CIF),Millions,USD,22468000000.0,2021,False,High,Increasing
Tunisia,Imports of goods,Imports of goods,Cost insurance freight (CIF),Millions,USD,26656000000.0,2022,False,High,Increasing
Tunisia,Imports of goods,Imports of goods,Cost insurance freight (CIF),Millions,USD,25485000000.0,2023,False,High,Decreasing
Tunisia,Imports of goods,Imports of goods,Cost insurance freight (CIF),Millions,USD,26070000000.0,2024,False,High,Increasing
Tunisia,Imports of goods,Imports of goods,Cost insurance freight (CIF),Millions,USD,28592000000.0,2025,False,High,Increasing
Turkmenistan,Exports of goods,Exports of goods,Free on board (FOB),Millions,USD,6964000000.0,2016,True,Medium,No Data
Turkmenistan,Exports of goods,Exports of goods,Free on board (FOB),Millions,USD,7458000000.0,2017,True,Medium,Increasing
Turkmenistan,Exports of goods,Exports of goods,Free on board (FOB),Millions,USD,9706000000.0,2018,True,High,Increasing
Turkmenistan,Exports of goods,Exports of goods,Free on board (FOB),Millions,USD,10622000000.0,2019,True,High,Increasing
Turkmenistan,Exports of goods,Exports of goods,Free on board (FOB),Millions,USD,6477000000.0,2020,True,Medium,Decreasing
Turkmenistan,Exports of goods,Exports of goods,Free on board (FOB),Millions,USD,9445000000.0,2021,True,High,Increasing
Turkmenistan,Exports of goods,Exports of goods,Free on board (FOB),Millions,USD,13550000000.0,2022,True,High,Increasing
Turkmenistan,Exports of goods,Exports of goods,Free on board (FOB),Millions,USD,16164000000.0,2023,True,High,Increasing
Turkmenistan,Exports of goods,Exports of goods,Free on board (FOB),Millions,USD,14974000000.0,2024,True,High,Decreasing
Turkmenistan,Exports of goods,Exports of goods,Free on board (FOB),Millions,USD,15561000000.0,2025,True,High,Increasing
Turkmenistan,Imports of goods,Imports of goods,Cost insurance freight (CIF),Millions,USD,4994000000.0,2016,False,Medium,No Data
Turkmenistan,Imports of goods,Imports of goods,Cost insurance freight (CIF),Millions,USD,4571000000.0,2017,False,Medium,Decreasing
Turkmenistan,Imports of goods,Imports of goods,Cost insurance freight (CIF),Millions,USD,2379000000.0,2018,False,Medium,Decreasing
Turkmenistan,Imports of goods,Imports of goods,Cost insurance freight (CIF),Millions,USD,2988000000.0,2019,False,Medium,Increasing
Turkmenistan,Imports of goods,Imports of goods,Cost insurance freight (CIF),Millions,USD,3223000000.0,2020,False,Medium,Increasing
Turkmenistan,Imports of goods,Imports of goods,Cost insurance freight (CIF),Millions,USD,4147000000.0,2021,False,Medium,Increasing
Turkmenistan,Imports of goods,Imports of goods,Cost insurance freight (CIF),Millions,USD,3456000000.0,2022,False,Medium,Decreasing
Turkmenistan,Imports of goods,Imports of goods,Cost insurance freight (CIF),Millions,USD,4436000000.0,2023,False,Medium,Increasing
Turkmenistan,Imports of goods,Imports of goods,Cost insurance freight (CIF),Millions,USD,4419000000.0,2024,False,Medium,Decreasing
Turkmenistan,Imports of goods,Imports of goods,Cost insurance freight (CIF),Millions,USD,4761000000.0,2025,False,Medium,Increasing
Tuvalu,Exports of goods,Exports of goods,Free on board (FOB),Millions,USD,0.0,2016,True,Low,No Data
Tuvalu,Exports of goods,Exports of goods,Free on board (FOB),Millions,USD,0.0,2017,True,Low,No Data
Tuvalu,Exports of goods,Exports of goods,Free on board (FOB),Millions,USD,0.0,2018,True,Low,No Data
Tuvalu,Exports of goods,Exports of goods,Free on board (FOB),Millions,USD,0.0,2019,True,Low,No Data
Tuvalu,Exports of goods,Exports of goods,Free on board (FOB),Millions,USD,0.0,2020,True,Low,No Data
Tuvalu,Exports of goods,Exports of goods,Free on board (FOB),Millions,USD,0.0,2021,True,Low,No Data
Tuvalu,Exports of goods,Exports of goods,Free on board (FOB),Millions,USD,0.0,2022,True,Low,No Data
Tuvalu,Exports of goods,Exports of goods,Free on board (FOB),Millions,USD,0.0,2023,True,Low,No Data
Tuvalu,Exports of goods,Exports of goods,Free on board (FOB),Millions,USD,0.0,2024,True,Low,No Data
Tuvalu,Exports of goods,Exports of goods,Free on board (FOB),Millions,USD,0.0,2025,True,Low,No Data
Tuvalu,Imports of goods,Imports of goods,Cost insurance freight (CIF),Millions,USD,23000000.0,2016,False,Medium,No Data
Tuvalu,Imports of goods,Imports of goods,Cost insurance freight (CIF),Millions,USD,27000000.0,2017,False,Medium,Increasing
Tuvalu,Imports of goods,Imports of goods,Cost insurance freight (CIF),Millions,USD,25000000.0,2018,False,Medium,Decreasing
Tuvalu,Imports of goods,Imports of goods,Cost insurance freight (CIF),Millions,USD,33000000.0,2019,False,Medium,Increasing
Tuvalu,Imports of goods,Imports of goods,Cost insurance freight (CIF),Millions,USD,34000000.0,2020,False,Medium,Increasing
Tuvalu,Imports of goods,Imports of goods,Cost insurance freight (CIF),Millions,USD,34000000.0,2021,False,Medium,No Data
Tuvalu,Imports of goods,Imports of goods,Cost insurance freight (CIF),Millions,USD,34000000.0,2022,False,Medium,No Data
Tuvalu,Imports of goods,Imports of goods,Cost insurance freight (CIF),Millions,USD,43000000.0,2023,False,Medium,Increasing
Tuvalu,Imports of goods,Imports of goods,Cost insurance freight (CIF),Millions,USD,41000000.0,2024,False,Medium,Decreasing
Tuvalu,Imports of goods,Imports of goods,Cost insurance freight (CIF),Millions,USD,27000000.0,2025,False,Medium,Decreasing
"Türkiye, Republic of",Exports of goods,Exports of goods,Free on board (FOB),Billions,USD,149246000000.0,2016,True,High,No Data
"Türkiye, Republic of",Exports of goods,Exports of goods,Free on board (FOB),Billions,USD,164495000000.0,2017,True,High,Increasing
"Türkiye, Republic of",Exports of goods,Exports of goods,Free on board (FOB),Billions,USD,177169000000.0,2018,True,High,Increasing
"Türkiye, Republic of",Exports of goods,Exports of goods,Free on board (FOB),Billions,USD,180835000000.0,2019,True,High,Increasing
"Türkiye, Republic of",Exports of goods,Exports of goods,Free on board (FOB),Billions,USD,169637000000.0,2020,True,High,Decreasing
"Türkiye, Republic of",Exports of goods,Exports of goods,Free on board (FOB),Billions,USD,225215000000.0,2021,True,High,Increasing
"Türkiye, Republic of",Exports of goods,Exports of goods,Free on board (FOB),Billions,USD,254171000000.0,2022,True,High,Increasing
"Türkiye, Republic of",Exports of goods,Exports of goods,Free on board (FOB),Billions,USD,255628000000.0,2023,True,High,Increasing
"Türkiye, Republic of",Exports of goods,Exports of goods,Free on board (FOB),Billions,USD,261779999999.99997,2024,True,High,Increasing
"Türkiye, Republic of",Exports of goods,Exports of goods,Free on board (FOB),Billions,USD,273254000000.00003,2025,True,High,Increasing
"Türkiye, Republic of",Imports of goods,Imports of goods,Cost insurance freight (CIF),Billions,USD,202189000000.0,2016,False,High,No Data
"Türkiye, Republic of",Imports of goods,Imports of goods,Cost insurance freight (CIF),Billions,USD,238715000000.0,2017,False,High,Increasing
"Türkiye, Republic of",Imports of goods,Imports of goods,Cost insurance freight (CIF),Billions,USD,231152000000.0,2018,False,High,Decreasing
"Türkiye, Republic of",Imports of goods,Imports of goods,Cost insurance freight (CIF),Billions,USD,210344000000.0,2019,False,High,Decreasing
"Türkiye, Republic of",Imports of goods,Imports of goods,Cost insurance freight (CIF),Billions,USD,219517000000.0,2020,False,High,Increasing
"Türkiye, Republic of",Imports of goods,Imports of goods,Cost insurance freight (CIF),Billions,USD,271425000000.0,2021,False,High,Increasing
"Türkiye, Republic of",Imports of goods,Imports of goods,Cost insurance freight (CIF),Billions,USD,363712000000.0,2022,False,High,Increasing
"Türkiye, Republic of",Imports of goods,Imports of goods,Cost insurance freight (CIF),Billions,USD,361967000000.0,2023,False,High,Decreasing
"Türkiye, Republic of",Imports of goods,Imports of goods,Cost insurance freight (CIF),Billions,USD,344010000000.0,2024,False,High,Decreasing
"Türkiye, Republic of",Imports of goods,Imports of goods,Cost insurance freight (CIF),Billions,USD,365405000000.0,2025,False,High,Increasing
Uganda,Exports of goods,Exports of goods,Free on board (FOB),Millions,USD,2476844703.6919003,2016,True,Medium,No Data
Uganda,Exports of goods,Exports of goods,Free on board (FOB),Millions,USD,2913349241.86059,2017,True,Medium,Increasing
Uganda,Exports of goods,Exports of goods,Free on board (FOB),Millions,USD,3059061114.0675893,2018,True,Medium,Increasing
Uganda,Exports of goods,Exports of goods,Free on board (FOB),Millions,USD,3570128205.806713,2019,True,Medium,Increasing
Uganda,Exports of goods,Exports of goods,Free on board (FOB),Millions,USD,4176523996.2343473,2020,True,Medium,Increasing
Uganda,Exports of goods,Exports of goods,Free on board (FOB),Millions,USD,4003097134.692913,2021,True,Medium,Decreasing
Uganda,Exports of goods,Exports of goods,Free on board (FOB),Millions,USD,3566784891.312814,2022,True,Medium,Decreasing
Uganda,Exports of goods,Exports of goods,Free on board (FOB),Millions,USD,6331588608.688133,2023,True,Medium,Increasing
Uganda,Exports of goods,Exports of goods,Free on board (FOB),Millions,USD,8110753151.260168,2024,True,Medium,Increasing
Uganda,Exports of goods,Exports of goods,Free on board (FOB),Millions,USD,12844070519.847229,2025,True,High,Increasing
Uganda,Imports of goods,Imports of goods,Cost insurance freight (CIF),Millions,USD,4822233376.212563,2016,False,Medium,No Data
Uganda,Imports of goods,Imports of goods,Cost insurance freight (CIF),Millions,USD,5615919429.172761,2017,False,Medium,Increasing
Uganda,Imports of goods,Imports of goods,Cost insurance freight (CIF),Millions,USD,6732271776.471587,2018,False,Medium,Increasing
Uganda,Imports of goods,Imports of goods,Cost insurance freight (CIF),Millions,USD,7713875830.947982,2019,False,Medium,Increasing
Uganda,Imports of goods,Imports of goods,Cost insurance freight (CIF),Millions,USD,8303426192.591613,2020,False,Medium,Increasing
Uganda,Imports of goods,Imports of goods,Cost insurance freight (CIF),Millions,USD,9169002268.771713,2021,False,Medium,Increasing
Uganda,Imports of goods,Imports of goods,Cost insurance freight (CIF),Millions,USD,9763419579.486692,2022,False,High,Increasing
Uganda,Imports of goods,Imports of goods,Cost insurance freight (CIF),Millions,USD,11819783820.35562,2023,False,High,Increasing
Uganda,Imports of goods,Imports of goods,Cost insurance freight (CIF),Millions,USD,13953729738.23534,2024,False,High,Increasing
Uganda,Imports of goods,Imports of goods,Cost insurance freight (CIF),Millions,USD,18998551648.811058,2025,False,High,Increasing
Ukraine,Exports of goods,Exports of goods,Free on board (FOB),Millions,USD,36360000000.0,2016,True,High,No Data
Ukraine,Exports of goods,Exports of goods,Free on board (FOB),Millions,USD,43265000000.0,2017,True,High,Increasing
Ukraine,Exports of goods,Exports of goods,Free on board (FOB),Millions,USD,47336000000.0,2018,True,High,Increasing
Ukraine,Exports of goods,Exports of goods,Free on board (FOB),Millions,USD,50054000000.0,2019,True,High,Increasing
Ukraine,Exports of goods,Exports of goods,Free on board (FOB),Millions,USD,49192000000.0,2020,True,High,Decreasing
Ukraine,Exports of goods,Exports of goods,Free on board (FOB),Millions,USD,68073000000.0,2021,True,High,Increasing
Ukraine,Exports of goods,Exports of goods,Free on board (FOB),Millions,USD,44134000000.0,2022,True,High,Decreasing
Ukraine,Exports of goods,Exports of goods,Free on board (FOB),Millions,USD,37585000000.0,2023,True,High,Decreasing
Ukraine,Exports of goods,Exports of goods,Free on board (FOB),Millions,USD,41732000000.0,2024,True,High,Increasing
Ukraine,Exports of goods,Exports of goods,Free on board (FOB),Millions,USD,40368000000.0,2025,True,High,Decreasing
Ukraine,Imports of goods,Imports of goods,Cost insurance freight (CIF),Millions,USD,39252000000.0,2016,False,High,No Data
Ukraine,Imports of goods,Imports of goods,Cost insurance freight (CIF),Millions,USD,49608000000.0,2017,False,High,Increasing
Ukraine,Imports of goods,Imports of goods,Cost insurance freight (CIF),Millions,USD,57188000000.0,2018,False,High,Increasing
Ukraine,Imports of goods,Imports of goods,Cost insurance freight (CIF),Millions,USD,60800000000.0,2019,False,High,Increasing
Ukraine,Imports of goods,Imports of goods,Cost insurance freight (CIF),Millions,USD,54337000000.0,2020,False,High,Decreasing
Ukraine,Imports of goods,Imports of goods,Cost insurance freight (CIF),Millions,USD,72843000000.0,2021,False,High,Increasing
Ukraine,Imports of goods,Imports of goods,Cost insurance freight (CIF),Millions,USD,55294000000.0,2022,False,High,Decreasing
Ukraine,Imports of goods,Imports of goods,Cost insurance freight (CIF),Millions,USD,63765000000.0,2023,False,High,Increasing
Ukraine,Imports of goods,Imports of goods,Cost insurance freight (CIF),Millions,USD,70772000000.0,2024,False,High,Increasing
Ukraine,Imports of goods,Imports of goods,Cost insurance freight (CIF),Millions,USD,83573000000.0,2025,False,High,Increasing
United Arab Emirates,Exports of goods,Exports of goods,Free on board (FOB),Millions,USD,295031000000.0,2016,True,High,No Data
United Arab Emirates,Exports of goods,Exports of goods,Free on board (FOB),Millions,USD,313603000000.0,2017,True,High,Increasing
United Arab Emirates,Exports of goods,Exports of goods,Free on board (FOB),Millions,USD,387964000000.0,2018,True,High,Increasing
United Arab Emirates,Exports of goods,Exports of goods,Free on board (FOB),Millions,USD,389428000000.0,2019,True,High,Increasing
United Arab Emirates,Exports of goods,Exports of goods,Free on board (FOB),Millions,USD,335297000000.0,2020,True,High,Decreasing
United Arab Emirates,Exports of goods,Exports of goods,Free on board (FOB),Millions,USD,425160000000.0,2021,True,High,Increasing
United Arab Emirates,Exports of goods,Exports of goods,Free on board (FOB),Millions,USD,515621000000.0,2022,True,High,Increasing
United Arab Emirates,Exports of goods,Exports of goods,Free on board (FOB),Millions,USD,570245000000.0,2023,True,High,Increasing
United Arab Emirates,Exports of goods,Exports of goods,Free on board (FOB),Millions,USD,605580000000.0,2024,True,High,Increasing
United Arab Emirates,Exports of goods,Exports of goods,Free on board (FOB),Millions,USD,706671000000.0,2025,True,High,Increasing
United Arab Emirates,Imports of goods,Imports of goods,Cost insurance freight (CIF),Millions,USD,266576000000.0,2016,False,High,No Data
United Arab Emirates,Imports of goods,Imports of goods,Cost insurance freight (CIF),Millions,USD,257733000000.0,2017,False,High,Decreasing
United Arab Emirates,Imports of goods,Imports of goods,Cost insurance freight (CIF),Millions,USD,244688000000.0,2018,False,High,Decreasing
United Arab Emirates,Imports of goods,Imports of goods,Cost insurance freight (CIF),Millions,USD,288447000000.0,2019,False,High,Increasing
United Arab Emirates,Imports of goods,Imports of goods,Cost insurance freight (CIF),Millions,USD,246961000000.0,2020,False,High,Decreasing
United Arab Emirates,Imports of goods,Imports of goods,Cost insurance freight (CIF),Millions,USD,347529000000.0,2021,False,High,Increasing
United Arab Emirates,Imports of goods,Imports of goods,Cost insurance freight (CIF),Millions,USD,420493000000.0,2022,False,High,Increasing
United Arab Emirates,Imports of goods,Imports of goods,Cost insurance freight (CIF),Millions,USD,470536000000.0,2023,False,High,Increasing
United Arab Emirates,Imports of goods,Imports of goods,Cost insurance freight (CIF),Millions,USD,544100000000.0,2024,False,High,Increasing
United Arab Emirates,Imports of goods,Imports of goods,Cost insurance freight (CIF),Millions,USD,618875000000.0,2025,False,High,Increasing
United Kingdom,Exports of goods,Exports of goods,Free on board (FOB),Billions,USD,410856000000.0,2016,True,High,No Data
United Kingdom,Exports of goods,Exports of goods,Free on board (FOB),Billions,USD,440998000000.0,2017,True,High,Increasing
United Kingdom,Exports of goods,Exports of goods,Free on board (FOB),Billions,USD,486440000000.0,2018,True,High,Increasing
United Kingdom,Exports of goods,Exports of goods,Free on board (FOB),Billions,USD,460029000000.0,2019,True,High,Decreasing
United Kingdom,Exports of goods,Exports of goods,Free on board (FOB),Billions,USD,399713000000.0,2020,True,High,Decreasing
United Kingdom,Exports of goods,Exports of goods,Free on board (FOB),Billions,USD,472148000000.0,2021,True,High,Increasing
United Kingdom,Exports of goods,Exports of goods,Free on board (FOB),Billions,USD,546150999999.99994,2022,True,High,Increasing
United Kingdom,Exports of goods,Exports of goods,Free on board (FOB),Billions,USD,525015999999.99994,2023,True,High,Decreasing
United Kingdom,Exports of goods,Exports of goods,Free on board (FOB),Billions,USD,524284999999.99994,2024,True,High,Decreasing
United Kingdom,Exports of goods,Exports of goods,Free on board (FOB),Billions,USD,554983000000.0,2025,True,High,Increasing
United Kingdom,Imports of goods,Imports of goods,Cost insurance freight (CIF),Billions,USD,636731000000.0,2016,False,High,No Data
United Kingdom,Imports of goods,Imports of goods,Cost insurance freight (CIF),Billions,USD,640995000000.0,2017,False,High,Increasing
United Kingdom,Imports of goods,Imports of goods,Cost insurance freight (CIF),Billions,USD,672450000000.0,2018,False,High,Increasing
United Kingdom,Imports of goods,Imports of goods,Cost insurance freight (CIF),Billions,USD,696208000000.0,2019,False,High,Increasing
United Kingdom,Imports of goods,Imports of goods,Cost insurance freight (CIF),Billions,USD,638328000000.0,2020,False,High,Decreasing
United Kingdom,Imports of goods,Imports of goods,Cost insurance freight (CIF),Billions,USD,695114000000.0,2021,False,High,Increasing
United Kingdom,Imports of goods,Imports of goods,Cost insurance freight (CIF),Billions,USD,823593000000.0,2022,False,High,Increasing
United Kingdom,Imports of goods,Imports of goods,Cost insurance freight (CIF),Billions,USD,791543000000.0,2023,False,High,Decreasing
United Kingdom,Imports of goods,Imports of goods,Cost insurance freight (CIF),Billions,USD,820195000000.0,2024,False,High,Increasing
United Kingdom,Imports of goods,Imports of goods,Cost insurance freight (CIF),Billions,USD,948978000000.0,2025,False,High,Increasing
United States,Exports of goods,Exports of goods,Free on board (FOB),Billions,USD,1451010000000.0,2016,True,High,No Data
United States,Exports of goods,Exports of goods,Free on board (FOB),Billions,USD,1546274000000.0,2017,True,High,Increasing
United States,Exports of goods,Exports of goods,Free on board (FOB),Billions,USD,1663982000000.0,2018,True,High,Increasing
United States,Exports of goods,Exports of goods,Free on board (FOB),Billions,USD,1643161000000.0,2019,True,High,Decreasing
United States,Exports of goods,Exports of goods,Free on board (FOB),Billions,USD,1424934000000.0,2020,True,High,Decreasing
United States,Exports of goods,Exports of goods,Free on board (FOB),Billions,USD,1754299000000.0,2021,True,High,Increasing
United States,Exports of goods,Exports of goods,Free on board (FOB),Billions,USD,2065157000000.0002,2022,True,High,Increasing
United States,Exports of goods,Exports of goods,Free on board (FOB),Billions,USD,2018059000000.0,2023,True,High,Decreasing
United States,Exports of goods,Exports of goods,Free on board (FOB),Billions,USD,2061688999999.9998,2024,True,High,Increasing
United States,Exports of goods,Exports of goods,Free on board (FOB),Billions,USD,2185183000000.0,2025,True,High,Increasing
United States,Imports of goods,Imports of goods,Cost insurance freight (CIF),Billions,USD,2250152000000.0,2016,False,High,No Data
United States,Imports of goods,Imports of goods,Cost insurance freight (CIF),Billions,USD,2408475000000.0,2017,False,High,Increasing
United States,Imports of goods,Imports of goods,Cost insurance freight (CIF),Billions,USD,2614223000000.0,2018,False,High,Increasing
United States,Imports of goods,Imports of goods,Cost insurance freight (CIF),Billions,USD,2567445000000.0,2019,False,High,Decreasing
United States,Imports of goods,Imports of goods,Cost insurance freight (CIF),Billions,USD,2406934000000.0,2020,False,High,Decreasing
United States,Imports of goods,Imports of goods,Cost insurance freight (CIF),Billions,USD,2935315000000.0,2021,False,High,Increasing
United States,Imports of goods,Imports of goods,Cost insurance freight (CIF),Billions,USD,3371753000000.0,2022,False,High,Increasing
United States,Imports of goods,Imports of goods,Cost insurance freight (CIF),Billions,USD,3168238000000.0,2023,False,High,Decreasing
United States,Imports of goods,Imports of goods,Cost insurance freight (CIF),Billions,USD,3358246000000.0,2024,False,High,Increasing
United States,Imports of goods,Imports of goods,Cost insurance freight (CIF),Billions,USD,3506517000000.0,2025,False,High,Increasing
Uruguay,Exports of goods,Exports of goods,Free on board (FOB),Millions,USD,7042000000.0,2016,True,Medium,No Data
Uruguay,Exports of goods,Exports of goods,Free on board (FOB),Millions,USD,7888000000.0,2017,True,Medium,Increasing
Uruguay,Exports of goods,Exports of goods,Free on board (FOB),Millions,USD,7498000000.0,2018,True,Medium,Decreasing
Uruguay,Exports of goods,Exports of goods,Free on board (FOB),Millions,USD,7681000000.0,2019,True,Medium,Increasing
Uruguay,Exports of goods,Exports of goods,Free on board (FOB),Millions,USD,6865000000.0,2020,True,Medium,Decreasing
Uruguay,Exports of goods,Exports of goods,Free on board (FOB),Millions,USD,9534000000.0,2021,True,High,Increasing
Uruguay,Exports of goods,Exports of goods,Free on board (FOB),Millions,USD,11182000000.0,2022,True,High,Increasing
Uruguay,Exports of goods,Exports of goods,Free on board (FOB),Millions,USD,9220000000.0,2023,True,High,Decreasing
Uruguay,Exports of goods,Exports of goods,Free on board (FOB),Millions,USD,10254000000.0,2024,True,High,Increasing
Uruguay,Exports of goods,Exports of goods,Free on board (FOB),Millions,USD,11199000000.0,2025,True,High,Increasing
Uruguay,Imports of goods,Imports of goods,Cost insurance freight (CIF),Millions,USD,8137000000.0,2016,False,Medium,No Data
Uruguay,Imports of goods,Imports of goods,Cost insurance freight (CIF),Millions,USD,8457000000.0,2017,False,Medium,Increasing
Uruguay,Imports of goods,Imports of goods,Cost insurance freight (CIF),Millions,USD,8893000000.0,2018,False,Medium,Increasing
Uruguay,Imports of goods,Imports of goods,Cost insurance freight (CIF),Millions,USD,8245000000.0,2019,False,Medium,Decreasing
Uruguay,Imports of goods,Imports of goods,Cost insurance freight (CIF),Millions,USD,7564000000.0,2020,False,Medium,Decreasing
Uruguay,Imports of goods,Imports of goods,Cost insurance freight (CIF),Millions,USD,10320000000.0,2021,False,High,Increasing
Uruguay,Imports of goods,Imports of goods,Cost insurance freight (CIF),Millions,USD,12974000000.0,2022,False,High,Increasing
Uruguay,Imports of goods,Imports of goods,Cost insurance freight (CIF),Millions,USD,12486000000.0,2023,False,High,Decreasing
Uruguay,Imports of goods,Imports of goods,Cost insurance freight (CIF),Millions,USD,12522000000.0,2024,False,High,Increasing
Uruguay,Imports of goods,Imports of goods,Cost insurance freight (CIF),Millions,USD,12950000000.0,2025,False,High,Increasing
"Uzbekistan, Republic of",Exports of goods,Exports of goods,Free on board (FOB),Thousands,USD,8974000000.0,2016,True,Medium,No Data
"Uzbekistan, Republic of",Exports of goods,Exports of goods,Free on board (FOB),Thousands,USD,10079209857.33001,2017,True,High,Increasing
"Uzbekistan, Republic of",Exports of goods,Exports of goods,Free on board (FOB),Thousands,USD,10920699724.26,2018,True,High,Increasing
"Uzbekistan, Republic of",Exports of goods,Exports of goods,Free on board (FOB),Thousands,USD,14341496820.673,2019,True,High,Increasing
"Uzbekistan, Republic of",Exports of goods,Exports of goods,Free on board (FOB),Thousands,USD,13127102316.7939,2020,True,High,Decreasing
"Uzbekistan, Republic of",Exports of goods,Exports of goods,Free on board (FOB),Thousands,USD,15673347921.91572,2021,True,High,Increasing
"Uzbekistan, Republic of",Imports of goods,Imports of goods,Cost insurance freight (CIF),Thousands,USD,11328400000.0,2016,False,High,No Data
"Uzbekistan, Republic of",Imports of goods,Imports of goods,Cost insurance freight (CIF),Thousands,USD,12035209289.87005,2017,False,High,Increasing
"Uzbekistan, Republic of",Imports of goods,Imports of goods,Cost insurance freight (CIF),Thousands,USD,17312259013.03007,2018,False,High,Increasing
"Uzbekistan, Republic of",Imports of goods,Imports of goods,Cost insurance freight (CIF),Thousands,USD,21854308238.15013,2019,False,High,Increasing
"Uzbekistan, Republic of",Imports of goods,Imports of goods,Cost insurance freight (CIF),Thousands,USD,19949486897.40001,2020,False,High,Decreasing
"Uzbekistan, Republic of",Imports of goods,Imports of goods,Cost insurance freight (CIF),Thousands,USD,24745420109.21655,2021,False,High,Increasing
Vanuatu,Exports of goods,Exports of goods,Free on board (FOB),Millions,USD,60519046.51995491,2017,True,Medium,No Data
Vanuatu,Exports of goods,Exports of goods,Free on board (FOB),Millions,USD,63029126.24078843,2018,True,Medium,Increasing
Vanuatu,Exports of goods,Exports of goods,Free on board (FOB),Millions,USD,48768147.50710423,2019,True,Medium,Decreasing
Vanuatu,Exports of goods,Exports of goods,Free on board (FOB),Millions,USD,46159563.86296228,2020,True,Medium,Decreasing
Vanuatu,Imports of goods,Imports of goods,Cost insurance freight (CIF),Millions,USD,370867597.5801707,2017,False,Medium,No Data
Vanuatu,Imports of goods,Imports of goods,Cost insurance freight (CIF),Millions,USD,350323824.544079,2018,False,Medium,Decreasing
Vanuatu,Imports of goods,Imports of goods,Cost insurance freight (CIF),Millions,USD,312866977.0523365,2019,False,Medium,Decreasing
Vanuatu,Imports of goods,Imports of goods,Cost insurance freight (CIF),Millions,USD,300642718.01623076,2020,False,Medium,Decreasing
"Venezuela, República Bolivariana de",Exports of goods,Exports of goods,Free on board (FOB),Billions,USD,26696000000.0,2016,True,High,No Data
"Venezuela, República Bolivariana de",Exports of goods,Exports of goods,Free on board (FOB),Billions,USD,31960000000.0,2017,True,High,Increasing
"Venezuela, República Bolivariana de",Exports of goods,Exports of goods,Free on board (FOB),Billions,USD,34440000000.0,2018,True,High,Increasing
"Venezuela, República Bolivariana de",Exports of goods,Exports of goods,Free on board (FOB),Billions,USD,17210000000.0,2019,True,High,Decreasing
"Venezuela, República Bolivariana de",Exports of goods,Exports of goods,Free on board (FOB),Billions,USD,5010000000.0,2020,True,Medium,Decreasing
"Venezuela, República Bolivariana de",Exports of goods,Exports of goods,Free on board (FOB),Billions,USD,3535000000.0,2021,True,Medium,Decreasing
"Venezuela, República Bolivariana de",Exports of goods,Exports of goods,Free on board (FOB),Billions,USD,4765000000.0,2022,True,Medium,Increasing
"Venezuela, República Bolivariana de",Exports of goods,Exports of goods,Free on board (FOB),Billions,USD,7815000000.0,2023,True,Medium,Increasing
"Venezuela, República Bolivariana de",Exports of goods,Exports of goods,Free on board (FOB),Billions,USD,14365000000.0,2024,True,High,Increasing
"Venezuela, República Bolivariana de",Exports of goods,Exports of goods,Free on board (FOB),Billions,USD,8600000000.0,2025,True,Medium,Decreasing
"Venezuela, República Bolivariana de",Imports of goods,Imports of goods,Cost insurance freight (CIF),Billions,USD,15540000000.0,2016,False,High,No Data
"Venezuela, República Bolivariana de",Imports of goods,Imports of goods,Cost insurance freight (CIF),Billions,USD,10570000000.0,2017,False,High,Decreasing
"Venezuela, República Bolivariana de",Imports of goods,Imports of goods,Cost insurance freight (CIF),Billions,USD,11710000000.0,2018,False,High,Increasing
"Venezuela, República Bolivariana de",Imports of goods,Imports of goods,Cost insurance freight (CIF),Billions,USD,5870000000.0,2019,False,Medium,Decreasing
"Venezuela, República Bolivariana de",Imports of goods,Imports of goods,Cost insurance freight (CIF),Billions,USD,6590000000.0,2020,False,Medium,Increasing
"Venezuela, República Bolivariana de",Imports of goods,Imports of goods,Cost insurance freight (CIF),Billions,USD,7695000000.0,2021,False,Medium,Increasing
"Venezuela, República Bolivariana de",Imports of goods,Imports of goods,Cost insurance freight (CIF),Billions,USD,10130000000.0,2022,False,High,Increasing
"Venezuela, República Bolivariana de",Imports of goods,Imports of goods,Cost insurance freight (CIF),Billions,USD,10940000000.0,2023,False,High,Increasing
"Venezuela, República Bolivariana de",Imports of goods,Imports of goods,Cost insurance freight (CIF),Billions,USD,14890000000.0,2024,False,High,Increasing
"Venezuela, República Bolivariana de",Imports of goods,Imports of goods,Cost insurance freight (CIF),Billions,USD,13805000000.0,2025,False,High,Decreasing
Vietnam,Exports of goods,Exports of goods,Free on board (FOB),Millions,USD,176581000000.0,2016,True,High,No Data
Vietnam,Exports of goods,Exports of goods,Free on board (FOB),Millions,USD,215013000000.0,2017,True,High,Increasing
Vietnam,Exports of goods,Exports of goods,Free on board (FOB),Millions,USD,243699000000.0,2018,True,High,Increasing
Vietnam,Exports of goods,Exports of goods,Free on board (FOB),Millions,USD,264268000000.0,2019,True,High,Increasing
Vietnam,Exports of goods,Exports of goods,Free on board (FOB),Millions,USD,282630000000.0,2020,True,High,Increasing
Vietnam,Exports of goods,Exports of goods,Free on board (FOB),Millions,USD,335975000000.0,2021,True,High,Increasing
Vietnam,Exports of goods,Exports of goods,Free on board (FOB),Millions,USD,371287000000.0,2022,True,High,Increasing
Vietnam,Exports of goods,Exports of goods,Free on board (FOB),Millions,USD,353781000000.0,2023,True,High,Decreasing
Vietnam,Exports of goods,Exports of goods,Free on board (FOB),Millions,USD,404824000000.0,2024,True,High,Increasing
Vietnam,Exports of goods,Exports of goods,Free on board (FOB),Millions,USD,472927000000.0,2025,True,High,Increasing
Vietnam,Imports of goods,Imports of goods,Cost insurance freight (CIF),Millions,USD,174805000000.0,2016,False,High,No Data
Vietnam,Imports of goods,Imports of goods,Cost insurance freight (CIF),Millions,USD,212920000000.0,2017,False,High,Increasing
Vietnam,Imports of goods,Imports of goods,Cost insurance freight (CIF),Millions,USD,236862000000.0,2018,False,High,Increasing
Vietnam,Imports of goods,Imports of goods,Cost insurance freight (CIF),Millions,USD,253392000000.0,2019,False,High,Increasing
Vietnam,Imports of goods,Imports of goods,Cost insurance freight (CIF),Millions,USD,262701000000.0,2020,False,High,Increasing
Vietnam,Imports of goods,Imports of goods,Cost insurance freight (CIF),Millions,USD,332456000000.0,2021,False,High,Increasing
Vietnam,Imports of goods,Imports of goods,Cost insurance freight (CIF),Millions,USD,359146000000.0,2022,False,High,Increasing
Vietnam,Imports of goods,Imports of goods,Cost insurance freight (CIF),Millions,USD,325776000000.0,2023,False,High,Decreasing
Vietnam,Imports of goods,Imports of goods,Cost insurance freight (CIF),Millions,USD,380515000000.0,2024,False,High,Increasing
Vietnam,Imports of goods,Imports of goods,Cost insurance freight (CIF),Millions,USD,453779000000.0,2025,False,High,Increasing
West Bank and Gaza,Exports of goods,Exports of goods,Free on board (FOB),Thousands,USD,926498977.420478,2016,True,Medium,No Data
West Bank and Gaza,Exports of goods,Exports of goods,Free on board (FOB),Thousands,USD,1064884138.7623879,2017,True,Medium,Increasing
West Bank and Gaza,Exports of goods,Exports of goods,Free on board (FOB),Thousands,USD,1155634049.694892,2018,True,Medium,Increasing
West Bank and Gaza,Exports of goods,Exports of goods,Free on board (FOB),Thousands,USD,1068200000.0,2019,True,Medium,Decreasing
West Bank and Gaza,Imports of goods,Imports of goods,Cost insurance freight (CIF),Thousands,USD,5363768016.5117035,2016,False,Medium,No Data
West Bank and Gaza,Imports of goods,Imports of goods,Cost insurance freight (CIF),Thousands,USD,5853849921.21428,2017,False,Medium,Increasing
West Bank and Gaza,Imports of goods,Imports of goods,Cost insurance freight (CIF),Thousands,USD,6539589522.189739,2018,False,Medium,Increasing
West Bank and Gaza,Imports of goods,Imports of goods,Cost insurance freight (CIF),Thousands,USD,5776100000.0,2019,False,Medium,Decreasing
"Yemen, Republic of",Exports of goods,Exports of goods,Free on board (FOB),Millions,USD,411000000.0,2016,True,Medium,No Data
"Yemen, Republic of",Exports of goods,Exports of goods,Free on board (FOB),Millions,USD,418000000.0,2017,True,Medium,Increasing
"Yemen, Republic of",Exports of goods,Exports of goods,Free on board (FOB),Millions,USD,570000000.0,2018,True,Medium,Increasing
"Yemen, Republic of",Exports of goods,Exports of goods,Free on board (FOB),Millions,USD,652000000.0,2019,True,Medium,Increasing
"Yemen, Republic of",Exports of goods,Exports of goods,Free on board (FOB),Millions,USD,404000000.0,2020,True,Medium,Decreasing
"Yemen, Republic of",Exports of goods,Exports of goods,Free on board (FOB),Millions,USD,662000000.0,2021,True,Medium,Increasing
"Yemen, Republic of",Exports of goods,Exports of goods,Free on board (FOB),Millions,USD,689000000.0,2022,True,Medium,Increasing
"Yemen, Republic of",Exports of goods,Exports of goods,Free on board (FOB),Millions,USD,249000000.0,2023,True,Medium,Decreasing
"Yemen, Republic of",Exports of goods,Exports of goods,Free on board (FOB),Millions,USD,229000000.0,2024,True,Medium,Decreasing
"Yemen, Republic of",Exports of goods,Exports of goods,Free on board (FOB),Millions,USD,196000000.0,2025,True,Medium,Decreasing
"Yemen, Republic of",Imports of goods,Imports of goods,Cost insurance freight (CIF),Millions,USD,3059000000.0,2016,False,Medium,No Data
"Yemen, Republic of",Imports of goods,Imports of goods,Cost insurance freight (CIF),Millions,USD,2859000000.0,2017,False,Medium,Decreasing
"Yemen, Republic of",Imports of goods,Imports of goods,Cost insurance freight (CIF),Millions,USD,3032000000.0,2018,False,Medium,Increasing
"Yemen, Republic of",Imports of goods,Imports of goods,Cost insurance freight (CIF),Millions,USD,4627000000.0,2019,False,Medium,Increasing
"Yemen, Republic of",Imports of goods,Imports of goods,Cost insurance freight (CIF),Millions,USD,4637000000.0,2020,False,Medium,Increasing
"Yemen, Republic of",Imports of goods,Imports of goods,Cost insurance freight (CIF),Millions,USD,5214000000.0,2021,False,Medium,Increasing
"Yemen, Republic of",Imports of goods,Imports of goods,Cost insurance freight (CIF),Millions,USD,5413000000.0,2022,False,Medium,Increasing
"Yemen, Republic of",Imports of goods,Imports of goods,Cost insurance freight (CIF),Millions,USD,4603000000.0,2023,False,Medium,Decreasing
"Yemen, Republic of",Imports of goods,Imports of goods,Cost insurance freight (CIF),Millions,USD,4430000000.0,2024,False,Medium,Decreasing
"Yemen, Republic of",Imports of goods,Imports of goods,Cost insurance freight (CIF),Millions,USD,4649000000.0,2025,False,Medium,Increasing
Zambia,Exports of goods,Exports of goods,Free on board (FOB),Millions,USD,6392514876.479285,2016,True,Medium,No Data
Zambia,Exports of goods,Exports of goods,Free on board (FOB),Millions,USD,8017734515.072801,2017,True,Medium,Increasing
Zambia,Exports of goods,Exports of goods,Free on board (FOB),Millions,USD,9077724067.69244,2018,True,Medium,Increasing
Zambia,Exports of goods,Exports of goods,Free on board (FOB),Millions,USD,7292795748.204388,2019,True,Medium,Decreasing
Zambia,Exports of goods,Exports of goods,Free on board (FOB),Millions,USD,7771944859.923572,2020,True,Medium,Increasing
Zambia,Exports of goods,Exports of goods,Free on board (FOB),Millions,USD,11118738776.46368,2021,True,High,Increasing
Zambia,Exports of goods,Exports of goods,Free on board (FOB),Millions,USD,11635509234.252329,2022,True,High,Increasing
Zambia,Exports of goods,Exports of goods,Free on board (FOB),Millions,USD,10485549545.518082,2023,True,High,Decreasing
Zambia,Imports of goods,Imports of goods,Cost insurance freight (CIF),Millions,USD,7309847315.472614,2016,False,Medium,No Data
Zambia,Imports of goods,Imports of goods,Cost insurance freight (CIF),Millions,USD,7997561209.049188,2017,False,Medium,Increasing
Zambia,Imports of goods,Imports of goods,Cost insurance freight (CIF),Millions,USD,9480842826.33388,2018,False,High,Increasing
Zambia,Imports of goods,Imports of goods,Cost insurance freight (CIF),Millions,USD,7222811507.554782,2019,False,Medium,Decreasing
Zambia,Imports of goods,Imports of goods,Cost insurance freight (CIF),Millions,USD,5308290952.796475,2020,False,Medium,Decreasing
Zambia,Imports of goods,Imports of goods,Cost insurance freight (CIF),Millions,USD,7076029592.344357,2021,False,Medium,Increasing
Zambia,Imports of goods,Imports of goods,Cost insurance freight (CIF),Millions,USD,9024360397.320944,2022,False,Medium,Increasing
Zambia,Imports of goods,Imports of goods,Cost insurance freight (CIF),Millions,USD,10166230609.0734,2023,False,High,Increasing
Zimbabwe,Exports of goods,Exports of goods,Free on board (FOB),Millions,USD,3335000000.0,2016,True,Medium,No Data
Zimbabwe,Exports of goods,Exports of goods,Free on board (FOB),Millions,USD,3481000000.0,2017,True,Medium,Increasing
Zimbabwe,Exports of goods,Exports of goods,Free on board (FOB),Millions,USD,4057000000.0,2018,True,Medium,Increasing
Zimbabwe,Exports of goods,Exports of goods,Free on board (FOB),Millions,USD,4269000000.0,2019,True,Medium,Increasing
Zimbabwe,Exports of goods,Exports of goods,Free on board (FOB),Millions,USD,4395000000.0,2020,True,Medium,Increasing
Zimbabwe,Exports of goods,Exports of goods,Free on board (FOB),Millions,USD,6036000000.0,2021,True,Medium,Increasing
Zimbabwe,Exports of goods,Exports of goods,Free on board (FOB),Millions,USD,6586000000.0,2022,True,Medium,Increasing
Zimbabwe,Exports of goods,Exports of goods,Free on board (FOB),Millions,USD,7225000000.0,2023,True,Medium,Increasing
Zimbabwe,Exports of goods,Exports of goods,Free on board (FOB),Millions,USD,7432000000.0,2024,True,Medium,Increasing
Zimbabwe,Exports of goods,Exports of goods,Free on board (FOB),Millions,USD,9707000000.0,2025,True,High,Increasing
Zimbabwe,Imports of goods,Imports of goods,Cost insurance freight (CIF),Millions,USD,5336000000.0,2016,False,Medium,No Data
Zimbabwe,Imports of goods,Imports of goods,Cost insurance freight (CIF),Millions,USD,5064000000.0,2017,False,Medium,Decreasing
Zimbabwe,Imports of goods,Imports of goods,Cost insurance freight (CIF),Millions,USD,6391000000.0,2018,False,Medium,Increasing
Zimbabwe,Imports of goods,Imports of goods,Cost insurance freight (CIF),Millions,USD,4817000000.0,2019,False,Medium,Decreasing
Zimbabwe,Imports of goods,Imports of goods,Cost insurance freight (CIF),Millions,USD,5643000000.0,2020,False,Medium,Increasing
Zimbabwe,Imports of goods,Imports of goods,Cost insurance freight (CIF),Millions,USD,7577000000.0,2021,False,Medium,Increasing
Zimbabwe,Imports of goods,Imports of goods,Cost insurance freight (CIF),Millions,USD,8653000000.0,2022,False,Medium,Increasing
Zimbabwe,Imports of goods,Imports of goods,Cost insurance freight (CIF),Millions,USD,9214000000.0,2023,False,High,Increasing
Zimbabwe,Imports of goods,Imports of goods,Cost insurance freight (CIF),Millions,USD,9499000000.0,2024,False,High,Increasing
Zimbabwe,Imports of goods,Imports of goods,Cost insurance freight (CIF),Millions,USD,10112000000.0,2025,False,High,Increasing
